Time (min);Value (µRIU)
0;-0,014305
0,001667;-0,014305
0,003333;-0,014305
0,005;-0,014305
0,006667;-0,014305
0,008333;-0,014305
0,01;-0,014305
0,011667;-0,014305
0,013333;-0,014305
0,015;-0,014305
0,016667;-0,014305
0,018333;-0,014305
0,02;-0,014305
0,021667;-0,014305
0,023333;-0,014305
0,025;-0,014305
0,026667;-0,014305
0,028333;-0,014305
0,03;-0,014305
0,031667;-0,014305
0,033333;-0,014305
0,035;-0,014305
0,036667;-0,014305
0,038333;-0,014305
0,04;-0,014305
0,041667;-0,014305
0,043333;-0,014305
0,045;-0,014305
0,046667;-0,014305
0,048333;-0,014305
0,05;-0,014305
0,051667;-0,014305
0,053333;-0,014305
0,055;-0,014305
0,056667;-0,014305
0,058333;-0,014305
0,06;-0,014305
0,061667;-0,014305
0,063333;-0,014305
0,065;-0,014305
0,066667;-0,014305
0,068333;-0,014305
0,07;-0,014305
0,071667;-0,014305
0,073333;-0,014305
0,075;-0,014305
0,076667;-0,014305
0,078333;-0,014305
0,08;-0,014305
0,081667;-0,014305
0,083333;-0,017166
0,085;-0,017166
0,086667;-0,017166
0,088333;-0,017166
0,09;-0,017166
0,091667;-0,017166
0,093333;-0,017166
0,095;-0,017166
0,096667;-0,017166
0,098333;-0,017166
0,1;-0,017166
0,101667;-0,017166
0,103333;-0,017166
0,105;-0,017166
0,106667;-0,017166
0,108333;-0,017166
0,11;-0,017166
0,111667;-0,017166
0,113333;-0,017166
0,115;-0,017166
0,116667;-0,017166
0,118333;-0,017166
0,12;-0,017166
0,121667;-0,017166
0,123333;-0,017166
0,125;-0,017166
0,126667;-0,017166
0,128333;-0,017166
0,13;-0,017166
0,131667;-0,017166
0,133333;-0,017166
0,135;-0,017166
0,136667;-0,017166
0,138333;-0,017166
0,14;-0,017166
0,141667;-0,017166
0,143333;-0,020027
0,145;-0,020027
0,146667;-0,020027
0,148333;-0,020027
0,15;-0,020027
0,151667;-0,020027
0,153333;-0,020027
0,155;-0,020027
0,156667;-0,020027
0,158333;-0,020027
0,16;-0,020027
0,161667;-0,020027
0,163333;-0,020027
0,165;-0,020027
0,166667;-0,020027
0,168333;-0,020027
0,17;-0,020027
0,171667;-0,020027
0,173333;-0,020027
0,175;-0,020027
0,176667;-0,020027
0,178333;-0,020027
0,18;-0,020027
0,181667;-0,020027
0,183333;-0,020027
0,185;-0,020027
0,186667;-0,020027
0,188333;-0,020027
0,19;-0,020027
0,191667;-0,020027
0,193333;-0,022888
0,195;-0,022888
0,196667;-0,022888
0,198333;-0,022888
0,2;-0,022888
0,201667;-0,022888
0,203333;-0,022888
0,205;-0,022888
0,206667;-0,022888
0,208333;-0,022888
0,21;-0,022888
0,211667;-0,022888
0,213333;-0,022888
0,215;-0,022888
0,216667;-0,022888
0,218333;-0,022888
0,22;-0,022888
0,221667;-0,022888
0,223333;-0,022888
0,225;-0,022888
0,226667;-0,022888
0,228333;-0,022888
0,23;-0,022888
0,231667;-0,022888
0,233333;-0,022888
0,235;-0,022888
0,236667;-0,022888
0,238333;-0,022888
0,24;-0,022888
0,241667;-0,022888
0,243333;-0,022888
0,245;-0,022888
0,246667;-0,022888
0,248333;-0,022888
0,25;-0,022888
0,251667;-0,022888
0,253333;-0,022888
0,255;-0,022888
0,256667;-0,022888
0,258333;-0,022888
0,26;-0,022888
0,261667;-0,022888
0,263333;-0,022888
0,265;-0,022888
0,266667;-0,022888
0,268333;-0,022888
0,27;-0,022888
0,271667;-0,022888
0,273333;-0,022888
0,275;-0,022888
0,276667;-0,022888
0,278333;-0,022888
0,28;-0,022888
0,281667;-0,022888
0,283333;-0,022888
0,285;-0,022888
0,286667;-0,022888
0,288333;-0,022888
0,29;-0,022888
0,291667;-0,022888
0,293333;-0,022888
0,295;-0,022888
0,296667;-0,025749
0,298333;-0,025749
0,3;-0,025749
0,301667;-0,025749
0,303333;-0,025749
0,305;-0,025749
0,306667;-0,025749
0,308333;-0,025749
0,31;-0,025749
0,311667;-0,025749
0,313333;-0,025749
0,315;-0,025749
0,316667;-0,025749
0,318333;-0,025749
0,32;-0,025749
0,321667;-0,022888
0,323333;-0,022888
0,325;-0,022888
0,326667;-0,022888
0,328333;-0,022888
0,33;-0,022888
0,331667;-0,022888
0,333333;-0,022888
0,335;-0,022888
0,336667;-0,022888
0,338333;-0,025749
0,34;-0,025749
0,341667;-0,025749
0,343333;-0,025749
0,345;-0,025749
0,346667;-0,025749
0,348333;-0,025749
0,35;-0,025749
0,351667;-0,025749
0,353333;-0,025749
0,355;-0,025749
0,356667;-0,025749
0,358333;-0,025749
0,36;-0,025749
0,361667;-0,025749
0,363333;-0,025749
0,365;-0,025749
0,366667;-0,025749
0,368333;-0,025749
0,37;-0,025749
0,371667;-0,025749
0,373333;-0,025749
0,375;-0,025749
0,376667;-0,025749
0,378333;-0,025749
0,38;-0,025749
0,381667;-0,025749
0,383333;-0,025749
0,385;-0,025749
0,386667;-0,025749
0,388333;-0,025749
0,39;-0,025749
0,391667;-0,025749
0,393333;-0,025749
0,395;-0,025749
0,396667;-0,025749
0,398333;-0,025749
0,4;-0,025749
0,401667;-0,025749
0,403333;-0,025749
0,405;-0,025749
0,406667;-0,025749
0,408333;-0,025749
0,41;-0,025749
0,411667;-0,025749
0,413333;-0,025749
0,415;-0,025749
0,416667;-0,025749
0,418333;-0,025749
0,42;-0,025749
0,421667;-0,025749
0,423333;-0,025749
0,425;-0,025749
0,426667;-0,025749
0,428333;-0,025749
0,43;-0,025749
0,431667;-0,025749
0,433333;-0,02861
0,435;-0,02861
0,436667;-0,02861
0,438333;-0,02861
0,44;-0,02861
0,441667;-0,02861
0,443333;-0,02861
0,445;-0,02861
0,446667;-0,02861
0,448333;-0,02861
0,45;-0,02861
0,451667;-0,02861
0,453333;-0,02861
0,455;-0,02861
0,456667;-0,02861
0,458333;-0,02861
0,46;-0,02861
0,461667;-0,02861
0,463333;-0,02861
0,465;-0,02861
0,466667;-0,02861
0,468333;-0,02861
0,47;-0,02861
0,471667;-0,02861
0,473333;-0,02861
0,475;-0,02861
0,476667;-0,02861
0,478333;-0,02861
0,48;-0,02861
0,481667;-0,02861
0,483333;-0,02861
0,485;-0,02861
0,486667;-0,02861
0,488333;-0,02861
0,49;-0,02861
0,491667;-0,02861
0,493333;-0,02861
0,495;-0,02861
0,496667;-0,02861
0,498333;-0,02861
0,5;-0,02861
0,501667;-0,02861
0,503333;-0,02861
0,505;-0,02861
0,506667;-0,02861
0,508333;-0,02861
0,51;-0,02861
0,511667;-0,02861
0,513333;-0,02861
0,515;-0,02861
0,516667;-0,02861
0,518333;-0,02861
0,52;-0,02861
0,521667;-0,02861
0,523333;-0,02861
0,525;-0,02861
0,526667;-0,02861
0,528333;-0,02861
0,53;-0,02861
0,531667;-0,02861
0,533333;-0,02861
0,535;-0,02861
0,536667;-0,02861
0,538333;-0,02861
0,54;-0,031471
0,541667;-0,031471
0,543333;-0,031471
0,545;-0,031471
0,546667;-0,031471
0,548333;-0,031471
0,55;-0,031471
0,551667;-0,031471
0,553333;-0,031471
0,555;-0,031471
0,556667;-0,031471
0,558333;-0,031471
0,56;-0,031471
0,561667;-0,031471
0,563333;-0,031471
0,565;-0,031471
0,566667;-0,031471
0,568333;-0,031471
0,57;-0,031471
0,571667;-0,031471
0,573333;-0,031471
0,575;-0,031471
0,576667;-0,031471
0,578333;-0,031471
0,58;-0,031471
0,581667;-0,034332
0,583333;-0,034332
0,585;-0,034332
0,586667;-0,034332
0,588333;-0,034332
0,59;-0,034332
0,591667;-0,034332
0,593333;-0,034332
0,595;-0,034332
0,596667;-0,034332
0,598333;-0,034332
0,6;-0,034332
0,601667;-0,034332
0,603333;-0,034332
0,605;-0,034332
0,606667;-0,034332
0,608333;-0,034332
0,61;-0,034332
0,611667;-0,034332
0,613333;-0,034332
0,615;-0,034332
0,616667;-0,034332
0,618333;-0,034332
0,62;-0,034332
0,621667;-0,034332
0,623333;-0,034332
0,625;-0,034332
0,626667;-0,034332
0,628333;-0,034332
0,63;-0,034332
0,631667;-0,034332
0,633333;-0,034332
0,635;-0,034332
0,636667;-0,034332
0,638333;-0,034332
0,64;-0,034332
0,641667;-0,034332
0,643333;-0,034332
0,645;-0,034332
0,646667;-0,034332
0,648333;-0,034332
0,65;-0,034332
0,651667;-0,034332
0,653333;-0,034332
0,655;-0,034332
0,656667;-0,034332
0,658333;-0,034332
0,66;-0,034332
0,661667;-0,034332
0,663333;-0,034332
0,665;-0,034332
0,666667;-0,034332
0,668333;-0,034332
0,67;-0,034332
0,671667;-0,034332
0,673333;-0,034332
0,675;-0,034332
0,676667;-0,034332
0,678333;-0,034332
0,68;-0,034332
0,681667;-0,034332
0,683333;-0,034332
0,685;-0,034332
0,686667;-0,034332
0,688333;-0,034332
0,69;-0,034332
0,691667;-0,034332
0,693333;-0,034332
0,695;-0,034332
0,696667;-0,034332
0,698333;-0,034332
0,7;-0,034332
0,701667;-0,037193
0,703333;-0,037193
0,705;-0,037193
0,706667;-0,037193
0,708333;-0,037193
0,71;-0,037193
0,711667;-0,037193
0,713333;-0,037193
0,715;-0,037193
0,716667;-0,037193
0,718333;-0,037193
0,72;-0,037193
0,721667;-0,037193
0,723333;-0,037193
0,725;-0,034332
0,726667;-0,034332
0,728333;-0,034332
0,73;-0,034332
0,731667;-0,034332
0,733333;-0,037193
0,735;-0,037193
0,736667;-0,037193
0,738333;-0,037193
0,74;-0,037193
0,741667;-0,037193
0,743333;-0,037193
0,745;-0,037193
0,746667;-0,037193
0,748333;-0,037193
0,75;-0,037193
0,751667;-0,037193
0,753333;-0,037193
0,755;-0,037193
0,756667;-0,037193
0,758333;-0,037193
0,76;-0,037193
0,761667;-0,037193
0,763333;-0,037193
0,765;-0,037193
0,766667;-0,037193
0,768333;-0,037193
0,77;-0,037193
0,771667;-0,037193
0,773333;-0,037193
0,775;-0,037193
0,776667;-0,037193
0,778333;-0,037193
0,78;-0,037193
0,781667;-0,037193
0,783333;-0,037193
0,785;-0,037193
0,786667;-0,037193
0,788333;-0,037193
0,79;-0,037193
0,791667;-0,037193
0,793333;-0,037193
0,795;-0,037193
0,796667;-0,037193
0,798333;-0,037193
0,8;-0,037193
0,801667;-0,037193
0,803333;-0,037193
0,805;-0,037193
0,806667;-0,037193
0,808333;-0,037193
0,81;-0,037193
0,811667;-0,037193
0,813333;-0,037193
0,815;-0,037193
0,816667;-0,037193
0,818333;-0,037193
0,82;-0,037193
0,821667;-0,037193
0,823333;-0,037193
0,825;-0,037193
0,826667;-0,037193
0,828333;-0,037193
0,83;-0,037193
0,831667;-0,037193
0,833333;-0,037193
0,835;-0,037193
0,836667;-0,037193
0,838333;-0,037193
0,84;-0,040054
0,841667;-0,040054
0,843333;-0,040054
0,845;-0,040054
0,846667;-0,040054
0,848333;-0,040054
0,85;-0,040054
0,851667;-0,040054
0,853333;-0,040054
0,855;-0,040054
0,856667;-0,040054
0,858333;-0,040054
0,86;-0,040054
0,861667;-0,040054
0,863333;-0,040054
0,865;-0,040054
0,866667;-0,040054
0,868333;-0,040054
0,87;-0,040054
0,871667;-0,040054
0,873333;-0,040054
0,875;-0,040054
0,876667;-0,040054
0,878333;-0,040054
0,88;-0,040054
0,881667;-0,040054
0,883333;-0,040054
0,885;-0,040054
0,886667;-0,040054
0,888333;-0,040054
0,89;-0,040054
0,891667;-0,040054
0,893333;-0,040054
0,895;-0,040054
0,896667;-0,040054
0,898333;-0,040054
0,9;-0,040054
0,901667;-0,040054
0,903333;-0,040054
0,905;-0,040054
0,906667;-0,040054
0,908333;-0,040054
0,91;-0,040054
0,911667;-0,040054
0,913333;-0,040054
0,915;-0,040054
0,916667;-0,040054
0,918333;-0,040054
0,92;-0,040054
0,921667;-0,040054
0,923333;-0,040054
0,925;-0,040054
0,926667;-0,040054
0,928333;-0,040054
0,93;-0,042915
0,931667;-0,042915
0,933333;-0,042915
0,935;-0,042915
0,936667;-0,042915
0,938333;-0,042915
0,94;-0,042915
0,941667;-0,042915
0,943333;-0,042915
0,945;-0,042915
0,946667;-0,042915
0,948333;-0,042915
0,95;-0,042915
0,951667;-0,042915
0,953333;-0,042915
0,955;-0,042915
0,956667;-0,042915
0,958333;-0,042915
0,96;-0,042915
0,961667;-0,042915
0,963333;-0,042915
0,965;-0,042915
0,966667;-0,042915
0,968333;-0,042915
0,97;-0,042915
0,971667;-0,042915
0,973333;-0,042915
0,975;-0,042915
0,976667;-0,042915
0,978333;-0,042915
0,98;-0,042915
0,981667;-0,042915
0,983333;-0,042915
0,985;-0,042915
0,986667;-0,042915
0,988333;-0,042915
0,99;-0,042915
0,991667;-0,042915
0,993333;-0,042915
0,995;-0,042915
0,996667;-0,042915
0,998333;-0,042915
1;-0,042915
1,001667;-0,042915
1,003333;-0,042915
1,005;-0,042915
1,006667;-0,042915
1,008333;-0,042915
1,01;-0,042915
1,011667;-0,042915
1,013333;-0,042915
1,015;-0,042915
1,016667;-0,042915
1,018333;-0,042915
1,02;-0,045776
1,021667;-0,045776
1,023333;-0,045776
1,025;-0,045776
1,026667;-0,045776
1,028333;-0,045776
1,03;-0,045776
1,031667;-0,045776
1,033333;-0,045776
1,035;-0,045776
1,036667;-0,045776
1,038333;-0,045776
1,04;-0,045776
1,041667;-0,045776
1,043333;-0,045776
1,045;-0,045776
1,046667;-0,045776
1,048333;-0,045776
1,05;-0,045776
1,051667;-0,045776
1,053333;-0,045776
1,055;-0,045776
1,056667;-0,045776
1,058333;-0,045776
1,06;-0,045776
1,061667;-0,045776
1,063333;-0,045776
1,065;-0,045776
1,066667;-0,045776
1,068333;-0,045776
1,07;-0,045776
1,071667;-0,045776
1,073333;-0,045776
1,075;-0,045776
1,076667;-0,045776
1,078333;-0,045776
1,08;-0,045776
1,081667;-0,048637
1,083333;-0,048637
1,085;-0,045776
1,086667;-0,045776
1,088333;-0,045776
1,09;-0,045776
1,091667;-0,045776
1,093333;-0,045776
1,095;-0,045776
1,096667;-0,045776
1,098333;-0,045776
1,1;-0,045776
1,101667;-0,045776
1,103333;-0,045776
1,105;-0,045776
1,106667;-0,045776
1,108333;-0,045776
1,11;-0,045776
1,111667;-0,045776
1,113333;-0,045776
1,115;-0,045776
1,116667;-0,045776
1,118333;-0,045776
1,12;-0,045776
1,121667;-0,045776
1,123333;-0,045776
1,125;-0,045776
1,126667;-0,045776
1,128333;-0,048637
1,13;-0,048637
1,131667;-0,048637
1,133333;-0,048637
1,135;-0,048637
1,136667;-0,048637
1,138333;-0,048637
1,14;-0,048637
1,141667;-0,048637
1,143333;-0,048637
1,145;-0,048637
1,146667;-0,048637
1,148333;-0,048637
1,15;-0,048637
1,151667;-0,048637
1,153333;-0,048637
1,155;-0,048637
1,156667;-0,048637
1,158333;-0,048637
1,16;-0,048637
1,161667;-0,048637
1,163333;-0,048637
1,165;-0,048637
1,166667;-0,048637
1,168333;-0,048637
1,17;-0,048637
1,171667;-0,048637
1,173333;-0,048637
1,175;-0,048637
1,176667;-0,048637
1,178333;-0,048637
1,18;-0,048637
1,181667;-0,048637
1,183333;-0,048637
1,185;-0,048637
1,186667;-0,048637
1,188333;-0,051498
1,19;-0,051498
1,191667;-0,051498
1,193333;-0,051498
1,195;-0,051498
1,196667;-0,051498
1,198333;-0,051498
1,2;-0,051498
1,201667;-0,051498
1,203333;-0,051498
1,205;-0,051498
1,206667;-0,051498
1,208333;-0,051498
1,21;-0,051498
1,211667;-0,051498
1,213333;-0,051498
1,215;-0,051498
1,216667;-0,051498
1,218333;-0,051498
1,22;-0,051498
1,221667;-0,051498
1,223333;-0,051498
1,225;-0,051498
1,226667;-0,051498
1,228333;-0,051498
1,23;-0,051498
1,231667;-0,051498
1,233333;-0,051498
1,235;-0,051498
1,236667;-0,051498
1,238333;-0,051498
1,24;-0,051498
1,241667;-0,051498
1,243333;-0,051498
1,245;-0,054359
1,246667;-0,054359
1,248333;-0,054359
1,25;-0,054359
1,251667;-0,054359
1,253333;-0,054359
1,255;-0,054359
1,256667;-0,054359
1,258333;-0,054359
1,26;-0,054359
1,261667;-0,054359
1,263333;-0,054359
1,265;-0,054359
1,266667;-0,054359
1,268333;-0,054359
1,27;-0,054359
1,271667;-0,054359
1,273333;-0,054359
1,275;-0,054359
1,276667;-0,054359
1,278333;-0,054359
1,28;-0,054359
1,281667;-0,054359
1,283333;-0,054359
1,285;-0,054359
1,286667;-0,054359
1,288333;-0,054359
1,29;-0,054359
1,291667;-0,054359
1,293333;-0,054359
1,295;-0,054359
1,296667;-0,054359
1,298333;-0,054359
1,3;-0,054359
1,301667;-0,054359
1,303333;-0,054359
1,305;-0,054359
1,306667;-0,054359
1,308333;-0,054359
1,31;-0,054359
1,311667;-0,054359
1,313333;-0,054359
1,315;-0,054359
1,316667;-0,054359
1,318333;-0,054359
1,32;-0,054359
1,321667;-0,054359
1,323333;-0,054359
1,325;-0,054359
1,326667;-0,054359
1,328333;-0,054359
1,33;-0,054359
1,331667;-0,054359
1,333333;-0,054359
1,335;-0,054359
1,336667;-0,054359
1,338333;-0,054359
1,34;-0,054359
1,341667;-0,054359
1,343333;-0,054359
1,345;-0,054359
1,346667;-0,054359
1,348333;-0,054359
1,35;-0,054359
1,351667;-0,054359
1,353333;-0,054359
1,355;-0,054359
1,356667;-0,05722
1,358333;-0,05722
1,36;-0,05722
1,361667;-0,05722
1,363333;-0,05722
1,365;-0,054359
1,366667;-0,054359
1,368333;-0,054359
1,37;-0,054359
1,371667;-0,054359
1,373333;-0,054359
1,375;-0,054359
1,376667;-0,054359
1,378333;-0,054359
1,38;-0,054359
1,381667;-0,054359
1,383333;-0,054359
1,385;-0,054359
1,386667;-0,054359
1,388333;-0,054359
1,39;-0,054359
1,391667;-0,054359
1,393333;-0,054359
1,395;-0,054359
1,396667;-0,054359
1,398333;-0,054359
1,4;-0,054359
1,401667;-0,05722
1,403333;-0,05722
1,405;-0,05722
1,406667;-0,05722
1,408333;-0,05722
1,41;-0,05722
1,411667;-0,05722
1,413333;-0,05722
1,415;-0,05722
1,416667;-0,05722
1,418333;-0,05722
1,42;-0,05722
1,421667;-0,05722
1,423333;-0,05722
1,425;-0,05722
1,426667;-0,05722
1,428333;-0,05722
1,43;-0,05722
1,431667;-0,05722
1,433333;-0,05722
1,435;-0,05722
1,436667;-0,05722
1,438333;-0,05722
1,44;-0,05722
1,441667;-0,05722
1,443333;-0,05722
1,445;-0,05722
1,446667;-0,05722
1,448333;-0,05722
1,45;-0,05722
1,451667;-0,05722
1,453333;-0,05722
1,455;-0,05722
1,456667;-0,05722
1,458333;-0,05722
1,46;-0,05722
1,461667;-0,05722
1,463333;-0,05722
1,465;-0,05722
1,466667;-0,060081
1,468333;-0,060081
1,47;-0,060081
1,471667;-0,060081
1,473333;-0,060081
1,475;-0,060081
1,476667;-0,060081
1,478333;-0,060081
1,48;-0,060081
1,481667;-0,060081
1,483333;-0,060081
1,485;-0,060081
1,486667;-0,060081
1,488333;-0,060081
1,49;-0,060081
1,491667;-0,060081
1,493333;-0,060081
1,495;-0,060081
1,496667;-0,060081
1,498333;-0,060081
1,5;-0,060081
1,501667;-0,060081
1,503333;-0,060081
1,505;-0,060081
1,506667;-0,060081
1,508333;-0,060081
1,51;-0,060081
1,511667;-0,060081
1,513333;-0,060081
1,515;-0,060081
1,516667;-0,060081
1,518333;-0,060081
1,52;-0,060081
1,521667;-0,062943
1,523333;-0,062943
1,525;-0,062943
1,526667;-0,062943
1,528333;-0,062943
1,53;-0,062943
1,531667;-0,062943
1,533333;-0,062943
1,535;-0,062943
1,536667;-0,062943
1,538333;-0,062943
1,54;-0,062943
1,541667;-0,062943
1,543333;-0,062943
1,545;-0,062943
1,546667;-0,062943
1,548333;-0,062943
1,55;-0,062943
1,551667;-0,062943
1,553333;-0,062943
1,555;-0,062943
1,556667;-0,062943
1,558333;-0,062943
1,56;-0,062943
1,561667;-0,062943
1,563333;-0,062943
1,565;-0,062943
1,566667;-0,062943
1,568333;-0,062943
1,57;-0,062943
1,571667;-0,062943
1,573333;-0,062943
1,575;-0,062943
1,576667;-0,062943
1,578333;-0,062943
1,58;-0,062943
1,581667;-0,062943
1,583333;-0,062943
1,585;-0,062943
1,586667;-0,062943
1,588333;-0,062943
1,59;-0,062943
1,591667;-0,062943
1,593333;-0,062943
1,595;-0,062943
1,596667;-0,062943
1,598333;-0,062943
1,6;-0,062943
1,601667;-0,062943
1,603333;-0,062943
1,605;-0,062943
1,606667;-0,062943
1,608333;-0,062943
1,61;-0,062943
1,611667;-0,062943
1,613333;-0,062943
1,615;-0,062943
1,616667;-0,062943
1,618333;-0,062943
1,62;-0,062943
1,621667;-0,062943
1,623333;-0,062943
1,625;-0,062943
1,626667;-0,062943
1,628333;-0,062943
1,63;-0,062943
1,631667;-0,062943
1,633333;-0,062943
1,635;-0,062943
1,636667;-0,062943
1,638333;-0,062943
1,64;-0,062943
1,641667;-0,062943
1,643333;-0,062943
1,645;-0,062943
1,646667;-0,062943
1,648333;-0,062943
1,65;-0,062943
1,651667;-0,062943
1,653333;-0,062943
1,655;-0,062943
1,656667;-0,062943
1,658333;-0,062943
1,66;-0,062943
1,661667;-0,062943
1,663333;-0,062943
1,665;-0,062943
1,666667;-0,062943
1,668333;-0,062943
1,67;-0,062943
1,671667;-0,062943
1,673333;-0,062943
1,675;-0,062943
1,676667;-0,062943
1,678333;-0,062943
1,68;-0,062943
1,681667;-0,062943
1,683333;-0,062943
1,685;-0,062943
1,686667;-0,062943
1,688333;-0,062943
1,69;-0,062943
1,691667;-0,062943
1,693333;-0,062943
1,695;-0,062943
1,696667;-0,062943
1,698333;-0,062943
1,7;-0,062943
1,701667;-0,062943
1,703333;-0,062943
1,705;-0,062943
1,706667;-0,062943
1,708333;-0,065804
1,71;-0,065804
1,711667;-0,065804
1,713333;-0,065804
1,715;-0,065804
1,716667;-0,065804
1,718333;-0,065804
1,72;-0,065804
1,721667;-0,065804
1,723333;-0,065804
1,725;-0,065804
1,726667;-0,065804
1,728333;-0,065804
1,73;-0,065804
1,731667;-0,065804
1,733333;-0,065804
1,735;-0,065804
1,736667;-0,065804
1,738333;-0,065804
1,74;-0,065804
1,741667;-0,065804
1,743333;-0,065804
1,745;-0,065804
1,746667;-0,065804
1,748333;-0,065804
1,75;-0,065804
1,751667;-0,065804
1,753333;-0,065804
1,755;-0,065804
1,756667;-0,065804
1,758333;-0,065804
1,76;-0,065804
1,761667;-0,065804
1,763333;-0,065804
1,765;-0,065804
1,766667;-0,065804
1,768333;-0,065804
1,77;-0,065804
1,771667;-0,065804
1,773333;-0,065804
1,775;-0,065804
1,776667;-0,065804
1,778333;-0,065804
1,78;-0,065804
1,781667;-0,065804
1,783333;-0,065804
1,785;-0,065804
1,786667;-0,065804
1,788333;-0,065804
1,79;-0,065804
1,791667;-0,068665
1,793333;-0,068665
1,795;-0,068665
1,796667;-0,068665
1,798333;-0,068665
1,8;-0,068665
1,801667;-0,068665
1,803333;-0,068665
1,805;-0,068665
1,806667;-0,068665
1,808333;-0,068665
1,81;-0,068665
1,811667;-0,068665
1,813333;-0,068665
1,815;-0,068665
1,816667;-0,068665
1,818333;-0,068665
1,82;-0,068665
1,821667;-0,068665
1,823333;-0,068665
1,825;-0,068665
1,826667;-0,068665
1,828333;-0,068665
1,83;-0,068665
1,831667;-0,068665
1,833333;-0,068665
1,835;-0,068665
1,836667;-0,068665
1,838333;-0,068665
1,84;-0,068665
1,841667;-0,068665
1,843333;-0,068665
1,845;-0,068665
1,846667;-0,068665
1,848333;-0,068665
1,85;-0,068665
1,851667;-0,068665
1,853333;-0,071526
1,855;-0,071526
1,856667;-0,071526
1,858333;-0,071526
1,86;-0,071526
1,861667;-0,071526
1,863333;-0,071526
1,865;-0,071526
1,866667;-0,071526
1,868333;-0,071526
1,87;-0,071526
1,871667;-0,071526
1,873333;-0,071526
1,875;-0,071526
1,876667;-0,071526
1,878333;-0,071526
1,88;-0,071526
1,881667;-0,071526
1,883333;-0,071526
1,885;-0,071526
1,886667;-0,071526
1,888333;-0,071526
1,89;-0,071526
1,891667;-0,071526
1,893333;-0,071526
1,895;-0,071526
1,896667;-0,071526
1,898333;-0,071526
1,9;-0,071526
1,901667;-0,071526
1,903333;-0,071526
1,905;-0,071526
1,906667;-0,071526
1,908333;-0,071526
1,91;-0,071526
1,911667;-0,071526
1,913333;-0,071526
1,915;-0,071526
1,916667;-0,071526
1,918333;-0,071526
1,92;-0,071526
1,921667;-0,071526
1,923333;-0,071526
1,925;-0,071526
1,926667;-0,071526
1,928333;-0,071526
1,93;-0,071526
1,931667;-0,071526
1,933333;-0,071526
1,935;-0,071526
1,936667;-0,071526
1,938333;-0,071526
1,94;-0,071526
1,941667;-0,071526
1,943333;-0,071526
1,945;-0,071526
1,946667;-0,071526
1,948333;-0,071526
1,95;-0,071526
1,951667;-0,071526
1,953333;-0,071526
1,955;-0,071526
1,956667;-0,071526
1,958333;-0,071526
1,96;-0,071526
1,961667;-0,071526
1,963333;-0,071526
1,965;-0,071526
1,966667;-0,071526
1,968333;-0,071526
1,97;-0,071526
1,971667;-0,071526
1,973333;-0,074387
1,975;-0,074387
1,976667;-0,074387
1,978333;-0,074387
1,98;-0,074387
1,981667;-0,074387
1,983333;-0,074387
1,985;-0,074387
1,986667;-0,074387
1,988333;-0,074387
1,99;-0,074387
1,991667;-0,074387
1,993333;-0,074387
1,995;-0,074387
1,996667;-0,074387
1,998333;-0,074387
2;-0,074387
2,001667;-0,074387
2,003333;-0,074387
2,005;-0,074387
2,006667;-0,074387
2,008333;-0,074387
2,01;-0,074387
2,011667;-0,074387
2,013333;-0,074387
2,015;-0,074387
2,016667;-0,074387
2,018333;-0,074387
2,02;-0,074387
2,021667;-0,074387
2,023333;-0,074387
2,025;-0,074387
2,026667;-0,074387
2,028333;-0,074387
2,03;-0,074387
2,031667;-0,074387
2,033333;-0,074387
2,035;-0,074387
2,036667;-0,074387
2,038333;-0,074387
2,04;-0,074387
2,041667;-0,074387
2,043333;-0,074387
2,045;-0,074387
2,046667;-0,074387
2,048333;-0,074387
2,05;-0,074387
2,051667;-0,074387
2,053333;-0,074387
2,055;-0,074387
2,056667;-0,074387
2,058333;-0,074387
2,06;-0,074387
2,061667;-0,074387
2,063333;-0,074387
2,065;-0,074387
2,066667;-0,074387
2,068333;-0,074387
2,07;-0,074387
2,071667;-0,074387
2,073333;-0,074387
2,075;-0,074387
2,076667;-0,074387
2,078333;-0,074387
2,08;-0,074387
2,081667;-0,074387
2,083333;-0,074387
2,085;-0,074387
2,086667;-0,074387
2,088333;-0,074387
2,09;-0,074387
2,091667;-0,074387
2,093333;-0,074387
2,095;-0,074387
2,096667;-0,074387
2,098333;-0,074387
2,1;-0,074387
2,101667;-0,074387
2,103333;-0,074387
2,105;-0,074387
2,106667;-0,074387
2,108333;-0,074387
2,11;-0,074387
2,111667;-0,074387
2,113333;-0,074387
2,115;-0,074387
2,116667;-0,074387
2,118333;-0,074387
2,12;-0,074387
2,121667;-0,074387
2,123333;-0,074387
2,125;-0,074387
2,126667;-0,074387
2,128333;-0,074387
2,13;-0,074387
2,131667;-0,074387
2,133333;-0,074387
2,135;-0,074387
2,136667;-0,077248
2,138333;-0,077248
2,14;-0,077248
2,141667;-0,077248
2,143333;-0,077248
2,145;-0,077248
2,146667;-0,077248
2,148333;-0,077248
2,15;-0,077248
2,151667;-0,077248
2,153333;-0,077248
2,155;-0,077248
2,156667;-0,077248
2,158333;-0,077248
2,16;-0,077248
2,161667;-0,077248
2,163333;-0,077248
2,165;-0,077248
2,166667;-0,077248
2,168333;-0,077248
2,17;-0,077248
2,171667;-0,077248
2,173333;-0,077248
2,175;-0,077248
2,176667;-0,077248
2,178333;-0,077248
2,18;-0,077248
2,181667;-0,077248
2,183333;-0,077248
2,185;-0,077248
2,186667;-0,077248
2,188333;-0,077248
2,19;-0,077248
2,191667;-0,077248
2,193333;-0,077248
2,195;-0,077248
2,196667;-0,077248
2,198333;-0,077248
2,2;-0,077248
2,201667;-0,077248
2,203333;-0,077248
2,205;-0,077248
2,206667;-0,077248
2,208333;-0,077248
2,21;-0,077248
2,211667;-0,077248
2,213333;-0,077248
2,215;-0,077248
2,216667;-0,077248
2,218333;-0,077248
2,22;-0,077248
2,221667;-0,077248
2,223333;-0,077248
2,225;-0,077248
2,226667;-0,077248
2,228333;-0,077248
2,23;-0,077248
2,231667;-0,077248
2,233333;-0,077248
2,235;-0,077248
2,236667;-0,077248
2,238333;-0,080109
2,24;-0,080109
2,241667;-0,080109
2,243333;-0,080109
2,245;-0,080109
2,246667;-0,080109
2,248333;-0,080109
2,25;-0,080109
2,251667;-0,080109
2,253333;-0,080109
2,255;-0,080109
2,256667;-0,080109
2,258333;-0,080109
2,26;-0,080109
2,261667;-0,080109
2,263333;-0,080109
2,265;-0,080109
2,266667;-0,080109
2,268333;-0,080109
2,27;-0,080109
2,271667;-0,080109
2,273333;-0,080109
2,275;-0,080109
2,276667;-0,080109
2,278333;-0,080109
2,28;-0,080109
2,281667;-0,080109
2,283333;-0,080109
2,285;-0,080109
2,286667;-0,080109
2,288333;-0,080109
2,29;-0,080109
2,291667;-0,080109
2,293333;-0,080109
2,295;-0,080109
2,296667;-0,080109
2,298333;-0,080109
2,3;-0,080109
2,301667;-0,080109
2,303333;-0,080109
2,305;-0,080109
2,306667;-0,080109
2,308333;-0,080109
2,31;-0,080109
2,311667;-0,080109
2,313333;-0,080109
2,315;-0,080109
2,316667;-0,080109
2,318333;-0,080109
2,32;-0,080109
2,321667;-0,080109
2,323333;-0,080109
2,325;-0,080109
2,326667;-0,080109
2,328333;-0,080109
2,33;-0,08297
2,331667;-0,08297
2,333333;-0,08297
2,335;-0,08297
2,336667;-0,08297
2,338333;-0,08297
2,34;-0,08297
2,341667;-0,08297
2,343333;-0,08297
2,345;-0,08297
2,346667;-0,08297
2,348333;-0,08297
2,35;-0,08297
2,351667;-0,08297
2,353333;-0,08297
2,355;-0,08297
2,356667;-0,08297
2,358333;-0,08297
2,36;-0,08297
2,361667;-0,08297
2,363333;-0,08297
2,365;-0,08297
2,366667;-0,08297
2,368333;-0,08297
2,37;-0,08297
2,371667;-0,08297
2,373333;-0,08297
2,375;-0,08297
2,376667;-0,08297
2,378333;-0,08297
2,38;-0,08297
2,381667;-0,08297
2,383333;-0,08297
2,385;-0,08297
2,386667;-0,08297
2,388333;-0,08297
2,39;-0,08297
2,391667;-0,08297
2,393333;-0,08297
2,395;-0,08297
2,396667;-0,08297
2,398333;-0,08297
2,4;-0,08297
2,401667;-0,08297
2,403333;-0,08297
2,405;-0,08297
2,406667;-0,08297
2,408333;-0,08297
2,41;-0,08297
2,411667;-0,08297
2,413333;-0,08297
2,415;-0,08297
2,416667;-0,08297
2,418333;-0,08297
2,42;-0,08297
2,421667;-0,08297
2,423333;-0,08297
2,425;-0,08297
2,426667;-0,08297
2,428333;-0,08297
2,43;-0,08297
2,431667;-0,08297
2,433333;-0,08297
2,435;-0,08297
2,436667;-0,08297
2,438333;-0,08297
2,44;-0,08297
2,441667;-0,08297
2,443333;-0,08297
2,445;-0,08297
2,446667;-0,08297
2,448333;-0,08297
2,45;-0,08297
2,451667;-0,08297
2,453333;-0,08297
2,455;-0,08297
2,456667;-0,08297
2,458333;-0,08297
2,46;-0,08297
2,461667;-0,08297
2,463333;-0,08297
2,465;-0,08297
2,466667;-0,08297
2,468333;-0,08297
2,47;-0,08297
2,471667;-0,08297
2,473333;-0,08297
2,475;-0,08297
2,476667;-0,08297
2,478333;-0,08297
2,48;-0,08297
2,481667;-0,08297
2,483333;-0,08297
2,485;-0,08297
2,486667;-0,08297
2,488333;-0,08297
2,49;-0,08297
2,491667;-0,08297
2,493333;-0,08297
2,495;-0,08297
2,496667;-0,08297
2,498333;-0,08297
2,5;-0,08297
2,501667;-0,08297
2,503333;-0,08297
2,505;-0,08297
2,506667;-0,08297
2,508333;-0,085831
2,51;-0,085831
2,511667;-0,085831
2,513333;-0,085831
2,515;-0,085831
2,516667;-0,085831
2,518333;-0,085831
2,52;-0,085831
2,521667;-0,085831
2,523333;-0,085831
2,525;-0,085831
2,526667;-0,085831
2,528333;-0,085831
2,53;-0,085831
2,531667;-0,085831
2,533333;-0,085831
2,535;-0,085831
2,536667;-0,085831
2,538333;-0,085831
2,54;-0,085831
2,541667;-0,085831
2,543333;-0,085831
2,545;-0,085831
2,546667;-0,085831
2,548333;-0,085831
2,55;-0,085831
2,551667;-0,085831
2,553333;-0,085831
2,555;-0,085831
2,556667;-0,085831
2,558333;-0,085831
2,56;-0,085831
2,561667;-0,088692
2,563333;-0,088692
2,565;-0,088692
2,566667;-0,088692
2,568333;-0,088692
2,57;-0,088692
2,571667;-0,088692
2,573333;-0,088692
2,575;-0,088692
2,576667;-0,088692
2,578333;-0,088692
2,58;-0,085831
2,581667;-0,085831
2,583333;-0,085831
2,585;-0,085831
2,586667;-0,085831
2,588333;-0,085831
2,59;-0,085831
2,591667;-0,085831
2,593333;-0,088692
2,595;-0,088692
2,596667;-0,088692
2,598333;-0,088692
2,6;-0,088692
2,601667;-0,088692
2,603333;-0,088692
2,605;-0,088692
2,606667;-0,088692
2,608333;-0,088692
2,61;-0,088692
2,611667;-0,088692
2,613333;-0,088692
2,615;-0,088692
2,616667;-0,088692
2,618333;-0,088692
2,62;-0,088692
2,621667;-0,088692
2,623333;-0,088692
2,625;-0,088692
2,626667;-0,088692
2,628333;-0,088692
2,63;-0,088692
2,631667;-0,088692
2,633333;-0,088692
2,635;-0,088692
2,636667;-0,088692
2,638333;-0,088692
2,64;-0,088692
2,641667;-0,088692
2,643333;-0,088692
2,645;-0,088692
2,646667;-0,088692
2,648333;-0,088692
2,65;-0,088692
2,651667;-0,088692
2,653333;-0,088692
2,655;-0,088692
2,656667;-0,088692
2,658333;-0,088692
2,66;-0,088692
2,661667;-0,088692
2,663333;-0,088692
2,665;-0,088692
2,666667;-0,088692
2,668333;-0,088692
2,67;-0,088692
2,671667;-0,088692
2,673333;-0,088692
2,675;-0,088692
2,676667;-0,088692
2,678333;-0,088692
2,68;-0,088692
2,681667;-0,088692
2,683333;-0,088692
2,685;-0,088692
2,686667;-0,088692
2,688333;-0,088692
2,69;-0,088692
2,691667;-0,088692
2,693333;-0,088692
2,695;-0,088692
2,696667;-0,088692
2,698333;-0,088692
2,7;-0,088692
2,701667;-0,088692
2,703333;-0,088692
2,705;-0,088692
2,706667;-0,088692
2,708333;-0,088692
2,71;-0,088692
2,711667;-0,088692
2,713333;-0,088692
2,715;-0,088692
2,716667;-0,088692
2,718333;-0,088692
2,72;-0,088692
2,721667;-0,088692
2,723333;-0,088692
2,725;-0,088692
2,726667;-0,088692
2,728333;-0,088692
2,73;-0,088692
2,731667;-0,088692
2,733333;-0,088692
2,735;-0,088692
2,736667;-0,088692
2,738333;-0,088692
2,74;-0,088692
2,741667;-0,088692
2,743333;-0,088692
2,745;-0,088692
2,746667;-0,088692
2,748333;-0,091553
2,75;-0,091553
2,751667;-0,091553
2,753333;-0,091553
2,755;-0,091553
2,756667;-0,091553
2,758333;-0,091553
2,76;-0,091553
2,761667;-0,091553
2,763333;-0,091553
2,765;-0,091553
2,766667;-0,091553
2,768333;-0,091553
2,77;-0,091553
2,771667;-0,091553
2,773333;-0,091553
2,775;-0,091553
2,776667;-0,091553
2,778333;-0,091553
2,78;-0,091553
2,781667;-0,091553
2,783333;-0,091553
2,785;-0,091553
2,786667;-0,091553
2,788333;-0,091553
2,79;-0,091553
2,791667;-0,091553
2,793333;-0,091553
2,795;-0,091553
2,796667;-0,091553
2,798333;-0,091553
2,8;-0,091553
2,801667;-0,091553
2,803333;-0,091553
2,805;-0,091553
2,806667;-0,091553
2,808333;-0,091553
2,81;-0,091553
2,811667;-0,091553
2,813333;-0,091553
2,815;-0,091553
2,816667;-0,091553
2,818333;-0,091553
2,82;-0,091553
2,821667;-0,091553
2,823333;-0,091553
2,825;-0,091553
2,826667;-0,091553
2,828333;-0,091553
2,83;-0,091553
2,831667;-0,091553
2,833333;-0,091553
2,835;-0,091553
2,836667;-0,091553
2,838333;-0,091553
2,84;-0,091553
2,841667;-0,091553
2,843333;-0,091553
2,845;-0,091553
2,846667;-0,091553
2,848333;-0,091553
2,85;-0,091553
2,851667;-0,091553
2,853333;-0,091553
2,855;-0,091553
2,856667;-0,091553
2,858333;-0,091553
2,86;-0,094414
2,861667;-0,094414
2,863333;-0,094414
2,865;-0,094414
2,866667;-0,094414
2,868333;-0,094414
2,87;-0,094414
2,871667;-0,094414
2,873333;-0,094414
2,875;-0,094414
2,876667;-0,094414
2,878333;-0,094414
2,88;-0,094414
2,881667;-0,094414
2,883333;-0,094414
2,885;-0,094414
2,886667;-0,094414
2,888333;-0,094414
2,89;-0,094414
2,891667;-0,094414
2,893333;-0,094414
2,895;-0,094414
2,896667;-0,094414
2,898333;-0,091553
2,9;-0,091553
2,901667;-0,091553
2,903333;-0,091553
2,905;-0,091553
2,906667;-0,091553
2,908333;-0,091553
2,91;-0,091553
2,911667;-0,091553
2,913333;-0,094414
2,915;-0,094414
2,916667;-0,094414
2,918333;-0,094414
2,92;-0,094414
2,921667;-0,094414
2,923333;-0,094414
2,925;-0,094414
2,926667;-0,094414
2,928333;-0,094414
2,93;-0,094414
2,931667;-0,094414
2,933333;-0,094414
2,935;-0,094414
2,936667;-0,094414
2,938333;-0,094414
2,94;-0,094414
2,941667;-0,094414
2,943333;-0,094414
2,945;-0,094414
2,946667;-0,094414
2,948333;-0,094414
2,95;-0,094414
2,951667;-0,094414
2,953333;-0,094414
2,955;-0,094414
2,956667;-0,094414
2,958333;-0,094414
2,96;-0,094414
2,961667;-0,094414
2,963333;-0,094414
2,965;-0,094414
2,966667;-0,094414
2,968333;-0,094414
2,97;-0,094414
2,971667;-0,094414
2,973333;-0,094414
2,975;-0,094414
2,976667;-0,094414
2,978333;-0,094414
2,98;-0,094414
2,981667;-0,094414
2,983333;-0,094414
2,985;-0,094414
2,986667;-0,094414
2,988333;-0,094414
2,99;-0,094414
2,991667;-0,094414
2,993333;-0,094414
2,995;-0,094414
2,996667;-0,094414
2,998333;-0,094414
3;-0,094414
3,001667;-0,094414
3,003333;-0,094414
3,005;-0,094414
3,006667;-0,094414
3,008333;-0,094414
3,01;-0,094414
3,011667;-0,094414
3,013333;-0,094414
3,015;-0,094414
3,016667;-0,094414
3,018333;-0,094414
3,02;-0,094414
3,021667;-0,094414
3,023333;-0,094414
3,025;-0,094414
3,026667;-0,094414
3,028333;-0,094414
3,03;-0,094414
3,031667;-0,094414
3,033333;-0,094414
3,035;-0,094414
3,036667;-0,094414
3,038333;-0,094414
3,04;-0,094414
3,041667;-0,094414
3,043333;-0,094414
3,045;-0,094414
3,046667;-0,094414
3,048333;-0,094414
3,05;-0,094414
3,051667;-0,094414
3,053333;-0,094414
3,055;-0,094414
3,056667;-0,094414
3,058333;-0,094414
3,06;-0,094414
3,061667;-0,094414
3,063333;-0,094414
3,065;-0,097275
3,066667;-0,097275
3,068333;-0,097275
3,07;-0,097275
3,071667;-0,097275
3,073333;-0,097275
3,075;-0,097275
3,076667;-0,097275
3,078333;-0,097275
3,08;-0,097275
3,081667;-0,097275
3,083333;-0,097275
3,085;-0,097275
3,086667;-0,097275
3,088333;-0,097275
3,09;-0,097275
3,091667;-0,097275
3,093333;-0,097275
3,095;-0,097275
3,096667;-0,097275
3,098333;-0,097275
3,1;-0,097275
3,101667;-0,097275
3,103333;-0,097275
3,105;-0,097275
3,106667;-0,097275
3,108333;-0,097275
3,11;-0,097275
3,111667;-0,097275
3,113333;-0,097275
3,115;-0,097275
3,116667;-0,097275
3,118333;-0,097275
3,12;-0,097275
3,121667;-0,097275
3,123333;-0,097275
3,125;-0,097275
3,126667;-0,097275
3,128333;-0,097275
3,13;-0,097275
3,131667;-0,097275
3,133333;-0,097275
3,135;-0,097275
3,136667;-0,097275
3,138333;-0,097275
3,14;-0,097275
3,141667;-0,097275
3,143333;-0,097275
3,145;-0,097275
3,146667;-0,100136
3,148333;-0,100136
3,15;-0,100136
3,151667;-0,100136
3,153333;-0,100136
3,155;-0,100136
3,156667;-0,100136
3,158333;-0,100136
3,16;-0,100136
3,161667;-0,100136
3,163333;-0,100136
3,165;-0,100136
3,166667;-0,100136
3,168333;-0,100136
3,17;-0,100136
3,171667;-0,100136
3,173333;-0,100136
3,175;-0,100136
3,176667;-0,100136
3,178333;-0,100136
3,18;-0,100136
3,181667;-0,100136
3,183333;-0,100136
3,185;-0,100136
3,186667;-0,100136
3,188333;-0,100136
3,19;-0,100136
3,191667;-0,100136
3,193333;-0,100136
3,195;-0,100136
3,196667;-0,100136
3,198333;-0,100136
3,2;-0,100136
3,201667;-0,100136
3,203333;-0,100136
3,205;-0,100136
3,206667;-0,100136
3,208333;-0,100136
3,21;-0,100136
3,211667;-0,100136
3,213333;-0,100136
3,215;-0,100136
3,216667;-0,100136
3,218333;-0,100136
3,22;-0,100136
3,221667;-0,100136
3,223333;-0,100136
3,225;-0,100136
3,226667;-0,100136
3,228333;-0,100136
3,23;-0,100136
3,231667;-0,100136
3,233333;-0,100136
3,235;-0,100136
3,236667;-0,100136
3,238333;-0,100136
3,24;-0,100136
3,241667;-0,100136
3,243333;-0,100136
3,245;-0,100136
3,246667;-0,100136
3,248333;-0,100136
3,25;-0,100136
3,251667;-0,100136
3,253333;-0,100136
3,255;-0,100136
3,256667;-0,100136
3,258333;-0,100136
3,26;-0,100136
3,261667;-0,100136
3,263333;-0,100136
3,265;-0,100136
3,266667;-0,100136
3,268333;-0,100136
3,27;-0,100136
3,271667;-0,100136
3,273333;-0,100136
3,275;-0,100136
3,276667;-0,100136
3,278333;-0,100136
3,28;-0,102997
3,281667;-0,102997
3,283333;-0,102997
3,285;-0,102997
3,286667;-0,102997
3,288333;-0,102997
3,29;-0,102997
3,291667;-0,102997
3,293333;-0,102997
3,295;-0,102997
3,296667;-0,102997
3,298333;-0,102997
3,3;-0,102997
3,301667;-0,102997
3,303333;-0,100136
3,305;-0,100136
3,306667;-0,100136
3,308333;-0,100136
3,31;-0,102997
3,311667;-0,102997
3,313333;-0,102997
3,315;-0,102997
3,316667;-0,102997
3,318333;-0,102997
3,32;-0,102997
3,321667;-0,102997
3,323333;-0,102997
3,325;-0,102997
3,326667;-0,102997
3,328333;-0,102997
3,33;-0,102997
3,331667;-0,102997
3,333333;-0,102997
3,335;-0,102997
3,336667;-0,102997
3,338333;-0,102997
3,34;-0,102997
3,341667;-0,102997
3,343333;-0,102997
3,345;-0,102997
3,346667;-0,102997
3,348333;-0,102997
3,35;-0,102997
3,351667;-0,102997
3,353333;-0,102997
3,355;-0,102997
3,356667;-0,102997
3,358333;-0,102997
3,36;-0,102997
3,361667;-0,102997
3,363333;-0,102997
3,365;-0,102997
3,366667;-0,102997
3,368333;-0,102997
3,37;-0,102997
3,371667;-0,102997
3,373333;-0,102997
3,375;-0,102997
3,376667;-0,102997
3,378333;-0,102997
3,38;-0,102997
3,381667;-0,102997
3,383333;-0,102997
3,385;-0,102997
3,386667;-0,102997
3,388333;-0,102997
3,39;-0,102997
3,391667;-0,105858
3,393333;-0,105858
3,395;-0,105858
3,396667;-0,105858
3,398333;-0,102997
3,4;-0,102997
3,401667;-0,102997
3,403333;-0,102997
3,405;-0,102997
3,406667;-0,102997
3,408333;-0,102997
3,41;-0,105858
3,411667;-0,105858
3,413333;-0,105858
3,415;-0,105858
3,416667;-0,105858
3,418333;-0,105858
3,42;-0,105858
3,421667;-0,105858
3,423333;-0,105858
3,425;-0,105858
3,426667;-0,105858
3,428333;-0,105858
3,43;-0,105858
3,431667;-0,105858
3,433333;-0,105858
3,435;-0,105858
3,436667;-0,105858
3,438333;-0,105858
3,44;-0,105858
3,441667;-0,105858
3,443333;-0,105858
3,445;-0,105858
3,446667;-0,105858
3,448333;-0,105858
3,45;-0,105858
3,451667;-0,105858
3,453333;-0,105858
3,455;-0,105858
3,456667;-0,105858
3,458333;-0,105858
3,46;-0,105858
3,461667;-0,105858
3,463333;-0,105858
3,465;-0,105858
3,466667;-0,105858
3,468333;-0,105858
3,47;-0,105858
3,471667;-0,105858
3,473333;-0,105858
3,475;-0,105858
3,476667;-0,105858
3,478333;-0,105858
3,48;-0,108719
3,481667;-0,108719
3,483333;-0,108719
3,485;-0,108719
3,486667;-0,108719
3,488333;-0,108719
3,49;-0,108719
3,491667;-0,108719
3,493333;-0,108719
3,495;-0,108719
3,496667;-0,108719
3,498333;-0,108719
3,5;-0,108719
3,501667;-0,108719
3,503333;-0,108719
3,505;-0,108719
3,506667;-0,108719
3,508333;-0,108719
3,51;-0,108719
3,511667;-0,108719
3,513333;-0,108719
3,515;-0,108719
3,516667;-0,108719
3,518333;-0,108719
3,52;-0,108719
3,521667;-0,108719
3,523333;-0,108719
3,525;-0,108719
3,526667;-0,108719
3,528333;-0,108719
3,53;-0,108719
3,531667;-0,108719
3,533333;-0,108719
3,535;-0,108719
3,536667;-0,108719
3,538333;-0,108719
3,54;-0,108719
3,541667;-0,108719
3,543333;-0,108719
3,545;-0,108719
3,546667;-0,108719
3,548333;-0,108719
3,55;-0,108719
3,551667;-0,108719
3,553333;-0,108719
3,555;-0,108719
3,556667;-0,108719
3,558333;-0,108719
3,56;-0,108719
3,561667;-0,108719
3,563333;-0,108719
3,565;-0,108719
3,566667;-0,108719
3,568333;-0,108719
3,57;-0,108719
3,571667;-0,108719
3,573333;-0,108719
3,575;-0,108719
3,576667;-0,11158
3,578333;-0,11158
3,58;-0,11158
3,581667;-0,11158
3,583333;-0,11158
3,585;-0,11158
3,586667;-0,11158
3,588333;-0,108719
3,59;-0,108719
3,591667;-0,108719
3,593333;-0,108719
3,595;-0,108719
3,596667;-0,108719
3,598333;-0,108719
3,6;-0,108719
3,601667;-0,108719
3,603333;-0,108719
3,605;-0,108719
3,606667;-0,108719
3,608333;-0,108719
3,61;-0,108719
3,611667;-0,108719
3,613333;-0,108719
3,615;-0,108719
3,616667;-0,108719
3,618333;-0,108719
3,62;-0,108719
3,621667;-0,108719
3,623333;-0,108719
3,625;-0,108719
3,626667;-0,108719
3,628333;-0,108719
3,63;-0,11158
3,631667;-0,11158
3,633333;-0,11158
3,635;-0,11158
3,636667;-0,11158
3,638333;-0,11158
3,64;-0,11158
3,641667;-0,11158
3,643333;-0,11158
3,645;-0,11158
3,646667;-0,11158
3,648333;-0,11158
3,65;-0,11158
3,651667;-0,11158
3,653333;-0,11158
3,655;-0,11158
3,656667;-0,11158
3,658333;-0,11158
3,66;-0,11158
3,661667;-0,11158
3,663333;-0,11158
3,665;-0,11158
3,666667;-0,11158
3,668333;-0,11158
3,67;-0,11158
3,671667;-0,11158
3,673333;-0,11158
3,675;-0,11158
3,676667;-0,11158
3,678333;-0,11158
3,68;-0,11158
3,681667;-0,11158
3,683333;-0,11158
3,685;-0,11158
3,686667;-0,11158
3,688333;-0,11158
3,69;-0,11158
3,691667;-0,11158
3,693333;-0,11158
3,695;-0,11158
3,696667;-0,11158
3,698333;-0,11158
3,7;-0,11158
3,701667;-0,114441
3,703333;-0,114441
3,705;-0,114441
3,706667;-0,114441
3,708333;-0,114441
3,71;-0,114441
3,711667;-0,114441
3,713333;-0,114441
3,715;-0,114441
3,716667;-0,114441
3,718333;-0,114441
3,72;-0,114441
3,721667;-0,114441
3,723333;-0,114441
3,725;-0,114441
3,726667;-0,114441
3,728333;-0,114441
3,73;-0,114441
3,731667;-0,114441
3,733333;-0,114441
3,735;-0,114441
3,736667;-0,114441
3,738333;-0,114441
3,74;-0,114441
3,741667;-0,114441
3,743333;-0,114441
3,745;-0,114441
3,746667;-0,114441
3,748333;-0,114441
3,75;-0,114441
3,751667;-0,114441
3,753333;-0,114441
3,755;-0,114441
3,756667;-0,114441
3,758333;-0,114441
3,76;-0,114441
3,761667;-0,114441
3,763333;-0,114441
3,765;-0,114441
3,766667;-0,114441
3,768333;-0,114441
3,77;-0,114441
3,771667;-0,114441
3,773333;-0,114441
3,775;-0,114441
3,776667;-0,114441
3,778333;-0,114441
3,78;-0,114441
3,781667;-0,114441
3,783333;-0,114441
3,785;-0,114441
3,786667;-0,114441
3,788333;-0,114441
3,79;-0,114441
3,791667;-0,114441
3,793333;-0,114441
3,795;-0,114441
3,796667;-0,114441
3,798333;-0,114441
3,8;-0,114441
3,801667;-0,114441
3,803333;-0,114441
3,805;-0,114441
3,806667;-0,117302
3,808333;-0,117302
3,81;-0,117302
3,811667;-0,117302
3,813333;-0,117302
3,815;-0,117302
3,816667;-0,117302
3,818333;-0,117302
3,82;-0,117302
3,821667;-0,117302
3,823333;-0,117302
3,825;-0,117302
3,826667;-0,117302
3,828333;-0,117302
3,83;-0,117302
3,831667;-0,117302
3,833333;-0,117302
3,835;-0,117302
3,836667;-0,117302
3,838333;-0,117302
3,84;-0,117302
3,841667;-0,117302
3,843333;-0,117302
3,845;-0,117302
3,846667;-0,117302
3,848333;-0,117302
3,85;-0,117302
3,851667;-0,117302
3,853333;-0,117302
3,855;-0,117302
3,856667;-0,117302
3,858333;-0,117302
3,86;-0,117302
3,861667;-0,117302
3,863333;-0,117302
3,865;-0,117302
3,866667;-0,117302
3,868333;-0,117302
3,87;-0,117302
3,871667;-0,117302
3,873333;-0,117302
3,875;-0,117302
3,876667;-0,117302
3,878333;-0,117302
3,88;-0,117302
3,881667;-0,117302
3,883333;-0,117302
3,885;-0,117302
3,886667;-0,117302
3,888333;-0,117302
3,89;-0,117302
3,891667;-0,117302
3,893333;-0,117302
3,895;-0,117302
3,896667;-0,117302
3,898333;-0,117302
3,9;-0,117302
3,901667;-0,117302
3,903333;-0,117302
3,905;-0,117302
3,906667;-0,117302
3,908333;-0,117302
3,91;-0,117302
3,911667;-0,117302
3,913333;-0,117302
3,915;-0,117302
3,916667;-0,117302
3,918333;-0,117302
3,92;-0,117302
3,921667;-0,117302
3,923333;-0,117302
3,925;-0,117302
3,926667;-0,117302
3,928333;-0,117302
3,93;-0,117302
3,931667;-0,117302
3,933333;-0,117302
3,935;-0,117302
3,936667;-0,117302
3,938333;-0,117302
3,94;-0,117302
3,941667;-0,117302
3,943333;-0,117302
3,945;-0,117302
3,946667;-0,117302
3,948333;-0,120163
3,95;-0,120163
3,951667;-0,120163
3,953333;-0,120163
3,955;-0,120163
3,956667;-0,120163
3,958333;-0,120163
3,96;-0,120163
3,961667;-0,120163
3,963333;-0,120163
3,965;-0,120163
3,966667;-0,120163
3,968333;-0,120163
3,97;-0,120163
3,971667;-0,120163
3,973333;-0,120163
3,975;-0,120163
3,976667;-0,120163
3,978333;-0,120163
3,98;-0,120163
3,981667;-0,120163
3,983333;-0,120163
3,985;-0,120163
3,986667;-0,120163
3,988333;-0,120163
3,99;-0,120163
3,991667;-0,120163
3,993333;-0,120163
3,995;-0,120163
3,996667;-0,120163
3,998333;-0,120163
4;-0,120163
4,001667;-0,120163
4,003333;-0,120163
4,005;-0,120163
4,006667;-0,120163
4,008333;-0,120163
4,01;-0,120163
4,011667;-0,120163
4,013333;-0,120163
4,015;-0,120163
4,016667;-0,120163
4,018333;-0,120163
4,02;-0,120163
4,021667;-0,120163
4,023333;-0,120163
4,025;-0,120163
4,026667;-0,120163
4,028333;-0,120163
4,03;-0,120163
4,031667;-0,120163
4,033333;-0,120163
4,035;-0,120163
4,036667;-0,123024
4,038333;-0,123024
4,04;-0,123024
4,041667;-0,123024
4,043333;-0,123024
4,045;-0,123024
4,046667;-0,123024
4,048333;-0,123024
4,05;-0,123024
4,051667;-0,123024
4,053333;-0,123024
4,055;-0,123024
4,056667;-0,123024
4,058333;-0,123024
4,06;-0,123024
4,061667;-0,123024
4,063333;-0,123024
4,065;-0,123024
4,066667;-0,123024
4,068333;-0,123024
4,07;-0,123024
4,071667;-0,123024
4,073333;-0,123024
4,075;-0,123024
4,076667;-0,123024
4,078333;-0,123024
4,08;-0,123024
4,081667;-0,123024
4,083333;-0,123024
4,085;-0,123024
4,086667;-0,123024
4,088333;-0,123024
4,09;-0,123024
4,091667;-0,123024
4,093333;-0,123024
4,095;-0,123024
4,096667;-0,123024
4,098333;-0,123024
4,1;-0,123024
4,101667;-0,123024
4,103333;-0,123024
4,105;-0,123024
4,106667;-0,123024
4,108333;-0,123024
4,11;-0,123024
4,111667;-0,123024
4,113333;-0,123024
4,115;-0,123024
4,116667;-0,123024
4,118333;-0,123024
4,12;-0,123024
4,121667;-0,123024
4,123333;-0,123024
4,125;-0,123024
4,126667;-0,123024
4,128333;-0,123024
4,13;-0,123024
4,131667;-0,123024
4,133333;-0,123024
4,135;-0,123024
4,136667;-0,123024
4,138333;-0,123024
4,14;-0,123024
4,141667;-0,123024
4,143333;-0,123024
4,145;-0,123024
4,146667;-0,123024
4,148333;-0,123024
4,15;-0,123024
4,151667;-0,123024
4,153333;-0,123024
4,155;-0,123024
4,156667;-0,123024
4,158333;-0,123024
4,16;-0,123024
4,161667;-0,123024
4,163333;-0,123024
4,165;-0,123024
4,166667;-0,123024
4,168333;-0,123024
4,17;-0,123024
4,171667;-0,125885
4,173333;-0,125885
4,175;-0,125885
4,176667;-0,125885
4,178333;-0,125885
4,18;-0,125885
4,181667;-0,125885
4,183333;-0,125885
4,185;-0,125885
4,186667;-0,125885
4,188333;-0,125885
4,19;-0,125885
4,191667;-0,125885
4,193333;-0,125885
4,195;-0,125885
4,196667;-0,125885
4,198333;-0,125885
4,2;-0,125885
4,201667;-0,125885
4,203333;-0,125885
4,205;-0,125885
4,206667;-0,125885
4,208333;-0,125885
4,21;-0,125885
4,211667;-0,125885
4,213333;-0,125885
4,215;-0,125885
4,216667;-0,125885
4,218333;-0,125885
4,22;-0,125885
4,221667;-0,125885
4,223333;-0,125885
4,225;-0,125885
4,226667;-0,125885
4,228333;-0,125885
4,23;-0,125885
4,231667;-0,125885
4,233333;-0,125885
4,235;-0,125885
4,236667;-0,125885
4,238333;-0,125885
4,24;-0,125885
4,241667;-0,125885
4,243333;-0,125885
4,245;-0,125885
4,246667;-0,125885
4,248333;-0,125885
4,25;-0,125885
4,251667;-0,125885
4,253333;-0,125885
4,255;-0,125885
4,256667;-0,128746
4,258333;-0,128746
4,26;-0,128746
4,261667;-0,128746
4,263333;-0,128746
4,265;-0,128746
4,266667;-0,128746
4,268333;-0,128746
4,27;-0,128746
4,271667;-0,128746
4,273333;-0,128746
4,275;-0,128746
4,276667;-0,128746
4,278333;-0,128746
4,28;-0,128746
4,281667;-0,128746
4,283333;-0,128746
4,285;-0,128746
4,286667;-0,128746
4,288333;-0,128746
4,29;-0,128746
4,291667;-0,128746
4,293333;-0,128746
4,295;-0,128746
4,296667;-0,128746
4,298333;-0,128746
4,3;-0,128746
4,301667;-0,128746
4,303333;-0,128746
4,305;-0,128746
4,306667;-0,128746
4,308333;-0,128746
4,31;-0,128746
4,311667;-0,128746
4,313333;-0,128746
4,315;-0,128746
4,316667;-0,128746
4,318333;-0,128746
4,32;-0,128746
4,321667;-0,128746
4,323333;-0,128746
4,325;-0,128746
4,326667;-0,128746
4,328333;-0,128746
4,33;-0,128746
4,331667;-0,128746
4,333333;-0,128746
4,335;-0,128746
4,336667;-0,128746
4,338333;-0,128746
4,34;-0,128746
4,341667;-0,128746
4,343333;-0,128746
4,345;-0,128746
4,346667;-0,128746
4,348333;-0,128746
4,35;-0,131607
4,351667;-0,131607
4,353333;-0,131607
4,355;-0,131607
4,356667;-0,131607
4,358333;-0,131607
4,36;-0,131607
4,361667;-0,131607
4,363333;-0,131607
4,365;-0,131607
4,366667;-0,131607
4,368333;-0,131607
4,37;-0,131607
4,371667;-0,131607
4,373333;-0,131607
4,375;-0,131607
4,376667;-0,131607
4,378333;-0,131607
4,38;-0,131607
4,381667;-0,131607
4,383333;-0,131607
4,385;-0,131607
4,386667;-0,131607
4,388333;-0,131607
4,39;-0,131607
4,391667;-0,131607
4,393333;-0,131607
4,395;-0,131607
4,396667;-0,131607
4,398333;-0,131607
4,4;-0,131607
4,401667;-0,131607
4,403333;-0,131607
4,405;-0,131607
4,406667;-0,131607
4,408333;-0,131607
4,41;-0,131607
4,411667;-0,131607
4,413333;-0,131607
4,415;-0,131607
4,416667;-0,131607
4,418333;-0,131607
4,42;-0,131607
4,421667;-0,131607
4,423333;-0,131607
4,425;-0,131607
4,426667;-0,131607
4,428333;-0,131607
4,43;-0,131607
4,431667;-0,131607
4,433333;-0,131607
4,435;-0,131607
4,436667;-0,131607
4,438333;-0,131607
4,44;-0,131607
4,441667;-0,131607
4,443333;-0,131607
4,445;-0,131607
4,446667;-0,131607
4,448333;-0,131607
4,45;-0,131607
4,451667;-0,131607
4,453333;-0,131607
4,455;-0,131607
4,456667;-0,131607
4,458333;-0,131607
4,46;-0,131607
4,461667;-0,131607
4,463333;-0,131607
4,465;-0,131607
4,466667;-0,131607
4,468333;-0,131607
4,47;-0,131607
4,471667;-0,131607
4,473333;-0,131607
4,475;-0,131607
4,476667;-0,131607
4,478333;-0,131607
4,48;-0,131607
4,481667;-0,131607
4,483333;-0,131607
4,485;-0,131607
4,486667;-0,131607
4,488333;-0,131607
4,49;-0,131607
4,491667;-0,131607
4,493333;-0,131607
4,495;-0,131607
4,496667;-0,131607
4,498333;-0,131607
4,5;-0,131607
4,501667;-0,131607
4,503333;-0,131607
4,505;-0,131607
4,506667;-0,131607
4,508333;-0,131607
4,51;-0,131607
4,511667;-0,131607
4,513333;-0,131607
4,515;-0,131607
4,516667;-0,131607
4,518333;-0,131607
4,52;-0,131607
4,521667;-0,131607
4,523333;-0,131607
4,525;-0,131607
4,526667;-0,131607
4,528333;-0,131607
4,53;-0,131607
4,531667;-0,131607
4,533333;-0,131607
4,535;-0,131607
4,536667;-0,134468
4,538333;-0,134468
4,54;-0,134468
4,541667;-0,134468
4,543333;-0,134468
4,545;-0,134468
4,546667;-0,134468
4,548333;-0,134468
4,55;-0,134468
4,551667;-0,134468
4,553333;-0,134468
4,555;-0,134468
4,556667;-0,134468
4,558333;-0,134468
4,56;-0,134468
4,561667;-0,134468
4,563333;-0,134468
4,565;-0,134468
4,566667;-0,134468
4,568333;-0,134468
4,57;-0,134468
4,571667;-0,134468
4,573333;-0,134468
4,575;-0,134468
4,576667;-0,134468
4,578333;-0,134468
4,58;-0,134468
4,581667;-0,134468
4,583333;-0,134468
4,585;-0,134468
4,586667;-0,137329
4,588333;-0,137329
4,59;-0,137329
4,591667;-0,137329
4,593333;-0,137329
4,595;-0,137329
4,596667;-0,137329
4,598333;-0,137329
4,6;-0,137329
4,601667;-0,137329
4,603333;-0,137329
4,605;-0,137329
4,606667;-0,137329
4,608333;-0,137329
4,61;-0,137329
4,611667;-0,137329
4,613333;-0,137329
4,615;-0,137329
4,616667;-0,137329
4,618333;-0,137329
4,62;-0,137329
4,621667;-0,137329
4,623333;-0,137329
4,625;-0,137329
4,626667;-0,137329
4,628333;-0,137329
4,63;-0,137329
4,631667;-0,137329
4,633333;-0,137329
4,635;-0,137329
4,636667;-0,137329
4,638333;-0,137329
4,64;-0,137329
4,641667;-0,137329
4,643333;-0,137329
4,645;-0,137329
4,646667;-0,137329
4,648333;-0,137329
4,65;-0,137329
4,651667;-0,137329
4,653333;-0,137329
4,655;-0,137329
4,656667;-0,137329
4,658333;-0,137329
4,66;-0,137329
4,661667;-0,137329
4,663333;-0,137329
4,665;-0,137329
4,666667;-0,137329
4,668333;-0,137329
4,67;-0,137329
4,671667;-0,137329
4,673333;-0,137329
4,675;-0,137329
4,676667;-0,137329
4,678333;-0,137329
4,68;-0,137329
4,681667;-0,137329
4,683333;-0,137329
4,685;-0,137329
4,686667;-0,137329
4,688333;-0,137329
4,69;-0,137329
4,691667;-0,137329
4,693333;-0,137329
4,695;-0,137329
4,696667;-0,137329
4,698333;-0,137329
4,7;-0,137329
4,701667;-0,137329
4,703333;-0,137329
4,705;-0,137329
4,706667;-0,137329
4,708333;-0,137329
4,71;-0,137329
4,711667;-0,137329
4,713333;-0,137329
4,715;-0,137329
4,716667;-0,14019
4,718333;-0,14019
4,72;-0,14019
4,721667;-0,14019
4,723333;-0,14019
4,725;-0,14019
4,726667;-0,14019
4,728333;-0,14019
4,73;-0,14019
4,731667;-0,14019
4,733333;-0,14019
4,735;-0,14019
4,736667;-0,14019
4,738333;-0,14019
4,74;-0,14019
4,741667;-0,14019
4,743333;-0,14019
4,745;-0,14019
4,746667;-0,14019
4,748333;-0,14019
4,75;-0,14019
4,751667;-0,14019
4,753333;-0,14019
4,755;-0,14019
4,756667;-0,14019
4,758333;-0,14019
4,76;-0,14019
4,761667;-0,14019
4,763333;-0,14019
4,765;-0,14019
4,766667;-0,14019
4,768333;-0,14019
4,77;-0,14019
4,771667;-0,14019
4,773333;-0,14019
4,775;-0,14019
4,776667;-0,14019
4,778333;-0,14019
4,78;-0,14019
4,781667;-0,14019
4,783333;-0,14019
4,785;-0,14019
4,786667;-0,14019
4,788333;-0,14019
4,79;-0,143051
4,791667;-0,143051
4,793333;-0,143051
4,795;-0,143051
4,796667;-0,143051
4,798333;-0,143051
4,8;-0,143051
4,801667;-0,143051
4,803333;-0,143051
4,805;-0,14019
4,806667;-0,14019
4,808333;-0,14019
4,81;-0,14019
4,811667;-0,14019
4,813333;-0,14019
4,815;-0,14019
4,816667;-0,14019
4,818333;-0,14019
4,82;-0,14019
4,821667;-0,14019
4,823333;-0,14019
4,825;-0,14019
4,826667;-0,14019
4,828333;-0,14019
4,83;-0,14019
4,831667;-0,14019
4,833333;-0,14019
4,835;-0,14019
4,836667;-0,14019
4,838333;-0,14019
4,84;-0,14019
4,841667;-0,14019
4,843333;-0,14019
4,845;-0,14019
4,846667;-0,143051
4,848333;-0,143051
4,85;-0,143051
4,851667;-0,143051
4,853333;-0,143051
4,855;-0,143051
4,856667;-0,143051
4,858333;-0,143051
4,86;-0,143051
4,861667;-0,143051
4,863333;-0,143051
4,865;-0,143051
4,866667;-0,143051
4,868333;-0,143051
4,87;-0,143051
4,871667;-0,143051
4,873333;-0,143051
4,875;-0,143051
4,876667;-0,143051
4,878333;-0,143051
4,88;-0,143051
4,881667;-0,143051
4,883333;-0,143051
4,885;-0,143051
4,886667;-0,143051
4,888333;-0,143051
4,89;-0,143051
4,891667;-0,143051
4,893333;-0,143051
4,895;-0,143051
4,896667;-0,143051
4,898333;-0,143051
4,9;-0,143051
4,901667;-0,143051
4,903333;-0,143051
4,905;-0,143051
4,906667;-0,143051
4,908333;-0,143051
4,91;-0,143051
4,911667;-0,143051
4,913333;-0,143051
4,915;-0,143051
4,916667;-0,143051
4,918333;-0,143051
4,92;-0,143051
4,921667;-0,143051
4,923333;-0,143051
4,925;-0,143051
4,926667;-0,143051
4,928333;-0,143051
4,93;-0,143051
4,931667;-0,143051
4,933333;-0,143051
4,935;-0,143051
4,936667;-0,143051
4,938333;-0,143051
4,94;-0,143051
4,941667;-0,143051
4,943333;-0,143051
4,945;-0,143051
4,946667;-0,143051
4,948333;-0,143051
4,95;-0,143051
4,951667;-0,143051
4,953333;-0,143051
4,955;-0,143051
4,956667;-0,143051
4,958333;-0,143051
4,96;-0,143051
4,961667;-0,143051
4,963333;-0,143051
4,965;-0,143051
4,966667;-0,143051
4,968333;-0,143051
4,97;-0,143051
4,971667;-0,143051
4,973333;-0,143051
4,975;-0,143051
4,976667;-0,143051
4,978333;-0,143051
4,98;-0,143051
4,981667;-0,143051
4,983333;-0,145912
4,985;-0,145912
4,986667;-0,145912
4,988333;-0,145912
4,99;-0,145912
4,991667;-0,145912
4,993333;-0,145912
4,995;-0,145912
4,996667;-0,145912
4,998333;-0,145912
5;-0,145912
5,001667;-0,145912
5,003333;-0,145912
5,005;-0,145912
5,006667;-0,145912
5,008333;-0,145912
5,01;-0,145912
5,011667;-0,145912
5,013333;-0,145912
5,015;-0,145912
5,016667;-0,145912
5,018333;-0,145912
5,02;-0,145912
5,021667;-0,145912
5,023333;-0,145912
5,025;-0,145912
5,026667;-0,145912
5,028333;-0,145912
5,03;-0,145912
5,031667;-0,145912
5,033333;-0,145912
5,035;-0,145912
5,036667;-0,145912
5,038333;-0,145912
5,04;-0,145912
5,041667;-0,145912
5,043333;-0,145912
5,045;-0,145912
5,046667;-0,145912
5,048333;-0,145912
5,05;-0,145912
5,051667;-0,145912
5,053333;-0,145912
5,055;-0,148773
5,056667;-0,148773
5,058333;-0,148773
5,06;-0,148773
5,061667;-0,148773
5,063333;-0,148773
5,065;-0,148773
5,066667;-0,148773
5,068333;-0,148773
5,07;-0,148773
5,071667;-0,148773
5,073333;-0,148773
5,075;-0,148773
5,076667;-0,148773
5,078333;-0,148773
5,08;-0,148773
5,081667;-0,148773
5,083333;-0,148773
5,085;-0,148773
5,086667;-0,148773
5,088333;-0,148773
5,09;-0,148773
5,091667;-0,148773
5,093333;-0,148773
5,095;-0,148773
5,096667;-0,148773
5,098333;-0,148773
5,1;-0,148773
5,101667;-0,148773
5,103333;-0,148773
5,105;-0,148773
5,106667;-0,148773
5,108333;-0,148773
5,11;-0,148773
5,111667;-0,148773
5,113333;-0,148773
5,115;-0,148773
5,116667;-0,148773
5,118333;-0,148773
5,12;-0,148773
5,121667;-0,148773
5,123333;-0,148773
5,125;-0,148773
5,126667;-0,148773
5,128333;-0,148773
5,13;-0,148773
5,131667;-0,148773
5,133333;-0,148773
5,135;-0,148773
5,136667;-0,148773
5,138333;-0,148773
5,14;-0,148773
5,141667;-0,148773
5,143333;-0,148773
5,145;-0,148773
5,146667;-0,148773
5,148333;-0,148773
5,15;-0,148773
5,151667;-0,148773
5,153333;-0,148773
5,155;-0,148773
5,156667;-0,148773
5,158333;-0,148773
5,16;-0,148773
5,161667;-0,148773
5,163333;-0,148773
5,165;-0,148773
5,166667;-0,148773
5,168333;-0,148773
5,17;-0,148773
5,171667;-0,148773
5,173333;-0,148773
5,175;-0,148773
5,176667;-0,148773
5,178333;-0,148773
5,18;-0,148773
5,181667;-0,148773
5,183333;-0,148773
5,185;-0,148773
5,186667;-0,148773
5,188333;-0,148773
5,19;-0,148773
5,191667;-0,148773
5,193333;-0,148773
5,195;-0,148773
5,196667;-0,148773
5,198333;-0,148773
5,2;-0,148773
5,201667;-0,148773
5,203333;-0,148773
5,205;-0,148773
5,206667;-0,148773
5,208333;-0,148773
5,21;-0,148773
5,211667;-0,148773
5,213333;-0,148773
5,215;-0,148773
5,216667;-0,148773
5,218333;-0,148773
5,22;-0,148773
5,221667;-0,148773
5,223333;-0,148773
5,225;-0,148773
5,226667;-0,148773
5,228333;-0,148773
5,23;-0,148773
5,231667;-0,148773
5,233333;-0,151634
5,235;-0,151634
5,236667;-0,151634
5,238333;-0,151634
5,24;-0,151634
5,241667;-0,151634
5,243333;-0,151634
5,245;-0,151634
5,246667;-0,151634
5,248333;-0,151634
5,25;-0,151634
5,251667;-0,151634
5,253333;-0,151634
5,255;-0,151634
5,256667;-0,151634
5,258333;-0,151634
5,26;-0,151634
5,261667;-0,151634
5,263333;-0,151634
5,265;-0,151634
5,266667;-0,151634
5,268333;-0,151634
5,27;-0,151634
5,271667;-0,151634
5,273333;-0,151634
5,275;-0,151634
5,276667;-0,151634
5,278333;-0,151634
5,28;-0,151634
5,281667;-0,151634
5,283333;-0,151634
5,285;-0,151634
5,286667;-0,151634
5,288333;-0,151634
5,29;-0,151634
5,291667;-0,151634
5,293333;-0,151634
5,295;-0,151634
5,296667;-0,151634
5,298333;-0,151634
5,3;-0,151634
5,301667;-0,151634
5,303333;-0,151634
5,305;-0,151634
5,306667;-0,151634
5,308333;-0,151634
5,31;-0,151634
5,311667;-0,151634
5,313333;-0,151634
5,315;-0,151634
5,316667;-0,151634
5,318333;-0,151634
5,32;-0,151634
5,321667;-0,151634
5,323333;-0,151634
5,325;-0,154495
5,326667;-0,154495
5,328333;-0,154495
5,33;-0,154495
5,331667;-0,154495
5,333333;-0,154495
5,335;-0,154495
5,336667;-0,154495
5,338333;-0,154495
5,34;-0,154495
5,341667;-0,154495
5,343333;-0,154495
5,345;-0,154495
5,346667;-0,154495
5,348333;-0,154495
5,35;-0,154495
5,351667;-0,154495
5,353333;-0,154495
5,355;-0,154495
5,356667;-0,154495
5,358333;-0,154495
5,36;-0,154495
5,361667;-0,154495
5,363333;-0,154495
5,365;-0,154495
5,366667;-0,154495
5,368333;-0,154495
5,37;-0,154495
5,371667;-0,154495
5,373333;-0,154495
5,375;-0,154495
5,376667;-0,154495
5,378333;-0,154495
5,38;-0,154495
5,381667;-0,154495
5,383333;-0,154495
5,385;-0,154495
5,386667;-0,154495
5,388333;-0,154495
5,39;-0,154495
5,391667;-0,154495
5,393333;-0,154495
5,395;-0,154495
5,396667;-0,154495
5,398333;-0,154495
5,4;-0,154495
5,401667;-0,154495
5,403333;-0,154495
5,405;-0,154495
5,406667;-0,154495
5,408333;-0,154495
5,41;-0,154495
5,411667;-0,157356
5,413333;-0,157356
5,415;-0,157356
5,416667;-0,157356
5,418333;-0,157356
5,42;-0,157356
5,421667;-0,157356
5,423333;-0,157356
5,425;-0,157356
5,426667;-0,157356
5,428333;-0,157356
5,43;-0,157356
5,431667;-0,157356
5,433333;-0,157356
5,435;-0,157356
5,436667;-0,157356
5,438333;-0,157356
5,44;-0,157356
5,441667;-0,157356
5,443333;-0,157356
5,445;-0,157356
5,446667;-0,157356
5,448333;-0,157356
5,45;-0,157356
5,451667;-0,157356
5,453333;-0,157356
5,455;-0,157356
5,456667;-0,157356
5,458333;-0,157356
5,46;-0,157356
5,461667;-0,157356
5,463333;-0,157356
5,465;-0,157356
5,466667;-0,157356
5,468333;-0,157356
5,47;-0,157356
5,471667;-0,157356
5,473333;-0,157356
5,475;-0,160217
5,476667;-0,160217
5,478333;-0,160217
5,48;-0,160217
5,481667;-0,160217
5,483333;-0,160217
5,485;-0,160217
5,486667;-0,160217
5,488333;-0,160217
5,49;-0,160217
5,491667;-0,160217
5,493333;-0,160217
5,495;-0,160217
5,496667;-0,160217
5,498333;-0,160217
5,5;-0,160217
5,501667;-0,160217
5,503333;-0,160217
5,505;-0,160217
5,506667;-0,160217
5,508333;-0,160217
5,51;-0,160217
5,511667;-0,160217
5,513333;-0,160217
5,515;-0,160217
5,516667;-0,160217
5,518333;-0,160217
5,52;-0,160217
5,521667;-0,160217
5,523333;-0,160217
5,525;-0,160217
5,526667;-0,160217
5,528333;-0,163078
5,53;-0,163078
5,531667;-0,163078
5,533333;-0,163078
5,535;-0,163078
5,536667;-0,163078
5,538333;-0,163078
5,54;-0,163078
5,541667;-0,163078
5,543333;-0,163078
5,545;-0,163078
5,546667;-0,163078
5,548333;-0,163078
5,55;-0,163078
5,551667;-0,163078
5,553333;-0,163078
5,555;-0,163078
5,556667;-0,163078
5,558333;-0,163078
5,56;-0,163078
5,561667;-0,163078
5,563333;-0,163078
5,565;-0,163078
5,566667;-0,163078
5,568333;-0,163078
5,57;-0,163078
5,571667;-0,163078
5,573333;-0,163078
5,575;-0,163078
5,576667;-0,163078
5,578333;-0,163078
5,58;-0,163078
5,581667;-0,163078
5,583333;-0,163078
5,585;-0,163078
5,586667;-0,163078
5,588333;-0,163078
5,59;-0,163078
5,591667;-0,163078
5,593333;-0,163078
5,595;-0,163078
5,596667;-0,163078
5,598333;-0,163078
5,6;-0,163078
5,601667;-0,163078
5,603333;-0,163078
5,605;-0,163078
5,606667;-0,163078
5,608333;-0,163078
5,61;-0,163078
5,611667;-0,163078
5,613333;-0,163078
5,615;-0,163078
5,616667;-0,163078
5,618333;-0,163078
5,62;-0,163078
5,621667;-0,163078
5,623333;-0,163078
5,625;-0,163078
5,626667;-0,163078
5,628333;-0,163078
5,63;-0,163078
5,631667;-0,163078
5,633333;-0,163078
5,635;-0,163078
5,636667;-0,163078
5,638333;-0,163078
5,64;-0,163078
5,641667;-0,163078
5,643333;-0,163078
5,645;-0,163078
5,646667;-0,165939
5,648333;-0,165939
5,65;-0,165939
5,651667;-0,165939
5,653333;-0,165939
5,655;-0,165939
5,656667;-0,165939
5,658333;-0,165939
5,66;-0,165939
5,661667;-0,165939
5,663333;-0,165939
5,665;-0,165939
5,666667;-0,165939
5,668333;-0,165939
5,67;-0,165939
5,671667;-0,165939
5,673333;-0,165939
5,675;-0,165939
5,676667;-0,165939
5,678333;-0,165939
5,68;-0,165939
5,681667;-0,165939
5,683333;-0,165939
5,685;-0,165939
5,686667;-0,165939
5,688333;-0,165939
5,69;-0,165939
5,691667;-0,165939
5,693333;-0,165939
5,695;-0,165939
5,696667;-0,165939
5,698333;-0,165939
5,7;-0,165939
5,701667;-0,165939
5,703333;-0,165939
5,705;-0,165939
5,706667;-0,165939
5,708333;-0,1688
5,71;-0,1688
5,711667;-0,1688
5,713333;-0,1688
5,715;-0,1688
5,716667;-0,1688
5,718333;-0,1688
5,72;-0,1688
5,721667;-0,1688
5,723333;-0,1688
5,725;-0,1688
5,726667;-0,1688
5,728333;-0,1688
5,73;-0,1688
5,731667;-0,1688
5,733333;-0,1688
5,735;-0,1688
5,736667;-0,1688
5,738333;-0,1688
5,74;-0,1688
5,741667;-0,1688
5,743333;-0,1688
5,745;-0,1688
5,746667;-0,1688
5,748333;-0,1688
5,75;-0,1688
5,751667;-0,1688
5,753333;-0,1688
5,755;-0,1688
5,756667;-0,1688
5,758333;-0,1688
5,76;-0,1688
5,761667;-0,1688
5,763333;-0,1688
5,765;-0,1688
5,766667;-0,1688
5,768333;-0,1688
5,77;-0,1688
5,771667;-0,1688
5,773333;-0,1688
5,775;-0,1688
5,776667;-0,1688
5,778333;-0,1688
5,78;-0,1688
5,781667;-0,1688
5,783333;-0,1688
5,785;-0,1688
5,786667;-0,1688
5,788333;-0,1688
5,79;-0,1688
5,791667;-0,1688
5,793333;-0,1688
5,795;-0,1688
5,796667;-0,1688
5,798333;-0,1688
5,8;-0,1688
5,801667;-0,1688
5,803333;-0,1688
5,805;-0,1688
5,806667;-0,1688
5,808333;-0,1688
5,81;-0,1688
5,811667;-0,1688
5,813333;-0,1688
5,815;-0,1688
5,816667;-0,1688
5,818333;-0,1688
5,82;-0,1688
5,821667;-0,1688
5,823333;-0,1688
5,825;-0,1688
5,826667;-0,1688
5,828333;-0,1688
5,83;-0,1688
5,831667;-0,1688
5,833333;-0,1688
5,835;-0,1688
5,836667;-0,1688
5,838333;-0,171661
5,84;-0,171661
5,841667;-0,171661
5,843333;-0,171661
5,845;-0,171661
5,846667;-0,171661
5,848333;-0,171661
5,85;-0,171661
5,851667;-0,171661
5,853333;-0,171661
5,855;-0,171661
5,856667;-0,171661
5,858333;-0,171661
5,86;-0,171661
5,861667;-0,171661
5,863333;-0,171661
5,865;-0,171661
5,866667;-0,171661
5,868333;-0,171661
5,87;-0,171661
5,871667;-0,171661
5,873333;-0,171661
5,875;-0,171661
5,876667;-0,171661
5,878333;-0,174522
5,88;-0,174522
5,881667;-0,174522
5,883333;-0,174522
5,885;-0,174522
5,886667;-0,174522
5,888333;-0,174522
5,89;-0,174522
5,891667;-0,174522
5,893333;-0,174522
5,895;-0,174522
5,896667;-0,174522
5,898333;-0,174522
5,9;-0,174522
5,901667;-0,174522
5,903333;-0,174522
5,905;-0,174522
5,906667;-0,174522
5,908333;-0,174522
5,91;-0,174522
5,911667;-0,174522
5,913333;-0,174522
5,915;-0,174522
5,916667;-0,174522
5,918333;-0,174522
5,92;-0,174522
5,921667;-0,174522
5,923333;-0,174522
5,925;-0,174522
5,926667;-0,174522
5,928333;-0,174522
5,93;-0,174522
5,931667;-0,174522
5,933333;-0,174522
5,935;-0,174522
5,936667;-0,174522
5,938333;-0,174522
5,94;-0,174522
5,941667;-0,174522
5,943333;-0,174522
5,945;-0,174522
5,946667;-0,174522
5,948333;-0,174522
5,95;-0,174522
5,951667;-0,174522
5,953333;-0,174522
5,955;-0,174522
5,956667;-0,174522
5,958333;-0,174522
5,96;-0,174522
5,961667;-0,174522
5,963333;-0,174522
5,965;-0,174522
5,966667;-0,174522
5,968333;-0,174522
5,97;-0,174522
5,971667;-0,174522
5,973333;-0,174522
5,975;-0,174522
5,976667;-0,174522
5,978333;-0,174522
5,98;-0,174522
5,981667;-0,174522
5,983333;-0,174522
5,985;-0,174522
5,986667;-0,174522
5,988333;-0,174522
5,99;-0,174522
5,991667;-0,174522
5,993333;-0,174522
5,995;-0,174522
5,996667;-0,174522
5,998333;-0,174522
6;-0,174522
6,001667;-0,174522
6,003333;-0,174522
6,005;-0,174522
6,006667;-0,174522
6,008333;-0,174522
6,01;-0,174522
6,011667;-0,174522
6,013333;-0,174522
6,015;-0,174522
6,016667;-0,174522
6,018333;-0,174522
6,02;-0,174522
6,021667;-0,174522
6,023333;-0,174522
6,025;-0,174522
6,026667;-0,174522
6,028333;-0,174522
6,03;-0,174522
6,031667;-0,174522
6,033333;-0,174522
6,035;-0,174522
6,036667;-0,174522
6,038333;-0,177383
6,04;-0,177383
6,041667;-0,177383
6,043333;-0,177383
6,045;-0,177383
6,046667;-0,177383
6,048333;-0,177383
6,05;-0,177383
6,051667;-0,177383
6,053333;-0,177383
6,055;-0,177383
6,056667;-0,177383
6,058333;-0,177383
6,06;-0,177383
6,061667;-0,177383
6,063333;-0,177383
6,065;-0,177383
6,066667;-0,177383
6,068333;-0,177383
6,07;-0,177383
6,071667;-0,177383
6,073333;-0,177383
6,075;-0,177383
6,076667;-0,177383
6,078333;-0,177383
6,08;-0,177383
6,081667;-0,177383
6,083333;-0,177383
6,085;-0,177383
6,086667;-0,177383
6,088333;-0,177383
6,09;-0,177383
6,091667;-0,177383
6,093333;-0,177383
6,095;-0,177383
6,096667;-0,177383
6,098333;-0,177383
6,1;-0,177383
6,101667;-0,177383
6,103333;-0,177383
6,105;-0,177383
6,106667;-0,177383
6,108333;-0,177383
6,11;-0,177383
6,111667;-0,177383
6,113333;-0,177383
6,115;-0,177383
6,116667;-0,180244
6,118333;-0,180244
6,12;-0,180244
6,121667;-0,180244
6,123333;-0,177383
6,125;-0,177383
6,126667;-0,177383
6,128333;-0,177383
6,13;-0,177383
6,131667;-0,177383
6,133333;-0,177383
6,135;-0,177383
6,136667;-0,177383
6,138333;-0,177383
6,14;-0,177383
6,141667;-0,177383
6,143333;-0,177383
6,145;-0,177383
6,146667;-0,177383
6,148333;-0,177383
6,15;-0,180244
6,151667;-0,180244
6,153333;-0,180244
6,155;-0,180244
6,156667;-0,180244
6,158333;-0,180244
6,16;-0,180244
6,161667;-0,180244
6,163333;-0,180244
6,165;-0,180244
6,166667;-0,180244
6,168333;-0,180244
6,17;-0,180244
6,171667;-0,180244
6,173333;-0,180244
6,175;-0,180244
6,176667;-0,180244
6,178333;-0,180244
6,18;-0,180244
6,181667;-0,180244
6,183333;-0,180244
6,185;-0,180244
6,186667;-0,180244
6,188333;-0,180244
6,19;-0,180244
6,191667;-0,180244
6,193333;-0,180244
6,195;-0,180244
6,196667;-0,180244
6,198333;-0,180244
6,2;-0,183105
6,201667;-0,183105
6,203333;-0,183105
6,205;-0,183105
6,206667;-0,183105
6,208333;-0,183105
6,21;-0,183105
6,211667;-0,183105
6,213333;-0,183105
6,215;-0,183105
6,216667;-0,183105
6,218333;-0,183105
6,22;-0,183105
6,221667;-0,183105
6,223333;-0,183105
6,225;-0,183105
6,226667;-0,183105
6,228333;-0,183105
6,23;-0,183105
6,231667;-0,183105
6,233333;-0,183105
6,235;-0,183105
6,236667;-0,183105
6,238333;-0,183105
6,24;-0,183105
6,241667;-0,183105
6,243333;-0,183105
6,245;-0,183105
6,246667;-0,183105
6,248333;-0,183105
6,25;-0,183105
6,251667;-0,183105
6,253333;-0,183105
6,255;-0,183105
6,256667;-0,183105
6,258333;-0,183105
6,26;-0,183105
6,261667;-0,185967
6,263333;-0,185967
6,265;-0,185967
6,266667;-0,185967
6,268333;-0,185967
6,27;-0,185967
6,271667;-0,185967
6,273333;-0,185967
6,275;-0,185967
6,276667;-0,185967
6,278333;-0,185967
6,28;-0,185967
6,281667;-0,185967
6,283333;-0,185967
6,285;-0,185967
6,286667;-0,185967
6,288333;-0,185967
6,29;-0,185967
6,291667;-0,185967
6,293333;-0,185967
6,295;-0,185967
6,296667;-0,185967
6,298333;-0,185967
6,3;-0,185967
6,301667;-0,185967
6,303333;-0,185967
6,305;-0,185967
6,306667;-0,185967
6,308333;-0,185967
6,31;-0,185967
6,311667;-0,185967
6,313333;-0,185967
6,315;-0,185967
6,316667;-0,185967
6,318333;-0,185967
6,32;-0,185967
6,321667;-0,185967
6,323333;-0,185967
6,325;-0,185967
6,326667;-0,185967
6,328333;-0,185967
6,33;-0,185967
6,331667;-0,185967
6,333333;-0,185967
6,335;-0,185967
6,336667;-0,185967
6,338333;-0,185967
6,34;-0,185967
6,341667;-0,185967
6,343333;-0,185967
6,345;-0,185967
6,346667;-0,185967
6,348333;-0,185967
6,35;-0,185967
6,351667;-0,185967
6,353333;-0,185967
6,355;-0,185967
6,356667;-0,185967
6,358333;-0,185967
6,36;-0,185967
6,361667;-0,185967
6,363333;-0,185967
6,365;-0,185967
6,366667;-0,185967
6,368333;-0,185967
6,37;-0,185967
6,371667;-0,185967
6,373333;-0,185967
6,375;-0,185967
6,376667;-0,185967
6,378333;-0,185967
6,38;-0,185967
6,381667;-0,188828
6,383333;-0,188828
6,385;-0,188828
6,386667;-0,188828
6,388333;-0,188828
6,39;-0,188828
6,391667;-0,188828
6,393333;-0,188828
6,395;-0,188828
6,396667;-0,188828
6,398333;-0,188828
6,4;-0,188828
6,401667;-0,188828
6,403333;-0,188828
6,405;-0,188828
6,406667;-0,188828
6,408333;-0,188828
6,41;-0,185967
6,411667;-0,185967
6,413333;-0,188828
6,415;-0,188828
6,416667;-0,188828
6,418333;-0,188828
6,42;-0,188828
6,421667;-0,188828
6,423333;-0,188828
6,425;-0,188828
6,426667;-0,188828
6,428333;-0,188828
6,43;-0,188828
6,431667;-0,188828
6,433333;-0,188828
6,435;-0,188828
6,436667;-0,188828
6,438333;-0,188828
6,44;-0,188828
6,441667;-0,188828
6,443333;-0,188828
6,445;-0,188828
6,446667;-0,188828
6,448333;-0,188828
6,45;-0,188828
6,451667;-0,188828
6,453333;-0,188828
6,455;-0,188828
6,456667;-0,188828
6,458333;-0,188828
6,46;-0,188828
6,461667;-0,188828
6,463333;-0,188828
6,465;-0,188828
6,466667;-0,188828
6,468333;-0,188828
6,47;-0,188828
6,471667;-0,188828
6,473333;-0,188828
6,475;-0,191689
6,476667;-0,191689
6,478333;-0,191689
6,48;-0,191689
6,481667;-0,191689
6,483333;-0,191689
6,485;-0,191689
6,486667;-0,191689
6,488333;-0,191689
6,49;-0,191689
6,491667;-0,191689
6,493333;-0,191689
6,495;-0,191689
6,496667;-0,191689
6,498333;-0,191689
6,5;-0,191689
6,501667;-0,191689
6,503333;-0,191689
6,505;-0,191689
6,506667;-0,191689
6,508333;-0,191689
6,51;-0,191689
6,511667;-0,191689
6,513333;-0,191689
6,515;-0,191689
6,516667;-0,191689
6,518333;-0,191689
6,52;-0,191689
6,521667;-0,191689
6,523333;-0,191689
6,525;-0,191689
6,526667;-0,19455
6,528333;-0,19455
6,53;-0,19455
6,531667;-0,19455
6,533333;-0,19455
6,535;-0,19455
6,536667;-0,19455
6,538333;-0,19455
6,54;-0,19455
6,541667;-0,19455
6,543333;-0,19455
6,545;-0,19455
6,546667;-0,19455
6,548333;-0,19455
6,55;-0,19455
6,551667;-0,19455
6,553333;-0,19455
6,555;-0,19455
6,556667;-0,19455
6,558333;-0,19455
6,56;-0,19455
6,561667;-0,19455
6,563333;-0,19455
6,565;-0,19455
6,566667;-0,19455
6,568333;-0,19455
6,57;-0,19455
6,571667;-0,19455
6,573333;-0,19455
6,575;-0,19455
6,576667;-0,19455
6,578333;-0,19455
6,58;-0,19455
6,581667;-0,19455
6,583333;-0,19455
6,585;-0,19455
6,586667;-0,19455
6,588333;-0,19455
6,59;-0,19455
6,591667;-0,19455
6,593333;-0,197411
6,595;-0,197411
6,596667;-0,197411
6,598333;-0,197411
6,6;-0,197411
6,601667;-0,197411
6,603333;-0,197411
6,605;-0,197411
6,606667;-0,197411
6,608333;-0,197411
6,61;-0,197411
6,611667;-0,197411
6,613333;-0,197411
6,615;-0,197411
6,616667;-0,197411
6,618333;-0,197411
6,62;-0,197411
6,621667;-0,197411
6,623333;-0,197411
6,625;-0,197411
6,626667;-0,197411
6,628333;-0,197411
6,63;-0,197411
6,631667;-0,197411
6,633333;-0,197411
6,635;-0,197411
6,636667;-0,197411
6,638333;-0,197411
6,64;-0,197411
6,641667;-0,197411
6,643333;-0,197411
6,645;-0,197411
6,646667;-0,197411
6,648333;-0,197411
6,65;-0,197411
6,651667;-0,197411
6,653333;-0,197411
6,655;-0,197411
6,656667;-0,197411
6,658333;-0,197411
6,66;-0,197411
6,661667;-0,197411
6,663333;-0,197411
6,665;-0,197411
6,666667;-0,197411
6,668333;-0,197411
6,67;-0,197411
6,671667;-0,197411
6,673333;-0,197411
6,675;-0,197411
6,676667;-0,200272
6,678333;-0,200272
6,68;-0,200272
6,681667;-0,200272
6,683333;-0,200272
6,685;-0,200272
6,686667;-0,200272
6,688333;-0,200272
6,69;-0,200272
6,691667;-0,200272
6,693333;-0,200272
6,695;-0,200272
6,696667;-0,200272
6,698333;-0,200272
6,7;-0,200272
6,701667;-0,200272
6,703333;-0,200272
6,705;-0,200272
6,706667;-0,200272
6,708333;-0,200272
6,71;-0,200272
6,711667;-0,200272
6,713333;-0,200272
6,715;-0,200272
6,716667;-0,200272
6,718333;-0,200272
6,72;-0,200272
6,721667;-0,200272
6,723333;-0,200272
6,725;-0,200272
6,726667;-0,200272
6,728333;-0,200272
6,73;-0,200272
6,731667;-0,200272
6,733333;-0,200272
6,735;-0,200272
6,736667;-0,200272
6,738333;-0,200272
6,74;-0,200272
6,741667;-0,200272
6,743333;-0,200272
6,745;-0,200272
6,746667;-0,200272
6,748333;-0,200272
6,75;-0,200272
6,751667;-0,200272
6,753333;-0,200272
6,755;-0,200272
6,756667;-0,200272
6,758333;-0,200272
6,76;-0,200272
6,761667;-0,200272
6,763333;-0,200272
6,765;-0,200272
6,766667;-0,200272
6,768333;-0,200272
6,77;-0,200272
6,771667;-0,200272
6,773333;-0,200272
6,775;-0,200272
6,776667;-0,200272
6,778333;-0,200272
6,78;-0,200272
6,781667;-0,200272
6,783333;-0,200272
6,785;-0,200272
6,786667;-0,200272
6,788333;-0,200272
6,79;-0,200272
6,791667;-0,200272
6,793333;-0,200272
6,795;-0,200272
6,796667;-0,200272
6,798333;-0,200272
6,8;-0,200272
6,801667;-0,200272
6,803333;-0,200272
6,805;-0,200272
6,806667;-0,200272
6,808333;-0,200272
6,81;-0,200272
6,811667;-0,200272
6,813333;-0,203133
6,815;-0,203133
6,816667;-0,203133
6,818333;-0,203133
6,82;-0,203133
6,821667;-0,203133
6,823333;-0,203133
6,825;-0,203133
6,826667;-0,203133
6,828333;-0,203133
6,83;-0,203133
6,831667;-0,203133
6,833333;-0,203133
6,835;-0,203133
6,836667;-0,203133
6,838333;-0,203133
6,84;-0,203133
6,841667;-0,203133
6,843333;-0,203133
6,845;-0,203133
6,846667;-0,203133
6,848333;-0,203133
6,85;-0,203133
6,851667;-0,203133
6,853333;-0,203133
6,855;-0,203133
6,856667;-0,203133
6,858333;-0,203133
6,86;-0,203133
6,861667;-0,203133
6,863333;-0,203133
6,865;-0,203133
6,866667;-0,203133
6,868333;-0,203133
6,87;-0,203133
6,871667;-0,203133
6,873333;-0,203133
6,875;-0,203133
6,876667;-0,203133
6,878333;-0,203133
6,88;-0,203133
6,881667;-0,203133
6,883333;-0,203133
6,885;-0,203133
6,886667;-0,203133
6,888333;-0,203133
6,89;-0,203133
6,891667;-0,203133
6,893333;-0,203133
6,895;-0,203133
6,896667;-0,203133
6,898333;-0,203133
6,9;-0,203133
6,901667;-0,203133
6,903333;-0,203133
6,905;-0,203133
6,906667;-0,203133
6,908333;-0,203133
6,91;-0,203133
6,911667;-0,203133
6,913333;-0,203133
6,915;-0,203133
6,916667;-0,203133
6,918333;-0,203133
6,92;-0,203133
6,921667;-0,203133
6,923333;-0,203133
6,925;-0,203133
6,926667;-0,203133
6,928333;-0,203133
6,93;-0,203133
6,931667;-0,203133
6,933333;-0,203133
6,935;-0,203133
6,936667;-0,203133
6,938333;-0,203133
6,94;-0,203133
6,941667;-0,203133
6,943333;-0,203133
6,945;-0,203133
6,946667;-0,203133
6,948333;-0,203133
6,95;-0,203133
6,951667;-0,203133
6,953333;-0,203133
6,955;-0,203133
6,956667;-0,203133
6,958333;-0,203133
6,96;-0,203133
6,961667;-0,203133
6,963333;-0,203133
6,965;-0,203133
6,966667;-0,203133
6,968333;-0,203133
6,97;-0,203133
6,971667;-0,203133
6,973333;-0,203133
6,975;-0,203133
6,976667;-0,203133
6,978333;-0,203133
6,98;-0,203133
6,981667;-0,203133
6,983333;-0,205994
6,985;-0,205994
6,986667;-0,205994
6,988333;-0,205994
6,99;-0,205994
6,991667;-0,205994
6,993333;-0,205994
6,995;-0,205994
6,996667;-0,205994
6,998333;-0,205994
7;-0,205994
7,001667;-0,205994
7,003333;-0,205994
7,005;-0,205994
7,006667;-0,205994
7,008333;-0,205994
7,01;-0,205994
7,011667;-0,205994
7,013333;-0,205994
7,015;-0,205994
7,016667;-0,205994
7,018333;-0,205994
7,02;-0,205994
7,021667;-0,205994
7,023333;-0,205994
7,025;-0,205994
7,026667;-0,205994
7,028333;-0,205994
7,03;-0,205994
7,031667;-0,205994
7,033333;-0,205994
7,035;-0,205994
7,036667;-0,205994
7,038333;-0,205994
7,04;-0,205994
7,041667;-0,205994
7,043333;-0,205994
7,045;-0,205994
7,046667;-0,205994
7,048333;-0,205994
7,05;-0,205994
7,051667;-0,205994
7,053333;-0,205994
7,055;-0,205994
7,056667;-0,205994
7,058333;-0,205994
7,06;-0,205994
7,061667;-0,205994
7,063333;-0,205994
7,065;-0,205994
7,066667;-0,205994
7,068333;-0,205994
7,07;-0,205994
7,071667;-0,205994
7,073333;-0,205994
7,075;-0,205994
7,076667;-0,205994
7,078333;-0,205994
7,08;-0,205994
7,081667;-0,205994
7,083333;-0,205994
7,085;-0,205994
7,086667;-0,205994
7,088333;-0,205994
7,09;-0,205994
7,091667;-0,205994
7,093333;-0,205994
7,095;-0,205994
7,096667;-0,205994
7,098333;-0,205994
7,1;-0,205994
7,101667;-0,205994
7,103333;-0,205994
7,105;-0,205994
7,106667;-0,205994
7,108333;-0,203133
7,11;-0,203133
7,111667;-0,203133
7,113333;-0,203133
7,115;-0,203133
7,116667;-0,203133
7,118333;-0,203133
7,12;-0,203133
7,121667;-0,203133
7,123333;-0,203133
7,125;-0,203133
7,126667;-0,203133
7,128333;-0,203133
7,13;-0,203133
7,131667;-0,203133
7,133333;-0,203133
7,135;-0,203133
7,136667;-0,200272
7,138333;-0,200272
7,14;-0,200272
7,141667;-0,200272
7,143333;-0,200272
7,145;-0,200272
7,146667;-0,197411
7,148333;-0,197411
7,15;-0,197411
7,151667;-0,197411
7,153333;-0,197411
7,155;-0,19455
7,156667;-0,19455
7,158333;-0,19455
7,16;-0,19455
7,161667;-0,191689
7,163333;-0,191689
7,165;-0,191689
7,166667;-0,188828
7,168333;-0,188828
7,17;-0,185967
7,171667;-0,185967
7,173333;-0,185967
7,175;-0,183105
7,176667;-0,183105
7,178333;-0,180244
7,18;-0,180244
7,181667;-0,177383
7,183333;-0,174522
7,185;-0,174522
7,186667;-0,171661
7,188333;-0,1688
7,19;-0,165939
7,191667;-0,163078
7,193333;-0,160217
7,195;-0,157356
7,196667;-0,154495
7,198333;-0,151634
7,2;-0,148773
7,201667;-0,145912
7,203333;-0,14019
7,205;-0,137329
7,206667;-0,131607
7,208333;-0,128746
7,21;-0,123024
7,211667;-0,117302
7,213333;-0,11158
7,215;-0,105858
7,216667;-0,097275
7,218333;-0,091553
7,22;-0,08297
7,221667;-0,077248
7,223333;-0,068665
7,225;-0,060081
7,226667;-0,048637
7,228333;-0,02861
7,23;-0,02861
7,231667;-0,017166
7,233333;-0,002861
7,235;0,008583
7,236667;0,022888
7,238333;0,054359
7,24;0,071526
7,241667;0,088692
7,243333;0,108719
7,245;0,128746
7,246667;0,128746
7,248333;0,151634
7,25;0,174522
7,251667;0,197411
7,253333;0,22316
7,255;0,25177
7,256667;0,283241
7,258333;0,311852
7,26;0,346184
7,261667;0,383377
7,263333;0,42057
7,265;0,460625
7,266667;0,50354
7,268333;0,546455
7,27;0,595093
7,271667;0,646591
7,273333;0,69809
7,275;0,75531
7,276667;0,815392
7,278333;0,878334
7,28;0,946999
7,281667;1,018524
7,283333;1,092911
7,285;1,170158
7,286667;1,253128
7,288333;1,34182
7,29;1,433373
7,291667;1,530647
7,293333;1,633644
7,295;1,739502
7,296667;1,853943
7,298333;1,974106
7,3;2,09713
7,301667;2,228737
7,303333;2,366066
7,305;2,509117
7,306667;2,660752
7,308333;2,818108
7,31;2,981186
7,311667;3,155709
7,313333;3,335953
7,315;3,521919
7,316667;3,71933
7,318333;3,922463
7,32;4,137039
7,321667;4,360199
7,323333;4,591942
7,325;4,832268
7,326667;5,081177
7,328333;5,34153
7,33;5,613327
7,331667;5,890847
7,333333;6,182671
7,335;6,485939
7,336667;6,797791
7,338333;7,121087
7,34;7,80201
7,341667;7,80201
7,343333;8,159638
7,345;8,531571
7,346667;8,912087
7,348333;9,306908
7,35;10,133744
7,351667;10,568619
7,353333;11,012078
7,355;11,472703
7,356667;11,944772
7,358333;11,944772
7,36;12,431145
7,361667;12,928963
7,363333;13,441087
7,365;13,967515
7,366667;14,511109
7,368333;15,066148
7,37;15,635491
7,371667;16,21914
7,373333;16,817094
7,375;17,429353
7,376667;18,055917
7,378333;18,696786
7,38;19,354821
7,381667;20,024301
7,383333;20,710946
7,385;21,411897
7,386667;22,127153
7,388333;22,856714
7,39;23,603441
7,391667;24,364473
7,393333;25,13981
7,395;25,929453
7,396667;26,736261
7,398333;27,557375
7,4;28,392793
7,401667;29,242517
7,403333;30,109407
7,405;30,987741
7,406667;31,883242
7,408333;32,793047
7,41;33,717157
7,411667;34,655573
7,413333;35,608294
7,415;36,57532
7,416667;37,55665
7,418333;38,552287
7,42;39,562228
7,421667;40,586474
7,423333;41,622164
7,425;42,675021
7,426667;43,739321
7,428333;44,815066
7,43;45,905116
7,431667;47,009471
7,433333;48,12527
7,435;49,252513
7,436667;50,394061
7,438333;51,547054
7,44;52,71149
7,441667;53,88737
7,443333;55,074695
7,445;56,273464
7,446667;57,483677
7,448333;58,702472
7,45;59,932712
7,451667;62,424663
7,453333;63,683514
7,455;63,683514
7,456667;64,950947
7,458333;66,229824
7,46;67,517285
7,461667;70,112233
7,463333;71,422581
7,465;72,738652
7,466667;74,060444
7,468333;75,39082
7,47;76,726918
7,471667;76,726918
7,473333;78,068738
7,475;79,413419
7,476667;80,763822
7,478333;82,119947
7,48;83,478933
7,481667;84,84078
7,483333;86,208349
7,485;87,575918
7,486667;88,946348
7,488333;90,316778
7,49;91,690069
7,491667;93,06336
7,493333;94,436651
7,495;95,809942
7,496667;97,180372
7,498333;98,550802
7,5;99,918371
7,501667;101,28594
7,503333;102,647787
7,505;104,006773
7,506667;105,360037
7,508333;106,707579
7,51;108,05226
7,511667;109,388358
7,513333;110,718734
7,515;112,040526
7,516667;113,353736
7,518333;114,658363
7,52;115,954406
7,521667;117,239005
7,523333;118,515022
7,525;119,776733
7,526667;121,027
7,528333;122,262962
7,53;123,484619
7,531667;124,691971
7,533333;125,885017
7,535;127,060898
7,536667;128,219612
7,538333;129,36116
7,54;130,485542
7,541667;131,587036
7,543333;132,671364
7,545;133,735665
7,546667;134,777077
7,548333;135,795601
7,55;136,791237
7,551667;137,763985
7,553333;138,710984
7,555;139,632233
7,556667;140,527734
7,558333;141,394624
7,56;142,235764
7,561667;143,045434
7,563333;144,576081
7,565;145,297059
7,566667;145,297059
7,568333;145,983705
7,57;146,636018
7,571667;147,25686
7,573333;147,84337
7,575;148,395547
7,576667;148,910531
7,578333;149,388322
7,58;149,831781
7,581667;150,238046
7,583333;150,604257
7,585;150,933275
7,586667;151,222238
7,588333;151,471147
7,59;151,680002
7,591667;151,851663
7,593333;151,980409
7,595;152,069101
7,596667;152,117738
7,598333;152,12346
7,6;152,089128
7,601667;152,01188
7,603333;151,897439
7,605;151,737222
7,606667;151,539812
7,608333;151,299486
7,61;151,019105
7,611667;150,698671
7,613333;150,338182
7,615;149,937639
7,616667;149,497041
7,618333;149,01925
7,62;148,501405
7,621667;147,949228
7,623333;147,356996
7,625;146,730432
7,626667;146,066674
7,628333;145,368585
7,63;144,639024
7,631667;143,875131
7,633333;143,076905
7,635;142,25007
7,636667;141,388902
7,638333;140,501984
7,64;139,586457
7,641667;138,642319
7,643333;137,672433
7,645;136,673935
7,646667;135,655411
7,648333;134,611138
7,65;133,543976
7,651667;132,456787
7,653333;131,34671
7,655;130,219467
7,656667;129,075058
7,658333;127,910622
7,66;126,73188
7,661667;125,535972
7,663333;124,328621
7,665;123,109825
7,666667;121,876724
7,668333;120,632179
7,67;119,37619
7,671667;118,114478
7,673333;116,844184
7,675;114,277846
7,676667;112,987525
7,678333;111,694343
7,68;111,694343
7,681667;110,395438
7,683333;109,093673
7,685;107,789046
7,686667;106,481558
7,688333;105,176932
7,69;103,869444
7,691667;102,564818
7,693333;101,260191
7,695;99,958426
7,696667;98,659521
7,698333;97,363478
7,7;96,073156
7,701667;94,785696
7,703333;93,503958
7,705;92,227941
7,706667;90,957647
7,708333;89,695936
7,71;88,439947
7,711667;87,18968
7,713333;85,950857
7,715;84,717756
7,716667;83,496099
7,718333;82,280164
7,72;81,075673
7,721667;79,879766
7,723333;78,695302
7,725;77,522282
7,726667;76,357846
7,728333;75,204854
7,73;74,063306
7,731667;72,93034
7,733333;71,81168
7,735;70,704464
7,736667;69,608693
7,738333;68,524365
7,74;67,451481
7,741667;66,392903
7,743333;65,345768
7,745;64,310078
7,746667;63,288692
7,748333;62,278751
7,75;61,280254
7,751667;60,296062
7,753333;59,323314
7,755;58,362011
7,756667;57,415012
7,758333;56,482318
7,76;55,561069
7,761667;54,651264
7,763333;53,755763
7,765;52,871707
7,766667;51,999095
7,768333;51,140788
7,77;50,293925
7,771667;49,461368
7,773333;48,637393
7,775;47,827723
7,776667;47,032359
7,778333;46,245578
7,78;45,47024
7,781667;44,709208
7,783333;43,95962
7,785;43,221476
7,786667;41,779521
7,788333;41,075709
7,79;40,38048
7,791667;40,38048
7,793333;39,699557
7,795;39,027216
7,796667;38,369181
7,798333;37,719729
7,8;37,07886
7,801667;36,452296
7,803333;35,834315
7,805;35,224917
7,806667;34,626963
7,808333;34,037592
7,81;33,459665
7,811667;32,893183
7,813333;32,332422
7,815;31,783106
7,816667;31,242372
7,818333;30,713083
7,82;30,189516
7,821667;29,677393
7,823333;29,173853
7,825;28,678896
7,826667;28,189661
7,828333;27,71187
7,83;27,242662
7,831667;26,779176
7,833333;26,324274
7,835;25,880815
7,836667;25,440218
7,838333;25,011064
7,84;24,587633
7,841667;24,169923
7,843333;23,760797
7,845;23,360254
7,846667;22,965433
7,848333;22,579194
7,85;22,198678
7,851667;21,823884
7,853333;21,457673
7,855;21,097184
7,856667;20,742418
7,858333;20,393373
7,86;20,052911
7,861667;19,71531
7,863333;19,386293
7,865;19,060136
7,866667;18,742562
7,868333;18,430711
7,87;18,12172
7,871667;17,821313
7,873333;17,523767
7,875;17,231942
7,876667;16,94584
7,878333;16,66546
7,88;16,38794
7,881667;16,119004
7,883333;15,852929
7,885;15,589715
7,886667;15,332223
7,888333;15,080453
7,89;14,831544
7,891667;14,588357
7,893333;14,348031
7,895;14,113427
7,896667;13,881684
7,898333;13,432504
7,9;13,215066
7,901667;12,997628
7,903333;12,785912
7,905;12,785912
7,906667;12,579919
7,908333;12,376786
7,91;12,176514
7,911667;11,979104
7,913333;11,784554
7,915;11,595727
7,916667;11,40976
7,918333;11,223794
7,92;11,04641
7,921667;10,869027
7,923333;10,694504
7,925;10,522843
7,926667;10,356904
7,928333;10,190964
7,93;10,027886
7,931667;9,87053
7,933333;9,713173
7,935;9,558678
7,936667;9,407044
7,938333;9,258271
7,94;9,112359
7,941667;8,969307
7,943333;8,829117
7,945;8,691788
7,946667;8,554459
7,948333;8,419991
7,95;8,288384
7,951667;8,159638
7,953333;8,033753
7,955;7,907868
7,956667;7,784844
7,958333;7,664681
7,96;7,547379
7,961667;7,430077
7,963333;7,315636
7,965;7,201195
7,966667;7,092476
7,968333;6,983757
7,97;6,875039
7,971667;6,772042
7,973333;6,666184
7,975;6,566048
7,976667;6,465912
7,978333;6,368637
7,98;6,271363
7,981667;6,176949
7,983333;6,082535
7,985;5,990982
7,986667;5,902291
7,988333;5,813599
7,99;5,724907
7,991667;5,639077
7,993333;5,556107
7,995;5,473137
7,996667;5,390168
7,998333;5,310059
8;5,152703
8,001667;5,152703
8,003333;5,078316
8,005;5,003929
8,006667;4,929543
8,008333;4,855156
8,01;4,714966
8,011667;4,646302
8,013333;4,577637
8,015;4,511833
8,016667;4,511833
8,018333;4,44603
8,02;4,380226
8,021667;4,317284
8,023333;4,254341
8,025;4,19426
8,026667;4,134178
8,028333;4,074097
8,03;4,014015
8,031667;3,956795
8,033333;3,899575
8,035;3,842354
8,036667;3,787995
8,038333;3,733635
8,04;3,682137
8,041667;3,627777
8,043333;3,576279
8,045;3,527642
8,046667;3,476143
8,048333;3,427506
8,05;3,378868
8,051667;3,330231
8,053333;3,284455
8,055;3,238678
8,056667;3,192902
8,058333;3,147125
8,06;3,10421
8,061667;3,061295
8,063333;3,018379
8,065;2,975464
8,066667;2,93541
8,068333;2,895355
8,07;2,855301
8,071667;2,815247
8,073333;2,775192
8,075;2,737999
8,076667;2,700806
8,078333;2,663613
8,08;2,626419
8,081667;2,592087
8,083333;2,554894
8,085;2,520561
8,086667;2,486229
8,088333;2,451897
8,09;2,420426
8,091667;2,386093
8,093333;2,354622
8,095;2,323151
8,096667;2,29168
8,098333;2,260208
8,1;2,231598
8,101667;2,200127
8,103333;2,171517
8,105;2,142906
8,106667;2,114296
8,108333;2,085686
8,11;2,057076
8,111667;2,002716
8,113333;2,002716
8,115;1,976967
8,116667;1,951218
8,118333;1,925469
8,12;1,899719
8,121667;1,851082
8,123333;1,825333
8,125;1,802445
8,126667;1,776695
8,128333;1,753807
8,13;1,753807
8,131667;1,730919
8,133333;1,708031
8,135;1,688004
8,136667;1,665115
8,138333;1,642227
8,14;1,6222
8,141667;1,599312
8,143333;1,579285
8,145;1,559258
8,146667;1,53923
8,148333;1,519203
8,15;1,499176
8,151667;1,48201
8,153333;1,461983
8,155;1,444817
8,156667;1,42479
8,158333;1,407623
8,16;1,387596
8,161667;1,37043
8,163333;1,353264
8,165;1,336098
8,166667;1,318932
8,168333;1,301766
8,17;1,28746
8,171667;1,270294
8,173333;1,253128
8,175;1,238823
8,176667;1,221657
8,178333;1,207352
8,18;1,193047
8,181667;1,175881
8,183333;1,161575
8,185;1,14727
8,186667;1,132965
8,188333;1,11866
8,19;1,104355
8,191667;1,092911
8,193333;1,078606
8,195;1,064301
8,196667;1,052857
8,198333;1,038551
8,2;1,027107
8,201667;1,012802
8,203333;1,001358
8,205;0,989914
8,206667;0,975609
8,208333;0,964165
8,21;0,952721
8,211667;0,941277
8,213333;0,929833
8,215;0,918388
8,216667;0,906944
8,218333;0,8955
8,22;0,884056
8,221667;0,872612
8,223333;0,852585
8,225;0,841141
8,226667;0,841141
8,228333;0,832558
8,23;0,821114
8,231667;0,812531
8,233333;0,792503
8,235;0,781059
8,236667;0,772476
8,238333;0,763893
8,24;0,75531
8,241667;0,75531
8,243333;0,746727
8,245;0,735283
8,246667;0,7267
8,248333;0,718117
8,25;0,709534
8,251667;0,700951
8,253333;0,692368
8,255;0,683785
8,256667;0,675201
8,258333;0,669479
8,26;0,660896
8,261667;0,652313
8,263333;0,64373
8,265;0,638008
8,266667;0,629425
8,268333;0,620842
8,27;0,61512
8,271667;0,606537
8,273333;0,600815
8,275;0,592232
8,276667;0,58651
8,278333;0,577927
8,28;0,572205
8,281667;0,563622
8,283333;0,5579
8,285;0,552177
8,286667;0,543594
8,288333;0,537872
8,29;0,53215
8,291667;0,526428
8,293333;0,520706
8,295;0,512123
8,296667;0,506401
8,298333;0,500679
8,3;0,494957
8,301667;0,489235
8,303333;0,483513
8,305;0,477791
8,306667;0,472069
8,308333;0,466347
8,31;0,460625
8,311667;0,454903
8,313333;0,449181
8,315;0,443459
8,316667;0,437737
8,318333;0,432014
8,32;0,426292
8,321667;0,42057
8,323333;0,417709
8,325;0,411987
8,326667;0,406265
8,328333;0,400543
8,33;0,397682
8,331667;0,39196
8,333333;0,386238
8,335;0,377655
8,336667;0,371933
8,338333;0,371933
8,34;0,369072
8,341667;0,36335
8,343333;0,360489
8,345;0,349045
8,346667;0,346184
8,348333;0,343323
8,35;0,337601
8,351667;0,331879
8,353333;0,329018
8,355;0,329018
8,356667;0,326157
8,358333;0,320435
8,36;0,317574
8,361667;0,311852
8,363333;0,30899
8,365;0,303268
8,366667;0,300407
8,368333;0,297546
8,37;0,291824
8,371667;0,288963
8,373333;0,286102
8,375;0,28038
8,376667;0,277519
8,378333;0,274658
8,38;0,268936
8,381667;0,266075
8,383333;0,263214
8,385;0,260353
8,386667;0,254631
8,388333;0,25177
8,39;0,248909
8,391667;0,246048
8,393333;0,243187
8,395;0,240326
8,396667;0,237465
8,398333;0,231743
8,4;0,228882
8,401667;0,226021
8,403333;0,22316
8,405;0,220299
8,406667;0,217438
8,408333;0,214577
8,41;0,211716
8,411667;0,205994
8,413333;0,203133
8,415;0,200272
8,416667;0,197411
8,418333;0,19455
8,42;0,191689
8,421667;0,188828
8,423333;0,185967
8,425;0,183105
8,426667;0,180244
8,428333;0,180244
8,43;0,177383
8,431667;0,174522
8,433333;0,171661
8,435;0,1688
8,436667;0,165939
8,438333;0,163078
8,44;0,160217
8,441667;0,157356
8,443333;0,154495
8,445;0,154495
8,446667;0,148773
8,448333;0,145912
8,45;0,143051
8,451667;0,143051
8,453333;0,14019
8,455;0,14019
8,456667;0,137329
8,458333;0,134468
8,46;0,131607
8,461667;0,128746
8,463333;0,128746
8,465;0,125885
8,466667;0,123024
8,468333;0,120163
8,47;0,117302
8,471667;0,117302
8,473333;0,114441
8,475;0,11158
8,476667;0,108719
8,478333;0,108719
8,48;0,105858
8,481667;0,102997
8,483333;0,102997
8,485;0,100136
8,486667;0,097275
8,488333;0,097275
8,49;0,094414
8,491667;0,091553
8,493333;0,091553
8,495;0,088692
8,496667;0,085831
8,498333;0,08297
8,5;0,08297
8,501667;0,080109
8,503333;0,080109
8,505;0,077248
8,506667;0,074387
8,508333;0,074387
8,51;0,071526
8,511667;0,071526
8,513333;0,068665
8,515;0,065804
8,516667;0,065804
8,518333;0,062943
8,52;0,062943
8,521667;0,060081
8,523333;0,05722
8,525;0,05722
8,526667;0,054359
8,528333;0,054359
8,53;0,051498
8,531667;0,051498
8,533333;0,048637
8,535;0,048637
8,536667;0,045776
8,538333;0,045776
8,54;0,042915
8,541667;0,042915
8,543333;0,040054
8,545;0,040054
8,546667;0,037193
8,548333;0,037193
8,55;0,034332
8,551667;0,034332
8,553333;0,031471
8,555;0,031471
8,556667;0,02861
8,558333;0,025749
8,56;0,025749
8,561667;0,022888
8,563333;0,022888
8,565;0,022888
8,566667;0,020027
8,568333;0,020027
8,57;0,017166
8,571667;0,017166
8,573333;0,014305
8,575;0,014305
8,576667;0,011444
8,578333;0,011444
8,58;0,008583
8,581667;0,008583
8,583333;0,008583
8,585;0,005722
8,586667;0,005722
8,588333;0,002861
8,59;0,002861
8,591667;0,002861
8,593333;0
8,595;0
8,596667;-0,002861
8,598333;-0,002861
8,6;-0,002861
8,601667;-0,005722
8,603333;-0,005722
8,605;-0,008583
8,606667;-0,008583
8,608333;-0,011444
8,61;-0,011444
8,611667;-0,011444
8,613333;-0,014305
8,615;-0,014305
8,616667;-0,017166
8,618333;-0,017166
8,62;-0,017166
8,621667;-0,020027
8,623333;-0,020027
8,625;-0,020027
8,626667;-0,022888
8,628333;-0,022888
8,63;-0,022888
8,631667;-0,025749
8,633333;-0,025749
8,635;-0,025749
8,636667;-0,02861
8,638333;-0,02861
8,64;-0,031471
8,641667;-0,031471
8,643333;-0,031471
8,645;-0,034332
8,646667;-0,034332
8,648333;-0,034332
8,65;-0,037193
8,651667;-0,037193
8,653333;-0,040054
8,655;-0,040054
8,656667;-0,040054
8,658333;-0,040054
8,66;-0,042915
8,661667;-0,042915
8,663333;-0,042915
8,665;-0,045776
8,666667;-0,045776
8,668333;-0,045776
8,67;-0,048637
8,671667;-0,048637
8,673333;-0,051498
8,675;-0,051498
8,676667;-0,051498
8,678333;-0,051498
8,68;-0,054359
8,681667;-0,054359
8,683333;-0,054359
8,685;-0,05722
8,686667;-0,05722
8,688333;-0,05722
8,69;-0,05722
8,691667;-0,060081
8,693333;-0,060081
8,695;-0,060081
8,696667;-0,062943
8,698333;-0,062943
8,7;-0,062943
8,701667;-0,062943
8,703333;-0,065804
8,705;-0,065804
8,706667;-0,065804
8,708333;-0,068665
8,71;-0,068665
8,711667;-0,068665
8,713333;-0,068665
8,715;-0,071526
8,716667;-0,071526
8,718333;-0,071526
8,72;-0,071526
8,721667;-0,074387
8,723333;-0,074387
8,725;-0,074387
8,726667;-0,077248
8,728333;-0,077248
8,73;-0,077248
8,731667;-0,077248
8,733333;-0,080109
8,735;-0,080109
8,736667;-0,080109
8,738333;-0,080109
8,74;-0,080109
8,741667;-0,08297
8,743333;-0,08297
8,745;-0,08297
8,746667;-0,085831
8,748333;-0,085831
8,75;-0,085831
8,751667;-0,085831
8,753333;-0,088692
8,755;-0,088692
8,756667;-0,088692
8,758333;-0,088692
8,76;-0,091553
8,761667;-0,091553
8,763333;-0,091553
8,765;-0,091553
8,766667;-0,091553
8,768333;-0,094414
8,77;-0,094414
8,771667;-0,094414
8,773333;-0,094414
8,775;-0,097275
8,776667;-0,097275
8,778333;-0,097275
8,78;-0,097275
8,781667;-0,100136
8,783333;-0,100136
8,785;-0,100136
8,786667;-0,102997
8,788333;-0,102997
8,79;-0,102997
8,791667;-0,102997
8,793333;-0,102997
8,795;-0,105858
8,796667;-0,105858
8,798333;-0,105858
8,8;-0,105858
8,801667;-0,108719
8,803333;-0,108719
8,805;-0,108719
8,806667;-0,108719
8,808333;-0,108719
8,81;-0,11158
8,811667;-0,11158
8,813333;-0,11158
8,815;-0,11158
8,816667;-0,114441
8,818333;-0,114441
8,82;-0,114441
8,821667;-0,114441
8,823333;-0,114441
8,825;-0,117302
8,826667;-0,117302
8,828333;-0,117302
8,83;-0,117302
8,831667;-0,117302
8,833333;-0,117302
8,835;-0,117302
8,836667;-0,120163
8,838333;-0,120163
8,84;-0,120163
8,841667;-0,120163
8,843333;-0,120163
8,845;-0,120163
8,846667;-0,123024
8,848333;-0,123024
8,85;-0,123024
8,851667;-0,123024
8,853333;-0,123024
8,855;-0,123024
8,856667;-0,125885
8,858333;-0,125885
8,86;-0,125885
8,861667;-0,125885
8,863333;-0,128746
8,865;-0,128746
8,866667;-0,128746
8,868333;-0,128746
8,87;-0,128746
8,871667;-0,128746
8,873333;-0,131607
8,875;-0,131607
8,876667;-0,131607
8,878333;-0,131607
8,88;-0,131607
8,881667;-0,131607
8,883333;-0,134468
8,885;-0,134468
8,886667;-0,134468
8,888333;-0,134468
8,89;-0,134468
8,891667;-0,134468
8,893333;-0,137329
8,895;-0,137329
8,896667;-0,137329
8,898333;-0,137329
8,9;-0,137329
8,901667;-0,137329
8,903333;-0,137329
8,905;-0,137329
8,906667;-0,14019
8,908333;-0,14019
8,91;-0,14019
8,911667;-0,14019
8,913333;-0,14019
8,915;-0,14019
8,916667;-0,143051
8,918333;-0,143051
8,92;-0,143051
8,921667;-0,143051
8,923333;-0,143051
8,925;-0,143051
8,926667;-0,145912
8,928333;-0,145912
8,93;-0,145912
8,931667;-0,145912
8,933333;-0,145912
8,935;-0,145912
8,936667;-0,145912
8,938333;-0,145912
8,94;-0,145912
8,941667;-0,145912
8,943333;-0,145912
8,945;-0,148773
8,946667;-0,148773
8,948333;-0,148773
8,95;-0,148773
8,951667;-0,148773
8,953333;-0,148773
8,955;-0,151634
8,956667;-0,151634
8,958333;-0,151634
8,96;-0,151634
8,961667;-0,151634
8,963333;-0,151634
8,965;-0,154495
8,966667;-0,154495
8,968333;-0,154495
8,97;-0,154495
8,971667;-0,154495
8,973333;-0,154495
8,975;-0,157356
8,976667;-0,157356
8,978333;-0,157356
8,98;-0,157356
8,981667;-0,157356
8,983333;-0,160217
8,985;-0,160217
8,986667;-0,160217
8,988333;-0,160217
8,99;-0,160217
8,991667;-0,160217
8,993333;-0,160217
8,995;-0,163078
8,996667;-0,163078
8,998333;-0,163078
9;-0,163078
9,001667;-0,163078
9,003333;-0,163078
9,005;-0,163078
9,006667;-0,163078
9,008333;-0,165939
9,01;-0,165939
9,011667;-0,165939
9,013333;-0,165939
9,015;-0,165939
9,016667;-0,165939
9,018333;-0,165939
9,02;-0,1688
9,021667;-0,1688
9,023333;-0,1688
9,025;-0,1688
9,026667;-0,1688
9,028333;-0,1688
9,03;-0,1688
9,031667;-0,1688
9,033333;-0,171661
9,035;-0,171661
9,036667;-0,171661
9,038333;-0,171661
9,04;-0,171661
9,041667;-0,171661
9,043333;-0,171661
9,045;-0,174522
9,046667;-0,174522
9,048333;-0,174522
9,05;-0,174522
9,051667;-0,174522
9,053333;-0,174522
9,055;-0,174522
9,056667;-0,174522
9,058333;-0,174522
9,06;-0,174522
9,061667;-0,177383
9,063333;-0,177383
9,065;-0,177383
9,066667;-0,177383
9,068333;-0,177383
9,07;-0,177383
9,071667;-0,177383
9,073333;-0,177383
9,075;-0,177383
9,076667;-0,180244
9,078333;-0,180244
9,08;-0,180244
9,081667;-0,180244
9,083333;-0,180244
9,085;-0,180244
9,086667;-0,180244
9,088333;-0,180244
9,09;-0,180244
9,091667;-0,180244
9,093333;-0,180244
9,095;-0,180244
9,096667;-0,183105
9,098333;-0,183105
9,1;-0,183105
9,101667;-0,183105
9,103333;-0,183105
9,105;-0,183105
9,106667;-0,183105
9,108333;-0,183105
9,11;-0,183105
9,111667;-0,183105
9,113333;-0,183105
9,115;-0,183105
9,116667;-0,185967
9,118333;-0,185967
9,12;-0,185967
9,121667;-0,185967
9,123333;-0,185967
9,125;-0,185967
9,126667;-0,185967
9,128333;-0,185967
9,13;-0,188828
9,131667;-0,188828
9,133333;-0,188828
9,135;-0,188828
9,136667;-0,188828
9,138333;-0,188828
9,14;-0,188828
9,141667;-0,191689
9,143333;-0,191689
9,145;-0,191689
9,146667;-0,191689
9,148333;-0,191689
9,15;-0,191689
9,151667;-0,191689
9,153333;-0,191689
9,155;-0,191689
9,156667;-0,191689
9,158333;-0,19455
9,16;-0,19455
9,161667;-0,19455
9,163333;-0,19455
9,165;-0,19455
9,166667;-0,19455
9,168333;-0,19455
9,17;-0,19455
9,171667;-0,19455
9,173333;-0,19455
9,175;-0,19455
9,176667;-0,19455
9,178333;-0,197411
9,18;-0,197411
9,181667;-0,197411
9,183333;-0,197411
9,185;-0,197411
9,186667;-0,197411
9,188333;-0,197411
9,19;-0,197411
9,191667;-0,197411
9,193333;-0,197411
9,195;-0,200272
9,196667;-0,200272
9,198333;-0,200272
9,2;-0,200272
9,201667;-0,200272
9,203333;-0,200272
9,205;-0,200272
9,206667;-0,200272
9,208333;-0,200272
9,21;-0,200272
9,211667;-0,200272
9,213333;-0,200272
9,215;-0,200272
9,216667;-0,203133
9,218333;-0,203133
9,22;-0,203133
9,221667;-0,203133
9,223333;-0,203133
9,225;-0,203133
9,226667;-0,203133
9,228333;-0,205994
9,23;-0,205994
9,231667;-0,205994
9,233333;-0,205994
9,235;-0,205994
9,236667;-0,205994
9,238333;-0,205994
9,24;-0,205994
9,241667;-0,205994
9,243333;-0,205994
9,245;-0,205994
9,246667;-0,205994
9,248333;-0,205994
9,25;-0,205994
9,251667;-0,205994
9,253333;-0,208855
9,255;-0,208855
9,256667;-0,208855
9,258333;-0,208855
9,26;-0,208855
9,261667;-0,208855
9,263333;-0,208855
9,265;-0,208855
9,266667;-0,208855
9,268333;-0,208855
9,27;-0,208855
9,271667;-0,208855
9,273333;-0,208855
9,275;-0,211716
9,276667;-0,211716
9,278333;-0,211716
9,28;-0,211716
9,281667;-0,211716
9,283333;-0,211716
9,285;-0,211716
9,286667;-0,211716
9,288333;-0,211716
9,29;-0,211716
9,291667;-0,211716
9,293333;-0,211716
9,295;-0,211716
9,296667;-0,214577
9,298333;-0,214577
9,3;-0,214577
9,301667;-0,214577
9,303333;-0,214577
9,305;-0,214577
9,306667;-0,214577
9,308333;-0,214577
9,31;-0,214577
9,311667;-0,214577
9,313333;-0,214577
9,315;-0,217438
9,316667;-0,217438
9,318333;-0,217438
9,32;-0,217438
9,321667;-0,217438
9,323333;-0,217438
9,325;-0,217438
9,326667;-0,217438
9,328333;-0,217438
9,33;-0,217438
9,331667;-0,217438
9,333333;-0,217438
9,335;-0,217438
9,336667;-0,217438
9,338333;-0,217438
9,34;-0,217438
9,341667;-0,220299
9,343333;-0,220299
9,345;-0,220299
9,346667;-0,220299
9,348333;-0,220299
9,35;-0,220299
9,351667;-0,220299
9,353333;-0,220299
9,355;-0,220299
9,356667;-0,220299
9,358333;-0,220299
9,36;-0,220299
9,361667;-0,220299
9,363333;-0,220299
9,365;-0,220299
9,366667;-0,220299
9,368333;-0,220299
9,37;-0,220299
9,371667;-0,220299
9,373333;-0,22316
9,375;-0,22316
9,376667;-0,22316
9,378333;-0,22316
9,38;-0,22316
9,381667;-0,22316
9,383333;-0,22316
9,385;-0,22316
9,386667;-0,22316
9,388333;-0,22316
9,39;-0,22316
9,391667;-0,226021
9,393333;-0,226021
9,395;-0,226021
9,396667;-0,226021
9,398333;-0,226021
9,4;-0,226021
9,401667;-0,226021
9,403333;-0,226021
9,405;-0,226021
9,406667;-0,226021
9,408333;-0,228882
9,41;-0,228882
9,411667;-0,228882
9,413333;-0,228882
9,415;-0,228882
9,416667;-0,228882
9,418333;-0,228882
9,42;-0,228882
9,421667;-0,228882
9,423333;-0,228882
9,425;-0,228882
9,426667;-0,228882
9,428333;-0,228882
9,43;-0,231743
9,431667;-0,231743
9,433333;-0,231743
9,435;-0,231743
9,436667;-0,231743
9,438333;-0,231743
9,44;-0,231743
9,441667;-0,231743
9,443333;-0,231743
9,445;-0,231743
9,446667;-0,231743
9,448333;-0,231743
9,45;-0,231743
9,451667;-0,231743
9,453333;-0,234604
9,455;-0,234604
9,456667;-0,234604
9,458333;-0,234604
9,46;-0,234604
9,461667;-0,234604
9,463333;-0,234604
9,465;-0,234604
9,466667;-0,234604
9,468333;-0,234604
9,47;-0,237465
9,471667;-0,237465
9,473333;-0,237465
9,475;-0,237465
9,476667;-0,237465
9,478333;-0,237465
9,48;-0,237465
9,481667;-0,237465
9,483333;-0,237465
9,485;-0,237465
9,486667;-0,237465
9,488333;-0,237465
9,49;-0,237465
9,491667;-0,237465
9,493333;-0,237465
9,495;-0,237465
9,496667;-0,237465
9,498333;-0,237465
9,5;-0,237465
9,501667;-0,237465
9,503333;-0,240326
9,505;-0,240326
9,506667;-0,240326
9,508333;-0,240326
9,51;-0,240326
9,511667;-0,240326
9,513333;-0,240326
9,515;-0,240326
9,516667;-0,240326
9,518333;-0,240326
9,52;-0,240326
9,521667;-0,240326
9,523333;-0,240326
9,525;-0,243187
9,526667;-0,243187
9,528333;-0,243187
9,53;-0,243187
9,531667;-0,243187
9,533333;-0,243187
9,535;-0,243187
9,536667;-0,243187
9,538333;-0,243187
9,54;-0,243187
9,541667;-0,243187
9,543333;-0,243187
9,545;-0,243187
9,546667;-0,243187
9,548333;-0,243187
9,55;-0,243187
9,551667;-0,243187
9,553333;-0,243187
9,555;-0,243187
9,556667;-0,243187
9,558333;-0,243187
9,56;-0,243187
9,561667;-0,243187
9,563333;-0,243187
9,565;-0,243187
9,566667;-0,246048
9,568333;-0,246048
9,57;-0,246048
9,571667;-0,246048
9,573333;-0,246048
9,575;-0,246048
9,576667;-0,246048
9,578333;-0,246048
9,58;-0,246048
9,581667;-0,246048
9,583333;-0,246048
9,585;-0,246048
9,586667;-0,246048
9,588333;-0,246048
9,59;-0,246048
9,591667;-0,246048
9,593333;-0,246048
9,595;-0,246048
9,596667;-0,248909
9,598333;-0,248909
9,6;-0,248909
9,601667;-0,248909
9,603333;-0,248909
9,605;-0,248909
9,606667;-0,248909
9,608333;-0,248909
9,61;-0,248909
9,611667;-0,248909
9,613333;-0,248909
9,615;-0,248909
9,616667;-0,248909
9,618333;-0,248909
9,62;-0,248909
9,621667;-0,248909
9,623333;-0,248909
9,625;-0,248909
9,626667;-0,248909
9,628333;-0,248909
9,63;-0,248909
9,631667;-0,248909
9,633333;-0,248909
9,635;-0,248909
9,636667;-0,248909
9,638333;-0,25177
9,64;-0,25177
9,641667;-0,25177
9,643333;-0,25177
9,645;-0,25177
9,646667;-0,25177
9,648333;-0,25177
9,65;-0,25177
9,651667;-0,25177
9,653333;-0,25177
9,655;-0,25177
9,656667;-0,25177
9,658333;-0,254631
9,66;-0,254631
9,661667;-0,254631
9,663333;-0,254631
9,665;-0,254631
9,666667;-0,254631
9,668333;-0,254631
9,67;-0,254631
9,671667;-0,254631
9,673333;-0,254631
9,675;-0,254631
9,676667;-0,254631
9,678333;-0,254631
9,68;-0,254631
9,681667;-0,254631
9,683333;-0,254631
9,685;-0,254631
9,686667;-0,254631
9,688333;-0,254631
9,69;-0,254631
9,691667;-0,254631
9,693333;-0,254631
9,695;-0,254631
9,696667;-0,257492
9,698333;-0,257492
9,7;-0,257492
9,701667;-0,257492
9,703333;-0,257492
9,705;-0,257492
9,706667;-0,257492
9,708333;-0,257492
9,71;-0,257492
9,711667;-0,257492
9,713333;-0,257492
9,715;-0,257492
9,716667;-0,257492
9,718333;-0,257492
9,72;-0,257492
9,721667;-0,257492
9,723333;-0,257492
9,725;-0,257492
9,726667;-0,257492
9,728333;-0,257492
9,73;-0,257492
9,731667;-0,257492
9,733333;-0,257492
9,735;-0,257492
9,736667;-0,257492
9,738333;-0,257492
9,74;-0,257492
9,741667;-0,257492
9,743333;-0,260353
9,745;-0,260353
9,746667;-0,260353
9,748333;-0,260353
9,75;-0,260353
9,751667;-0,260353
9,753333;-0,260353
9,755;-0,260353
9,756667;-0,260353
9,758333;-0,260353
9,76;-0,260353
9,761667;-0,260353
9,763333;-0,260353
9,765;-0,263214
9,766667;-0,263214
9,768333;-0,263214
9,77;-0,263214
9,771667;-0,263214
9,773333;-0,263214
9,775;-0,263214
9,776667;-0,263214
9,778333;-0,263214
9,78;-0,263214
9,781667;-0,263214
9,783333;-0,263214
9,785;-0,263214
9,786667;-0,263214
9,788333;-0,263214
9,79;-0,263214
9,791667;-0,263214
9,793333;-0,263214
9,795;-0,266075
9,796667;-0,266075
9,798333;-0,266075
9,8;-0,266075
9,801667;-0,266075
9,803333;-0,266075
9,805;-0,266075
9,806667;-0,266075
9,808333;-0,266075
9,81;-0,266075
9,811667;-0,266075
9,813333;-0,266075
9,815;-0,266075
9,816667;-0,266075
9,818333;-0,266075
9,82;-0,266075
9,821667;-0,266075
9,823333;-0,266075
9,825;-0,266075
9,826667;-0,266075
9,828333;-0,266075
9,83;-0,266075
9,831667;-0,266075
9,833333;-0,266075
9,835;-0,266075
9,836667;-0,266075
9,838333;-0,266075
9,84;-0,266075
9,841667;-0,268936
9,843333;-0,268936
9,845;-0,268936
9,846667;-0,268936
9,848333;-0,268936
9,85;-0,268936
9,851667;-0,268936
9,853333;-0,268936
9,855;-0,268936
9,856667;-0,268936
9,858333;-0,268936
9,86;-0,268936
9,861667;-0,268936
9,863333;-0,268936
9,865;-0,268936
9,866667;-0,268936
9,868333;-0,268936
9,87;-0,268936
9,871667;-0,271797
9,873333;-0,271797
9,875;-0,271797
9,876667;-0,271797
9,878333;-0,271797
9,88;-0,271797
9,881667;-0,271797
9,883333;-0,271797
9,885;-0,271797
9,886667;-0,271797
9,888333;-0,271797
9,89;-0,271797
9,891667;-0,271797
9,893333;-0,271797
9,895;-0,271797
9,896667;-0,271797
9,898333;-0,271797
9,9;-0,271797
9,901667;-0,271797
9,903333;-0,271797
9,905;-0,271797
9,906667;-0,271797
9,908333;-0,271797
9,91;-0,271797
9,911667;-0,271797
9,913333;-0,271797
9,915;-0,271797
9,916667;-0,271797
9,918333;-0,271797
9,92;-0,274658
9,921667;-0,274658
9,923333;-0,274658
9,925;-0,274658
9,926667;-0,274658
9,928333;-0,274658
9,93;-0,274658
9,931667;-0,274658
9,933333;-0,274658
9,935;-0,274658
9,936667;-0,274658
9,938333;-0,274658
9,94;-0,274658
9,941667;-0,274658
9,943333;-0,274658
9,945;-0,274658
9,946667;-0,274658
9,948333;-0,274658
9,95;-0,277519
9,951667;-0,277519
9,953333;-0,277519
9,955;-0,277519
9,956667;-0,277519
9,958333;-0,277519
9,96;-0,277519
9,961667;-0,277519
9,963333;-0,277519
9,965;-0,277519
9,966667;-0,277519
9,968333;-0,277519
9,97;-0,277519
9,971667;-0,277519
9,973333;-0,277519
9,975;-0,277519
9,976667;-0,277519
9,978333;-0,277519
9,98;-0,277519
9,981667;-0,277519
9,983333;-0,277519
9,985;-0,28038
9,986667;-0,28038
9,988333;-0,28038
9,99;-0,28038
9,991667;-0,28038
9,993333;-0,28038
9,995;-0,28038
9,996667;-0,28038
9,998333;-0,28038
10;-0,28038
10,001667;-0,28038
10,003333;-0,28038
10,005;-0,28038
10,006667;-0,28038
10,008333;-0,28038
10,01;-0,28038
10,011667;-0,28038
10,013333;-0,28038
10,015;-0,28038
10,016667;-0,28038
10,018333;-0,28038
10,02;-0,28038
10,021667;-0,28038
10,023333;-0,28038
10,025;-0,28038
10,026667;-0,28038
10,028333;-0,28038
10,03;-0,28038
10,031667;-0,28038
10,033333;-0,283241
10,035;-0,283241
10,036667;-0,283241
10,038333;-0,283241
10,04;-0,283241
10,041667;-0,283241
10,043333;-0,283241
10,045;-0,283241
10,046667;-0,283241
10,048333;-0,283241
10,05;-0,283241
10,051667;-0,283241
10,053333;-0,283241
10,055;-0,283241
10,056667;-0,283241
10,058333;-0,283241
10,06;-0,283241
10,061667;-0,283241
10,063333;-0,283241
10,065;-0,283241
10,066667;-0,283241
10,068333;-0,283241
10,07;-0,283241
10,071667;-0,283241
10,073333;-0,283241
10,075;-0,283241
10,076667;-0,283241
10,078333;-0,283241
10,08;-0,283241
10,081667;-0,283241
10,083333;-0,283241
10,085;-0,283241
10,086667;-0,283241
10,088333;-0,283241
10,09;-0,283241
10,091667;-0,283241
10,093333;-0,283241
10,095;-0,283241
10,096667;-0,283241
10,098333;-0,283241
10,1;-0,283241
10,101667;-0,283241
10,103333;-0,283241
10,105;-0,283241
10,106667;-0,286102
10,108333;-0,286102
10,11;-0,286102
10,111667;-0,286102
10,113333;-0,286102
10,115;-0,286102
10,116667;-0,286102
10,118333;-0,286102
10,12;-0,286102
10,121667;-0,286102
10,123333;-0,286102
10,125;-0,286102
10,126667;-0,286102
10,128333;-0,286102
10,13;-0,286102
10,131667;-0,286102
10,133333;-0,286102
10,135;-0,286102
10,136667;-0,286102
10,138333;-0,286102
10,14;-0,286102
10,141667;-0,286102
10,143333;-0,286102
10,145;-0,286102
10,146667;-0,286102
10,148333;-0,286102
10,15;-0,286102
10,151667;-0,288963
10,153333;-0,288963
10,155;-0,288963
10,156667;-0,288963
10,158333;-0,286102
10,16;-0,286102
10,161667;-0,286102
10,163333;-0,286102
10,165;-0,286102
10,166667;-0,286102
10,168333;-0,286102
10,17;-0,288963
10,171667;-0,288963
10,173333;-0,288963
10,175;-0,288963
10,176667;-0,288963
10,178333;-0,288963
10,18;-0,288963
10,181667;-0,288963
10,183333;-0,288963
10,185;-0,288963
10,186667;-0,288963
10,188333;-0,288963
10,19;-0,288963
10,191667;-0,288963
10,193333;-0,288963
10,195;-0,291824
10,196667;-0,291824
10,198333;-0,291824
10,2;-0,291824
10,201667;-0,291824
10,203333;-0,291824
10,205;-0,291824
10,206667;-0,291824
10,208333;-0,291824
10,21;-0,291824
10,211667;-0,291824
10,213333;-0,291824
10,215;-0,291824
10,216667;-0,291824
10,218333;-0,291824
10,22;-0,291824
10,221667;-0,291824
10,223333;-0,291824
10,225;-0,291824
10,226667;-0,291824
10,228333;-0,291824
10,23;-0,291824
10,231667;-0,291824
10,233333;-0,291824
10,235;-0,291824
10,236667;-0,291824
10,238333;-0,291824
10,24;-0,291824
10,241667;-0,291824
10,243333;-0,294685
10,245;-0,294685
10,246667;-0,294685
10,248333;-0,294685
10,25;-0,294685
10,251667;-0,291824
10,253333;-0,291824
10,255;-0,291824
10,256667;-0,291824
10,258333;-0,291824
10,26;-0,291824
10,261667;-0,291824
10,263333;-0,291824
10,265;-0,291824
10,266667;-0,294685
10,268333;-0,294685
10,27;-0,294685
10,271667;-0,294685
10,273333;-0,294685
10,275;-0,294685
10,276667;-0,294685
10,278333;-0,294685
10,28;-0,294685
10,281667;-0,294685
10,283333;-0,294685
10,285;-0,291824
10,286667;-0,291824
10,288333;-0,291824
10,29;-0,291824
10,291667;-0,291824
10,293333;-0,291824
10,295;-0,291824
10,296667;-0,294685
10,298333;-0,294685
10,3;-0,294685
10,301667;-0,294685
10,303333;-0,291824
10,305;-0,291824
10,306667;-0,291824
10,308333;-0,294685
10,31;-0,294685
10,311667;-0,294685
10,313333;-0,294685
10,315;-0,294685
10,316667;-0,294685
10,318333;-0,294685
10,32;-0,294685
10,321667;-0,294685
10,323333;-0,294685
10,325;-0,294685
10,326667;-0,294685
10,328333;-0,294685
10,33;-0,294685
10,331667;-0,294685
10,333333;-0,294685
10,335;-0,294685
10,336667;-0,294685
10,338333;-0,294685
10,34;-0,294685
10,341667;-0,294685
10,343333;-0,294685
10,345;-0,294685
10,346667;-0,294685
10,348333;-0,294685
10,35;-0,294685
10,351667;-0,294685
10,353333;-0,294685
10,355;-0,294685
10,356667;-0,294685
10,358333;-0,294685
10,36;-0,294685
10,361667;-0,294685
10,363333;-0,294685
10,365;-0,294685
10,366667;-0,294685
10,368333;-0,294685
10,37;-0,294685
10,371667;-0,294685
10,373333;-0,294685
10,375;-0,294685
10,376667;-0,294685
10,378333;-0,294685
10,38;-0,294685
10,381667;-0,294685
10,383333;-0,294685
10,385;-0,294685
10,386667;-0,294685
10,388333;-0,294685
10,39;-0,294685
10,391667;-0,294685
10,393333;-0,294685
10,395;-0,294685
10,396667;-0,294685
10,398333;-0,294685
10,4;-0,294685
10,401667;-0,294685
10,403333;-0,294685
10,405;-0,294685
10,406667;-0,294685
10,408333;-0,294685
10,41;-0,297546
10,411667;-0,297546
10,413333;-0,297546
10,415;-0,297546
10,416667;-0,297546
10,418333;-0,297546
10,42;-0,297546
10,421667;-0,297546
10,423333;-0,297546
10,425;-0,297546
10,426667;-0,297546
10,428333;-0,297546
10,43;-0,297546
10,431667;-0,297546
10,433333;-0,297546
10,435;-0,297546
10,436667;-0,297546
10,438333;-0,297546
10,44;-0,297546
10,441667;-0,297546
10,443333;-0,297546
10,445;-0,297546
10,446667;-0,297546
10,448333;-0,297546
10,45;-0,297546
10,451667;-0,297546
10,453333;-0,297546
10,455;-0,297546
10,456667;-0,297546
10,458333;-0,297546
10,46;-0,297546
10,461667;-0,297546
10,463333;-0,297546
10,465;-0,297546
10,466667;-0,297546
10,468333;-0,297546
10,47;-0,297546
10,471667;-0,297546
10,473333;-0,297546
10,475;-0,297546
10,476667;-0,297546
10,478333;-0,297546
10,48;-0,297546
10,481667;-0,297546
10,483333;-0,297546
10,485;-0,297546
10,486667;-0,297546
10,488333;-0,297546
10,49;-0,297546
10,491667;-0,300407
10,493333;-0,300407
10,495;-0,300407
10,496667;-0,300407
10,498333;-0,300407
10,5;-0,300407
10,501667;-0,300407
10,503333;-0,300407
10,505;-0,300407
10,506667;-0,300407
10,508333;-0,300407
10,51;-0,300407
10,511667;-0,300407
10,513333;-0,300407
10,515;-0,300407
10,516667;-0,300407
10,518333;-0,300407
10,52;-0,300407
10,521667;-0,300407
10,523333;-0,300407
10,525;-0,300407
10,526667;-0,300407
10,528333;-0,300407
10,53;-0,300407
10,531667;-0,300407
10,533333;-0,300407
10,535;-0,300407
10,536667;-0,300407
10,538333;-0,300407
10,54;-0,300407
10,541667;-0,300407
10,543333;-0,300407
10,545;-0,300407
10,546667;-0,300407
10,548333;-0,300407
10,55;-0,300407
10,551667;-0,300407
10,553333;-0,300407
10,555;-0,300407
10,556667;-0,300407
10,558333;-0,303268
10,56;-0,303268
10,561667;-0,303268
10,563333;-0,303268
10,565;-0,303268
10,566667;-0,303268
10,568333;-0,303268
10,57;-0,303268
10,571667;-0,303268
10,573333;-0,303268
10,575;-0,303268
10,576667;-0,303268
10,578333;-0,303268
10,58;-0,306129
10,581667;-0,306129
10,583333;-0,306129
10,585;-0,306129
10,586667;-0,306129
10,588333;-0,306129
10,59;-0,306129
10,591667;-0,306129
10,593333;-0,306129
10,595;-0,306129
10,596667;-0,306129
10,598333;-0,306129
10,6;-0,306129
10,601667;-0,306129
10,603333;-0,306129
10,605;-0,306129
10,606667;-0,306129
10,608333;-0,306129
10,61;-0,306129
10,611667;-0,306129
10,613333;-0,306129
10,615;-0,306129
10,616667;-0,306129
10,618333;-0,306129
10,62;-0,306129
10,621667;-0,30899
10,623333;-0,30899
10,625;-0,30899
10,626667;-0,30899
10,628333;-0,30899
10,63;-0,30899
10,631667;-0,30899
10,633333;-0,30899
10,635;-0,30899
10,636667;-0,30899
10,638333;-0,30899
10,64;-0,30899
10,641667;-0,30899
10,643333;-0,30899
10,645;-0,30899
10,646667;-0,30899
10,648333;-0,30899
10,65;-0,30899
10,651667;-0,30899
10,653333;-0,30899
10,655;-0,30899
10,656667;-0,30899
10,658333;-0,30899
10,66;-0,30899
10,661667;-0,30899
10,663333;-0,30899
10,665;-0,30899
10,666667;-0,30899
10,668333;-0,30899
10,67;-0,30899
10,671667;-0,311852
10,673333;-0,311852
10,675;-0,311852
10,676667;-0,311852
10,678333;-0,311852
10,68;-0,311852
10,681667;-0,311852
10,683333;-0,311852
10,685;-0,311852
10,686667;-0,311852
10,688333;-0,311852
10,69;-0,311852
10,691667;-0,311852
10,693333;-0,311852
10,695;-0,311852
10,696667;-0,311852
10,698333;-0,311852
10,7;-0,311852
10,701667;-0,311852
10,703333;-0,311852
10,705;-0,311852
10,706667;-0,311852
10,708333;-0,311852
10,71;-0,311852
10,711667;-0,314713
10,713333;-0,314713
10,715;-0,314713
10,716667;-0,314713
10,718333;-0,314713
10,72;-0,314713
10,721667;-0,314713
10,723333;-0,314713
10,725;-0,314713
10,726667;-0,314713
10,728333;-0,314713
10,73;-0,314713
10,731667;-0,314713
10,733333;-0,314713
10,735;-0,314713
10,736667;-0,314713
10,738333;-0,314713
10,74;-0,314713
10,741667;-0,314713
10,743333;-0,314713
10,745;-0,314713
10,746667;-0,314713
10,748333;-0,314713
10,75;-0,314713
10,751667;-0,314713
10,753333;-0,314713
10,755;-0,314713
10,756667;-0,314713
10,758333;-0,314713
10,76;-0,314713
10,761667;-0,314713
10,763333;-0,314713
10,765;-0,314713
10,766667;-0,314713
10,768333;-0,314713
10,77;-0,314713
10,771667;-0,314713
10,773333;-0,314713
10,775;-0,314713
10,776667;-0,317574
10,778333;-0,317574
10,78;-0,317574
10,781667;-0,317574
10,783333;-0,317574
10,785;-0,317574
10,786667;-0,317574
10,788333;-0,317574
10,79;-0,317574
10,791667;-0,317574
10,793333;-0,317574
10,795;-0,317574
10,796667;-0,317574
10,798333;-0,317574
10,8;-0,317574
10,801667;-0,317574
10,803333;-0,317574
10,805;-0,317574
10,806667;-0,317574
10,808333;-0,317574
10,81;-0,317574
10,811667;-0,317574
10,813333;-0,317574
10,815;-0,317574
10,816667;-0,317574
10,818333;-0,317574
10,82;-0,317574
10,821667;-0,317574
10,823333;-0,317574
10,825;-0,320435
10,826667;-0,320435
10,828333;-0,320435
10,83;-0,320435
10,831667;-0,320435
10,833333;-0,320435
10,835;-0,320435
10,836667;-0,320435
10,838333;-0,320435
10,84;-0,320435
10,841667;-0,320435
10,843333;-0,320435
10,845;-0,320435
10,846667;-0,320435
10,848333;-0,320435
10,85;-0,320435
10,851667;-0,323296
10,853333;-0,323296
10,855;-0,323296
10,856667;-0,323296
10,858333;-0,323296
10,86;-0,323296
10,861667;-0,323296
10,863333;-0,323296
10,865;-0,323296
10,866667;-0,323296
10,868333;-0,323296
10,87;-0,323296
10,871667;-0,323296
10,873333;-0,323296
10,875;-0,323296
10,876667;-0,323296
10,878333;-0,323296
10,88;-0,323296
10,881667;-0,323296
10,883333;-0,323296
10,885;-0,323296
10,886667;-0,323296
10,888333;-0,323296
10,89;-0,323296
10,891667;-0,323296
10,893333;-0,323296
10,895;-0,323296
10,896667;-0,323296
10,898333;-0,323296
10,9;-0,326157
10,901667;-0,326157
10,903333;-0,326157
10,905;-0,326157
10,906667;-0,326157
10,908333;-0,326157
10,91;-0,326157
10,911667;-0,326157
10,913333;-0,326157
10,915;-0,326157
10,916667;-0,326157
10,918333;-0,326157
10,92;-0,326157
10,921667;-0,326157
10,923333;-0,326157
10,925;-0,326157
10,926667;-0,326157
10,928333;-0,326157
10,93;-0,326157
10,931667;-0,326157
10,933333;-0,326157
10,935;-0,326157
10,936667;-0,326157
10,938333;-0,326157
10,94;-0,326157
10,941667;-0,326157
10,943333;-0,326157
10,945;-0,326157
10,946667;-0,326157
10,948333;-0,326157
10,95;-0,326157
10,951667;-0,326157
10,953333;-0,326157
10,955;-0,326157
10,956667;-0,326157
10,958333;-0,326157
10,96;-0,326157
10,961667;-0,326157
10,963333;-0,326157
10,965;-0,326157
10,966667;-0,326157
10,968333;-0,326157
10,97;-0,326157
10,971667;-0,326157
10,973333;-0,326157
10,975;-0,326157
10,976667;-0,326157
10,978333;-0,326157
10,98;-0,326157
10,981667;-0,326157
10,983333;-0,326157
10,985;-0,326157
10,986667;-0,326157
10,988333;-0,329018
10,99;-0,329018
10,991667;-0,329018
10,993333;-0,329018
10,995;-0,329018
10,996667;-0,329018
10,998333;-0,329018
11;-0,329018
11,001667;-0,329018
11,003333;-0,329018
11,005;-0,329018
11,006667;-0,329018
11,008333;-0,329018
11,01;-0,329018
11,011667;-0,329018
11,013333;-0,329018
11,015;-0,329018
11,016667;-0,329018
11,018333;-0,329018
11,02;-0,329018
11,021667;-0,329018
11,023333;-0,329018
11,025;-0,329018
11,026667;-0,329018
11,028333;-0,329018
11,03;-0,329018
11,031667;-0,329018
11,033333;-0,329018
11,035;-0,329018
11,036667;-0,329018
11,038333;-0,329018
11,04;-0,329018
11,041667;-0,329018
11,043333;-0,329018
11,045;-0,329018
11,046667;-0,329018
11,048333;-0,329018
11,05;-0,329018
11,051667;-0,329018
11,053333;-0,329018
11,055;-0,329018
11,056667;-0,329018
11,058333;-0,329018
11,06;-0,329018
11,061667;-0,329018
11,063333;-0,329018
11,065;-0,329018
11,066667;-0,329018
11,068333;-0,329018
11,07;-0,329018
11,071667;-0,329018
11,073333;-0,329018
11,075;-0,329018
11,076667;-0,329018
11,078333;-0,329018
11,08;-0,329018
11,081667;-0,329018
11,083333;-0,329018
11,085;-0,329018
11,086667;-0,329018
11,088333;-0,329018
11,09;-0,329018
11,091667;-0,331879
11,093333;-0,331879
11,095;-0,331879
11,096667;-0,331879
11,098333;-0,331879
11,1;-0,331879
11,101667;-0,331879
11,103333;-0,331879
11,105;-0,331879
11,106667;-0,331879
11,108333;-0,331879
11,11;-0,331879
11,111667;-0,331879
11,113333;-0,331879
11,115;-0,331879
11,116667;-0,331879
11,118333;-0,331879
11,12;-0,331879
11,121667;-0,331879
11,123333;-0,331879
11,125;-0,331879
11,126667;-0,331879
11,128333;-0,331879
11,13;-0,331879
11,131667;-0,331879
11,133333;-0,331879
11,135;-0,331879
11,136667;-0,33474
11,138333;-0,33474
11,14;-0,33474
11,141667;-0,33474
11,143333;-0,33474
11,145;-0,33474
11,146667;-0,33474
11,148333;-0,33474
11,15;-0,33474
11,151667;-0,33474
11,153333;-0,33474
11,155;-0,33474
11,156667;-0,33474
11,158333;-0,33474
11,16;-0,33474
11,161667;-0,33474
11,163333;-0,33474
11,165;-0,33474
11,166667;-0,33474
11,168333;-0,33474
11,17;-0,33474
11,171667;-0,33474
11,173333;-0,33474
11,175;-0,33474
11,176667;-0,33474
11,178333;-0,33474
11,18;-0,33474
11,181667;-0,33474
11,183333;-0,33474
11,185;-0,33474
11,186667;-0,33474
11,188333;-0,33474
11,19;-0,33474
11,191667;-0,33474
11,193333;-0,33474
11,195;-0,33474
11,196667;-0,33474
11,198333;-0,337601
11,2;-0,337601
11,201667;-0,337601
11,203333;-0,337601
11,205;-0,337601
11,206667;-0,337601
11,208333;-0,337601
11,21;-0,337601
11,211667;-0,337601
11,213333;-0,33474
11,215;-0,33474
11,216667;-0,33474
11,218333;-0,33474
11,22;-0,337601
11,221667;-0,337601
11,223333;-0,337601
11,225;-0,337601
11,226667;-0,337601
11,228333;-0,337601
11,23;-0,337601
11,231667;-0,337601
11,233333;-0,337601
11,235;-0,337601
11,236667;-0,337601
11,238333;-0,337601
11,24;-0,337601
11,241667;-0,337601
11,243333;-0,337601
11,245;-0,337601
11,246667;-0,337601
11,248333;-0,337601
11,25;-0,337601
11,251667;-0,337601
11,253333;-0,337601
11,255;-0,337601
11,256667;-0,337601
11,258333;-0,337601
11,26;-0,337601
11,261667;-0,337601
11,263333;-0,337601
11,265;-0,337601
11,266667;-0,337601
11,268333;-0,337601
11,27;-0,337601
11,271667;-0,337601
11,273333;-0,337601
11,275;-0,337601
11,276667;-0,337601
11,278333;-0,337601
11,28;-0,337601
11,281667;-0,337601
11,283333;-0,337601
11,285;-0,337601
11,286667;-0,340462
11,288333;-0,340462
11,29;-0,340462
11,291667;-0,340462
11,293333;-0,340462
11,295;-0,337601
11,296667;-0,337601
11,298333;-0,337601
11,3;-0,337601
11,301667;-0,337601
11,303333;-0,337601
11,305;-0,337601
11,306667;-0,337601
11,308333;-0,337601
11,31;-0,337601
11,311667;-0,337601
11,313333;-0,340462
11,315;-0,340462
11,316667;-0,340462
11,318333;-0,340462
11,32;-0,340462
11,321667;-0,340462
11,323333;-0,340462
11,325;-0,340462
11,326667;-0,340462
11,328333;-0,340462
11,33;-0,340462
11,331667;-0,340462
11,333333;-0,340462
11,335;-0,340462
11,336667;-0,340462
11,338333;-0,340462
11,34;-0,340462
11,341667;-0,340462
11,343333;-0,340462
11,345;-0,340462
11,346667;-0,340462
11,348333;-0,340462
11,35;-0,340462
11,351667;-0,340462
11,353333;-0,340462
11,355;-0,340462
11,356667;-0,340462
11,358333;-0,340462
11,36;-0,340462
11,361667;-0,340462
11,363333;-0,340462
11,365;-0,340462
11,366667;-0,340462
11,368333;-0,340462
11,37;-0,340462
11,371667;-0,340462
11,373333;-0,340462
11,375;-0,340462
11,376667;-0,340462
11,378333;-0,340462
11,38;-0,340462
11,381667;-0,340462
11,383333;-0,340462
11,385;-0,340462
11,386667;-0,340462
11,388333;-0,340462
11,39;-0,340462
11,391667;-0,340462
11,393333;-0,340462
11,395;-0,340462
11,396667;-0,340462
11,398333;-0,340462
11,4;-0,340462
11,401667;-0,343323
11,403333;-0,343323
11,405;-0,343323
11,406667;-0,343323
11,408333;-0,343323
11,41;-0,343323
11,411667;-0,343323
11,413333;-0,343323
11,415;-0,343323
11,416667;-0,343323
11,418333;-0,343323
11,42;-0,343323
11,421667;-0,343323
11,423333;-0,343323
11,425;-0,343323
11,426667;-0,343323
11,428333;-0,343323
11,43;-0,343323
11,431667;-0,343323
11,433333;-0,343323
11,435;-0,343323
11,436667;-0,343323
11,438333;-0,343323
11,44;-0,343323
11,441667;-0,343323
11,443333;-0,343323
11,445;-0,343323
11,446667;-0,346184
11,448333;-0,346184
11,45;-0,346184
11,451667;-0,346184
11,453333;-0,346184
11,455;-0,346184
11,456667;-0,346184
11,458333;-0,346184
11,46;-0,346184
11,461667;-0,346184
11,463333;-0,346184
11,465;-0,346184
11,466667;-0,346184
11,468333;-0,346184
11,47;-0,346184
11,471667;-0,346184
11,473333;-0,346184
11,475;-0,346184
11,476667;-0,346184
11,478333;-0,346184
11,48;-0,346184
11,481667;-0,346184
11,483333;-0,346184
11,485;-0,346184
11,486667;-0,346184
11,488333;-0,346184
11,49;-0,346184
11,491667;-0,346184
11,493333;-0,346184
11,495;-0,346184
11,496667;-0,346184
11,498333;-0,346184
11,5;-0,346184
11,501667;-0,346184
11,503333;-0,346184
11,505;-0,346184
11,506667;-0,346184
11,508333;-0,346184
11,51;-0,346184
11,511667;-0,346184
11,513333;-0,346184
11,515;-0,346184
11,516667;-0,346184
11,518333;-0,346184
11,52;-0,346184
11,521667;-0,346184
11,523333;-0,346184
11,525;-0,346184
11,526667;-0,346184
11,528333;-0,346184
11,53;-0,346184
11,531667;-0,346184
11,533333;-0,346184
11,535;-0,346184
11,536667;-0,346184
11,538333;-0,346184
11,54;-0,346184
11,541667;-0,346184
11,543333;-0,346184
11,545;-0,346184
11,546667;-0,346184
11,548333;-0,349045
11,55;-0,349045
11,551667;-0,349045
11,553333;-0,349045
11,555;-0,349045
11,556667;-0,349045
11,558333;-0,349045
11,56;-0,349045
11,561667;-0,349045
11,563333;-0,349045
11,565;-0,349045
11,566667;-0,349045
11,568333;-0,349045
11,57;-0,349045
11,571667;-0,349045
11,573333;-0,349045
11,575;-0,349045
11,576667;-0,349045
11,578333;-0,349045
11,58;-0,349045
11,581667;-0,349045
11,583333;-0,349045
11,585;-0,349045
11,586667;-0,349045
11,588333;-0,349045
11,59;-0,349045
11,591667;-0,349045
11,593333;-0,349045
11,595;-0,349045
11,596667;-0,349045
11,598333;-0,349045
11,6;-0,349045
11,601667;-0,349045
11,603333;-0,349045
11,605;-0,349045
11,606667;-0,349045
11,608333;-0,349045
11,61;-0,349045
11,611667;-0,349045
11,613333;-0,351906
11,615;-0,351906
11,616667;-0,351906
11,618333;-0,351906
11,62;-0,351906
11,621667;-0,351906
11,623333;-0,351906
11,625;-0,351906
11,626667;-0,351906
11,628333;-0,351906
11,63;-0,351906
11,631667;-0,351906
11,633333;-0,351906
11,635;-0,351906
11,636667;-0,351906
11,638333;-0,351906
11,64;-0,351906
11,641667;-0,351906
11,643333;-0,351906
11,645;-0,351906
11,646667;-0,351906
11,648333;-0,351906
11,65;-0,351906
11,651667;-0,351906
11,653333;-0,351906
11,655;-0,351906
11,656667;-0,351906
11,658333;-0,351906
11,66;-0,351906
11,661667;-0,351906
11,663333;-0,351906
11,665;-0,351906
11,666667;-0,351906
11,668333;-0,351906
11,67;-0,351906
11,671667;-0,351906
11,673333;-0,351906
11,675;-0,351906
11,676667;-0,351906
11,678333;-0,351906
11,68;-0,351906
11,681667;-0,351906
11,683333;-0,351906
11,685;-0,351906
11,686667;-0,351906
11,688333;-0,351906
11,69;-0,351906
11,691667;-0,351906
11,693333;-0,351906
11,695;-0,351906
11,696667;-0,351906
11,698333;-0,351906
11,7;-0,351906
11,701667;-0,351906
11,703333;-0,351906
11,705;-0,351906
11,706667;-0,351906
11,708333;-0,351906
11,71;-0,351906
11,711667;-0,351906
11,713333;-0,351906
11,715;-0,351906
11,716667;-0,351906
11,718333;-0,351906
11,72;-0,354767
11,721667;-0,354767
11,723333;-0,354767
11,725;-0,354767
11,726667;-0,354767
11,728333;-0,354767
11,73;-0,354767
11,731667;-0,354767
11,733333;-0,354767
11,735;-0,354767
11,736667;-0,354767
11,738333;-0,354767
11,74;-0,354767
11,741667;-0,354767
11,743333;-0,354767
11,745;-0,354767
11,746667;-0,354767
11,748333;-0,354767
11,75;-0,354767
11,751667;-0,354767
11,753333;-0,354767
11,755;-0,354767
11,756667;-0,354767
11,758333;-0,354767
11,76;-0,354767
11,761667;-0,354767
11,763333;-0,354767
11,765;-0,354767
11,766667;-0,354767
11,768333;-0,354767
11,77;-0,354767
11,771667;-0,354767
11,773333;-0,354767
11,775;-0,354767
11,776667;-0,354767
11,778333;-0,354767
11,78;-0,354767
11,781667;-0,354767
11,783333;-0,354767
11,785;-0,354767
11,786667;-0,354767
11,788333;-0,354767
11,79;-0,354767
11,791667;-0,354767
11,793333;-0,354767
11,795;-0,354767
11,796667;-0,354767
11,798333;-0,354767
11,8;-0,354767
11,801667;-0,354767
11,803333;-0,354767
11,805;-0,354767
11,806667;-0,354767
11,808333;-0,354767
11,81;-0,354767
11,811667;-0,354767
11,813333;-0,354767
11,815;-0,354767
11,816667;-0,354767
11,818333;-0,354767
11,82;-0,354767
11,821667;-0,354767
11,823333;-0,354767
11,825;-0,354767
11,826667;-0,354767
11,828333;-0,354767
11,83;-0,354767
11,831667;-0,354767
11,833333;-0,354767
11,835;-0,354767
11,836667;-0,354767
11,838333;-0,354767
11,84;-0,354767
11,841667;-0,354767
11,843333;-0,354767
11,845;-0,354767
11,846667;-0,354767
11,848333;-0,354767
11,85;-0,354767
11,851667;-0,354767
11,853333;-0,354767
11,855;-0,354767
11,856667;-0,354767
11,858333;-0,357628
11,86;-0,357628
11,861667;-0,357628
11,863333;-0,357628
11,865;-0,357628
11,866667;-0,357628
11,868333;-0,357628
11,87;-0,357628
11,871667;-0,357628
11,873333;-0,357628
11,875;-0,357628
11,876667;-0,357628
11,878333;-0,357628
11,88;-0,357628
11,881667;-0,357628
11,883333;-0,357628
11,885;-0,357628
11,886667;-0,357628
11,888333;-0,357628
11,89;-0,357628
11,891667;-0,357628
11,893333;-0,357628
11,895;-0,357628
11,896667;-0,357628
11,898333;-0,357628
11,9;-0,357628
11,901667;-0,357628
11,903333;-0,357628
11,905;-0,357628
11,906667;-0,357628
11,908333;-0,357628
11,91;-0,357628
11,911667;-0,357628
11,913333;-0,357628
11,915;-0,357628
11,916667;-0,357628
11,918333;-0,357628
11,92;-0,357628
11,921667;-0,357628
11,923333;-0,357628
11,925;-0,357628
11,926667;-0,357628
11,928333;-0,357628
11,93;-0,357628
11,931667;-0,357628
11,933333;-0,357628
11,935;-0,357628
11,936667;-0,357628
11,938333;-0,357628
11,94;-0,357628
11,941667;-0,357628
11,943333;-0,357628
11,945;-0,357628
11,946667;-0,357628
11,948333;-0,357628
11,95;-0,357628
11,951667;-0,357628
11,953333;-0,357628
11,955;-0,357628
11,956667;-0,357628
11,958333;-0,357628
11,96;-0,360489
11,961667;-0,360489
11,963333;-0,360489
11,965;-0,360489
11,966667;-0,360489
11,968333;-0,360489
11,97;-0,360489
11,971667;-0,360489
11,973333;-0,360489
11,975;-0,360489
11,976667;-0,360489
11,978333;-0,360489
11,98;-0,360489
11,981667;-0,360489
11,983333;-0,360489
11,985;-0,360489
11,986667;-0,360489
11,988333;-0,360489
11,99;-0,360489
11,991667;-0,360489
11,993333;-0,360489
11,995;-0,360489
11,996667;-0,360489
11,998333;-0,360489
12;-0,360489
12,001667;-0,360489
12,003333;-0,360489
12,005;-0,360489
12,006667;-0,360489
12,008333;-0,360489
12,01;-0,360489
12,011667;-0,360489
12,013333;-0,360489
12,015;-0,360489
12,016667;-0,360489
12,018333;-0,360489
12,02;-0,360489
12,021667;-0,360489
12,023333;-0,360489
12,025;-0,360489
12,026667;-0,360489
12,028333;-0,360489
12,03;-0,360489
12,031667;-0,360489
12,033333;-0,360489
12,035;-0,360489
12,036667;-0,360489
12,038333;-0,360489
12,04;-0,360489
12,041667;-0,360489
12,043333;-0,360489
12,045;-0,360489
12,046667;-0,360489
12,048333;-0,360489
12,05;-0,360489
12,051667;-0,360489
12,053333;-0,360489
12,055;-0,360489
12,056667;-0,360489
12,058333;-0,360489
12,06;-0,360489
12,061667;-0,360489
12,063333;-0,360489
12,065;-0,360489
12,066667;-0,36335
12,068333;-0,36335
12,07;-0,36335
12,071667;-0,36335
12,073333;-0,36335
12,075;-0,36335
12,076667;-0,36335
12,078333;-0,36335
12,08;-0,36335
12,081667;-0,36335
12,083333;-0,36335
12,085;-0,36335
12,086667;-0,36335
12,088333;-0,36335
12,09;-0,36335
12,091667;-0,36335
12,093333;-0,36335
12,095;-0,36335
12,096667;-0,36335
12,098333;-0,36335
12,1;-0,36335
12,101667;-0,36335
12,103333;-0,36335
12,105;-0,36335
12,106667;-0,36335
12,108333;-0,36335
12,11;-0,36335
12,111667;-0,36335
12,113333;-0,36335
12,115;-0,36335
12,116667;-0,36335
12,118333;-0,36335
12,12;-0,36335
12,121667;-0,36335
12,123333;-0,36335
12,125;-0,36335
12,126667;-0,36335
12,128333;-0,36335
12,13;-0,36335
12,131667;-0,36335
12,133333;-0,36335
12,135;-0,36335
12,136667;-0,36335
12,138333;-0,36335
12,14;-0,36335
12,141667;-0,36335
12,143333;-0,36335
12,145;-0,36335
12,146667;-0,36335
12,148333;-0,36335
12,15;-0,36335
12,151667;-0,366211
12,153333;-0,366211
12,155;-0,366211
12,156667;-0,366211
12,158333;-0,366211
12,16;-0,366211
12,161667;-0,366211
12,163333;-0,366211
12,165;-0,366211
12,166667;-0,366211
12,168333;-0,366211
12,17;-0,366211
12,171667;-0,366211
12,173333;-0,366211
12,175;-0,366211
12,176667;-0,366211
12,178333;-0,366211
12,18;-0,366211
12,181667;-0,366211
12,183333;-0,366211
12,185;-0,366211
12,186667;-0,366211
12,188333;-0,366211
12,19;-0,366211
12,191667;-0,366211
12,193333;-0,366211
12,195;-0,366211
12,196667;-0,366211
12,198333;-0,366211
12,2;-0,366211
12,201667;-0,366211
12,203333;-0,369072
12,205;-0,369072
12,206667;-0,369072
12,208333;-0,369072
12,21;-0,369072
12,211667;-0,369072
12,213333;-0,369072
12,215;-0,369072
12,216667;-0,369072
12,218333;-0,369072
12,22;-0,369072
12,221667;-0,369072
12,223333;-0,369072
12,225;-0,369072
12,226667;-0,369072
12,228333;-0,369072
12,23;-0,369072
12,231667;-0,369072
12,233333;-0,369072
12,235;-0,369072
12,236667;-0,369072
12,238333;-0,369072
12,24;-0,369072
12,241667;-0,369072
12,243333;-0,369072
12,245;-0,369072
12,246667;-0,369072
12,248333;-0,369072
12,25;-0,369072
12,251667;-0,369072
12,253333;-0,369072
12,255;-0,369072
12,256667;-0,369072
12,258333;-0,369072
12,26;-0,369072
12,261667;-0,369072
12,263333;-0,369072
12,265;-0,369072
12,266667;-0,369072
12,268333;-0,369072
12,27;-0,369072
12,271667;-0,369072
12,273333;-0,369072
12,275;-0,369072
12,276667;-0,369072
12,278333;-0,369072
12,28;-0,369072
12,281667;-0,369072
12,283333;-0,369072
12,285;-0,369072
12,286667;-0,369072
12,288333;-0,369072
12,29;-0,369072
12,291667;-0,369072
12,293333;-0,369072
12,295;-0,369072
12,296667;-0,369072
12,298333;-0,369072
12,3;-0,369072
12,301667;-0,369072
12,303333;-0,369072
12,305;-0,369072
12,306667;-0,369072
12,308333;-0,369072
12,31;-0,369072
12,311667;-0,369072
12,313333;-0,369072
12,315;-0,369072
12,316667;-0,369072
12,318333;-0,369072
12,32;-0,369072
12,321667;-0,369072
12,323333;-0,369072
12,325;-0,369072
12,326667;-0,369072
12,328333;-0,369072
12,33;-0,369072
12,331667;-0,369072
12,333333;-0,369072
12,335;-0,369072
12,336667;-0,369072
12,338333;-0,369072
12,34;-0,369072
12,341667;-0,369072
12,343333;-0,369072
12,345;-0,369072
12,346667;-0,369072
12,348333;-0,369072
12,35;-0,369072
12,351667;-0,369072
12,353333;-0,371933
12,355;-0,371933
12,356667;-0,371933
12,358333;-0,371933
12,36;-0,371933
12,361667;-0,371933
12,363333;-0,371933
12,365;-0,371933
12,366667;-0,371933
12,368333;-0,371933
12,37;-0,371933
12,371667;-0,371933
12,373333;-0,371933
12,375;-0,371933
12,376667;-0,371933
12,378333;-0,371933
12,38;-0,371933
12,381667;-0,371933
12,383333;-0,371933
12,385;-0,371933
12,386667;-0,371933
12,388333;-0,371933
12,39;-0,371933
12,391667;-0,371933
12,393333;-0,371933
12,395;-0,371933
12,396667;-0,371933
12,398333;-0,371933
12,4;-0,371933
12,401667;-0,371933
12,403333;-0,371933
12,405;-0,371933
12,406667;-0,371933
12,408333;-0,371933
12,41;-0,371933
12,411667;-0,371933
12,413333;-0,371933
12,415;-0,371933
12,416667;-0,371933
12,418333;-0,371933
12,42;-0,371933
12,421667;-0,371933
12,423333;-0,371933
12,425;-0,371933
12,426667;-0,371933
12,428333;-0,371933
12,43;-0,371933
12,431667;-0,371933
12,433333;-0,371933
12,435;-0,371933
12,436667;-0,371933
12,438333;-0,371933
12,44;-0,371933
12,441667;-0,371933
12,443333;-0,371933
12,445;-0,371933
12,446667;-0,371933
12,448333;-0,371933
12,45;-0,371933
12,451667;-0,371933
12,453333;-0,374794
12,455;-0,374794
12,456667;-0,374794
12,458333;-0,374794
12,46;-0,374794
12,461667;-0,374794
12,463333;-0,374794
12,465;-0,374794
12,466667;-0,374794
12,468333;-0,374794
12,47;-0,374794
12,471667;-0,374794
12,473333;-0,374794
12,475;-0,374794
12,476667;-0,374794
12,478333;-0,374794
12,48;-0,374794
12,481667;-0,374794
12,483333;-0,374794
12,485;-0,374794
12,486667;-0,374794
12,488333;-0,374794
12,49;-0,374794
12,491667;-0,374794
12,493333;-0,374794
12,495;-0,374794
12,496667;-0,374794
12,498333;-0,374794
12,5;-0,374794
12,501667;-0,374794
12,503333;-0,374794
12,505;-0,374794
12,506667;-0,374794
12,508333;-0,374794
12,51;-0,374794
12,511667;-0,374794
12,513333;-0,374794
12,515;-0,374794
12,516667;-0,374794
12,518333;-0,374794
12,52;-0,374794
12,521667;-0,374794
12,523333;-0,374794
12,525;-0,374794
12,526667;-0,374794
12,528333;-0,374794
12,53;-0,374794
12,531667;-0,374794
12,533333;-0,374794
12,535;-0,374794
12,536667;-0,374794
12,538333;-0,374794
12,54;-0,374794
12,541667;-0,374794
12,543333;-0,374794
12,545;-0,374794
12,546667;-0,374794
12,548333;-0,374794
12,55;-0,374794
12,551667;-0,374794
12,553333;-0,374794
12,555;-0,374794
12,556667;-0,374794
12,558333;-0,374794
12,56;-0,374794
12,561667;-0,374794
12,563333;-0,374794
12,565;-0,374794
12,566667;-0,374794
12,568333;-0,374794
12,57;-0,374794
12,571667;-0,377655
12,573333;-0,377655
12,575;-0,377655
12,576667;-0,377655
12,578333;-0,377655
12,58;-0,377655
12,581667;-0,377655
12,583333;-0,377655
12,585;-0,377655
12,586667;-0,377655
12,588333;-0,377655
12,59;-0,377655
12,591667;-0,377655
12,593333;-0,377655
12,595;-0,377655
12,596667;-0,377655
12,598333;-0,377655
12,6;-0,377655
12,601667;-0,377655
12,603333;-0,377655
12,605;-0,377655
12,606667;-0,377655
12,608333;-0,377655
12,61;-0,377655
12,611667;-0,377655
12,613333;-0,377655
12,615;-0,377655
12,616667;-0,377655
12,618333;-0,377655
12,62;-0,377655
12,621667;-0,377655
12,623333;-0,377655
12,625;-0,377655
12,626667;-0,377655
12,628333;-0,377655
12,63;-0,377655
12,631667;-0,377655
12,633333;-0,377655
12,635;-0,377655
12,636667;-0,377655
12,638333;-0,377655
12,64;-0,377655
12,641667;-0,377655
12,643333;-0,377655
12,645;-0,377655
12,646667;-0,377655
12,648333;-0,377655
12,65;-0,377655
12,651667;-0,377655
12,653333;-0,377655
12,655;-0,377655
12,656667;-0,377655
12,658333;-0,377655
12,66;-0,377655
12,661667;-0,377655
12,663333;-0,377655
12,665;-0,377655
12,666667;-0,377655
12,668333;-0,377655
12,67;-0,377655
12,671667;-0,377655
12,673333;-0,377655
12,675;-0,377655
12,676667;-0,377655
12,678333;-0,377655
12,68;-0,377655
12,681667;-0,377655
12,683333;-0,377655
12,685;-0,377655
12,686667;-0,377655
12,688333;-0,377655
12,69;-0,377655
12,691667;-0,377655
12,693333;-0,377655
12,695;-0,377655
12,696667;-0,377655
12,698333;-0,377655
12,7;-0,377655
12,701667;-0,377655
12,703333;-0,377655
12,705;-0,377655
12,706667;-0,380516
12,708333;-0,380516
12,71;-0,380516
12,711667;-0,380516
12,713333;-0,380516
12,715;-0,380516
12,716667;-0,380516
12,718333;-0,380516
12,72;-0,380516
12,721667;-0,380516
12,723333;-0,380516
12,725;-0,380516
12,726667;-0,380516
12,728333;-0,380516
12,73;-0,380516
12,731667;-0,380516
12,733333;-0,380516
12,735;-0,380516
12,736667;-0,380516
12,738333;-0,380516
12,74;-0,380516
12,741667;-0,383377
12,743333;-0,383377
12,745;-0,383377
12,746667;-0,383377
12,748333;-0,383377
12,75;-0,383377
12,751667;-0,383377
12,753333;-0,383377
12,755;-0,383377
12,756667;-0,383377
12,758333;-0,383377
12,76;-0,383377
12,761667;-0,383377
12,763333;-0,383377
12,765;-0,383377
12,766667;-0,383377
12,768333;-0,383377
12,77;-0,383377
12,771667;-0,383377
12,773333;-0,383377
12,775;-0,383377
12,776667;-0,383377
12,778333;-0,383377
12,78;-0,383377
12,781667;-0,383377
12,783333;-0,383377
12,785;-0,383377
12,786667;-0,383377
12,788333;-0,383377
12,79;-0,383377
12,791667;-0,383377
12,793333;-0,383377
12,795;-0,383377
12,796667;-0,383377
12,798333;-0,383377
12,8;-0,383377
12,801667;-0,383377
12,803333;-0,383377
12,805;-0,383377
12,806667;-0,383377
12,808333;-0,383377
12,81;-0,383377
12,811667;-0,383377
12,813333;-0,383377
12,815;-0,383377
12,816667;-0,383377
12,818333;-0,383377
12,82;-0,383377
12,821667;-0,383377
12,823333;-0,383377
12,825;-0,383377
12,826667;-0,383377
12,828333;-0,383377
12,83;-0,383377
12,831667;-0,383377
12,833333;-0,383377
12,835;-0,383377
12,836667;-0,383377
12,838333;-0,383377
12,84;-0,383377
12,841667;-0,383377
12,843333;-0,383377
12,845;-0,383377
12,846667;-0,383377
12,848333;-0,383377
12,85;-0,383377
12,851667;-0,383377
12,853333;-0,383377
12,855;-0,383377
12,856667;-0,383377
12,858333;-0,383377
12,86;-0,383377
12,861667;-0,383377
12,863333;-0,383377
12,865;-0,383377
12,866667;-0,383377
12,868333;-0,383377
12,87;-0,383377
12,871667;-0,383377
12,873333;-0,383377
12,875;-0,383377
12,876667;-0,383377
12,878333;-0,383377
12,88;-0,383377
12,881667;-0,383377
12,883333;-0,383377
12,885;-0,383377
12,886667;-0,383377
12,888333;-0,383377
12,89;-0,383377
12,891667;-0,383377
12,893333;-0,383377
12,895;-0,386238
12,896667;-0,386238
12,898333;-0,386238
12,9;-0,386238
12,901667;-0,386238
12,903333;-0,386238
12,905;-0,386238
12,906667;-0,386238
12,908333;-0,386238
12,91;-0,386238
12,911667;-0,386238
12,913333;-0,386238
12,915;-0,386238
12,916667;-0,386238
12,918333;-0,386238
12,92;-0,386238
12,921667;-0,386238
12,923333;-0,386238
12,925;-0,386238
12,926667;-0,386238
12,928333;-0,386238
12,93;-0,386238
12,931667;-0,386238
12,933333;-0,386238
12,935;-0,386238
12,936667;-0,386238
12,938333;-0,386238
12,94;-0,386238
12,941667;-0,386238
12,943333;-0,386238
12,945;-0,386238
12,946667;-0,386238
12,948333;-0,386238
12,95;-0,386238
12,951667;-0,386238
12,953333;-0,386238
12,955;-0,386238
12,956667;-0,386238
12,958333;-0,386238
12,96;-0,386238
12,961667;-0,386238
12,963333;-0,386238
12,965;-0,389099
12,966667;-0,389099
12,968333;-0,389099
12,97;-0,389099
12,971667;-0,389099
12,973333;-0,389099
12,975;-0,389099
12,976667;-0,389099
12,978333;-0,389099
12,98;-0,389099
12,981667;-0,389099
12,983333;-0,389099
12,985;-0,389099
12,986667;-0,389099
12,988333;-0,389099
12,99;-0,389099
12,991667;-0,389099
12,993333;-0,389099
12,995;-0,389099
12,996667;-0,389099
12,998333;-0,389099
13;-0,389099
13,001667;-0,389099
13,003333;-0,389099
13,005;-0,389099
13,006667;-0,389099
13,008333;-0,389099
13,01;-0,389099
13,011667;-0,389099
13,013333;-0,389099
13,015;-0,389099
13,016667;-0,389099
13,018333;-0,389099
13,02;-0,389099
13,021667;-0,389099
13,023333;-0,389099
13,025;-0,389099
13,026667;-0,389099
13,028333;-0,389099
13,03;-0,389099
13,031667;-0,389099
13,033333;-0,389099
13,035;-0,389099
13,036667;-0,389099
13,038333;-0,389099
13,04;-0,389099
13,041667;-0,389099
13,043333;-0,389099
13,045;-0,389099
13,046667;-0,389099
13,048333;-0,389099
13,05;-0,389099
13,051667;-0,389099
13,053333;-0,389099
13,055;-0,389099
13,056667;-0,389099
13,058333;-0,389099
13,06;-0,389099
13,061667;-0,389099
13,063333;-0,389099
13,065;-0,389099
13,066667;-0,389099
13,068333;-0,389099
13,07;-0,389099
13,071667;-0,389099
13,073333;-0,389099
13,075;-0,389099
13,076667;-0,389099
13,078333;-0,389099
13,08;-0,389099
13,081667;-0,389099
13,083333;-0,389099
13,085;-0,389099
13,086667;-0,389099
13,088333;-0,389099
13,09;-0,389099
13,091667;-0,389099
13,093333;-0,389099
13,095;-0,389099
13,096667;-0,389099
13,098333;-0,389099
13,1;-0,389099
13,101667;-0,389099
13,103333;-0,389099
13,105;-0,389099
13,106667;-0,389099
13,108333;-0,389099
13,11;-0,389099
13,111667;-0,389099
13,113333;-0,389099
13,115;-0,389099
13,116667;-0,389099
13,118333;-0,389099
13,12;-0,389099
13,121667;-0,389099
13,123333;-0,389099
13,125;-0,389099
13,126667;-0,389099
13,128333;-0,389099
13,13;-0,389099
13,131667;-0,389099
13,133333;-0,389099
13,135;-0,389099
13,136667;-0,389099
13,138333;-0,389099
13,14;-0,389099
13,141667;-0,389099
13,143333;-0,389099
13,145;-0,389099
13,146667;-0,389099
13,148333;-0,389099
13,15;-0,389099
13,151667;-0,389099
13,153333;-0,389099
13,155;-0,389099
13,156667;-0,389099
13,158333;-0,389099
13,16;-0,389099
13,161667;-0,389099
13,163333;-0,389099
13,165;-0,389099
13,166667;-0,389099
13,168333;-0,389099
13,17;-0,389099
13,171667;-0,389099
13,173333;-0,389099
13,175;-0,389099
13,176667;-0,389099
13,178333;-0,39196
13,18;-0,39196
13,181667;-0,39196
13,183333;-0,39196
13,185;-0,39196
13,186667;-0,39196
13,188333;-0,39196
13,19;-0,39196
13,191667;-0,39196
13,193333;-0,39196
13,195;-0,39196
13,196667;-0,39196
13,198333;-0,39196
13,2;-0,39196
13,201667;-0,39196
13,203333;-0,39196
13,205;-0,39196
13,206667;-0,39196
13,208333;-0,39196
13,21;-0,39196
13,211667;-0,39196
13,213333;-0,39196
13,215;-0,39196
13,216667;-0,39196
13,218333;-0,39196
13,22;-0,39196
13,221667;-0,39196
13,223333;-0,39196
13,225;-0,39196
13,226667;-0,39196
13,228333;-0,39196
13,23;-0,39196
13,231667;-0,39196
13,233333;-0,394821
13,235;-0,394821
13,236667;-0,394821
13,238333;-0,394821
13,24;-0,394821
13,241667;-0,394821
13,243333;-0,394821
13,245;-0,394821
13,246667;-0,394821
13,248333;-0,394821
13,25;-0,394821
13,251667;-0,394821
13,253333;-0,394821
13,255;-0,394821
13,256667;-0,394821
13,258333;-0,394821
13,26;-0,394821
13,261667;-0,394821
13,263333;-0,394821
13,265;-0,394821
13,266667;-0,394821
13,268333;-0,394821
13,27;-0,394821
13,271667;-0,394821
13,273333;-0,394821
13,275;-0,394821
13,276667;-0,394821
13,278333;-0,394821
13,28;-0,394821
13,281667;-0,394821
13,283333;-0,394821
13,285;-0,394821
13,286667;-0,394821
13,288333;-0,394821
13,29;-0,394821
13,291667;-0,394821
13,293333;-0,394821
13,295;-0,394821
13,296667;-0,394821
13,298333;-0,394821
13,3;-0,394821
13,301667;-0,394821
13,303333;-0,394821
13,305;-0,394821
13,306667;-0,394821
13,308333;-0,394821
13,31;-0,394821
13,311667;-0,394821
13,313333;-0,394821
13,315;-0,394821
13,316667;-0,394821
13,318333;-0,394821
13,32;-0,394821
13,321667;-0,394821
13,323333;-0,394821
13,325;-0,394821
13,326667;-0,394821
13,328333;-0,394821
13,33;-0,394821
13,331667;-0,394821
13,333333;-0,394821
13,335;-0,394821
13,336667;-0,394821
13,338333;-0,394821
13,34;-0,394821
13,341667;-0,394821
13,343333;-0,394821
13,345;-0,394821
13,346667;-0,394821
13,348333;-0,394821
13,35;-0,394821
13,351667;-0,39196
13,353333;-0,39196
13,355;-0,39196
13,356667;-0,39196
13,358333;-0,39196
13,36;-0,39196
13,361667;-0,39196
13,363333;-0,39196
13,365;-0,39196
13,366667;-0,39196
13,368333;-0,39196
13,37;-0,39196
13,371667;-0,39196
13,373333;-0,39196
13,375;-0,39196
13,376667;-0,39196
13,378333;-0,389099
13,38;-0,389099
13,381667;-0,389099
13,383333;-0,389099
13,385;-0,389099
13,386667;-0,389099
13,388333;-0,389099
13,39;-0,389099
13,391667;-0,389099
13,393333;-0,389099
13,395;-0,389099
13,396667;-0,389099
13,398333;-0,389099
13,4;-0,389099
13,401667;-0,389099
13,403333;-0,389099
13,405;-0,386238
13,406667;-0,386238
13,408333;-0,386238
13,41;-0,386238
13,411667;-0,386238
13,413333;-0,386238
13,415;-0,386238
13,416667;-0,386238
13,418333;-0,386238
13,42;-0,386238
13,421667;-0,386238
13,423333;-0,386238
13,425;-0,386238
13,426667;-0,386238
13,428333;-0,383377
13,43;-0,383377
13,431667;-0,383377
13,433333;-0,383377
13,435;-0,383377
13,436667;-0,383377
13,438333;-0,383377
13,44;-0,383377
13,441667;-0,383377
13,443333;-0,383377
13,445;-0,383377
13,446667;-0,383377
13,448333;-0,383377
13,45;-0,383377
13,451667;-0,380516
13,453333;-0,380516
13,455;-0,380516
13,456667;-0,380516
13,458333;-0,380516
13,46;-0,380516
13,461667;-0,380516
13,463333;-0,380516
13,465;-0,377655
13,466667;-0,377655
13,468333;-0,377655
13,47;-0,377655
13,471667;-0,377655
13,473333;-0,377655
13,475;-0,377655
13,476667;-0,377655
13,478333;-0,377655
13,48;-0,377655
13,481667;-0,377655
13,483333;-0,377655
13,485;-0,377655
13,486667;-0,377655
13,488333;-0,377655
13,49;-0,377655
13,491667;-0,377655
13,493333;-0,377655
13,495;-0,377655
13,496667;-0,374794
13,498333;-0,374794
13,5;-0,374794
13,501667;-0,374794
13,503333;-0,374794
13,505;-0,374794
13,506667;-0,374794
13,508333;-0,374794
13,51;-0,374794
13,511667;-0,374794
13,513333;-0,374794
13,515;-0,374794
13,516667;-0,374794
13,518333;-0,374794
13,52;-0,374794
13,521667;-0,371933
13,523333;-0,371933
13,525;-0,371933
13,526667;-0,371933
13,528333;-0,371933
13,53;-0,371933
13,531667;-0,371933
13,533333;-0,371933
13,535;-0,371933
13,536667;-0,371933
13,538333;-0,371933
13,54;-0,369072
13,541667;-0,369072
13,543333;-0,369072
13,545;-0,369072
13,546667;-0,369072
13,548333;-0,369072
13,55;-0,369072
13,551667;-0,369072
13,553333;-0,369072
13,555;-0,369072
13,556667;-0,369072
13,558333;-0,369072
13,56;-0,369072
13,561667;-0,369072
13,563333;-0,369072
13,565;-0,369072
13,566667;-0,369072
13,568333;-0,369072
13,57;-0,369072
13,571667;-0,369072
13,573333;-0,369072
13,575;-0,369072
13,576667;-0,369072
13,578333;-0,369072
13,58;-0,369072
13,581667;-0,369072
13,583333;-0,369072
13,585;-0,369072
13,586667;-0,369072
13,588333;-0,369072
13,59;-0,366211
13,591667;-0,366211
13,593333;-0,366211
13,595;-0,366211
13,596667;-0,366211
13,598333;-0,366211
13,6;-0,366211
13,601667;-0,366211
13,603333;-0,366211
13,605;-0,366211
13,606667;-0,366211
13,608333;-0,366211
13,61;-0,366211
13,611667;-0,366211
13,613333;-0,366211
13,615;-0,366211
13,616667;-0,366211
13,618333;-0,366211
13,62;-0,366211
13,621667;-0,366211
13,623333;-0,366211
13,625;-0,366211
13,626667;-0,366211
13,628333;-0,366211
13,63;-0,366211
13,631667;-0,366211
13,633333;-0,366211
13,635;-0,366211
13,636667;-0,366211
13,638333;-0,366211
13,64;-0,366211
13,641667;-0,366211
13,643333;-0,369072
13,645;-0,369072
13,646667;-0,369072
13,648333;-0,369072
13,65;-0,369072
13,651667;-0,369072
13,653333;-0,369072
13,655;-0,369072
13,656667;-0,369072
13,658333;-0,369072
13,66;-0,369072
13,661667;-0,369072
13,663333;-0,369072
13,665;-0,369072
13,666667;-0,369072
13,668333;-0,369072
13,67;-0,369072
13,671667;-0,369072
13,673333;-0,369072
13,675;-0,369072
13,676667;-0,369072
13,678333;-0,369072
13,68;-0,369072
13,681667;-0,369072
13,683333;-0,369072
13,685;-0,369072
13,686667;-0,369072
13,688333;-0,369072
13,69;-0,369072
13,691667;-0,369072
13,693333;-0,369072
13,695;-0,369072
13,696667;-0,371933
13,698333;-0,371933
13,7;-0,371933
13,701667;-0,371933
13,703333;-0,371933
13,705;-0,371933
13,706667;-0,371933
13,708333;-0,371933
13,71;-0,371933
13,711667;-0,371933
13,713333;-0,371933
13,715;-0,371933
13,716667;-0,371933
13,718333;-0,371933
13,72;-0,371933
13,721667;-0,371933
13,723333;-0,371933
13,725;-0,371933
13,726667;-0,371933
13,728333;-0,371933
13,73;-0,374794
13,731667;-0,374794
13,733333;-0,374794
13,735;-0,374794
13,736667;-0,374794
13,738333;-0,374794
13,74;-0,374794
13,741667;-0,374794
13,743333;-0,374794
13,745;-0,374794
13,746667;-0,374794
13,748333;-0,374794
13,75;-0,374794
13,751667;-0,374794
13,753333;-0,374794
13,755;-0,377655
13,756667;-0,377655
13,758333;-0,377655
13,76;-0,377655
13,761667;-0,377655
13,763333;-0,377655
13,765;-0,377655
13,766667;-0,377655
13,768333;-0,377655
13,77;-0,380516
13,771667;-0,380516
13,773333;-0,380516
13,775;-0,380516
13,776667;-0,380516
13,778333;-0,380516
13,78;-0,380516
13,781667;-0,380516
13,783333;-0,380516
13,785;-0,380516
13,786667;-0,380516
13,788333;-0,380516
13,79;-0,380516
13,791667;-0,380516
13,793333;-0,380516
13,795;-0,380516
13,796667;-0,380516
13,798333;-0,380516
13,8;-0,380516
13,801667;-0,380516
13,803333;-0,380516
13,805;-0,383377
13,806667;-0,383377
13,808333;-0,383377
13,81;-0,383377
13,811667;-0,383377
13,813333;-0,383377
13,815;-0,383377
13,816667;-0,383377
13,818333;-0,383377
13,82;-0,383377
13,821667;-0,383377
13,823333;-0,383377
13,825;-0,383377
13,826667;-0,383377
13,828333;-0,383377
13,83;-0,383377
13,831667;-0,383377
13,833333;-0,383377
13,835;-0,386238
13,836667;-0,386238
13,838333;-0,386238
13,84;-0,386238
13,841667;-0,386238
13,843333;-0,386238
13,845;-0,386238
13,846667;-0,386238
13,848333;-0,386238
13,85;-0,386238
13,851667;-0,386238
13,853333;-0,386238
13,855;-0,386238
13,856667;-0,386238
13,858333;-0,386238
13,86;-0,389099
13,861667;-0,389099
13,863333;-0,389099
13,865;-0,389099
13,866667;-0,389099
13,868333;-0,389099
13,87;-0,389099
13,871667;-0,389099
13,873333;-0,389099
13,875;-0,389099
13,876667;-0,389099
13,878333;-0,389099
13,88;-0,389099
13,881667;-0,389099
13,883333;-0,39196
13,885;-0,39196
13,886667;-0,39196
13,888333;-0,39196
13,89;-0,39196
13,891667;-0,39196
13,893333;-0,39196
13,895;-0,39196
13,896667;-0,39196
13,898333;-0,39196
13,9;-0,39196
13,901667;-0,39196
13,903333;-0,39196
13,905;-0,39196
13,906667;-0,394821
13,908333;-0,394821
13,91;-0,394821
13,911667;-0,394821
13,913333;-0,394821
13,915;-0,394821
13,916667;-0,394821
13,918333;-0,394821
13,92;-0,394821
13,921667;-0,394821
13,923333;-0,394821
13,925;-0,394821
13,926667;-0,394821
13,928333;-0,394821
13,93;-0,394821
13,931667;-0,394821
13,933333;-0,394821
13,935;-0,394821
13,936667;-0,394821
13,938333;-0,394821
13,94;-0,394821
13,941667;-0,397682
13,943333;-0,397682
13,945;-0,397682
13,946667;-0,397682
13,948333;-0,397682
13,95;-0,397682
13,951667;-0,397682
13,953333;-0,397682
13,955;-0,397682
13,956667;-0,397682
13,958333;-0,397682
13,96;-0,397682
13,961667;-0,397682
13,963333;-0,397682
13,965;-0,397682
13,966667;-0,397682
13,968333;-0,397682
13,97;-0,397682
13,971667;-0,397682
13,973333;-0,397682
13,975;-0,397682
13,976667;-0,397682
13,978333;-0,397682
13,98;-0,397682
13,981667;-0,397682
13,983333;-0,397682
13,985;-0,397682
13,986667;-0,397682
13,988333;-0,397682
13,99;-0,397682
13,991667;-0,397682
13,993333;-0,397682
13,995;-0,397682
13,996667;-0,397682
13,998333;-0,397682
14;-0,397682
14,001667;-0,400543
14,003333;-0,400543
14,005;-0,400543
14,006667;-0,400543
14,008333;-0,400543
14,01;-0,400543
14,011667;-0,400543
14,013333;-0,400543
14,015;-0,400543
14,016667;-0,400543
14,018333;-0,400543
14,02;-0,400543
14,021667;-0,400543
14,023333;-0,400543
14,025;-0,400543
14,026667;-0,400543
14,028333;-0,400543
14,03;-0,400543
14,031667;-0,400543
14,033333;-0,400543
14,035;-0,400543
14,036667;-0,403404
14,038333;-0,403404
14,04;-0,403404
14,041667;-0,403404
14,043333;-0,403404
14,045;-0,403404
14,046667;-0,403404
14,048333;-0,403404
14,05;-0,403404
14,051667;-0,400543
14,053333;-0,400543
14,055;-0,403404
14,056667;-0,403404
14,058333;-0,403404
14,06;-0,403404
14,061667;-0,403404
14,063333;-0,403404
14,065;-0,403404
14,066667;-0,403404
14,068333;-0,403404
14,07;-0,403404
14,071667;-0,403404
14,073333;-0,403404
14,075;-0,403404
14,076667;-0,403404
14,078333;-0,403404
14,08;-0,403404
14,081667;-0,403404
14,083333;-0,403404
14,085;-0,403404
14,086667;-0,403404
14,088333;-0,403404
14,09;-0,403404
14,091667;-0,403404
14,093333;-0,406265
14,095;-0,406265
14,096667;-0,406265
14,098333;-0,406265
14,1;-0,406265
14,101667;-0,406265
14,103333;-0,406265
14,105;-0,406265
14,106667;-0,406265
14,108333;-0,406265
14,11;-0,406265
14,111667;-0,406265
14,113333;-0,406265
14,115;-0,406265
14,116667;-0,406265
14,118333;-0,406265
14,12;-0,406265
14,121667;-0,406265
14,123333;-0,406265
14,125;-0,406265
14,126667;-0,406265
14,128333;-0,406265
14,13;-0,406265
14,131667;-0,406265
14,133333;-0,406265
14,135;-0,406265
14,136667;-0,406265
14,138333;-0,406265
14,14;-0,406265
14,141667;-0,406265
14,143333;-0,406265
14,145;-0,409126
14,146667;-0,409126
14,148333;-0,409126
14,15;-0,409126
14,151667;-0,409126
14,153333;-0,409126
14,155;-0,409126
14,156667;-0,409126
14,158333;-0,409126
14,16;-0,409126
14,161667;-0,409126
14,163333;-0,409126
14,165;-0,409126
14,166667;-0,409126
14,168333;-0,409126
14,17;-0,409126
14,171667;-0,409126
14,173333;-0,409126
14,175;-0,409126
14,176667;-0,409126
14,178333;-0,409126
14,18;-0,409126
14,181667;-0,409126
14,183333;-0,409126
14,185;-0,409126
14,186667;-0,409126
14,188333;-0,409126
14,19;-0,409126
14,191667;-0,409126
14,193333;-0,409126
14,195;-0,409126
14,196667;-0,409126
14,198333;-0,409126
14,2;-0,411987
14,201667;-0,411987
14,203333;-0,411987
14,205;-0,411987
14,206667;-0,411987
14,208333;-0,411987
14,21;-0,411987
14,211667;-0,411987
14,213333;-0,411987
14,215;-0,411987
14,216667;-0,411987
14,218333;-0,411987
14,22;-0,411987
14,221667;-0,411987
14,223333;-0,411987
14,225;-0,411987
14,226667;-0,411987
14,228333;-0,411987
14,23;-0,411987
14,231667;-0,411987
14,233333;-0,411987
14,235;-0,411987
14,236667;-0,411987
14,238333;-0,411987
14,24;-0,411987
14,241667;-0,411987
14,243333;-0,411987
14,245;-0,411987
14,246667;-0,411987
14,248333;-0,411987
14,25;-0,411987
14,251667;-0,411987
14,253333;-0,411987
14,255;-0,411987
14,256667;-0,411987
14,258333;-0,411987
14,26;-0,411987
14,261667;-0,411987
14,263333;-0,411987
14,265;-0,411987
14,266667;-0,411987
14,268333;-0,411987
14,27;-0,411987
14,271667;-0,411987
14,273333;-0,411987
14,275;-0,411987
14,276667;-0,411987
14,278333;-0,411987
14,28;-0,411987
14,281667;-0,411987
14,283333;-0,411987
14,285;-0,411987
14,286667;-0,411987
14,288333;-0,411987
14,29;-0,411987
14,291667;-0,411987
14,293333;-0,411987
14,295;-0,411987
14,296667;-0,411987
14,298333;-0,411987
14,3;-0,411987
14,301667;-0,411987
14,303333;-0,411987
14,305;-0,411987
14,306667;-0,411987
14,308333;-0,411987
14,31;-0,411987
14,311667;-0,411987
14,313333;-0,411987
14,315;-0,411987
14,316667;-0,411987
14,318333;-0,411987
14,32;-0,411987
14,321667;-0,411987
14,323333;-0,411987
14,325;-0,411987
14,326667;-0,411987
14,328333;-0,411987
14,33;-0,411987
14,331667;-0,411987
14,333333;-0,411987
14,335;-0,411987
14,336667;-0,411987
14,338333;-0,411987
14,34;-0,411987
14,341667;-0,411987
14,343333;-0,411987
14,345;-0,411987
14,346667;-0,411987
14,348333;-0,411987
14,35;-0,411987
14,351667;-0,411987
14,353333;-0,411987
14,355;-0,411987
14,356667;-0,411987
14,358333;-0,411987
14,36;-0,411987
14,361667;-0,411987
14,363333;-0,411987
14,365;-0,411987
14,366667;-0,411987
14,368333;-0,411987
14,37;-0,411987
14,371667;-0,411987
14,373333;-0,411987
14,375;-0,411987
14,376667;-0,411987
14,378333;-0,411987
14,38;-0,411987
14,381667;-0,411987
14,383333;-0,411987
14,385;-0,411987
14,386667;-0,411987
14,388333;-0,411987
14,39;-0,411987
14,391667;-0,411987
14,393333;-0,411987
14,395;-0,411987
14,396667;-0,411987
14,398333;-0,411987
14,4;-0,411987
14,401667;-0,411987
14,403333;-0,411987
14,405;-0,411987
14,406667;-0,411987
14,408333;-0,411987
14,41;-0,411987
14,411667;-0,411987
14,413333;-0,411987
14,415;-0,411987
14,416667;-0,411987
14,418333;-0,411987
14,42;-0,411987
14,421667;-0,411987
14,423333;-0,411987
14,425;-0,411987
14,426667;-0,411987
14,428333;-0,414848
14,43;-0,414848
14,431667;-0,414848
14,433333;-0,414848
14,435;-0,414848
14,436667;-0,414848
14,438333;-0,414848
14,44;-0,414848
14,441667;-0,414848
14,443333;-0,414848
14,445;-0,414848
14,446667;-0,414848
14,448333;-0,414848
14,45;-0,414848
14,451667;-0,414848
14,453333;-0,414848
14,455;-0,414848
14,456667;-0,414848
14,458333;-0,414848
14,46;-0,414848
14,461667;-0,414848
14,463333;-0,414848
14,465;-0,414848
14,466667;-0,414848
14,468333;-0,414848
14,47;-0,414848
14,471667;-0,414848
14,473333;-0,414848
14,475;-0,414848
14,476667;-0,414848
14,478333;-0,414848
14,48;-0,414848
14,481667;-0,414848
14,483333;-0,414848
14,485;-0,414848
14,486667;-0,414848
14,488333;-0,414848
14,49;-0,414848
14,491667;-0,414848
14,493333;-0,414848
14,495;-0,414848
14,496667;-0,414848
14,498333;-0,414848
14,5;-0,414848
14,501667;-0,414848
14,503333;-0,414848
14,505;-0,414848
14,506667;-0,414848
14,508333;-0,414848
14,51;-0,414848
14,511667;-0,414848
14,513333;-0,414848
14,515;-0,414848
14,516667;-0,414848
14,518333;-0,414848
14,52;-0,414848
14,521667;-0,414848
14,523333;-0,414848
14,525;-0,414848
14,526667;-0,414848
14,528333;-0,414848
14,53;-0,414848
14,531667;-0,414848
14,533333;-0,414848
14,535;-0,414848
14,536667;-0,414848
14,538333;-0,414848
14,54;-0,414848
14,541667;-0,414848
14,543333;-0,414848
14,545;-0,414848
14,546667;-0,414848
14,548333;-0,414848
14,55;-0,414848
14,551667;-0,414848
14,553333;-0,414848
14,555;-0,414848
14,556667;-0,414848
14,558333;-0,414848
14,56;-0,414848
14,561667;-0,414848
14,563333;-0,414848
14,565;-0,414848
14,566667;-0,414848
14,568333;-0,414848
14,57;-0,414848
14,571667;-0,414848
14,573333;-0,414848
14,575;-0,414848
14,576667;-0,414848
14,578333;-0,414848
14,58;-0,414848
14,581667;-0,414848
14,583333;-0,414848
14,585;-0,414848
14,586667;-0,414848
14,588333;-0,414848
14,59;-0,414848
14,591667;-0,414848
14,593333;-0,414848
14,595;-0,414848
14,596667;-0,414848
14,598333;-0,414848
14,6;-0,414848
14,601667;-0,414848
14,603333;-0,414848
14,605;-0,414848
14,606667;-0,414848
14,608333;-0,414848
14,61;-0,414848
14,611667;-0,414848
14,613333;-0,414848
14,615;-0,414848
14,616667;-0,414848
14,618333;-0,414848
14,62;-0,414848
14,621667;-0,414848
14,623333;-0,414848
14,625;-0,417709
14,626667;-0,417709
14,628333;-0,417709
14,63;-0,417709
14,631667;-0,417709
14,633333;-0,417709
14,635;-0,417709
14,636667;-0,417709
14,638333;-0,417709
14,64;-0,417709
14,641667;-0,417709
14,643333;-0,417709
14,645;-0,417709
14,646667;-0,417709
14,648333;-0,417709
14,65;-0,417709
14,651667;-0,417709
14,653333;-0,417709
14,655;-0,417709
14,656667;-0,417709
14,658333;-0,417709
14,66;-0,417709
14,661667;-0,417709
14,663333;-0,417709
14,665;-0,417709
14,666667;-0,417709
14,668333;-0,417709
14,67;-0,417709
14,671667;-0,417709
14,673333;-0,417709
14,675;-0,417709
14,676667;-0,417709
14,678333;-0,417709
14,68;-0,417709
14,681667;-0,417709
14,683333;-0,417709
14,685;-0,417709
14,686667;-0,417709
14,688333;-0,417709
14,69;-0,417709
14,691667;-0,417709
14,693333;-0,417709
14,695;-0,417709
14,696667;-0,417709
14,698333;-0,417709
14,7;-0,417709
14,701667;-0,417709
14,703333;-0,417709
14,705;-0,417709
14,706667;-0,417709
14,708333;-0,417709
14,71;-0,417709
14,711667;-0,417709
14,713333;-0,417709
14,715;-0,417709
14,716667;-0,417709
14,718333;-0,417709
14,72;-0,417709
14,721667;-0,417709
14,723333;-0,417709
14,725;-0,417709
14,726667;-0,417709
14,728333;-0,417709
14,73;-0,417709
14,731667;-0,417709
14,733333;-0,417709
14,735;-0,417709
14,736667;-0,417709
14,738333;-0,417709
14,74;-0,417709
14,741667;-0,417709
14,743333;-0,417709
14,745;-0,417709
14,746667;-0,417709
14,748333;-0,417709
14,75;-0,417709
14,751667;-0,417709
14,753333;-0,417709
14,755;-0,417709
14,756667;-0,417709
14,758333;-0,417709
14,76;-0,417709
14,761667;-0,417709
14,763333;-0,417709
14,765;-0,417709
14,766667;-0,417709
14,768333;-0,417709
14,77;-0,417709
14,771667;-0,417709
14,773333;-0,417709
14,775;-0,417709
14,776667;-0,417709
14,778333;-0,417709
14,78;-0,417709
14,781667;-0,417709
14,783333;-0,417709
14,785;-0,417709
14,786667;-0,417709
14,788333;-0,417709
14,79;-0,417709
14,791667;-0,417709
14,793333;-0,417709
14,795;-0,417709
14,796667;-0,417709
14,798333;-0,417709
14,8;-0,417709
14,801667;-0,417709
14,803333;-0,417709
14,805;-0,417709
14,806667;-0,417709
14,808333;-0,417709
14,81;-0,417709
14,811667;-0,417709
14,813333;-0,417709
14,815;-0,417709
14,816667;-0,417709
14,818333;-0,417709
14,82;-0,417709
14,821667;-0,417709
14,823333;-0,417709
14,825;-0,417709
14,826667;-0,417709
14,828333;-0,417709
14,83;-0,417709
14,831667;-0,417709
14,833333;-0,417709
14,835;-0,417709
14,836667;-0,417709
14,838333;-0,417709
14,84;-0,417709
14,841667;-0,417709
14,843333;-0,417709
14,845;-0,417709
14,846667;-0,417709
14,848333;-0,417709
14,85;-0,417709
14,851667;-0,417709
14,853333;-0,417709
14,855;-0,417709
14,856667;-0,417709
14,858333;-0,417709
14,86;-0,42057
14,861667;-0,42057
14,863333;-0,42057
14,865;-0,42057
14,866667;-0,42057
14,868333;-0,42057
14,87;-0,42057
14,871667;-0,42057
14,873333;-0,42057
14,875;-0,42057
14,876667;-0,42057
14,878333;-0,42057
14,88;-0,42057
14,881667;-0,42057
14,883333;-0,42057
14,885;-0,42057
14,886667;-0,42057
14,888333;-0,42057
14,89;-0,42057
14,891667;-0,42057
14,893333;-0,42057
14,895;-0,42057
14,896667;-0,42057
14,898333;-0,42057
14,9;-0,42057
14,901667;-0,42057
14,903333;-0,42057
14,905;-0,42057
14,906667;-0,42057
14,908333;-0,42057
14,91;-0,42057
14,911667;-0,42057
14,913333;-0,42057
14,915;-0,42057
14,916667;-0,42057
14,918333;-0,42057
14,92;-0,42057
14,921667;-0,42057
14,923333;-0,42057
14,925;-0,42057
14,926667;-0,42057
14,928333;-0,42057
14,93;-0,42057
14,931667;-0,42057
14,933333;-0,42057
14,935;-0,42057
14,936667;-0,42057
14,938333;-0,42057
14,94;-0,42057
14,941667;-0,42057
14,943333;-0,42057
14,945;-0,42057
14,946667;-0,42057
14,948333;-0,42057
14,95;-0,42057
14,951667;-0,42057
14,953333;-0,42057
14,955;-0,42057
14,956667;-0,42057
14,958333;-0,42057
14,96;-0,42057
14,961667;-0,42057
14,963333;-0,42057
14,965;-0,42057
14,966667;-0,42057
14,968333;-0,42057
14,97;-0,42057
14,971667;-0,42057
14,973333;-0,42057
14,975;-0,42057
14,976667;-0,42057
14,978333;-0,42057
14,98;-0,42057
14,981667;-0,42057
14,983333;-0,42057
14,985;-0,42057
14,986667;-0,42057
14,988333;-0,42057
14,99;-0,42057
14,991667;-0,42057
14,993333;-0,42057
14,995;-0,42057
14,996667;-0,42057
14,998333;-0,42057
15;-0,42057
15,001667;-0,42057
15,003333;-0,42057
15,005;-0,42057
15,006667;-0,42057
15,008333;-0,42057
15,01;-0,42057
15,011667;-0,42057
15,013333;-0,42057
15,015;-0,42057
15,016667;-0,42057
15,018333;-0,42057
15,02;-0,42057
15,021667;-0,423431
15,023333;-0,423431
15,025;-0,423431
15,026667;-0,423431
15,028333;-0,423431
15,03;-0,423431
15,031667;-0,423431
15,033333;-0,42057
15,035;-0,42057
15,036667;-0,42057
15,038333;-0,42057
15,04;-0,42057
15,041667;-0,42057
15,043333;-0,42057
15,045;-0,42057
15,046667;-0,42057
15,048333;-0,42057
15,05;-0,42057
15,051667;-0,42057
15,053333;-0,42057
15,055;-0,42057
15,056667;-0,42057
15,058333;-0,42057
15,06;-0,42057
15,061667;-0,42057
15,063333;-0,42057
15,065;-0,42057
15,066667;-0,42057
15,068333;-0,42057
15,07;-0,42057
15,071667;-0,423431
15,073333;-0,423431
15,075;-0,423431
15,076667;-0,423431
15,078333;-0,423431
15,08;-0,423431
15,081667;-0,423431
15,083333;-0,423431
15,085;-0,423431
15,086667;-0,423431
15,088333;-0,423431
15,09;-0,423431
15,091667;-0,423431
15,093333;-0,423431
15,095;-0,423431
15,096667;-0,423431
15,098333;-0,423431
15,1;-0,423431
15,101667;-0,423431
15,103333;-0,423431
15,105;-0,423431
15,106667;-0,423431
15,108333;-0,423431
15,11;-0,423431
15,111667;-0,423431
15,113333;-0,423431
15,115;-0,423431
15,116667;-0,423431
15,118333;-0,423431
15,12;-0,423431
15,121667;-0,423431
15,123333;-0,423431
15,125;-0,423431
15,126667;-0,423431
15,128333;-0,423431
15,13;-0,423431
15,131667;-0,423431
15,133333;-0,423431
15,135;-0,423431
15,136667;-0,423431
15,138333;-0,423431
15,14;-0,423431
15,141667;-0,423431
15,143333;-0,423431
15,145;-0,423431
15,146667;-0,423431
15,148333;-0,423431
15,15;-0,423431
15,151667;-0,423431
15,153333;-0,423431
15,155;-0,423431
15,156667;-0,423431
15,158333;-0,423431
15,16;-0,423431
15,161667;-0,423431
15,163333;-0,423431
15,165;-0,423431
15,166667;-0,423431
15,168333;-0,423431
15,17;-0,423431
15,171667;-0,423431
15,173333;-0,423431
15,175;-0,423431
15,176667;-0,423431
15,178333;-0,423431
15,18;-0,423431
15,181667;-0,423431
15,183333;-0,423431
15,185;-0,423431
15,186667;-0,423431
15,188333;-0,423431
15,19;-0,423431
15,191667;-0,423431
15,193333;-0,423431
15,195;-0,423431
15,196667;-0,423431
15,198333;-0,423431
15,2;-0,423431
15,201667;-0,423431
15,203333;-0,423431
15,205;-0,423431
15,206667;-0,423431
15,208333;-0,423431
15,21;-0,423431
15,211667;-0,423431
15,213333;-0,423431
15,215;-0,423431
15,216667;-0,423431
15,218333;-0,423431
15,22;-0,423431
15,221667;-0,423431
15,223333;-0,423431
15,225;-0,423431
15,226667;-0,423431
15,228333;-0,423431
15,23;-0,423431
15,231667;-0,423431
15,233333;-0,423431
15,235;-0,423431
15,236667;-0,423431
15,238333;-0,423431
15,24;-0,423431
15,241667;-0,423431
15,243333;-0,423431
15,245;-0,423431
15,246667;-0,423431
15,248333;-0,423431
15,25;-0,423431
15,251667;-0,423431
15,253333;-0,423431
15,255;-0,423431
15,256667;-0,423431
15,258333;-0,423431
15,26;-0,423431
15,261667;-0,423431
15,263333;-0,423431
15,265;-0,423431
15,266667;-0,423431
15,268333;-0,423431
15,27;-0,423431
15,271667;-0,423431
15,273333;-0,423431
15,275;-0,423431
15,276667;-0,423431
15,278333;-0,423431
15,28;-0,423431
15,281667;-0,423431
15,283333;-0,423431
15,285;-0,423431
15,286667;-0,423431
15,288333;-0,423431
15,29;-0,423431
15,291667;-0,423431
15,293333;-0,423431
15,295;-0,423431
15,296667;-0,423431
15,298333;-0,423431
15,3;-0,423431
15,301667;-0,423431
15,303333;-0,423431
15,305;-0,423431
15,306667;-0,423431
15,308333;-0,423431
15,31;-0,423431
15,311667;-0,423431
15,313333;-0,423431
15,315;-0,423431
15,316667;-0,423431
15,318333;-0,423431
15,32;-0,423431
15,321667;-0,423431
15,323333;-0,423431
15,325;-0,423431
15,326667;-0,423431
15,328333;-0,423431
15,33;-0,423431
15,331667;-0,423431
15,333333;-0,423431
15,335;-0,423431
15,336667;-0,423431
15,338333;-0,423431
15,34;-0,423431
15,341667;-0,423431
15,343333;-0,423431
15,345;-0,423431
15,346667;-0,423431
15,348333;-0,423431
15,35;-0,423431
15,351667;-0,423431
15,353333;-0,423431
15,355;-0,423431
15,356667;-0,423431
15,358333;-0,423431
15,36;-0,423431
15,361667;-0,423431
15,363333;-0,423431
15,365;-0,423431
15,366667;-0,423431
15,368333;-0,423431
15,37;-0,423431
15,371667;-0,423431
15,373333;-0,423431
15,375;-0,423431
15,376667;-0,423431
15,378333;-0,423431
15,38;-0,423431
15,381667;-0,423431
15,383333;-0,423431
15,385;-0,423431
15,386667;-0,423431
15,388333;-0,423431
15,39;-0,423431
15,391667;-0,423431
15,393333;-0,423431
15,395;-0,423431
15,396667;-0,423431
15,398333;-0,423431
15,4;-0,423431
15,401667;-0,423431
15,403333;-0,423431
15,405;-0,423431
15,406667;-0,423431
15,408333;-0,423431
15,41;-0,423431
15,411667;-0,423431
15,413333;-0,423431
15,415;-0,423431
15,416667;-0,423431
15,418333;-0,423431
15,42;-0,423431
15,421667;-0,423431
15,423333;-0,423431
15,425;-0,423431
15,426667;-0,423431
15,428333;-0,423431
15,43;-0,423431
15,431667;-0,423431
15,433333;-0,423431
15,435;-0,423431
15,436667;-0,423431
15,438333;-0,423431
15,44;-0,423431
15,441667;-0,423431
15,443333;-0,423431
15,445;-0,423431
15,446667;-0,423431
15,448333;-0,423431
15,45;-0,423431
15,451667;-0,423431
15,453333;-0,423431
15,455;-0,423431
15,456667;-0,423431
15,458333;-0,423431
15,46;-0,423431
15,461667;-0,423431
15,463333;-0,423431
15,465;-0,426292
15,466667;-0,426292
15,468333;-0,426292
15,47;-0,426292
15,471667;-0,426292
15,473333;-0,426292
15,475;-0,426292
15,476667;-0,426292
15,478333;-0,426292
15,48;-0,426292
15,481667;-0,426292
15,483333;-0,426292
15,485;-0,426292
15,486667;-0,426292
15,488333;-0,426292
15,49;-0,426292
15,491667;-0,426292
15,493333;-0,426292
15,495;-0,426292
15,496667;-0,426292
15,498333;-0,426292
15,5;-0,426292
15,501667;-0,426292
15,503333;-0,426292
15,505;-0,426292
15,506667;-0,426292
15,508333;-0,426292
15,51;-0,426292
15,511667;-0,426292
15,513333;-0,426292
15,515;-0,426292
15,516667;-0,426292
15,518333;-0,426292
15,52;-0,426292
15,521667;-0,426292
15,523333;-0,426292
15,525;-0,426292
15,526667;-0,426292
15,528333;-0,426292
15,53;-0,426292
15,531667;-0,426292
15,533333;-0,426292
15,535;-0,426292
15,536667;-0,426292
15,538333;-0,426292
15,54;-0,426292
15,541667;-0,426292
15,543333;-0,426292
15,545;-0,426292
15,546667;-0,426292
15,548333;-0,426292
15,55;-0,426292
15,551667;-0,426292
15,553333;-0,426292
15,555;-0,426292
15,556667;-0,426292
15,558333;-0,426292
15,56;-0,426292
15,561667;-0,426292
15,563333;-0,426292
15,565;-0,426292
15,566667;-0,426292
15,568333;-0,426292
15,57;-0,426292
15,571667;-0,426292
15,573333;-0,426292
15,575;-0,426292
15,576667;-0,426292
15,578333;-0,426292
15,58;-0,426292
15,581667;-0,426292
15,583333;-0,426292
15,585;-0,426292
15,586667;-0,426292
15,588333;-0,429153
15,59;-0,429153
15,591667;-0,429153
15,593333;-0,429153
15,595;-0,429153
15,596667;-0,429153
15,598333;-0,429153
15,6;-0,429153
15,601667;-0,429153
15,603333;-0,429153
15,605;-0,429153
15,606667;-0,429153
15,608333;-0,429153
15,61;-0,429153
15,611667;-0,429153
15,613333;-0,429153
15,615;-0,429153
15,616667;-0,429153
15,618333;-0,429153
15,62;-0,429153
15,621667;-0,429153
15,623333;-0,429153
15,625;-0,429153
15,626667;-0,429153
15,628333;-0,429153
15,63;-0,429153
15,631667;-0,429153
15,633333;-0,429153
15,635;-0,429153
15,636667;-0,429153
15,638333;-0,429153
15,64;-0,429153
15,641667;-0,429153
15,643333;-0,429153
15,645;-0,429153
15,646667;-0,429153
15,648333;-0,429153
15,65;-0,429153
15,651667;-0,429153
15,653333;-0,429153
15,655;-0,429153
15,656667;-0,429153
15,658333;-0,429153
15,66;-0,429153
15,661667;-0,429153
15,663333;-0,429153
15,665;-0,429153
15,666667;-0,429153
15,668333;-0,429153
15,67;-0,429153
15,671667;-0,429153
15,673333;-0,429153
15,675;-0,429153
15,676667;-0,429153
15,678333;-0,429153
15,68;-0,429153
15,681667;-0,429153
15,683333;-0,429153
15,685;-0,429153
15,686667;-0,429153
15,688333;-0,429153
15,69;-0,429153
15,691667;-0,429153
15,693333;-0,429153
15,695;-0,429153
15,696667;-0,429153
15,698333;-0,429153
15,7;-0,429153
15,701667;-0,429153
15,703333;-0,429153
15,705;-0,429153
15,706667;-0,429153
15,708333;-0,429153
15,71;-0,429153
15,711667;-0,429153
15,713333;-0,429153
15,715;-0,429153
15,716667;-0,429153
15,718333;-0,429153
15,72;-0,429153
15,721667;-0,429153
15,723333;-0,429153
15,725;-0,429153
15,726667;-0,429153
15,728333;-0,429153
15,73;-0,429153
15,731667;-0,429153
15,733333;-0,429153
15,735;-0,429153
15,736667;-0,429153
15,738333;-0,429153
15,74;-0,429153
15,741667;-0,429153
15,743333;-0,429153
15,745;-0,429153
15,746667;-0,429153
15,748333;-0,429153
15,75;-0,429153
15,751667;-0,429153
15,753333;-0,429153
15,755;-0,429153
15,756667;-0,429153
15,758333;-0,429153
15,76;-0,429153
15,761667;-0,429153
15,763333;-0,429153
15,765;-0,429153
15,766667;-0,429153
15,768333;-0,429153
15,77;-0,429153
15,771667;-0,429153
15,773333;-0,429153
15,775;-0,429153
15,776667;-0,429153
15,778333;-0,429153
15,78;-0,429153
15,781667;-0,429153
15,783333;-0,429153
15,785;-0,429153
15,786667;-0,429153
15,788333;-0,432014
15,79;-0,432014
15,791667;-0,432014
15,793333;-0,432014
15,795;-0,432014
15,796667;-0,432014
15,798333;-0,432014
15,8;-0,432014
15,801667;-0,432014
15,803333;-0,432014
15,805;-0,432014
15,806667;-0,432014
15,808333;-0,432014
15,81;-0,432014
15,811667;-0,432014
15,813333;-0,432014
15,815;-0,432014
15,816667;-0,432014
15,818333;-0,432014
15,82;-0,432014
15,821667;-0,432014
15,823333;-0,432014
15,825;-0,432014
15,826667;-0,432014
15,828333;-0,432014
15,83;-0,432014
15,831667;-0,432014
15,833333;-0,432014
15,835;-0,432014
15,836667;-0,432014
15,838333;-0,432014
15,84;-0,432014
15,841667;-0,432014
15,843333;-0,432014
15,845;-0,432014
15,846667;-0,432014
15,848333;-0,432014
15,85;-0,432014
15,851667;-0,432014
15,853333;-0,432014
15,855;-0,432014
15,856667;-0,432014
15,858333;-0,432014
15,86;-0,432014
15,861667;-0,432014
15,863333;-0,432014
15,865;-0,432014
15,866667;-0,432014
15,868333;-0,432014
15,87;-0,432014
15,871667;-0,432014
15,873333;-0,432014
15,875;-0,432014
15,876667;-0,432014
15,878333;-0,432014
15,88;-0,432014
15,881667;-0,432014
15,883333;-0,432014
15,885;-0,432014
15,886667;-0,432014
15,888333;-0,432014
15,89;-0,432014
15,891667;-0,432014
15,893333;-0,432014
15,895;-0,432014
15,896667;-0,432014
15,898333;-0,432014
15,9;-0,432014
15,901667;-0,432014
15,903333;-0,432014
15,905;-0,432014
15,906667;-0,432014
15,908333;-0,432014
15,91;-0,432014
15,911667;-0,432014
15,913333;-0,432014
15,915;-0,432014
15,916667;-0,432014
15,918333;-0,432014
15,92;-0,432014
15,921667;-0,432014
15,923333;-0,432014
15,925;-0,432014
15,926667;-0,432014
15,928333;-0,432014
15,93;-0,432014
15,931667;-0,432014
15,933333;-0,432014
15,935;-0,432014
15,936667;-0,432014
15,938333;-0,432014
15,94;-0,432014
15,941667;-0,432014
15,943333;-0,434876
15,945;-0,434876
15,946667;-0,434876
15,948333;-0,434876
15,95;-0,434876
15,951667;-0,434876
15,953333;-0,434876
15,955;-0,434876
15,956667;-0,434876
15,958333;-0,434876
15,96;-0,434876
15,961667;-0,434876
15,963333;-0,434876
15,965;-0,434876
15,966667;-0,434876
15,968333;-0,434876
15,97;-0,434876
15,971667;-0,434876
15,973333;-0,434876
15,975;-0,434876
15,976667;-0,434876
15,978333;-0,434876
15,98;-0,434876
15,981667;-0,434876
15,983333;-0,434876
15,985;-0,434876
15,986667;-0,434876
15,988333;-0,434876
15,99;-0,434876
15,991667;-0,434876
15,993333;-0,434876
15,995;-0,434876
15,996667;-0,434876
15,998333;-0,434876
16;-0,434876
16,001667;-0,434876
16,003333;-0,434876
16,005;-0,434876
16,006667;-0,434876
16,008333;-0,434876
16,01;-0,434876
16,011667;-0,437737
16,013333;-0,437737
16,015;-0,437737
16,016667;-0,437737
16,018333;-0,437737
16,02;-0,437737
16,021667;-0,437737
16,023333;-0,437737
16,025;-0,437737
16,026667;-0,437737
16,028333;-0,437737
16,03;-0,437737
16,031667;-0,434876
16,033333;-0,434876
16,035;-0,434876
16,036667;-0,434876
16,038333;-0,434876
16,04;-0,434876
16,041667;-0,434876
16,043333;-0,434876
16,045;-0,434876
16,046667;-0,437737
16,048333;-0,437737
16,05;-0,437737
16,051667;-0,437737
16,053333;-0,437737
16,055;-0,437737
16,056667;-0,437737
16,058333;-0,437737
16,06;-0,437737
16,061667;-0,437737
16,063333;-0,437737
16,065;-0,437737
16,066667;-0,437737
16,068333;-0,437737
16,07;-0,437737
16,071667;-0,437737
16,073333;-0,437737
16,075;-0,437737
16,076667;-0,437737
16,078333;-0,437737
16,08;-0,437737
16,081667;-0,437737
16,083333;-0,437737
16,085;-0,437737
16,086667;-0,437737
16,088333;-0,437737
16,09;-0,437737
16,091667;-0,437737
16,093333;-0,437737
16,095;-0,437737
16,096667;-0,434876
16,098333;-0,434876
16,1;-0,434876
16,101667;-0,434876
16,103333;-0,434876
16,105;-0,434876
16,106667;-0,434876
16,108333;-0,434876
16,11;-0,434876
16,111667;-0,434876
16,113333;-0,434876
16,115;-0,434876
16,116667;-0,434876
16,118333;-0,434876
16,12;-0,434876
16,121667;-0,434876
16,123333;-0,434876
16,125;-0,434876
16,126667;-0,434876
16,128333;-0,434876
16,13;-0,434876
16,131667;-0,434876
16,133333;-0,434876
16,135;-0,434876
16,136667;-0,434876
16,138333;-0,434876
16,14;-0,434876
16,141667;-0,434876
16,143333;-0,434876
16,145;-0,434876
16,146667;-0,434876
16,148333;-0,434876
16,15;-0,434876
16,151667;-0,434876
16,153333;-0,434876
16,155;-0,434876
16,156667;-0,434876
16,158333;-0,434876
16,16;-0,432014
16,161667;-0,432014
16,163333;-0,432014
16,165;-0,432014
16,166667;-0,432014
16,168333;-0,432014
16,17;-0,432014
16,171667;-0,432014
16,173333;-0,432014
16,175;-0,432014
16,176667;-0,432014
16,178333;-0,432014
16,18;-0,432014
16,181667;-0,432014
16,183333;-0,432014
16,185;-0,432014
16,186667;-0,432014
16,188333;-0,432014
16,19;-0,432014
16,191667;-0,432014
16,193333;-0,429153
16,195;-0,429153
16,196667;-0,429153
16,198333;-0,429153
16,2;-0,429153
16,201667;-0,429153
16,203333;-0,429153
16,205;-0,429153
16,206667;-0,429153
16,208333;-0,429153
16,21;-0,429153
16,211667;-0,429153
16,213333;-0,429153
16,215;-0,429153
16,216667;-0,429153
16,218333;-0,429153
16,22;-0,429153
16,221667;-0,429153
16,223333;-0,426292
16,225;-0,426292
16,226667;-0,426292
16,228333;-0,426292
16,23;-0,426292
16,231667;-0,426292
16,233333;-0,426292
16,235;-0,426292
16,236667;-0,426292
16,238333;-0,426292
16,24;-0,423431
16,241667;-0,423431
16,243333;-0,423431
16,245;-0,423431
16,246667;-0,423431
16,248333;-0,423431
16,25;-0,423431
16,251667;-0,42057
16,253333;-0,42057
16,255;-0,42057
16,256667;-0,42057
16,258333;-0,42057
16,26;-0,42057
16,261667;-0,417709
16,263333;-0,417709
16,265;-0,417709
16,266667;-0,417709
16,268333;-0,417709
16,27;-0,417709
16,271667;-0,414848
16,273333;-0,414848
16,275;-0,414848
16,276667;-0,414848
16,278333;-0,411987
16,28;-0,411987
16,281667;-0,411987
16,283333;-0,411987
16,285;-0,411987
16,286667;-0,409126
16,288333;-0,409126
16,29;-0,409126
16,291667;-0,406265
16,293333;-0,406265
16,295;-0,406265
16,296667;-0,406265
16,298333;-0,403404
16,3;-0,403404
16,301667;-0,403404
16,303333;-0,400543
16,305;-0,400543
16,306667;-0,400543
16,308333;-0,397682
16,31;-0,397682
16,311667;-0,397682
16,313333;-0,394821
16,315;-0,394821
16,316667;-0,394821
16,318333;-0,39196
16,32;-0,39196
16,321667;-0,389099
16,323333;-0,389099
16,325;-0,389099
16,326667;-0,386238
16,328333;-0,386238
16,33;-0,383377
16,331667;-0,383377
16,333333;-0,380516
16,335;-0,380516
16,336667;-0,377655
16,338333;-0,377655
16,34;-0,374794
16,341667;-0,374794
16,343333;-0,371933
16,345;-0,371933
16,346667;-0,369072
16,348333;-0,369072
16,35;-0,366211
16,351667;-0,366211
16,353333;-0,36335
16,355;-0,36335
16,356667;-0,360489
16,358333;-0,357628
16,36;-0,357628
16,361667;-0,354767
16,363333;-0,354767
16,365;-0,351906
16,366667;-0,349045
16,368333;-0,349045
16,37;-0,346184
16,371667;-0,343323
16,373333;-0,340462
16,375;-0,340462
16,376667;-0,337601
16,378333;-0,33474
16,38;-0,331879
16,381667;-0,331879
16,383333;-0,329018
16,385;-0,326157
16,386667;-0,323296
16,388333;-0,320435
16,39;-0,317574
16,391667;-0,314713
16,393333;-0,314713
16,395;-0,311852
16,396667;-0,30899
16,398333;-0,306129
16,4;-0,303268
16,401667;-0,300407
16,403333;-0,294685
16,405;-0,291824
16,406667;-0,288963
16,408333;-0,286102
16,41;-0,283241
16,411667;-0,28038
16,413333;-0,277519
16,415;-0,271797
16,416667;-0,268936
16,418333;-0,266075
16,42;-0,260353
16,421667;-0,257492
16,423333;-0,254631
16,425;-0,248909
16,426667;-0,246048
16,428333;-0,240326
16,43;-0,237465
16,431667;-0,228882
16,433333;-0,228882
16,435;-0,22316
16,436667;-0,217438
16,438333;-0,214577
16,44;-0,208855
16,441667;-0,197411
16,443333;-0,191689
16,445;-0,188828
16,446667;-0,183105
16,448333;-0,177383
16,45;-0,177383
16,451667;-0,171661
16,453333;-0,165939
16,455;-0,157356
16,456667;-0,151634
16,458333;-0,145912
16,46;-0,14019
16,461667;-0,134468
16,463333;-0,125885
16,465;-0,120163
16,466667;-0,11158
16,468333;-0,105858
16,47;-0,097275
16,471667;-0,091553
16,473333;-0,08297
16,475;-0,074387
16,476667;-0,068665
16,478333;-0,060081
16,48;-0,051498
16,481667;-0,042915
16,483333;-0,034332
16,485;-0,025749
16,486667;-0,014305
16,488333;-0,005722
16,49;0,002861
16,491667;0,014305
16,493333;0,022888
16,495;0,034332
16,496667;0,042915
16,498333;0,054359
16,5;0,065804
16,501667;0,077248
16,503333;0,088692
16,505;0,100136
16,506667;0,11158
16,508333;0,123024
16,51;0,137329
16,511667;0,148773
16,513333;0,163078
16,515;0,177383
16,516667;0,191689
16,518333;0,203133
16,52;0,217438
16,521667;0,234604
16,523333;0,248909
16,525;0,263214
16,526667;0,28038
16,528333;0,294685
16,53;0,311852
16,531667;0,329018
16,533333;0,346184
16,535;0,36335
16,536667;0,383377
16,538333;0,400543
16,54;0,42057
16,541667;0,437737
16,543333;0,477791
16,545;0,497818
16,546667;0,497818
16,548333;0,520706
16,55;0,540733
16,551667;0,563622
16,553333;0,609398
16,555;0,632286
16,556667;0,658035
16,558333;0,680924
16,56;0,706673
16,561667;0,732422
16,563333;0,732422
16,565;0,758171
16,566667;0,78392
16,568333;0,812531
16,57;0,841141
16,571667;0,869751
16,573333;0,898361
16,575;0,926971
16,576667;0,958443
16,578333;0,987053
16,58;1,018524
16,581667;1,052857
16,583333;1,084328
16,585;1,11866
16,586667;1,152992
16,588333;1,187325
16,59;1,221657
16,591667;1,25885
16,593333;1,296043
16,595;1,333237
16,596667;1,373291
16,598333;1,413345
16,6;1,4534
16,601667;1,493454
16,603333;1,536369
16,605;1,576424
16,606667;1,6222
16,608333;1,665115
16,61;1,710892
16,611667;1,756668
16,613333;1,802445
16,615;1,848221
16,616667;1,896858
16,618333;1,948357
16,62;1,996994
16,621667;2,048493
16,623333;2,099991
16,625;2,15435
16,626667;2,205849
16,628333;2,260208
16,63;2,317429
16,631667;2,374649
16,633333;2,429009
16,635;2,48909
16,636667;2,549172
16,638333;2,609253
16,64;2,669335
16,641667;2,732277
16,643333;2,79522
16,645;2,861023
16,646667;2,923966
16,648333;2,989769
16,65;3,058434
16,651667;3,127098
16,653333;3,195763
16,655;3,338814
16,656667;3,41034
16,658333;3,41034
16,66;3,484726
16,661667;3,559113
16,663333;3,633499
16,665;3,787995
16,666667;3,865242
16,668333;3,945351
16,67;4,02546
16,671667;4,108429
16,673333;4,191399
16,675;4,191399
16,676667;4,274369
16,678333;4,360199
16,68;4,44603
16,681667;4,531861
16,683333;4,620552
16,685;4,709244
16,686667;4,797936
16,688333;4,889489
16,69;4,981041
16,691667;5,075455
16,693333;5,167008
16,695;5,264283
16,696667;5,358696
16,698333;5,455971
16,7;5,553246
16,701667;5,653382
16,703333;5,753517
16,705;5,853653
16,706667;5,95665
16,708333;6,056786
16,71;6,159783
16,711667;6,265641
16,713333;6,371498
16,715;6,477356
16,716667;6,583214
16,718333;6,691933
16,72;6,800652
16,721667;6,909371
16,723333;7,01809
16,725;7,12967
16,726667;7,24125
16,728333;7,35569
16,73;7,46727
16,731667;7,581711
16,733333;7,696152
16,735;7,813454
16,736667;7,927895
16,738333;8,045197
16,74;8,162499
16,741667;8,282662
16,743333;8,399964
16,745;8,520127
16,746667;8,64029
16,748333;8,760453
16,75;8,880616
16,751667;9,00364
16,753333;9,123803
16,755;9,246827
16,756667;9,369851
16,758333;9,492875
16,76;9,615899
16,761667;9,741784
16,763333;9,864808
16,765;9,990693
16,766667;10,239602
16,768333;10,365487
16,77;10,491372
16,771667;10,491372
16,773333;10,617257
16,775;10,743142
16,776667;10,869027
16,778333;10,994912
16,78;11,120797
16,781667;11,246682
16,783333;11,372567
16,785;11,498452
16,786667;11,624337
16,788333;11,750222
16,79;11,876107
16,791667;12,001992
16,793333;12,127877
16,795;12,253762
16,796667;12,379647
16,798333;12,505532
16,8;12,628556
16,801667;12,754441
16,803333;12,877465
16,805;13,000489
16,806667;13,123513
16,808333;13,246537
16,81;13,369561
16,811667;13,492585
16,813333;13,612748
16,815;13,735772
16,816667;13,855935
16,818333;13,976098
16,82;14,096261
16,821667;14,213563
16,823333;14,330865
16,825;14,451028
16,826667;14,565469
16,828333;14,682771
16,83;14,797212
16,831667;14,911653
16,833333;15,026093
16,835;15,140534
16,836667;15,252114
16,838333;15,363694
16,84;15,472413
16,841667;15,583993
16,843333;15,692712
16,845;15,79857
16,846667;15,907289
16,848333;16,013146
16,85;16,116143
16,851667;16,21914
16,853333;16,322137
16,855;16,422273
16,856667;16,522409
16,858333;16,622544
16,86;16,719819
16,861667;16,817094
16,863333;16,914369
16,865;17,008782
16,866667;17,100335
16,868333;17,191888
16,87;17,283441
16,871667;17,372132
16,873333;17,460824
16,875;17,546655
16,876667;17,632485
16,878333;17,798425
16,88;17,878533
16,881667;17,958642
16,883333;17,958642
16,885;18,038751
16,886667;18,115998
16,888333;18,190385
16,89;18,264772
16,891667;18,336297
16,893333;18,407823
16,895;18,476487
16,896667;18,545152
16,898333;18,610955
16,9;18,676759
16,901667;18,739701
16,903333;18,802644
16,905;18,862725
16,906667;18,922807
16,908333;18,980027
16,91;19,034387
16,911667;19,088746
16,913333;19,143106
16,915;19,191743
16,916667;19,243242
16,918333;19,289018
16,92;19,334794
16,921667;19,380571
16,923333;19,423486
16,925;19,46354
16,926667;19,503595
16,928333;19,540788
16,93;19,577981
16,931667;19,612313
16,933333;19,643785
16,935;19,675256
16,936667;19,706727
16,938333;19,735337
16,94;19,761087
16,941667;19,783975
16,943333;19,806863
16,945;19,829751
16,946667;19,849778
16,948333;19,866945
16,95;19,884111
16,951667;19,898416
16,953333;19,90986
16,955;19,921304
16,956667;19,932748
16,958333;19,941331
16,96;19,947053
16,961667;19,952775
16,963333;19,955636
16,965;19,958497
16,966667;19,958497
16,968333;19,955636
16,97;19,952775
16,971667;19,947053
16,973333;19,941331
16,975;19,932748
16,976667;19,924165
16,978333;19,912721
16,98;19,901277
16,981667;19,886972
16,983333;19,872667
16,985;19,8555
16,986667;19,835473
16,988333;19,815446
16,99;19,795419
16,991667;19,772531
16,993333;19,746782
16,995;19,721032
16,996667;19,695283
16,998333;19,666673
17;19,635202
17,001667;19,60373
17,003333;19,572259
17,005;19,537927
17,006667;19,500734
17,008333;19,466401
17,01;19,426347
17,011667;19,386293
17,013333;19,346238
17,015;19,303323
17,016667;19,260408
17,018333;19,214631
17,02;19,168855
17,021667;19,123079
17,023333;19,074441
17,025;19,022943
17,026667;18,971444
17,028333;18,919946
17,03;18,865586
17,031667;18,756868
17,033333;18,699647
17,035;18,642427
17,036667;18,642427
17,038333;18,582345
17,04;18,522264
17,041667;18,462182
17,043333;18,402101
17,045;18,339158
17,046667;18,273355
17,048333;18,210412
17,05;18,144609
17,051667;18,075944
17,053333;18,010141
17,055;17,941476
17,056667;17,86995
17,058333;17,801286
17,06;17,72976
17,061667;17,658235
17,063333;17,583848
17,065;17,509461
17,066667;17,435075
17,068333;17,360688
17,07;17,283441
17,071667;17,209054
17,073333;17,128945
17,075;17,051698
17,076667;16,971589
17,078333;16,894342
17,08;16,814233
17,081667;16,731263
17,083333;16,651155
17,085;16,568185
17,086667;16,485215
17,088333;16,402246
17,09;16,319276
17,091667;16,236306
17,093333;16,150476
17,095;16,064645
17,096667;15,978814
17,098333;15,892983
17,1;15,807153
17,101667;15,718461
17,103333;15,63263
17,105;15,543939
17,106667;15,455247
17,108333;15,366555
17,11;15,277863
17,111667;15,189172
17,113333;15,10048
17,115;15,011788
17,116667;14,920236
17,118333;14,831544
17,12;14,739991
17,121667;14,648438
17,123333;14,559747
17,125;14,468194
17,126667;14,376641
17,128333;14,285088
17,13;14,193536
17,131667;14,101983
17,133333;14,01043
17,135;13,918877
17,136667;13,827325
17,138333;13,732911
17,14;13,641358
17,141667;13,549805
17,143333;13,458253
17,145;13,3667
17,146667;13,272286
17,148333;13,180734
17,15;13,089181
17,151667;12,997628
17,153333;12,906075
17,155;12,811662
17,156667;12,720109
17,158333;12,628556
17,16;12,537003
17,161667;12,445451
17,163333;12,353898
17,165;12,262345
17,166667;12,170792
17,168333;12,07924
17,17;11,987687
17,171667;11,896134
17,173333;11,807442
17,175;11,71589
17,176667;11,624337
17,178333;11,535645
17,18;11,444092
17,181667;11,355401
17,183333;11,266709
17,185;11,086465
17,186667;10,997773
17,188333;10,909081
17,19;10,820389
17,191667;10,820389
17,193333;10,734559
17,195;10,645867
17,196667;10,560036
17,198333;10,471345
17,2;10,385514
17,201667;10,299683
17,203333;10,213853
17,205;10,128022
17,206667;10,042191
17,208333;9,95636
17,21;9,87053
17,211667;9,78756
17,213333;9,701729
17,215;9,61876
17,216667;9,53579
17,218333;9,45282
17,22;9,369851
17,221667;9,286881
17,223333;9,206772
17,225;9,123803
17,226667;9,043694
17,228333;8,963585
17,23;8,883477
17,231667;8,803368
17,233333;8,723259
17,235;8,643151
17,236667;8,565903
17,238333;8,488656
17,24;8,411408
17,241667;8,33416
17,243333;8,256913
17,245;8,179665
17,246667;8,102417
17,248333;8,028031
17,25;7,953644
17,251667;7,879258
17,253333;7,804871
17,255;7,730484
17,256667;7,658959
17,258333;7,584572
17,26;7,513047
17,261667;7,441521
17,263333;7,369996
17,265;7,29847
17,266667;7,226944
17,268333;7,15828
17,27;7,089615
17,271667;7,020951
17,273333;6,952286
17,275;6,883622
17,276667;6,817818
17,278333;6,749154
17,28;6,68335
17,281667;6,617546
17,283333;6,551743
17,285;6,485939
17,286667;6,422997
17,288333;6,357193
17,29;6,294251
17,291667;6,231308
17,293333;6,168366
17,295;6,105423
17,296667;5,982399
17,298333;5,922318
17,3;5,862236
17,301667;5,802155
17,303333;5,802155
17,305;5,742073
17,306667;5,684853
17,308333;5,624771
17,31;5,567551
17,311667;5,510331
17,313333;5,45311
17,315;5,39589
17,316667;5,34153
17,318333;5,28431
17,32;5,22995
17,321667;5,175591
17,323333;5,121231
17,325;5,066872
17,326667;5,012513
17,328333;4,961014
17,33;4,906655
17,331667;4,855156
17,333333;4,803658
17,335;4,752159
17,336667;4,700661
17,338333;4,652024
17,34;4,600525
17,341667;4,551888
17,343333;4,50325
17,345;4,454613
17,346667;4,405976
17,348333;4,360199
17,35;4,311562
17,351667;4,265785
17,353333;4,220009
17,355;4,171372
17,356667;4,128456
17,358333;4,08268
17,36;4,036904
17,361667;3,993988
17,363333;3,948212
17,365;3,905297
17,366667;3,862381
17,368333;3,819466
17,37;3,776551
17,371667;3,733635
17,373333;3,693581
17,375;3,650666
17,376667;3,610611
17,378333;3,570557
17,38;3,530503
17,381667;3,490448
17,383333;3,450394
17,385;3,413201
17,386667;3,373146
17,388333;3,335953
17,39;3,295899
17,391667;3,258705
17,393333;3,221512
17,395;3,184319
17,396667;3,149986
17,398333;3,078461
17,4;3,078461
17,401667;3,041268
17,403333;3,006935
17,405;2,972603
17,406667;2,938271
17,408333;2,869606
17,41;2,835274
17,411667;2,803803
17,413333;2,76947
17,415;2,737999
17,416667;2,737999
17,418333;2,706528
17,42;2,672196
17,421667;2,640724
17,423333;2,609253
17,425;2,577782
17,426667;2,549172
17,428333;2,5177
17,43;2,486229
17,431667;2,457619
17,433333;2,426148
17,435;2,397537
17,436667;2,368927
17,438333;2,340317
17,44;2,311707
17,441667;2,283096
17,443333;2,257347
17,445;2,228737
17,446667;2,202988
17,448333;2,174378
17,45;2,148628
17,451667;2,122879
17,453333;2,09713
17,455;2,071381
17,456667;2,045632
17,458333;2,019882
17,46;1,994133
17,461667;1,968384
17,463333;1,945496
17,465;1,919747
17,466667;1,896858
17,468333;1,87397
17,47;1,848221
17,471667;1,825333
17,473333;1,802445
17,475;1,779556
17,476667;1,756668
17,478333;1,73378
17,48;1,710892
17,481667;1,690865
17,483333;1,667976
17,485;1,647949
17,486667;1,625061
17,488333;1,605034
17,49;1,585007
17,491667;1,56498
17,493333;1,544952
17,495;1,524925
17,496667;1,504898
17,498333;1,484871
17,5;1,464844
17,501667;1,444817
17,503333;1,427651
17,505;1,407623
17,506667;1,387596
17,508333;1,37043
17,51;1,333237
17,511667;1,333237
17,513333;1,316071
17,515;1,298904
17,516667;1,278877
17,518333;1,261711
17,52;1,227379
17,521667;1,210213
17,523333;1,195908
17,525;1,178742
17,526667;1,161575
17,528333;1,161575
17,53;1,14727
17,531667;1,130104
17,533333;1,115799
17,535;1,098633
17,536667;1,084328
17,538333;1,070023
17,54;1,052857
17,541667;1,038551
17,543333;1,024246
17,545;1,009941
17,546667;0,995636
17,548333;0,981331
17,55;0,967026
17,551667;0,952721
17,553333;0,938416
17,555;0,92411
17,556667;0,912666
17,558333;0,898361
17,56;0,884056
17,561667;0,872612
17,563333;0,858307
17,565;0,846863
17,566667;0,832558
17,568333;0,821114
17,57;0,80967
17,571667;0,798225
17,573333;0,78392
17,575;0,772476
17,576667;0,761032
17,578333;0,749588
17,58;0,738144
17,581667;0,7267
17,583333;0,715256
17,585;0,703812
17,586667;0,692368
17,588333;0,683785
17,59;0,67234
17,591667;0,660896
17,593333;0,652313
17,595;0,640869
17,596667;0,632286
17,598333;0,620842
17,6;0,612259
17,601667;0,603676
17,603333;0,592232
17,605;0,583649
17,606667;0,575066
17,608333;0,566483
17,61;0,555038
17,611667;0,546455
17,613333;0,537872
17,615;0,529289
17,616667;0,520706
17,618333;0,512123
17,62;0,50354
17,621667;0,486374
17,623333;0,477791
17,625;0,477791
17,626667;0,469208
17,628333;0,463486
17,63;0,454903
17,631667;0,440598
17,633333;0,432014
17,635;0,426292
17,636667;0,417709
17,638333;0,411987
17,64;0,403404
17,641667;0,403404
17,643333;0,397682
17,645;0,389099
17,646667;0,383377
17,648333;0,377655
17,65;0,371933
17,651667;0,36335
17,653333;0,357628
17,655;0,351906
17,656667;0,346184
17,658333;0,340462
17,66;0,33474
17,661667;0,329018
17,663333;0,323296
17,665;0,317574
17,666667;0,311852
17,668333;0,306129
17,67;0,300407
17,671667;0,294685
17,673333;0,288963
17,675;0,286102
17,676667;0,28038
17,678333;0,274658
17,68;0,268936
17,681667;0,266075
17,683333;0,260353
17,685;0,257492
17,686667;0,25177
17,688333;0,248909
17,69;0,243187
17,691667;0,240326
17,693333;0,234604
17,695;0,231743
17,696667;0,226021
17,698333;0,22316
17,7;0,220299
17,701667;0,217438
17,703333;0,211716
17,705;0,208855
17,706667;0,205994
17,708333;0,203133
17,71;0,200272
17,711667;0,197411
17,713333;0,19455
17,715;0,191689
17,716667;0,188828
17,718333;0,185967
17,72;0,183105
17,721667;0,180244
17,723333;0,177383
17,725;0,174522
17,726667;0,171661
17,728333;0,171661
17,73;0,1688
17,731667;0,165939
17,733333;0,163078
17,735;0,160217
17,736667;0,160217
17,738333;0,160217
17,74;0,157356
17,741667;0,157356
17,743333;0,154495
17,745;0,154495
17,746667;0,151634
17,748333;0,151634
17,75;0,151634
17,751667;0,151634
17,753333;0,151634
17,755;0,151634
17,756667;0,148773
17,758333;0,148773
17,76;0,148773
17,761667;0,148773
17,763333;0,148773
17,765;0,148773
17,766667;0,148773
17,768333;0,148773
17,77;0,148773
17,771667;0,148773
17,773333;0,151634
17,775;0,151634
17,776667;0,151634
17,778333;0,151634
17,78;0,154495
17,781667;0,154495
17,783333;0,154495
17,785;0,157356
17,786667;0,157356
17,788333;0,160217
17,79;0,160217
17,791667;0,163078
17,793333;0,165939
17,795;0,165939
17,796667;0,1688
17,798333;0,171661
17,8;0,174522
17,801667;0,174522
17,803333;0,177383
17,805;0,180244
17,806667;0,183105
17,808333;0,185967
17,81;0,188828
17,811667;0,191689
17,813333;0,197411
17,815;0,200272
17,816667;0,203133
17,818333;0,205994
17,82;0,211716
17,821667;0,214577
17,823333;0,220299
17,825;0,22316
17,826667;0,228882
17,828333;0,234604
17,83;0,237465
17,831667;0,243187
17,833333;0,248909
17,835;0,254631
17,836667;0,260353
17,838333;0,266075
17,84;0,271797
17,841667;0,277519
17,843333;0,283241
17,845;0,297546
17,846667;0,303268
17,848333;0,311852
17,85;0,311852
17,851667;0,317574
17,853333;0,326157
17,855;0,33474
17,856667;0,340462
17,858333;0,349045
17,86;0,357628
17,861667;0,366211
17,863333;0,374794
17,865;0,383377
17,866667;0,39196
17,868333;0,403404
17,87;0,411987
17,871667;0,423431
17,873333;0,432014
17,875;0,443459
17,876667;0,452042
17,878333;0,463486
17,88;0,47493
17,881667;0,486374
17,883333;0,497818
17,885;0,512123
17,886667;0,523567
17,888333;0,535011
17,89;0,549316
17,891667;0,560761
17,893333;0,575066
17,895;0,589371
17,896667;0,603676
17,898333;0,617981
17,9;0,632286
17,901667;0,649452
17,903333;0,663757
17,905;0,680924
17,906667;0,695229
17,908333;0,712395
17,91;0,729561
17,911667;0,746727
17,913333;0,766754
17,915;0,78392
17,916667;0,801086
17,918333;0,821114
17,92;0,841141
17,921667;0,861168
17,923333;0,881195
17,925;0,904083
17,926667;0,92411
17,928333;0,946999
17,93;0,967026
17,931667;0,989914
17,933333;1,015663
17,935;1,038551
17,936667;1,064301
17,938333;1,087189
17,94;1,112938
17,941667;1,138687
17,943333;1,164436
17,945;1,193047
17,946667;1,218796
17,948333;1,247406
17,95;1,276016
17,951667;1,307488
17,953333;1,336098
17,955;1,367569
17,956667;1,430512
17,958333;1,461983
17,96;1,496315
17,961667;1,496315
17,963333;1,530647
17,965;1,56498
17,966667;1,599312
17,968333;1,636505
17,97;1,673699
17,971667;1,710892
17,973333;1,748085
17,975;1,788139
17,976667;1,828194
17,978333;1,868248
17,98;1,911163
17,981667;1,954079
17,983333;1,996994
17,985;2,039909
17,986667;2,085686
17,988333;2,131462
17,99;2,177239
17,991667;2,223015
17,993333;2,271652
17,995;2,32029
17,996667;2,371788
17,998333;2,423287
18;2,474785
18,001667;2,526283
18,003333;2,580643
18,005;2,635002
18,006667;2,692223
18,008333;2,749443
18,01;2,806664
18,011667;2,866745
18,013333;2,923966
18,015;2,986908
18,016667;3,04699
18,018333;3,109932
18,02;3,175736
18,021667;3,238678
18,023333;3,304482
18,025;3,373146
18,026667;3,441811
18,028333;3,510475
18,03;3,57914
18,031667;3,650666
18,033333;3,725052
18,035;3,799439
18,036667;3,873825
18,038333;3,948212
18,04;4,02546
18,041667;4,105568
18,043333;4,185677
18,045;4,265785
18,046667;4,345894
18,048333;4,428864
18,05;4,514694
18,051667;4,600525
18,053333;4,686356
18,055;4,775048
18,056667;4,863739
18,058333;4,952431
18,06;5,043984
18,061667;5,135536
18,063333;5,22995
18,065;5,324364
18,066667;5,421639
18,068333;5,616188
18,07;5,716324
18,071667;5,81646
18,073333;5,919457
18,075;5,919457
18,076667;6,022454
18,078333;6,12545
18,08;6,231308
18,081667;6,337166
18,083333;6,445885
18,085;6,554604
18,086667;6,666184
18,088333;6,774903
18,09;6,889344
18,091667;7,000924
18,093333;7,115364
18,095;7,232666
18,096667;7,349968
18,098333;7,46727
18,1;7,584572
18,101667;7,704735
18,103333;7,827759
18,105;7,947922
18,106667;8,070946
18,108333;8,196831
18,11;8,319855
18,111667;8,44574
18,113333;8,574486
18,115;8,703232
18,116667;8,831978
18,118333;8,960724
18,12;9,092331
18,121667;9,223939
18,123333;9,355546
18,125;9,490014
18,126667;9,624482
18,128333;9,75895
18,13;9,896279
18,131667;10,030747
18,133333;10,168076
18,135;10,308266
18,136667;10,445595
18,138333;10,585786
18,14;10,725976
18,141667;10,869027
18,143333;11,009217
18,145;11,152268
18,146667;11,295319
18,148333;11,43837
18,15;11,581422
18,151667;11,724473
18,153333;11,870385
18,155;12,016297
18,156667;12,162209
18,158333;12,308121
18,16;12,454034
18,161667;12,599946
18,163333;12,748719
18,165;12,894631
18,166667;13,043404
18,168333;13,189317
18,17;13,486863
18,171667;13,486863
18,173333;13,635636
18,175;13,784409
18,176667;13,933183
18,178333;14,081956
18,18;14,379502
18,181667;14,528275
18,183333;14,677049
18,185;14,825822
18,186667;14,825822
18,188333;14,974595
18,19;15,120507
18,191667;15,26928
18,193333;15,418054
18,195;15,563966
18,196667;15,712739
18,198333;15,858651
18,2;16,007424
18,201667;16,153337
18,203333;16,299249
18,205;16,445161
18,206667;16,588212
18,208333;16,734124
18,21;16,877175
18,211667;17,020227
18,213333;17,163278
18,215;17,303468
18,216667;17,446519
18,218333;17,586709
18,22;17,726899
18,221667;17,867089
18,223333;18,004418
18,225;18,144609
18,226667;18,281938
18,228333;18,416406
18,23;18,553735
18,231667;18,688203
18,233333;18,81981
18,235;18,954278
18,236667;19,085885
18,238333;19,214631
18,24;19,346238
18,241667;19,472123
18,243333;19,600869
18,245;19,726754
18,246667;19,852639
18,248333;19,975663
18,25;20,098687
18,251667;20,221711
18,253333;20,341874
18,255;20,462037
18,256667;20,579339
18,258333;20,696641
18,26;20,813943
18,261667;20,925523
18,263333;21,039964
18,265;21,151544
18,266667;21,260263
18,268333;21,368982
18,27;21,477701
18,271667;21,583558
18,273333;21,686555
18,275;21,789552
18,276667;21,892549
18,278333;21,989824
18,28;22,08996
18,281667;22,281648
18,283333;22,281648
18,285;22,376062
18,286667;22,467615
18,288333;22,556306
18,29;22,644998
18,291667;22,81952
18,293333;22,90249
18,295;22,98546
18,296667;23,065568
18,298333;23,145677
18,3;23,145677
18,301667;23,222925
18,303333;23,297311
18,305;23,371698
18,306667;23,443223
18,308333;23,514749
18,31;23,583414
18,311667;23,649217
18,313333;23,715021
18,315;23,777963
18,316667;23,838045
18,318333;23,898126
18,32;23,955347
18,321667;24,012567
18,323333;24,066926
18,325;24,121286
18,326667;24,169923
18,328333;24,218561
18,33;24,267198
18,331667;24,312974
18,333333;24,35589
18,335;24,395944
18,336667;24,435998
18,338333;24,476053
18,34;24,510385
18,341667;24,544717
18,343333;24,57905
18,345;24,60766
18,346667;24,63627
18,348333;24,66488
18,35;24,69063
18,351667;24,713518
18,353333;24,733545
18,355;24,753572
18,356667;24,773599
18,358333;24,787904
18,36;24,802209
18,361667;24,816515
18,363333;24,827959
18,365;24,836542
18,366667;24,842264
18,368333;24,847986
18,37;24,850847
18,371667;24,853708
18,373333;24,853708
18,375;24,853708
18,376667;24,847986
18,378333;24,845125
18,38;24,836542
18,381667;24,827959
18,383333;24,819376
18,385;24,807931
18,386667;24,793626
18,388333;24,779321
18,39;24,762155
18,391667;24,744989
18,393333;24,702074
18,395;24,679185
18,396667;24,679185
18,398333;24,653436
18,4;24,627687
18,401667;24,599077
18,403333;24,538995
18,405;24,504663
18,406667;24,473192
18,408333;24,435998
18,41;24,398805
18,411667;24,398805
18,413333;24,361612
18,415;24,321558
18,416667;24,278642
18,418333;24,235727
18,42;24,192812
18,421667;24,147035
18,423333;24,098398
18,425;24,04976
18,426667;24,001123
18,428333;23,949625
18,43;23,895265
18,431667;23,840906
18,433333;23,786546
18,435;23,729326
18,436667;23,672105
18,438333;23,612024
18,44;23,551942
18,441667;23,491861
18,443333;23,428918
18,445;23,363115
18,446667;23,300172
18,448333;23,231508
18,45;23,165704
18,451667;23,09704
18,453333;23,028375
18,455;22,95685
18,456667;22,885324
18,458333;22,810937
18,46;22,739412
18,461667;22,662164
18,463333;22,587778
18,465;22,51053
18,466667;22,433282
18,468333;22,353174
18,47;22,273065
18,471667;22,192956
18,473333;22,112848
18,475;22,029878
18,476667;21,946908
18,478333;21,861078
18,48;21,775247
18,481667;21,689416
18,483333;21,603586
18,485;21,517755
18,486667;21,429063
18,488333;21,340371
18,49;21,25168
18,491667;21,160127
18,493333;21,068574
18,495;20,977022
18,496667;20,885469
18,498333;20,791055
18,5;20,699502
18,501667;20,605089
18,503333;20,510675
18,505;20,318986
18,506667;20,221711
18,508333;20,221711
18,51;20,124437
18,511667;20,027162
18,513333;19,929887
18,515;19,732476
18,516667;19,632341
18,518333;19,532205
18,52;19,432069
18,521667;19,331933
18,523333;19,231797
18,525;19,231797
18,526667;19,131662
18,528333;19,028665
18,53;18,928529
18,531667;18,825532
18,533333;18,722535
18,535;18,619538
18,536667;18,516542
18,538333;18,413545
18,54;18,310548
18,541667;18,207551
18,543333;18,104554
18,545;18,001557
18,546667;17,8957
18,548333;17,792703
18,55;17,686845
18,551667;17,583848
18,553333;17,47799
18,555;17,374993
18,556667;17,269136
18,558333;17,163278
18,56;17,060281
18,561667;16,954423
18,563333;16,848565
18,565;16,742707
18,566667;16,63971
18,568333;16,533853
18,57;16,427995
18,571667;16,322137
18,573333;16,21914
18,575;16,113282
18,576667;16,007424
18,578333;15,901566
18,58;15,79857
18,581667;15,692712
18,583333;15,586854
18,585;15,483857
18,586667;15,377999
18,588333;15,275002
18,59;15,169145
18,591667;15,066148
18,593333;14,963151
18,595;14,857293
18,596667;14,754296
18,598333;14,651299
18,6;14,548303
18,601667;14,445306
18,603333;14,342309
18,605;14,239312
18,606667;14,136315
18,608333;14,033318
18,61;13,933183
18,611667;13,830186
18,613333;13,73005
18,615;13,627053
18,616667;13,426782
18,618333;13,326646
18,62;13,326646
18,621667;13,22651
18,623333;13,126374
18,625;13,026238
18,626667;12,926102
18,628333;12,828828
18,63;12,731553
18,631667;12,631417
18,633333;12,534142
18,635;12,436868
18,636667;12,339593
18,638333;12,242318
18,64;12,147904
18,641667;12,050629
18,643333;11,956216
18,645;11,858941
18,646667;11,764527
18,648333;11,670113
18,65;11,5757
18,651667;11,484147
18,653333;11,389733
18,655;11,295319
18,656667;11,203767
18,658333;11,112214
18,66;11,020661
18,661667;10,929108
18,663333;10,840417
18,665;10,748864
18,666667;10,660172
18,668333;10,57148
18,67;10,482789
18,671667;10,394097
18,673333;10,305405
18,675;10,216714
18,676667;10,130883
18,678333;10,045052
18,68;9,959221
18,681667;9,873391
18,683333;9,78756
18,685;9,701729
18,686667;9,61876
18,688333;9,53579
18,69;9,45282
18,691667;9,369851
18,693333;9,286881
18,695;9,206772
18,696667;9,123803
18,698333;9,043694
18,7;8,963585
18,701667;8,883477
18,703333;8,803368
18,705;8,726121
18,706667;8,646012
18,708333;8,568764
18,71;8,491517
18,711667;8,414269
18,713333;8,339882
18,715;8,262635
18,716667;8,188248
18,718333;8,113862
18,72;8,039475
18,721667;7,965088
18,723333;7,890702
18,725;7,819176
18,726667;7,74479
18,728333;7,601738
18,73;7,530213
18,731667;7,461548
18,733333;7,461548
18,735;7,390023
18,736667;7,321358
18,738333;7,252694
18,74;7,184029
18,741667;7,115364
18,743333;7,0467
18,745;6,980896
18,746667;6,912232
18,748333;6,846428
18,75;6,780625
18,751667;6,714821
18,753333;6,651879
18,755;6,586075
18,756667;6,523133
18,758333;6,46019
18,76;6,397248
18,761667;6,334305
18,763333;6,274224
18,765;6,211281
18,766667;6,1512
18,768333;6,091118
18,77;6,031037
18,771667;5,970955
18,773333;5,910874
18,775;5,853653
18,776667;5,793572
18,778333;5,736351
18,78;5,679131
18,781667;5,62191
18,783333;5,567551
18,785;5,510331
18,786667;5,455971
18,788333;5,401612
18,79;5,347252
18,791667;5,292893
18,793333;5,238533
18,795;5,184174
18,796667;5,132675
18,798333;5,078316
18,8;5,026818
18,801667;4,975319
18,803333;4,923821
18,805;4,875183
18,806667;4,823685
18,808333;4,772187
18,81;4,723549
18,811667;4,674912
18,813333;4,626274
18,815;4,577637
18,816667;4,529
18,818333;4,483223
18,82;4,434586
18,821667;4,388809
18,823333;4,343033
18,825;4,297257
18,826667;4,25148
18,828333;4,205704
18,83;4,162789
18,831667;4,117012
18,833333;4,074097
18,835;4,031182
18,836667;3,988266
18,838333;3,945351
18,84;3,85952
18,841667;3,819466
18,843333;3,776551
18,845;3,776551
18,846667;3,736496
18,848333;3,696442
18,85;3,656388
18,851667;3,616333
18,853333;3,576279
18,855;3,539086
18,856667;3,499031
18,858333;3,461838
18,86;3,424645
18,861667;3,38459
18,863333;3,347397
18,865;3,310204
18,866667;3,27301
18,868333;3,238678
18,87;3,201485
18,871667;3,167153
18,873333;3,129959
18,875;3,095627
18,876667;3,061295
18,878333;3,026962
18,88;2,99263
18,881667;2,958298
18,883333;2,923966
18,885;2,892494
18,886667;2,858162
18,888333;2,826691
18,89;2,79522
18,891667;2,763748
18,893333;2,732277
18,895;2,700806
18,896667;2,669335
18,898333;2,637863
18,9;2,606392
18,901667;2,577782
18,903333;2,549172
18,905;2,5177
18,906667;2,48909
18,908333;2,46048
18,91;2,43187
18,911667;2,403259
18,913333;2,374649
18,915;2,346039
18,916667;2,317429
18,918333;2,29168
18,92;2,263069
18,921667;2,23732
18,923333;2,211571
18,925;2,185822
18,926667;2,157211
18,928333;2,131462
18,93;2,105713
18,931667;2,079964
18,933333;2,057076
18,935;2,031326
18,936667;2,005577
18,938333;1,982689
18,94;1,95694
18,941667;1,934052
18,943333;1,911163
18,945;1,885414
18,946667;1,862526
18,948333;1,839638
18,95;1,81675
18,951667;1,773834
18,953333;1,750946
18,955;1,728058
18,956667;1,708031
18,958333;1,708031
18,96;1,685143
18,961667;1,662254
18,963333;1,642227
18,965;1,6222
18,966667;1,602173
18,968333;1,579285
18,97;1,559258
18,971667;1,53923
18,973333;1,519203
18,975;1,499176
18,976667;1,48201
18,978333;1,461983
18,98;1,441956
18,981667;1,42479
18,983333;1,404762
18,985;1,387596
18,986667;1,367569
18,988333;1,350403
18,99;1,330376
18,991667;1,31321
18,993333;1,296043
18,995;1,278877
18,996667;1,261711
18,998333;1,244545
19;1,227379
19,001667;1,210213
19,003333;1,193047
19,005;1,178742
19,006667;1,161575
19,008333;1,144409
19,01;1,130104
19,011667;1,112938
19,013333;1,098633
19,015;1,081467
19,016667;1,067162
19,018333;1,052857
19,02;1,03569
19,021667;1,021385
19,023333;1,00708
19,025;0,992775
19,026667;0,97847
19,028333;0,964165
19,03;0,94986
19,031667;0,935555
19,033333;0,921249
19,035;0,906944
19,036667;0,8955
19,038333;0,881195
19,04;0,86689
19,041667;0,855446
19,043333;0,841141
19,045;0,826836
19,046667;0,815392
19,048333;0,803947
19,05;0,789642
19,051667;0,778198
19,053333;0,752449
19,055;0,752449
19,056667;0,741005
19,058333;0,729561
19,06;0,718117
19,061667;0,703812
19,063333;0,680924
19,065;0,669479
19,066667;0,660896
19,068333;0,649452
19,07;0,649452
19,071667;0,638008
19,073333;0,626564
19,075;0,61512
19,076667;0,603676
19,078333;0,595093
19,08;0,583649
19,081667;0,575066
19,083333;0,563622
19,085;0,552177
19,086667;0,543594
19,088333;0,53215
19,09;0,523567
19,091667;0,514984
19,093333;0,50354
19,095;0,494957
19,096667;0,486374
19,098333;0,47493
19,1;0,466347
19,101667;0,457764
19,103333;0,449181
19,105;0,440598
19,106667;0,432014
19,108333;0,423431
19,11;0,414848
19,111667;0,406265
19,113333;0,394821
19,115;0,386238
19,116667;0,380516
19,118333;0,371933
19,12;0,36335
19,121667;0,354767
19,123333;0,346184
19,125;0,337601
19,126667;0,331879
19,128333;0,323296
19,13;0,314713
19,131667;0,306129
19,133333;0,300407
19,135;0,291824
19,136667;0,286102
19,138333;0,277519
19,14;0,268936
19,141667;0,263214
19,143333;0,254631
19,145;0,248909
19,146667;0,243187
19,148333;0,234604
19,15;0,228882
19,151667;0,220299
19,153333;0,214577
19,155;0,208855
19,156667;0,203133
19,158333;0,19455
19,16;0,188828
19,161667;0,183105
19,163333;0,177383
19,165;0,163078
19,166667;0,163078
19,168333;0,157356
19,17;0,151634
19,171667;0,145912
19,173333;0,14019
19,175;0,128746
19,176667;0,123024
19,178333;0,117302
19,18;0,11158
19,181667;0,105858
19,183333;0,105858
19,185;0,100136
19,186667;0,094414
19,188333;0,088692
19,19;0,08297
19,191667;0,077248
19,193333;0,074387
19,195;0,068665
19,196667;0,062943
19,198333;0,05722
19,2;0,054359
19,201667;0,048637
19,203333;0,042915
19,205;0,037193
19,206667;0,034332
19,208333;0,02861
19,21;0,022888
19,211667;0,020027
19,213333;0,014305
19,215;0,008583
19,216667;0,005722
19,218333;0
19,22;-0,002861
19,221667;-0,008583
19,223333;-0,011444
19,225;-0,017166
19,226667;-0,020027
19,228333;-0,025749
19,23;-0,02861
19,231667;-0,034332
19,233333;-0,037193
19,235;-0,042915
19,236667;-0,045776
19,238333;-0,051498
19,24;-0,054359
19,241667;-0,05722
19,243333;-0,062943
19,245;-0,065804
19,246667;-0,068665
19,248333;-0,074387
19,25;-0,077248
19,251667;-0,080109
19,253333;-0,08297
19,255;-0,088692
19,256667;-0,091553
19,258333;-0,094414
19,26;-0,097275
19,261667;-0,100136
19,263333;-0,102997
19,265;-0,108719
19,266667;-0,11158
19,268333;-0,114441
19,27;-0,117302
19,271667;-0,120163
19,273333;-0,123024
19,275;-0,125885
19,276667;-0,134468
19,278333;-0,137329
19,28;-0,137329
19,281667;-0,14019
19,283333;-0,143051
19,285;-0,145912
19,286667;-0,151634
19,288333;-0,154495
19,29;-0,157356
19,291667;-0,160217
19,293333;-0,163078
19,295;-0,165939
19,296667;-0,165939
19,298333;-0,1688
19,3;-0,171661
19,301667;-0,171661
19,303333;-0,174522
19,305;-0,177383
19,306667;-0,180244
19,308333;-0,183105
19,31;-0,185967
19,311667;-0,188828
19,313333;-0,191689
19,315;-0,19455
19,316667;-0,197411
19,318333;-0,197411
19,32;-0,200272
19,321667;-0,203133
19,323333;-0,205994
19,325;-0,208855
19,326667;-0,211716
19,328333;-0,211716
19,33;-0,214577
19,331667;-0,217438
19,333333;-0,220299
19,335;-0,22316
19,336667;-0,226021
19,338333;-0,226021
19,34;-0,228882
19,341667;-0,231743
19,343333;-0,234604
19,345;-0,234604
19,346667;-0,237465
19,348333;-0,240326
19,35;-0,240326
19,351667;-0,243187
19,353333;-0,246048
19,355;-0,246048
19,356667;-0,248909
19,358333;-0,25177
19,36;-0,25177
19,361667;-0,254631
19,363333;-0,257492
19,365;-0,257492
19,366667;-0,260353
19,368333;-0,263214
19,37;-0,263214
19,371667;-0,266075
19,373333;-0,268936
19,375;-0,268936
19,376667;-0,271797
19,378333;-0,271797
19,38;-0,274658
19,381667;-0,277519
19,383333;-0,277519
19,385;-0,28038
19,386667;-0,28038
19,388333;-0,286102
19,39;-0,286102
19,391667;-0,286102
19,393333;-0,288963
19,395;-0,288963
19,396667;-0,291824
19,398333;-0,294685
19,4;-0,294685
19,401667;-0,297546
19,403333;-0,297546
19,405;-0,300407
19,406667;-0,300407
19,408333;-0,300407
19,41;-0,303268
19,411667;-0,303268
19,413333;-0,306129
19,415;-0,306129
19,416667;-0,30899
19,418333;-0,30899
19,42;-0,311852
19,421667;-0,311852
19,423333;-0,314713
19,425;-0,314713
19,426667;-0,317574
19,428333;-0,317574
19,43;-0,320435
19,431667;-0,320435
19,433333;-0,320435
19,435;-0,323296
19,436667;-0,323296
19,438333;-0,326157
19,44;-0,326157
19,441667;-0,329018
19,443333;-0,329018
19,445;-0,329018
19,446667;-0,331879
19,448333;-0,331879
19,45;-0,33474
19,451667;-0,33474
19,453333;-0,33474
19,455;-0,337601
19,456667;-0,337601
19,458333;-0,340462
19,46;-0,340462
19,461667;-0,340462
19,463333;-0,343323
19,465;-0,343323
19,466667;-0,343323
19,468333;-0,346184
19,47;-0,346184
19,471667;-0,349045
19,473333;-0,349045
19,475;-0,349045
19,476667;-0,351906
19,478333;-0,351906
19,48;-0,354767
19,481667;-0,354767
19,483333;-0,354767
19,485;-0,357628
19,486667;-0,357628
19,488333;-0,357628
19,49;-0,360489
19,491667;-0,360489
19,493333;-0,360489
19,495;-0,36335
19,496667;-0,36335
19,498333;-0,36335
19,5;-0,366211
19,501667;-0,366211
19,503333;-0,366211
19,505;-0,366211
19,506667;-0,369072
19,508333;-0,369072
19,51;-0,369072
19,511667;-0,371933
19,513333;-0,371933
19,515;-0,371933
19,516667;-0,374794
19,518333;-0,374794
19,52;-0,374794
19,521667;-0,374794
19,523333;-0,377655
19,525;-0,377655
19,526667;-0,377655
19,528333;-0,377655
19,53;-0,380516
19,531667;-0,380516
19,533333;-0,380516
19,535;-0,380516
19,536667;-0,383377
19,538333;-0,383377
19,54;-0,383377
19,541667;-0,386238
19,543333;-0,386238
19,545;-0,386238
19,546667;-0,386238
19,548333;-0,389099
19,55;-0,389099
19,551667;-0,389099
19,553333;-0,389099
19,555;-0,39196
19,556667;-0,39196
19,558333;-0,39196
19,56;-0,39196
19,561667;-0,394821
19,563333;-0,394821
19,565;-0,394821
19,566667;-0,394821
19,568333;-0,394821
19,57;-0,394821
19,571667;-0,397682
19,573333;-0,397682
19,575;-0,397682
19,576667;-0,397682
19,578333;-0,400543
19,58;-0,400543
19,581667;-0,400543
19,583333;-0,400543
19,585;-0,400543
19,586667;-0,403404
19,588333;-0,403404
19,59;-0,403404
19,591667;-0,403404
19,593333;-0,403404
19,595;-0,403404
19,596667;-0,406265
19,598333;-0,406265
19,6;-0,406265
19,601667;-0,406265
19,603333;-0,406265
19,605;-0,409126
19,606667;-0,409126
19,608333;-0,409126
19,61;-0,409126
19,611667;-0,411987
19,613333;-0,411987
19,615;-0,411987
19,616667;-0,411987
19,618333;-0,411987
19,62;-0,411987
19,621667;-0,411987
19,623333;-0,414848
19,625;-0,414848
19,626667;-0,414848
19,628333;-0,414848
19,63;-0,414848
19,631667;-0,414848
19,633333;-0,414848
19,635;-0,414848
19,636667;-0,417709
19,638333;-0,417709
19,64;-0,417709
19,641667;-0,417709
19,643333;-0,417709
19,645;-0,417709
19,646667;-0,417709
19,648333;-0,42057
19,65;-0,42057
19,651667;-0,42057
19,653333;-0,42057
19,655;-0,42057
19,656667;-0,42057
19,658333;-0,42057
19,66;-0,42057
19,661667;-0,423431
19,663333;-0,423431
19,665;-0,423431
19,666667;-0,423431
19,668333;-0,423431
19,67;-0,423431
19,671667;-0,426292
19,673333;-0,426292
19,675;-0,426292
19,676667;-0,426292
19,678333;-0,426292
19,68;-0,426292
19,681667;-0,426292
19,683333;-0,426292
19,685;-0,429153
19,686667;-0,429153
19,688333;-0,429153
19,69;-0,429153
19,691667;-0,429153
19,693333;-0,429153
19,695;-0,429153
19,696667;-0,429153
19,698333;-0,432014
19,7;-0,432014
19,701667;-0,432014
19,703333;-0,432014
19,705;-0,432014
19,706667;-0,432014
19,708333;-0,432014
19,71;-0,432014
19,711667;-0,434876
19,713333;-0,434876
19,715;-0,434876
19,716667;-0,434876
19,718333;-0,434876
19,72;-0,434876
19,721667;-0,434876
19,723333;-0,434876
19,725;-0,437737
19,726667;-0,437737
19,728333;-0,437737
19,73;-0,437737
19,731667;-0,437737
19,733333;-0,437737
19,735;-0,437737
19,736667;-0,437737
19,738333;-0,437737
19,74;-0,440598
19,741667;-0,440598
19,743333;-0,440598
19,745;-0,440598
19,746667;-0,440598
19,748333;-0,440598
19,75;-0,440598
19,751667;-0,440598
19,753333;-0,440598
19,755;-0,440598
19,756667;-0,440598
19,758333;-0,443459
19,76;-0,443459
19,761667;-0,443459
19,763333;-0,443459
19,765;-0,443459
19,766667;-0,443459
19,768333;-0,443459
19,77;-0,443459
19,771667;-0,443459
19,773333;-0,443459
19,775;-0,443459
19,776667;-0,443459
19,778333;-0,44632
19,78;-0,44632
19,781667;-0,44632
19,783333;-0,44632
19,785;-0,44632
19,786667;-0,44632
19,788333;-0,44632
19,79;-0,44632
19,791667;-0,44632
19,793333;-0,449181
19,795;-0,449181
19,796667;-0,449181
19,798333;-0,449181
19,8;-0,449181
19,801667;-0,449181
19,803333;-0,449181
19,805;-0,449181
19,806667;-0,449181
19,808333;-0,449181
19,81;-0,449181
19,811667;-0,449181
19,813333;-0,449181
19,815;-0,449181
19,816667;-0,449181
19,818333;-0,452042
19,82;-0,452042
19,821667;-0,452042
19,823333;-0,452042
19,825;-0,452042
19,826667;-0,452042
19,828333;-0,452042
19,83;-0,452042
19,831667;-0,452042
19,833333;-0,452042
19,835;-0,452042
19,836667;-0,452042
19,838333;-0,452042
19,84;-0,452042
19,841667;-0,452042
19,843333;-0,454903
19,845;-0,454903
19,846667;-0,454903
19,848333;-0,454903
19,85;-0,454903
19,851667;-0,454903
19,853333;-0,454903
19,855;-0,454903
19,856667;-0,454903
19,858333;-0,454903
19,86;-0,454903
19,861667;-0,454903
19,863333;-0,454903
19,865;-0,454903
19,866667;-0,454903
19,868333;-0,454903
19,87;-0,454903
19,871667;-0,454903
19,873333;-0,454903
19,875;-0,454903
19,876667;-0,454903
19,878333;-0,454903
19,88;-0,457764
19,881667;-0,457764
19,883333;-0,457764
19,885;-0,457764
19,886667;-0,457764
19,888333;-0,457764
19,89;-0,457764
19,891667;-0,457764
19,893333;-0,457764
19,895;-0,457764
19,896667;-0,457764
19,898333;-0,457764
19,9;-0,457764
19,901667;-0,457764
19,903333;-0,457764
19,905;-0,457764
19,906667;-0,460625
19,908333;-0,460625
19,91;-0,460625
19,911667;-0,460625
19,913333;-0,460625
19,915;-0,460625
19,916667;-0,460625
19,918333;-0,460625
19,92;-0,460625
19,921667;-0,460625
19,923333;-0,460625
19,925;-0,460625
19,926667;-0,460625
19,928333;-0,460625
19,93;-0,460625
19,931667;-0,460625
19,933333;-0,460625
19,935;-0,460625
19,936667;-0,463486
19,938333;-0,463486
19,94;-0,463486
19,941667;-0,463486
19,943333;-0,463486
19,945;-0,463486
19,946667;-0,463486
19,948333;-0,463486
19,95;-0,463486
19,951667;-0,463486
19,953333;-0,463486
19,955;-0,463486
19,956667;-0,463486
19,958333;-0,463486
19,96;-0,463486
19,961667;-0,463486
19,963333;-0,463486
19,965;-0,463486
19,966667;-0,463486
19,968333;-0,463486
19,97;-0,463486
19,971667;-0,463486
19,973333;-0,463486
19,975;-0,463486
19,976667;-0,463486
19,978333;-0,466347
19,98;-0,466347
19,981667;-0,466347
19,983333;-0,466347
19,985;-0,466347
19,986667;-0,466347
19,988333;-0,466347
19,99;-0,466347
19,991667;-0,466347
19,993333;-0,466347
19,995;-0,466347
19,996667;-0,466347
19,998333;-0,466347
20;-0,466347
20,001667;-0,466347
20,003333;-0,466347
20,005;-0,466347
20,006667;-0,466347
20,008333;-0,466347
20,01;-0,466347
20,011667;-0,466347
20,013333;-0,469208
20,015;-0,469208
20,016667;-0,469208
20,018333;-0,469208
20,02;-0,469208
20,021667;-0,469208
20,023333;-0,469208
20,025;-0,469208
20,026667;-0,469208
20,028333;-0,469208
20,03;-0,469208
20,031667;-0,469208
20,033333;-0,469208
20,035;-0,472069
20,036667;-0,472069
20,038333;-0,472069
20,04;-0,472069
20,041667;-0,472069
20,043333;-0,472069
20,045;-0,472069
20,046667;-0,472069
20,048333;-0,472069
20,05;-0,472069
20,051667;-0,472069
20,053333;-0,472069
20,055;-0,472069
20,056667;-0,472069
20,058333;-0,472069
20,06;-0,472069
20,061667;-0,472069
20,063333;-0,472069
20,065;-0,472069
20,066667;-0,472069
20,068333;-0,472069
20,07;-0,472069
20,071667;-0,472069
20,073333;-0,472069
20,075;-0,472069
20,076667;-0,472069
20,078333;-0,472069
20,08;-0,472069
20,081667;-0,472069
20,083333;-0,472069
20,085;-0,472069
20,086667;-0,472069
20,088333;-0,472069
20,09;-0,47493
20,091667;-0,47493
20,093333;-0,47493
20,095;-0,47493
20,096667;-0,47493
20,098333;-0,47493
20,1;-0,47493
20,101667;-0,47493
20,103333;-0,47493
20,105;-0,47493
20,106667;-0,47493
20,108333;-0,47493
20,11;-0,47493
20,111667;-0,47493
20,113333;-0,47493
20,115;-0,47493
20,116667;-0,47493
20,118333;-0,47493
20,12;-0,47493
20,121667;-0,47493
20,123333;-0,47493
20,125;-0,477791
20,126667;-0,477791
20,128333;-0,477791
20,13;-0,477791
20,131667;-0,477791
20,133333;-0,477791
20,135;-0,477791
20,136667;-0,477791
20,138333;-0,477791
20,14;-0,477791
20,141667;-0,477791
20,143333;-0,477791
20,145;-0,477791
20,146667;-0,477791
20,148333;-0,477791
20,15;-0,477791
20,151667;-0,477791
20,153333;-0,477791
20,155;-0,477791
20,156667;-0,477791
20,158333;-0,477791
20,16;-0,477791
20,161667;-0,477791
20,163333;-0,477791
20,165;-0,477791
20,166667;-0,480652
20,168333;-0,480652
20,17;-0,480652
20,171667;-0,480652
20,173333;-0,480652
20,175;-0,480652
20,176667;-0,480652
20,178333;-0,480652
20,18;-0,480652
20,181667;-0,480652
20,183333;-0,480652
20,185;-0,480652
20,186667;-0,480652
20,188333;-0,480652
20,19;-0,480652
20,191667;-0,480652
20,193333;-0,480652
20,195;-0,480652
20,196667;-0,480652
20,198333;-0,480652
20,2;-0,480652
20,201667;-0,480652
20,203333;-0,480652
20,205;-0,480652
20,206667;-0,480652
20,208333;-0,480652
20,21;-0,480652
20,211667;-0,480652
20,213333;-0,480652
20,215;-0,483513
20,216667;-0,483513
20,218333;-0,483513
20,22;-0,483513
20,221667;-0,483513
20,223333;-0,483513
20,225;-0,483513
20,226667;-0,483513
20,228333;-0,483513
20,23;-0,483513
20,231667;-0,483513
20,233333;-0,483513
20,235;-0,483513
20,236667;-0,483513
20,238333;-0,483513
20,24;-0,483513
20,241667;-0,483513
20,243333;-0,483513
20,245;-0,483513
20,246667;-0,483513
20,248333;-0,483513
20,25;-0,483513
20,251667;-0,483513
20,253333;-0,483513
20,255;-0,483513
20,256667;-0,483513
20,258333;-0,483513
20,26;-0,483513
20,261667;-0,483513
20,263333;-0,483513
20,265;-0,483513
20,266667;-0,483513
20,268333;-0,483513
20,27;-0,483513
20,271667;-0,483513
20,273333;-0,483513
20,275;-0,483513
20,276667;-0,483513
20,278333;-0,483513
20,28;-0,483513
20,281667;-0,483513
20,283333;-0,486374
20,285;-0,486374
20,286667;-0,486374
20,288333;-0,486374
20,29;-0,486374
20,291667;-0,486374
20,293333;-0,486374
20,295;-0,486374
20,296667;-0,486374
20,298333;-0,486374
20,3;-0,486374
20,301667;-0,486374
20,303333;-0,486374
20,305;-0,486374
20,306667;-0,486374
20,308333;-0,486374
20,31;-0,486374
20,311667;-0,486374
20,313333;-0,486374
20,315;-0,486374
20,316667;-0,486374
20,318333;-0,486374
20,32;-0,486374
20,321667;-0,486374
20,323333;-0,486374
20,325;-0,486374
20,326667;-0,486374
20,328333;-0,486374
20,33;-0,489235
20,331667;-0,489235
20,333333;-0,489235
20,335;-0,489235
20,336667;-0,489235
20,338333;-0,489235
20,34;-0,489235
20,341667;-0,489235
20,343333;-0,489235
20,345;-0,489235
20,346667;-0,489235
20,348333;-0,489235
20,35;-0,489235
20,351667;-0,489235
20,353333;-0,489235
20,355;-0,489235
20,356667;-0,489235
20,358333;-0,489235
20,36;-0,489235
20,361667;-0,489235
20,363333;-0,489235
20,365;-0,489235
20,366667;-0,489235
20,368333;-0,489235
20,37;-0,489235
20,371667;-0,489235
20,373333;-0,489235
20,375;-0,489235
20,376667;-0,489235
20,378333;-0,489235
20,38;-0,489235
20,381667;-0,489235
20,383333;-0,489235
20,385;-0,489235
20,386667;-0,489235
20,388333;-0,489235
20,39;-0,489235
20,391667;-0,489235
20,393333;-0,489235
20,395;-0,489235
20,396667;-0,489235
20,398333;-0,489235
20,4;-0,489235
20,401667;-0,489235
20,403333;-0,489235
20,405;-0,489235
20,406667;-0,489235
20,408333;-0,489235
20,41;-0,489235
20,411667;-0,489235
20,413333;-0,489235
20,415;-0,489235
20,416667;-0,489235
20,418333;-0,489235
20,42;-0,489235
20,421667;-0,489235
20,423333;-0,489235
20,425;-0,489235
20,426667;-0,492096
20,428333;-0,492096
20,43;-0,492096
20,431667;-0,492096
20,433333;-0,492096
20,435;-0,492096
20,436667;-0,492096
20,438333;-0,492096
20,44;-0,492096
20,441667;-0,492096
20,443333;-0,492096
20,445;-0,492096
20,446667;-0,492096
20,448333;-0,492096
20,45;-0,492096
20,451667;-0,492096
20,453333;-0,492096
20,455;-0,492096
20,456667;-0,492096
20,458333;-0,492096
20,46;-0,492096
20,461667;-0,492096
20,463333;-0,492096
20,465;-0,492096
20,466667;-0,492096
20,468333;-0,492096
20,47;-0,492096
20,471667;-0,492096
20,473333;-0,492096
20,475;-0,492096
20,476667;-0,492096
20,478333;-0,492096
20,48;-0,492096
20,481667;-0,492096
20,483333;-0,492096
20,485;-0,492096
20,486667;-0,492096
20,488333;-0,492096
20,49;-0,492096
20,491667;-0,492096
20,493333;-0,492096
20,495;-0,492096
20,496667;-0,492096
20,498333;-0,492096
20,5;-0,492096
20,501667;-0,492096
20,503333;-0,492096
20,505;-0,492096
20,506667;-0,492096
20,508333;-0,492096
20,51;-0,492096
20,511667;-0,492096
20,513333;-0,492096
20,515;-0,492096
20,516667;-0,492096
20,518333;-0,492096
20,52;-0,492096
20,521667;-0,492096
20,523333;-0,492096
20,525;-0,492096
20,526667;-0,492096
20,528333;-0,492096
20,53;-0,492096
20,531667;-0,492096
20,533333;-0,492096
20,535;-0,492096
20,536667;-0,492096
20,538333;-0,492096
20,54;-0,492096
20,541667;-0,492096
20,543333;-0,492096
20,545;-0,492096
20,546667;-0,492096
20,548333;-0,492096
20,55;-0,492096
20,551667;-0,492096
20,553333;-0,492096
20,555;-0,492096
20,556667;-0,492096
20,558333;-0,492096
20,56;-0,492096
20,561667;-0,492096
20,563333;-0,492096
20,565;-0,492096
20,566667;-0,492096
20,568333;-0,489235
20,57;-0,489235
20,571667;-0,489235
20,573333;-0,489235
20,575;-0,489235
20,576667;-0,489235
20,578333;-0,489235
20,58;-0,489235
20,581667;-0,489235
20,583333;-0,489235
20,585;-0,489235
20,586667;-0,489235
20,588333;-0,489235
20,59;-0,489235
20,591667;-0,489235
20,593333;-0,489235
20,595;-0,489235
20,596667;-0,489235
20,598333;-0,489235
20,6;-0,489235
20,601667;-0,489235
20,603333;-0,489235
20,605;-0,489235
20,606667;-0,489235
20,608333;-0,486374
20,61;-0,486374
20,611667;-0,486374
20,613333;-0,486374
20,615;-0,486374
20,616667;-0,486374
20,618333;-0,486374
20,62;-0,486374
20,621667;-0,486374
20,623333;-0,486374
20,625;-0,486374
20,626667;-0,486374
20,628333;-0,486374
20,63;-0,486374
20,631667;-0,486374
20,633333;-0,486374
20,635;-0,486374
20,636667;-0,486374
20,638333;-0,486374
20,64;-0,486374
20,641667;-0,483513
20,643333;-0,483513
20,645;-0,483513
20,646667;-0,483513
20,648333;-0,483513
20,65;-0,483513
20,651667;-0,483513
20,653333;-0,483513
20,655;-0,483513
20,656667;-0,483513
20,658333;-0,483513
20,66;-0,483513
20,661667;-0,483513
20,663333;-0,483513
20,665;-0,483513
20,666667;-0,483513
20,668333;-0,480652
20,67;-0,480652
20,671667;-0,480652
20,673333;-0,480652
20,675;-0,480652
20,676667;-0,480652
20,678333;-0,480652
20,68;-0,480652
20,681667;-0,480652
20,683333;-0,477791
20,685;-0,477791
20,686667;-0,477791
20,688333;-0,477791
20,69;-0,477791
20,691667;-0,477791
20,693333;-0,477791
20,695;-0,477791
20,696667;-0,477791
20,698333;-0,47493
20,7;-0,47493
20,701667;-0,47493
20,703333;-0,47493
20,705;-0,47493
20,706667;-0,47493
20,708333;-0,47493
20,71;-0,47493
20,711667;-0,47493
20,713333;-0,47493
20,715;-0,472069
20,716667;-0,472069
20,718333;-0,472069
20,72;-0,472069
20,721667;-0,472069
20,723333;-0,472069
20,725;-0,469208
20,726667;-0,469208
20,728333;-0,469208
20,73;-0,469208
20,731667;-0,469208
20,733333;-0,469208
20,735;-0,466347
20,736667;-0,466347
20,738333;-0,466347
20,74;-0,466347
20,741667;-0,466347
20,743333;-0,463486
20,745;-0,463486
20,746667;-0,463486
20,748333;-0,463486
20,75;-0,463486
20,751667;-0,460625
20,753333;-0,460625
20,755;-0,460625
20,756667;-0,460625
20,758333;-0,460625
20,76;-0,457764
20,761667;-0,457764
20,763333;-0,457764
20,765;-0,454903
20,766667;-0,454903
20,768333;-0,454903
20,77;-0,454903
20,771667;-0,452042
20,773333;-0,452042
20,775;-0,452042
20,776667;-0,452042
20,778333;-0,449181
20,78;-0,449181
20,781667;-0,449181
20,783333;-0,44632
20,785;-0,44632
20,786667;-0,44632
20,788333;-0,44632
20,79;-0,443459
20,791667;-0,443459
20,793333;-0,440598
20,795;-0,440598
20,796667;-0,440598
20,798333;-0,437737
20,8;-0,437737
20,801667;-0,437737
20,803333;-0,434876
20,805;-0,434876
20,806667;-0,434876
20,808333;-0,432014
20,81;-0,432014
20,811667;-0,429153
20,813333;-0,429153
20,815;-0,429153
20,816667;-0,426292
20,818333;-0,426292
20,82;-0,423431
20,821667;-0,42057
20,823333;-0,42057
20,825;-0,42057
20,826667;-0,417709
20,828333;-0,417709
20,83;-0,417709
20,831667;-0,414848
20,833333;-0,414848
20,835;-0,411987
20,836667;-0,411987
20,838333;-0,409126
20,84;-0,409126
20,841667;-0,406265
20,843333;-0,406265
20,845;-0,403404
20,846667;-0,403404
20,848333;-0,400543
20,85;-0,397682
20,851667;-0,397682
20,853333;-0,394821
20,855;-0,394821
20,856667;-0,39196
20,858333;-0,39196
20,86;-0,389099
20,861667;-0,386238
20,863333;-0,386238
20,865;-0,383377
20,866667;-0,380516
20,868333;-0,380516
20,87;-0,377655
20,871667;-0,374794
20,873333;-0,374794
20,875;-0,371933
20,876667;-0,369072
20,878333;-0,369072
20,88;-0,366211
20,881667;-0,36335
20,883333;-0,36335
20,885;-0,360489
20,886667;-0,357628
20,888333;-0,354767
20,89;-0,354767
20,891667;-0,351906
20,893333;-0,349045
20,895;-0,346184
20,896667;-0,343323
20,898333;-0,340462
20,9;-0,340462
20,901667;-0,337601
20,903333;-0,331879
20,905;-0,329018
20,906667;-0,326157
20,908333;-0,323296
20,91;-0,323296
20,911667;-0,320435
20,913333;-0,317574
20,915;-0,314713
20,916667;-0,311852
20,918333;-0,30899
20,92;-0,306129
20,921667;-0,303268
20,923333;-0,300407
20,925;-0,297546
20,926667;-0,294685
20,928333;-0,291824
20,93;-0,288963
20,931667;-0,286102
20,933333;-0,28038
20,935;-0,277519
20,936667;-0,274658
20,938333;-0,271797
20,94;-0,268936
20,941667;-0,263214
20,943333;-0,260353
20,945;-0,257492
20,946667;-0,25177
20,948333;-0,248909
20,95;-0,246048
20,951667;-0,240326
20,953333;-0,237465
20,955;-0,234604
20,956667;-0,228882
20,958333;-0,226021
20,96;-0,220299
20,961667;-0,217438
20,963333;-0,211716
20,965;-0,203133
20,966667;-0,197411
20,968333;-0,19455
20,97;-0,19455
20,971667;-0,188828
20,973333;-0,185967
20,975;-0,180244
20,976667;-0,174522
20,978333;-0,171661
20,98;-0,165939
20,981667;-0,160217
20,983333;-0,154495
20,985;-0,148773
20,986667;-0,145912
20,988333;-0,14019
20,99;-0,134468
20,991667;-0,128746
20,993333;-0,123024
20,995;-0,117302
20,996667;-0,11158
20,998333;-0,105858
21;-0,100136
21,001667;-0,094414
21,003333;-0,088692
21,005;-0,080109
21,006667;-0,074387
21,008333;-0,068665
21,01;-0,062943
21,011667;-0,054359
21,013333;-0,048637
21,015;-0,042915
21,016667;-0,034332
21,018333;-0,02861
21,02;-0,020027
21,021667;-0,014305
21,023333;-0,005722
21,025;0
21,026667;0,008583
21,028333;0,017166
21,03;0,022888
21,031667;0,031471
21,033333;0,040054
21,035;0,048637
21,036667;0,05722
21,038333;0,065804
21,04;0,074387
21,041667;0,08297
21,043333;0,091553
21,045;0,100136
21,046667;0,117302
21,048333;0,128746
21,05;0,137329
21,051667;0,137329
21,053333;0,145912
21,055;0,157356
21,056667;0,165939
21,058333;0,177383
21,06;0,185967
21,061667;0,197411
21,063333;0,208855
21,065;0,220299
21,066667;0,228882
21,068333;0,240326
21,07;0,25177
21,071667;0,263214
21,073333;0,277519
21,075;0,288963
21,076667;0,300407
21,078333;0,326157
21,08;0,337601
21,081667;0,351906
21,083333;0,351906
21,085;0,36335
21,086667;0,377655
21,088333;0,403404
21,09;0,417709
21,091667;0,432014
21,093333;0,44632
21,095;0,460625
21,096667;0,477791
21,098333;0,477791
21,1;0,492096
21,101667;0,506401
21,103333;0,523567
21,105;0,537872
21,106667;0,555038
21,108333;0,572205
21,11;0,589371
21,111667;0,606537
21,113333;0,623703
21,115;0,640869
21,116667;0,658035
21,118333;0,678062
21,12;0,695229
21,121667;0,715256
21,123333;0,735283
21,125;0,75531
21,126667;0,775337
21,128333;0,795364
21,13;0,815392
21,131667;0,835419
21,133333;0,858307
21,135;0,878334
21,136667;0,901222
21,138333;0,921249
21,14;0,944138
21,141667;0,967026
21,143333;0,992775
21,145;1,015663
21,146667;1,041412
21,148333;1,064301
21,15;1,09005
21,151667;1,115799
21,153333;1,141548
21,155;1,167297
21,156667;1,195908
21,158333;1,221657
21,16;1,250267
21,161667;1,278877
21,163333;1,307488
21,165;1,336098
21,166667;1,364708
21,168333;1,396179
21,17;1,42479
21,171667;1,456261
21,173333;1,487732
21,175;1,519203
21,176667;1,553536
21,178333;1,585007
21,18;1,653671
21,181667;1,688004
21,183333;1,725197
21,185;1,759529
21,186667;1,759529
21,188333;1,796723
21,19;1,871109
21,191667;1,908302
21,193333;1,948357
21,195;1,98555
21,196667;2,025604
21,198333;2,065659
21,2;2,108574
21,201667;2,108574
21,203333;2,148628
21,205;2,191544
21,206667;2,234459
21,208333;2,280235
21,21;2,323151
21,211667;2,368927
21,213333;2,414704
21,215;2,46048
21,216667;2,509117
21,218333;2,554894
21,22;2,603531
21,221667;2,652168
21,223333;2,703667
21,225;2,755165
21,226667;2,806664
21,228333;2,858162
21,23;2,912522
21,231667;2,96402
21,233333;3,018379
21,235;3,072739
21,236667;3,129959
21,238333;3,18718
21,24;3,2444
21,241667;3,301621
21,243333;3,361702
21,245;3,421784
21,246667;3,481865
21,248333;3,544808
21,25;3,604889
21,251667;3,667832
21,253333;3,733635
21,255;3,799439
21,256667;3,865242
21,258333;3,931046
21,26;3,996849
21,261667;4,065514
21,263333;4,134178
21,265;4,205704
21,266667;4,274369
21,268333;4,345894
21,27;4,420281
21,271667;4,491806
21,273333;4,566193
21,275;4,643441
21,276667;4,717827
21,278333;4,795075
21,28;4,872322
21,281667;4,952431
21,283333;5,03254
21,285;5,112648
21,286667;5,192757
21,288333;5,275727
21,29;5,358696
21,291667;5,441666
21,293333;5,527497
21,295;5,613327
21,296667;5,702019
21,298333;5,78785
21,3;5,876541
21,301667;5,965233
21,303333;6,056786
21,305;6,148339
21,306667;6,239891
21,308333;6,331444
21,31;6,425858
21,311667;6,520272
21,313333;6,617546
21,315;6,714821
21,316667;6,812096
21,318333;6,909371
21,32;7,009507
21,321667;7,109642
21,323333;7,209778
21,325;7,312775
21,326667;7,412911
21,328333;7,515908
21,33;7,621766
21,331667;7,727623
21,333333;7,83062
21,335;7,939339
21,336667;8,045197
21,338333;8,153916
21,34;8,262635
21,341667;8,371354
21,343333;8,482934
21,345;8,706093
21,346667;8,706093
21,348333;8,817673
21,35;8,932114
21,351667;9,046555
21,353333;9,160996
21,355;9,275437
21,356667;9,392739
21,358333;9,510041
21,36;9,627343
21,361667;9,744645
21,363333;9,861947
21,365;9,98211
21,366667;10,102273
21,368333;10,222436
21,37;10,342599
21,371667;10,465623
21,373333;10,588647
21,375;10,70881
21,376667;10,834695
21,378333;10,957719
21,38;11,080743
21,381667;11,206628
21,383333;11,329652
21,385;11,455537
21,386667;11,581422
21,388333;11,710168
21,39;11,836053
21,391667;11,961938
21,393333;12,090684
21,395;12,21943
21,396667;12,345315
21,398333;12,474061
21,4;12,602807
21,401667;12,731553
21,403333;12,86316
21,405;12,991906
21,406667;13,120652
21,408333;13,252259
21,41;13,381005
21,411667;13,512612
21,413333;13,641358
21,415;13,772965
21,416667;13,904572
21,418333;14,036179
21,42;14,164925
21,421667;14,296533
21,423333;14,42814
21,425;14,559747
21,426667;14,688493
21,428333;14,8201
21,43;14,951707
21,431667;15,083314
21,433333;15,214921
21,435;15,343667
21,436667;15,475274
21,438333;15,606881
21,44;15,735627
21,441667;15,867234
21,443333;15,99598
21,445;16,124726
21,446667;16,256333
21,448333;16,385079
21,45;16,513825
21,451667;16,642571
21,453333;16,771318
21,455;16,897203
21,456667;17,025949
21,458333;17,151834
21,46;17,28058
21,461667;17,406465
21,463333;17,53235
21,465;17,658235
21,466667;17,781259
21,468333;17,907144
21,47;18,030168
21,471667;18,156053
21,473333;18,279077
21,475;18,39924
21,476667;18,522264
21,478333;18,642427
21,48;18,765451
21,481667;18,882753
21,483333;19,002916
21,485;19,123079
21,486667;19,24038
21,488333;19,357682
21,49;19,474984
21,491667;19,589425
21,493333;19,703866
21,495;19,818307
21,496667;19,932748
21,498333;20,044328
21,5;20,155908
21,501667;20,267488
21,503333;20,376207
21,505;20,487787
21,506667;20,593644
21,508333;20,808221
21,51;20,914079
21,511667;20,914079
21,513333;21,017076
21,515;21,122934
21,516667;21,225931
21,518333;21,426202
21,52;21,526338
21,521667;21,623613
21,523333;21,723749
21,525;21,818162
21,526667;21,818162
21,528333;21,915437
21,53;22,009851
21,531667;22,101404
21,533333;22,192956
21,535;22,284509
21,536667;22,376062
21,538333;22,464754
21,54;22,550584
21,541667;22,639276
21,543333;22,722246
21,545;22,808076
21,546667;22,891046
21,548333;22,971155
21,55;23,051263
21,551667;23,131372
21,553333;23,20862
21,555;23,285867
21,556667;23,363115
21,558333;23,437501
21,56;23,509027
21,561667;23,583414
21,563333;23,652078
21,565;23,723604
21,566667;23,792268
21,568333;23,858072
21,57;23,923875
21,571667;23,989679
21,573333;24,052621
21,575;24,112703
21,576667;24,172784
21,578333;24,232866
21,58;24,290086
21,581667;24,347307
21,583333;24,401666
21,585;24,456026
21,586667;24,507524
21,588333;24,559022
21,59;24,610521
21,591667;24,659158
21,593333;24,704935
21,595;24,750711
21,596667;24,796487
21,598333;24,839403
21,6;24,882318
21,601667;24,922372
21,603333;24,959566
21,605;24,99962
21,606667;25,033952
21,608333;25,071146
21,61;25,105478
21,611667;25,16842
21,613333;25,197031
21,615;25,225641
21,616667;25,225641
21,618333;25,25139
21,62;25,277139
21,621667;25,302888
21,623333;25,325777
21,625;25,345804
21,626667;25,365831
21,628333;25,385858
21,63;25,403024
21,631667;25,42019
21,633333;25,434496
21,635;25,448801
21,636667;25,460245
21,638333;25,471689
21,64;25,480272
21,641667;25,488855
21,643333;25,494577
21,645;25,500299
21,646667;25,506021
21,648333;25,508882
21,65;25,508882
21,651667;25,511743
21,653333;25,508882
21,655;25,508882
21,656667;25,50316
21,658333;25,500299
21,66;25,494577
21,661667;25,485994
21,663333;25,477411
21,665;25,468828
21,666667;25,457384
21,668333;25,44594
21,67;25,431635
21,671667;25,417329
21,673333;25,400163
21,675;25,382997
21,676667;25,365831
21,678333;25,345804
21,68;25,325777
21,681667;25,302888
21,683333;25,28
21,685;25,257112
21,686667;25,231363
21,688333;25,205614
21,69;25,177003
21,691667;25,148393
21,693333;25,088312
21,695;25,088312
21,696667;25,05684
21,698333;25,022508
21,7;24,988176
21,701667;24,953844
21,703333;24,879457
21,705;24,842264
21,706667;24,802209
21,708333;24,762155
21,71;24,722101
21,711667;24,722101
21,713333;24,679185
21,715;24,63627
21,716667;24,590494
21,718333;24,544717
21,72;24,498941
21,721667;24,453165
21,723333;24,404527
21,725;24,353029
21,726667;24,304391
21,728333;24,252893
21,73;24,201395
21,731667;24,147035
21,733333;24,095537
21,735;24,038316
21,736667;23,983957
21,738333;23,926736
21,74;23,869516
21,741667;23,812295
21,743333;23,752214
21,745;23,692132
21,746667;23,632051
21,748333;23,569108
21,75;23,509027
21,751667;23,446084
21,753333;23,380281
21,755;23,317338
21,756667;23,251535
21,758333;23,185731
21,76;23,117067
21,761667;23,051263
21,763333;22,982599
21,765;22,913934
21,766667;22,842409
21,768333;22,773744
21,77;22,702218
21,771667;22,630693
21,773333;22,559167
21,775;22,484781
21,776667;22,410394
21,778333;22,336007
21,78;22,261621
21,781667;22,187234
21,783333;22,112848
21,785;22,0356
21,786667;21,958352
21,788333;21,881105
21,79;21,803857
21,791667;21,723749
21,793333;21,646501
21,795;21,566392
21,796667;21,486284
21,798333;21,406175
21,8;21,323205
21,801667;21,243097
21,803333;21,160127
21,805;21,077157
21,806667;20,994188
21,808333;20,911218
21,81;20,828248
21,811667;20,742418
21,813333;20,659448
21,815;20,573617
21,816667;20,487787
21,818333;20,401956
21,82;20,316125
21,821667;20,230294
21,823333;20,144464
21,825;20,058633
21,826667;19,969941
21,828333;19,884111
21,83;19,795419
21,831667;19,706727
21,833333;19,618036
21,835;19,529344
21,836667;19,440652
21,838333;19,35196
21,84;19,263269
21,841667;19,171716
21,843333;19,083024
21,845;18,991471
21,846667;18,90278
21,848333;18,722535
21,85;18,722535
21,851667;18,630983
21,853333;18,53943
21,855;18,447877
21,856667;18,359185
21,858333;18,17608
21,86;18,084527
21,861667;17,992974
21,863333;17,901422
21,865;17,809869
21,866667;17,809869
21,868333;17,718316
21,87;17,623902
21,871667;17,53235
21,873333;17,440797
21,875;17,349244
21,876667;17,257691
21,878333;17,166139
21,88;17,071725
21,881667;16,980172
21,883333;16,888619
21,885;16,797067
21,886667;16,702653
21,888333;16,6111
21,89;16,519547
21,891667;16,427995
21,893333;16,333581
21,895;16,242028
21,896667;16,150476
21,898333;16,058923
21,9;15,96737
21,901667;15,875817
21,903333;15,781404
21,905;15,689851
21,906667;15,598298
21,908333;15,506745
21,91;15,415193
21,911667;15,32364
21,913333;15,232087
21,915;15,140534
21,916667;15,051843
21,918333;14,96029
21,92;14,868737
21,921667;14,688493
21,923333;14,688493
21,925;14,59694
21,926667;14,508248
21,928333;14,419557
21,93;14,328004
21,931667;14,15062
21,933333;14,059068
21,935;13,970376
21,936667;13,881684
21,938333;13,881684
21,94;13,792992
21,941667;13,704301
21,943333;13,615609
21,945;13,529778
21,946667;13,441087
21,948333;13,352395
21,95;13,266564
21,951667;13,177872
21,953333;13,092042
21,955;13,00335
21,956667;12,917519
21,958333;12,831689
21,96;12,745858
21,961667;12,660027
21,963333;12,574197
21,965;12,491227
21,966667;12,405396
21,968333;12,319566
21,97;12,236596
21,971667;12,153626
21,973333;12,067796
21,975;11,984826
21,976667;11,901856
21,978333;11,818887
21,98;11,735917
21,981667;11,652947
21,983333;11,572839
21,985;11,489869
21,986667;11,40976
21,988333;11,326791
21,99;11,246682
21,991667;11,166573
21,993333;11,086465
21,995;11,006356
21,996667;10,926247
21,998333;10,846139
22;10,768891
22,001667;10,688782
22,003333;10,611535
22,005;10,534287
22,006667;10,45704
22,008333;10,379792
22,01;10,302544
22,011667;10,225297
22,013333;10,073662
22,015;9,996415
22,016667;9,922028
22,018333;9,922028
22,02;9,847642
22,021667;9,773255
22,023333;9,698868
22,025;9,624482
22,026667;9,550095
22,028333;9,475709
22,03;9,404183
22,031667;9,332657
22,033333;9,258271
22,035;9,186745
22,036667;9,11522
22,038333;9,046555
22,04;8,97503
22,041667;8,903504
22,043333;8,834839
22,045;8,763314
22,046667;8,694649
22,048333;8,625985
22,05;8,55732
22,051667;8,488656
22,053333;8,422852
22,055;8,354188
22,056667;8,288384
22,058333;8,219719
22,06;8,153916
22,061667;8,088112
22,063333;8,022309
22,065;7,956505
22,066667;7,893563
22,068333;7,827759
22,07;7,761956
22,071667;7,699013
22,073333;7,636071
22,075;7,573128
22,076667;7,510186
22,078333;7,447243
22,08;7,384301
22,081667;7,324219
22,083333;7,261277
22,085;7,201195
22,086667;7,141114
22,088333;7,081032
22,09;7,020951
22,091667;6,960869
22,093333;6,900788
22,095;6,843567
22,096667;6,783486
22,098333;6,726265
22,1;6,669045
22,101667;6,611824
22,103333;6,554604
22,105;6,497384
22,106667;6,440163
22,108333;6,385804
22,11;6,328583
22,111667;6,274224
22,113333;6,217003
22,115;6,162644
22,116667;6,111145
22,118333;6,056786
22,12;6,002427
22,121667;5,950928
22,123333;5,896569
22,125;5,84507
22,126667;5,793572
22,128333;5,739212
22,13;5,687714
22,131667;5,639077
22,133333;5,587578
22,135;5,53608
22,136667;5,487442
22,138333;5,435944
22,14;5,387307
22,141667;5,338669
22,143333;5,290032
22,145;5,241394
22,146667;5,195618
22,148333;5,146981
22,15;5,098343
22,151667;5,052567
22,153333;5,00679
22,155;4,961014
22,156667;4,912377
22,158333;4,823685
22,16;4,777909
22,161667;4,732132
22,163333;4,689217
22,165;4,643441
22,166667;4,600525
22,168333;4,600525
22,17;4,55761
22,171667;4,514694
22,173333;4,471779
22,175;4,428864
22,176667;4,385948
22,178333;4,345894
22,18;4,302979
22,181667;4,262924
22,183333;4,22287
22,185;4,179955
22,186667;4,1399
22,188333;4,099846
22,19;4,059792
22,191667;4,019737
22,193333;3,982544
22,195;3,94249
22,196667;3,902436
22,198333;3,865242
22,2;3,828049
22,201667;3,790856
22,203333;3,750801
22,205;3,713608
22,206667;3,679276
22,208333;3,642082
22,21;3,604889
22,211667;3,567696
22,213333;3,533364
22,215;3,499031
22,216667;3,461838
22,218333;3,427506
22,22;3,393173
22,221667;3,358841
22,223333;3,324509
22,225;3,290177
22,226667;3,258705
22,228333;3,224373
22,23;3,192902
22,231667;3,15857
22,233333;3,127098
22,235;3,092766
22,236667;3,061295
22,238333;3,029823
22,24;2,998352
22,241667;2,966881
22,243333;2,93541
22,245;2,906799
22,246667;2,875328
22,248333;2,843857
22,25;2,815247
22,251667;2,786637
22,253333;2,755165
22,255;2,726555
22,256667;2,697945
22,258333;2,669335
22,26;2,640724
22,261667;2,612114
22,263333;2,583504
22,265;2,554894
22,266667;2,529144
22,268333;2,500534
22,27;2,471924
22,271667;2,446175
22,273333;2,420426
22,275;2,391815
22,276667;2,366066
22,278333;2,340317
22,28;2,314568
22,281667;2,288818
22,283333;2,263069
22,285;2,23732
22,286667;2,211571
22,288333;2,188683
22,29;2,162933
22,291667;2,140045
22,293333;2,114296
22,295;2,091408
22,296667;2,065659
22,298333;2,042771
22,3;2,019882
22,301667;1,996994
22,303333;1,974106
22,305;1,951218
22,306667;1,92833
22,308333;1,905441
22,31;1,882553
22,311667;1,839638
22,313333;1,839638
22,315;1,819611
22,316667;1,796723
22,318333;1,776695
22,32;1,753807
22,321667;1,73378
22,323333;1,713753
22,325;1,693726
22,326667;1,673699
22,328333;1,653671
22,33;1,633644
22,331667;1,613617
22,333333;1,59359
22,335;1,573563
22,336667;1,553536
22,338333;1,536369
22,34;1,516342
22,341667;1,496315
22,343333;1,479149
22,345;1,459122
22,346667;1,441956
22,348333;1,421928
22,35;1,404762
22,351667;1,387596
22,353333;1,353264
22,355;1,336098
22,356667;1,336098
22,358333;1,318932
22,36;1,301766
22,361667;1,284599
22,363333;1,250267
22,365;1,233101
22,366667;1,218796
22,368333;1,20163
22,37;1,184464
22,371667;1,170158
22,373333;1,152992
22,375;1,138687
22,376667;1,124382
22,378333;1,107216
22,38;1,092911
22,381667;1,092911
22,383333;1,078606
22,385;1,06144
22,386667;1,047134
22,388333;1,032829
22,39;1,018524
22,391667;1,004219
22,393333;0,989914
22,395;0,975609
22,396667;0,961304
22,398333;0,946999
22,4;0,935555
22,401667;0,921249
22,403333;0,906944
22,405;0,892639
22,406667;0,881195
22,408333;0,86689
22,41;0,855446
22,411667;0,841141
22,413333;0,829697
22,415;0,815392
22,416667;0,803947
22,418333;0,789642
22,42;0,778198
22,421667;0,766754
22,423333;0,752449
22,425;0,741005
22,426667;0,729561
22,428333;0,718117
22,43;0,706673
22,431667;0,695229
22,433333;0,683785
22,435;0,67234
22,436667;0,660896
22,438333;0,649452
22,44;0,638008
22,441667;0,626564
22,443333;0,617981
22,445;0,606537
22,446667;0,595093
22,448333;0,583649
22,45;0,575066
22,451667;0,563622
22,453333;0,555038
22,455;0,543594
22,456667;0,53215
22,458333;0,523567
22,46;0,514984
22,461667;0,50354
22,463333;0,494957
22,465;0,486374
22,466667;0,47493
22,468333;0,466347
22,47;0,457764
22,471667;0,44632
22,473333;0,437737
22,475;0,429153
22,476667;0,42057
22,478333;0,411987
22,48;0,403404
22,481667;0,394821
22,483333;0,386238
22,485;0,377655
22,486667;0,369072
22,488333;0,360489
22,49;0,351906
22,491667;0,343323
22,493333;0,33474
22,495;0,329018
22,496667;0,320435
22,498333;0,311852
22,5;0,303268
22,501667;0,297546
22,503333;0,288963
22,505;0,28038
22,506667;0,271797
22,508333;0,266075
22,51;0,257492
22,511667;0,248909
22,513333;0,243187
22,515;0,234604
22,516667;0,228882
22,518333;0,22316
22,52;0,214577
22,521667;0,208855
22,523333;0,200272
22,525;0,19455
22,526667;0,188828
22,528333;0,183105
22,53;0,174522
22,531667;0,1688
22,533333;0,163078
22,535;0,157356
22,536667;0,148773
22,538333;0,143051
22,54;0,137329
22,541667;0,131607
22,543333;0,125885
22,545;0,117302
22,546667;0,11158
22,548333;0,105858
22,55;0,100136
22,551667;0,094414
22,553333;0,08297
22,555;0,077248
22,556667;0,071526
22,558333;0,071526
22,56;0,065804
22,561667;0,060081
22,563333;0,054359
22,565;0,048637
22,566667;0,042915
22,568333;0,040054
22,57;0,034332
22,571667;0,02861
22,573333;0,022888
22,575;0,017166
22,576667;0,014305
22,578333;0,008583
22,58;0,002861
22,581667;-0,002861
22,583333;-0,005722
22,585;-0,011444
22,586667;-0,017166
22,588333;-0,020027
22,59;-0,025749
22,591667;-0,031471
22,593333;-0,034332
22,595;-0,040054
22,596667;-0,042915
22,598333;-0,048637
22,6;-0,054359
22,601667;-0,05722
22,603333;-0,062943
22,605;-0,065804
22,606667;-0,068665
22,608333;-0,074387
22,61;-0,077248
22,611667;-0,08297
22,613333;-0,085831
22,615;-0,091553
22,616667;-0,094414
22,618333;-0,097275
22,62;-0,102997
22,621667;-0,105858
22,623333;-0,108719
22,625;-0,114441
22,626667;-0,117302
22,628333;-0,120163
22,63;-0,125885
22,631667;-0,128746
22,633333;-0,131607
22,635;-0,134468
22,636667;-0,14019
22,638333;-0,143051
22,64;-0,145912
22,641667;-0,148773
22,643333;-0,154495
22,645;-0,157356
22,646667;-0,160217
22,648333;-0,165939
22,65;-0,171661
22,651667;-0,171661
22,653333;-0,174522
22,655;-0,177383
22,656667;-0,180244
22,658333;-0,183105
22,66;-0,185967
22,661667;-0,188828
22,663333;-0,191689
22,665;-0,19455
22,666667;-0,200272
22,668333;-0,203133
22,67;-0,205994
22,671667;-0,208855
22,673333;-0,211716
22,675;-0,214577
22,676667;-0,217438
22,678333;-0,220299
22,68;-0,22316
22,681667;-0,226021
22,683333;-0,228882
22,685;-0,228882
22,686667;-0,231743
22,688333;-0,234604
22,69;-0,237465
22,691667;-0,240326
22,693333;-0,243187
22,695;-0,246048
22,696667;-0,248909
22,698333;-0,25177
22,7;-0,25177
22,701667;-0,254631
22,703333;-0,257492
22,705;-0,260353
22,706667;-0,263214
22,708333;-0,266075
22,71;-0,268936
22,711667;-0,268936
22,713333;-0,271797
22,715;-0,274658
22,716667;-0,277519
22,718333;-0,28038
22,72;-0,283241
22,721667;-0,286102
22,723333;-0,286102
22,725;-0,288963
22,726667;-0,291824
22,728333;-0,294685
22,73;-0,294685
22,731667;-0,297546
22,733333;-0,300407
22,735;-0,303268
22,736667;-0,303268
22,738333;-0,306129
22,74;-0,30899
22,741667;-0,30899
22,743333;-0,314713
22,745;-0,314713
22,746667;-0,314713
22,748333;-0,317574
22,75;-0,320435
22,751667;-0,320435
22,753333;-0,326157
22,755;-0,326157
22,756667;-0,329018
22,758333;-0,331879
22,76;-0,331879
22,761667;-0,331879
22,763333;-0,33474
22,765;-0,33474
22,766667;-0,337601
22,768333;-0,337601
22,77;-0,340462
22,771667;-0,340462
22,773333;-0,343323
22,775;-0,346184
22,776667;-0,346184
22,778333;-0,349045
22,78;-0,349045
22,781667;-0,351906
22,783333;-0,354767
22,785;-0,354767
22,786667;-0,357628
22,788333;-0,357628
22,79;-0,360489
22,791667;-0,360489
22,793333;-0,36335
22,795;-0,36335
22,796667;-0,366211
22,798333;-0,366211
22,8;-0,369072
22,801667;-0,369072
22,803333;-0,371933
22,805;-0,371933
22,806667;-0,371933
22,808333;-0,374794
22,81;-0,374794
22,811667;-0,377655
22,813333;-0,377655
22,815;-0,380516
22,816667;-0,380516
22,818333;-0,380516
22,82;-0,383377
22,821667;-0,383377
22,823333;-0,386238
22,825;-0,386238
22,826667;-0,389099
22,828333;-0,389099
22,83;-0,389099
22,831667;-0,39196
22,833333;-0,39196
22,835;-0,394821
22,836667;-0,394821
22,838333;-0,397682
22,84;-0,397682
22,841667;-0,397682
22,843333;-0,400543
22,845;-0,400543
22,846667;-0,403404
22,848333;-0,403404
22,85;-0,403404
22,851667;-0,406265
22,853333;-0,406265
22,855;-0,406265
22,856667;-0,409126
22,858333;-0,409126
22,86;-0,409126
22,861667;-0,411987
22,863333;-0,411987
22,865;-0,411987
22,866667;-0,414848
22,868333;-0,414848
22,87;-0,414848
22,871667;-0,417709
22,873333;-0,417709
22,875;-0,417709
22,876667;-0,42057
22,878333;-0,42057
22,88;-0,42057
22,881667;-0,423431
22,883333;-0,423431
22,885;-0,423431
22,886667;-0,423431
22,888333;-0,426292
22,89;-0,426292
22,891667;-0,426292
22,893333;-0,429153
22,895;-0,429153
22,896667;-0,429153
22,898333;-0,429153
22,9;-0,432014
22,901667;-0,432014
22,903333;-0,432014
22,905;-0,434876
22,906667;-0,434876
22,908333;-0,434876
22,91;-0,437737
22,911667;-0,437737
22,913333;-0,437737
22,915;-0,437737
22,916667;-0,440598
22,918333;-0,440598
22,92;-0,440598
22,921667;-0,440598
22,923333;-0,443459
22,925;-0,443459
22,926667;-0,443459
22,928333;-0,443459
22,93;-0,44632
22,931667;-0,44632
22,933333;-0,44632
22,935;-0,44632
22,936667;-0,449181
22,938333;-0,449181
22,94;-0,449181
22,941667;-0,449181
22,943333;-0,452042
22,945;-0,452042
22,946667;-0,452042
22,948333;-0,454903
22,95;-0,454903
22,951667;-0,454903
22,953333;-0,454903
22,955;-0,454903
22,956667;-0,454903
22,958333;-0,457764
22,96;-0,457764
22,961667;-0,457764
22,963333;-0,457764
22,965;-0,460625
22,966667;-0,460625
22,968333;-0,460625
22,97;-0,460625
22,971667;-0,463486
22,973333;-0,463486
22,975;-0,463486
22,976667;-0,463486
22,978333;-0,466347
22,98;-0,466347
22,981667;-0,466347
22,983333;-0,466347
22,985;-0,466347
22,986667;-0,469208
22,988333;-0,469208
22,99;-0,469208
22,991667;-0,469208
22,993333;-0,469208
22,995;-0,472069
22,996667;-0,472069
22,998333;-0,472069
23;-0,472069
23,001667;-0,472069
23,003333;-0,472069
23,005;-0,472069
23,006667;-0,47493
23,008333;-0,47493
23,01;-0,47493
23,011667;-0,47493
23,013333;-0,47493
23,015;-0,47493
23,016667;-0,477791
23,018333;-0,477791
23,02;-0,477791
23,021667;-0,477791
23,023333;-0,477791
23,025;-0,477791
23,026667;-0,480652
23,028333;-0,480652
23,03;-0,480652
23,031667;-0,480652
23,033333;-0,480652
23,035;-0,480652
23,036667;-0,483513
23,038333;-0,483513
23,04;-0,483513
23,041667;-0,483513
23,043333;-0,483513
23,045;-0,483513
23,046667;-0,486374
23,048333;-0,486374
23,05;-0,486374
23,051667;-0,486374
23,053333;-0,486374
23,055;-0,486374
23,056667;-0,486374
23,058333;-0,489235
23,06;-0,489235
23,061667;-0,489235
23,063333;-0,489235
23,065;-0,489235
23,066667;-0,489235
23,068333;-0,489235
23,07;-0,489235
23,071667;-0,492096
23,073333;-0,492096
23,075;-0,492096
23,076667;-0,492096
23,078333;-0,492096
23,08;-0,492096
23,081667;-0,492096
23,083333;-0,492096
23,085;-0,494957
23,086667;-0,494957
23,088333;-0,494957
23,09;-0,494957
23,091667;-0,494957
23,093333;-0,494957
23,095;-0,494957
23,096667;-0,497818
23,098333;-0,497818
23,1;-0,497818
23,101667;-0,497818
23,103333;-0,497818
23,105;-0,497818
23,106667;-0,497818
23,108333;-0,497818
23,11;-0,497818
23,111667;-0,500679
23,113333;-0,500679
23,115;-0,500679
23,116667;-0,500679
23,118333;-0,500679
23,12;-0,500679
23,121667;-0,500679
23,123333;-0,500679
23,125;-0,50354
23,126667;-0,50354
23,128333;-0,50354
23,13;-0,50354
23,131667;-0,50354
23,133333;-0,50354
23,135;-0,506401
23,136667;-0,506401
23,138333;-0,506401
23,14;-0,506401
23,141667;-0,506401
23,143333;-0,506401
23,145;-0,506401
23,146667;-0,506401
23,148333;-0,506401
23,15;-0,506401
23,151667;-0,509262
23,153333;-0,509262
23,155;-0,509262
23,156667;-0,509262
23,158333;-0,509262
23,16;-0,509262
23,161667;-0,509262
23,163333;-0,509262
23,165;-0,509262
23,166667;-0,509262
23,168333;-0,509262
23,17;-0,512123
23,171667;-0,512123
23,173333;-0,512123
23,175;-0,512123
23,176667;-0,512123
23,178333;-0,512123
23,18;-0,512123
23,181667;-0,512123
23,183333;-0,512123
23,185;-0,512123
23,186667;-0,512123
23,188333;-0,514984
23,19;-0,514984
23,191667;-0,514984
23,193333;-0,514984
23,195;-0,514984
23,196667;-0,514984
23,198333;-0,514984
23,2;-0,514984
23,201667;-0,514984
23,203333;-0,514984
23,205;-0,514984
23,206667;-0,517845
23,208333;-0,517845
23,21;-0,517845
23,211667;-0,517845
23,213333;-0,517845
23,215;-0,517845
23,216667;-0,517845
23,218333;-0,517845
23,22;-0,517845
23,221667;-0,517845
23,223333;-0,517845
23,225;-0,520706
23,226667;-0,520706
23,228333;-0,520706
23,23;-0,520706
23,231667;-0,520706
23,233333;-0,520706
23,235;-0,520706
23,236667;-0,520706
23,238333;-0,520706
23,24;-0,520706
23,241667;-0,523567
23,243333;-0,523567
23,245;-0,523567
23,246667;-0,523567
23,248333;-0,523567
23,25;-0,523567
23,251667;-0,523567
23,253333;-0,523567
23,255;-0,523567
23,256667;-0,523567
23,258333;-0,523567
23,26;-0,523567
23,261667;-0,523567
23,263333;-0,523567
23,265;-0,526428
23,266667;-0,526428
23,268333;-0,526428
23,27;-0,526428
23,271667;-0,526428
23,273333;-0,526428
23,275;-0,526428
23,276667;-0,526428
23,278333;-0,526428
23,28;-0,526428
23,281667;-0,526428
23,283333;-0,526428
23,285;-0,526428
23,286667;-0,526428
23,288333;-0,526428
23,29;-0,529289
23,291667;-0,529289
23,293333;-0,529289
23,295;-0,529289
23,296667;-0,529289
23,298333;-0,529289
23,3;-0,529289
23,301667;-0,529289
23,303333;-0,529289
23,305;-0,529289
23,306667;-0,529289
23,308333;-0,529289
23,31;-0,529289
23,311667;-0,529289
23,313333;-0,529289
23,315;-0,53215
23,316667;-0,53215
23,318333;-0,53215
23,32;-0,53215
23,321667;-0,53215
23,323333;-0,53215
23,325;-0,53215
23,326667;-0,53215
23,328333;-0,53215
23,33;-0,53215
23,331667;-0,53215
23,333333;-0,53215
23,335;-0,53215
23,336667;-0,53215
23,338333;-0,53215
23,34;-0,53215
23,341667;-0,53215
23,343333;-0,53215
23,345;-0,53215
23,346667;-0,53215
23,348333;-0,53215
23,35;-0,535011
23,351667;-0,535011
23,353333;-0,535011
23,355;-0,535011
23,356667;-0,535011
23,358333;-0,535011
23,36;-0,535011
23,361667;-0,535011
23,363333;-0,535011
23,365;-0,535011
23,366667;-0,535011
23,368333;-0,535011
23,37;-0,535011
23,371667;-0,535011
23,373333;-0,535011
23,375;-0,537872
23,376667;-0,537872
23,378333;-0,537872
23,38;-0,537872
23,381667;-0,537872
23,383333;-0,537872
23,385;-0,537872
23,386667;-0,537872
23,388333;-0,537872
23,39;-0,537872
23,391667;-0,537872
23,393333;-0,537872
23,395;-0,537872
23,396667;-0,537872
23,398333;-0,537872
23,4;-0,537872
23,401667;-0,537872
23,403333;-0,537872
23,405;-0,537872
23,406667;-0,537872
23,408333;-0,537872
23,41;-0,537872
23,411667;-0,540733
23,413333;-0,540733
23,415;-0,540733
23,416667;-0,540733
23,418333;-0,540733
23,42;-0,540733
23,421667;-0,540733
23,423333;-0,540733
23,425;-0,540733
23,426667;-0,540733
23,428333;-0,540733
23,43;-0,540733
23,431667;-0,540733
23,433333;-0,540733
23,435;-0,540733
23,436667;-0,543594
23,438333;-0,543594
23,44;-0,543594
23,441667;-0,543594
23,443333;-0,543594
23,445;-0,543594
23,446667;-0,543594
23,448333;-0,543594
23,45;-0,543594
23,451667;-0,543594
23,453333;-0,543594
23,455;-0,543594
23,456667;-0,543594
23,458333;-0,543594
23,46;-0,543594
23,461667;-0,543594
23,463333;-0,543594
23,465;-0,543594
23,466667;-0,543594
23,468333;-0,543594
23,47;-0,543594
23,471667;-0,543594
23,473333;-0,546455
23,475;-0,546455
23,476667;-0,546455
23,478333;-0,546455
23,48;-0,546455
23,481667;-0,546455
23,483333;-0,546455
23,485;-0,546455
23,486667;-0,546455
23,488333;-0,546455
23,49;-0,546455
23,491667;-0,546455
23,493333;-0,546455
23,495;-0,546455
23,496667;-0,546455
23,498333;-0,546455
23,5;-0,546455
23,501667;-0,546455
23,503333;-0,546455
23,505;-0,546455
23,506667;-0,546455
23,508333;-0,546455
23,51;-0,546455
23,511667;-0,546455
23,513333;-0,546455
23,515;-0,546455
23,516667;-0,546455
23,518333;-0,546455
23,52;-0,546455
23,521667;-0,546455
23,523333;-0,546455
23,525;-0,546455
23,526667;-0,546455
23,528333;-0,546455
23,53;-0,549316
23,531667;-0,549316
23,533333;-0,549316
23,535;-0,549316
23,536667;-0,549316
23,538333;-0,549316
23,54;-0,549316
23,541667;-0,549316
23,543333;-0,549316
23,545;-0,549316
23,546667;-0,549316
23,548333;-0,549316
23,55;-0,549316
23,551667;-0,549316
23,553333;-0,549316
23,555;-0,549316
23,556667;-0,549316
23,558333;-0,549316
23,56;-0,549316
23,561667;-0,549316
23,563333;-0,549316
23,565;-0,549316
23,566667;-0,549316
23,568333;-0,549316
23,57;-0,549316
23,571667;-0,549316
23,573333;-0,549316
23,575;-0,549316
23,576667;-0,549316
23,578333;-0,549316
23,58;-0,549316
23,581667;-0,549316
23,583333;-0,549316
23,585;-0,549316
23,586667;-0,549316
23,588333;-0,549316
23,59;-0,549316
23,591667;-0,549316
23,593333;-0,549316
23,595;-0,549316
23,596667;-0,549316
23,598333;-0,549316
23,6;-0,549316
23,601667;-0,549316
23,603333;-0,552177
23,605;-0,552177
23,606667;-0,552177
23,608333;-0,552177
23,61;-0,552177
23,611667;-0,552177
23,613333;-0,552177
23,615;-0,552177
23,616667;-0,552177
23,618333;-0,552177
23,62;-0,552177
23,621667;-0,552177
23,623333;-0,552177
23,625;-0,552177
23,626667;-0,552177
23,628333;-0,552177
23,63;-0,552177
23,631667;-0,552177
23,633333;-0,552177
23,635;-0,552177
23,636667;-0,552177
23,638333;-0,552177
23,64;-0,552177
23,641667;-0,552177
23,643333;-0,552177
23,645;-0,552177
23,646667;-0,552177
23,648333;-0,552177
23,65;-0,555038
23,651667;-0,555038
23,653333;-0,555038
23,655;-0,555038
23,656667;-0,555038
23,658333;-0,555038
23,66;-0,555038
23,661667;-0,555038
23,663333;-0,555038
23,665;-0,555038
23,666667;-0,555038
23,668333;-0,555038
23,67;-0,555038
23,671667;-0,555038
23,673333;-0,555038
23,675;-0,555038
23,676667;-0,555038
23,678333;-0,555038
23,68;-0,555038
23,681667;-0,555038
23,683333;-0,555038
23,685;-0,555038
23,686667;-0,555038
23,688333;-0,555038
23,69;-0,555038
23,691667;-0,555038
23,693333;-0,555038
23,695;-0,5579
23,696667;-0,5579
23,698333;-0,5579
23,7;-0,5579
23,701667;-0,5579
23,703333;-0,5579
23,705;-0,5579
23,706667;-0,5579
23,708333;-0,5579
23,71;-0,5579
23,711667;-0,5579
23,713333;-0,5579
23,715;-0,5579
23,716667;-0,5579
23,718333;-0,5579
23,72;-0,5579
23,721667;-0,5579
23,723333;-0,5579
23,725;-0,5579
23,726667;-0,5579
23,728333;-0,5579
23,73;-0,5579
23,731667;-0,5579
23,733333;-0,5579
23,735;-0,5579
23,736667;-0,5579
23,738333;-0,5579
23,74;-0,5579
23,741667;-0,5579
23,743333;-0,5579
23,745;-0,5579
23,746667;-0,5579
23,748333;-0,5579
23,75;-0,5579
23,751667;-0,5579
23,753333;-0,5579
23,755;-0,5579
23,756667;-0,5579
23,758333;-0,5579
23,76;-0,560761
23,761667;-0,560761
23,763333;-0,560761
23,765;-0,560761
23,766667;-0,560761
23,768333;-0,560761
23,77;-0,560761
23,771667;-0,560761
23,773333;-0,560761
23,775;-0,560761
23,776667;-0,560761
23,778333;-0,560761
23,78;-0,560761
23,781667;-0,560761
23,783333;-0,560761
23,785;-0,560761
23,786667;-0,560761
23,788333;-0,560761
23,79;-0,560761
23,791667;-0,560761
23,793333;-0,560761
23,795;-0,560761
23,796667;-0,560761
23,798333;-0,560761
23,8;-0,563622
23,801667;-0,563622
23,803333;-0,563622
23,805;-0,563622
23,806667;-0,563622
23,808333;-0,563622
23,81;-0,563622
23,811667;-0,563622
23,813333;-0,563622
23,815;-0,563622
23,816667;-0,563622
23,818333;-0,563622
23,82;-0,563622
23,821667;-0,563622
23,823333;-0,563622
23,825;-0,563622
23,826667;-0,563622
23,828333;-0,563622
23,83;-0,563622
23,831667;-0,563622
23,833333;-0,563622
23,835;-0,563622
23,836667;-0,563622
23,838333;-0,563622
23,84;-0,563622
23,841667;-0,563622
23,843333;-0,563622
23,845;-0,563622
23,846667;-0,563622
23,848333;-0,563622
23,85;-0,563622
23,851667;-0,563622
23,853333;-0,563622
23,855;-0,563622
23,856667;-0,563622
23,858333;-0,563622
23,86;-0,563622
23,861667;-0,563622
23,863333;-0,563622
23,865;-0,563622
23,866667;-0,563622
23,868333;-0,563622
23,87;-0,563622
23,871667;-0,566483
23,873333;-0,566483
23,875;-0,566483
23,876667;-0,566483
23,878333;-0,566483
23,88;-0,563622
23,881667;-0,563622
23,883333;-0,563622
23,885;-0,563622
23,886667;-0,563622
23,888333;-0,563622
23,89;-0,563622
23,891667;-0,563622
23,893333;-0,563622
23,895;-0,563622
23,896667;-0,563622
23,898333;-0,563622
23,9;-0,563622
23,901667;-0,563622
23,903333;-0,563622
23,905;-0,563622
23,906667;-0,563622
23,908333;-0,566483
23,91;-0,566483
23,911667;-0,566483
23,913333;-0,566483
23,915;-0,566483
23,916667;-0,566483
23,918333;-0,566483
23,92;-0,566483
23,921667;-0,566483
23,923333;-0,566483
23,925;-0,566483
23,926667;-0,566483
23,928333;-0,566483
23,93;-0,566483
23,931667;-0,566483
23,933333;-0,566483
23,935;-0,566483
23,936667;-0,566483
23,938333;-0,566483
23,94;-0,566483
23,941667;-0,566483
23,943333;-0,566483
23,945;-0,566483
23,946667;-0,566483
23,948333;-0,566483
23,95;-0,566483
23,951667;-0,566483
23,953333;-0,566483
23,955;-0,566483
23,956667;-0,566483
23,958333;-0,566483
23,96;-0,566483
23,961667;-0,566483
23,963333;-0,566483
23,965;-0,566483
23,966667;-0,566483
23,968333;-0,566483
23,97;-0,566483
23,971667;-0,566483
23,973333;-0,566483
23,975;-0,566483
23,976667;-0,566483
23,978333;-0,566483
23,98;-0,566483
23,981667;-0,566483
23,983333;-0,566483
23,985;-0,566483
23,986667;-0,566483
23,988333;-0,566483
23,99;-0,566483
23,991667;-0,566483
23,993333;-0,566483
23,995;-0,566483
23,996667;-0,566483
23,998333;-0,566483
24;-0,566483
24,001667;-0,566483
24,003333;-0,566483
24,005;-0,566483
24,006667;-0,566483
24,008333;-0,566483
24,01;-0,566483
24,011667;-0,566483
24,013333;-0,566483
24,015;-0,566483
24,016667;-0,566483
24,018333;-0,566483
24,02;-0,566483
24,021667;-0,566483
24,023333;-0,566483
24,025;-0,566483
24,026667;-0,569344
24,028333;-0,569344
24,03;-0,569344
24,031667;-0,569344
24,033333;-0,569344
24,035;-0,569344
24,036667;-0,569344
24,038333;-0,569344
24,04;-0,569344
24,041667;-0,569344
24,043333;-0,569344
24,045;-0,569344
24,046667;-0,569344
24,048333;-0,569344
24,05;-0,569344
24,051667;-0,569344
24,053333;-0,569344
24,055;-0,569344
24,056667;-0,569344
24,058333;-0,569344
24,06;-0,569344
24,061667;-0,569344
24,063333;-0,569344
24,065;-0,569344
24,066667;-0,569344
24,068333;-0,569344
24,07;-0,569344
24,071667;-0,569344
24,073333;-0,569344
24,075;-0,569344
24,076667;-0,569344
24,078333;-0,569344
24,08;-0,569344
24,081667;-0,569344
24,083333;-0,569344
24,085;-0,569344
24,086667;-0,569344
24,088333;-0,569344
24,09;-0,569344
24,091667;-0,569344
24,093333;-0,569344
24,095;-0,569344
24,096667;-0,569344
24,098333;-0,569344
24,1;-0,569344
24,101667;-0,569344
24,103333;-0,569344
24,105;-0,569344
24,106667;-0,569344
24,108333;-0,569344
24,11;-0,569344
24,111667;-0,569344
24,113333;-0,569344
24,115;-0,569344
24,116667;-0,569344
24,118333;-0,569344
24,12;-0,569344
24,121667;-0,569344
24,123333;-0,569344
24,125;-0,569344
24,126667;-0,569344
24,128333;-0,569344
24,13;-0,569344
24,131667;-0,569344
24,133333;-0,569344
24,135;-0,569344
24,136667;-0,569344
24,138333;-0,569344
24,14;-0,569344
24,141667;-0,569344
24,143333;-0,569344
24,145;-0,569344
24,146667;-0,569344
24,148333;-0,569344
24,15;-0,569344
24,151667;-0,569344
24,153333;-0,569344
24,155;-0,569344
24,156667;-0,569344
24,158333;-0,569344
24,16;-0,569344
24,161667;-0,569344
24,163333;-0,569344
24,165;-0,569344
24,166667;-0,569344
24,168333;-0,569344
24,17;-0,569344
24,171667;-0,569344
24,173333;-0,569344
24,175;-0,569344
24,176667;-0,569344
24,178333;-0,569344
24,18;-0,569344
24,181667;-0,569344
24,183333;-0,569344
24,185;-0,569344
24,186667;-0,569344
24,188333;-0,569344
24,19;-0,569344
24,191667;-0,569344
24,193333;-0,569344
24,195;-0,569344
24,196667;-0,569344
24,198333;-0,569344
24,2;-0,569344
24,201667;-0,569344
24,203333;-0,569344
24,205;-0,569344
24,206667;-0,569344
24,208333;-0,569344
24,21;-0,569344
24,211667;-0,569344
24,213333;-0,569344
24,215;-0,569344
24,216667;-0,569344
24,218333;-0,569344
24,22;-0,569344
24,221667;-0,569344
24,223333;-0,569344
24,225;-0,569344
24,226667;-0,569344
24,228333;-0,569344
24,23;-0,569344
24,231667;-0,566483
24,233333;-0,566483
24,235;-0,566483
24,236667;-0,566483
24,238333;-0,566483
24,24;-0,566483
24,241667;-0,566483
24,243333;-0,566483
24,245;-0,566483
24,246667;-0,566483
24,248333;-0,566483
24,25;-0,566483
24,251667;-0,566483
24,253333;-0,569344
24,255;-0,569344
24,256667;-0,569344
24,258333;-0,569344
24,26;-0,569344
24,261667;-0,569344
24,263333;-0,566483
24,265;-0,566483
24,266667;-0,566483
24,268333;-0,569344
24,27;-0,569344
24,271667;-0,569344
24,273333;-0,569344
24,275;-0,569344
24,276667;-0,569344
24,278333;-0,566483
24,28;-0,566483
24,281667;-0,566483
24,283333;-0,566483
24,285;-0,566483
24,286667;-0,566483
24,288333;-0,566483
24,29;-0,569344
24,291667;-0,569344
24,293333;-0,569344
24,295;-0,569344
24,296667;-0,569344
24,298333;-0,569344
24,3;-0,569344
24,301667;-0,569344
24,303333;-0,569344
24,305;-0,569344
24,306667;-0,569344
24,308333;-0,569344
24,31;-0,569344
24,311667;-0,569344
24,313333;-0,569344
24,315;-0,569344
24,316667;-0,569344
24,318333;-0,569344
24,32;-0,569344
24,321667;-0,569344
24,323333;-0,569344
24,325;-0,569344
24,326667;-0,569344
24,328333;-0,569344
24,33;-0,569344
24,331667;-0,569344
24,333333;-0,569344
24,335;-0,569344
24,336667;-0,569344
24,338333;-0,569344
24,34;-0,569344
24,341667;-0,569344
24,343333;-0,569344
24,345;-0,569344
24,346667;-0,569344
24,348333;-0,569344
24,35;-0,569344
24,351667;-0,569344
24,353333;-0,569344
24,355;-0,569344
24,356667;-0,569344
24,358333;-0,569344
24,36;-0,569344
24,361667;-0,569344
24,363333;-0,569344
24,365;-0,569344
24,366667;-0,569344
24,368333;-0,569344
24,37;-0,569344
24,371667;-0,569344
24,373333;-0,569344
24,375;-0,569344
24,376667;-0,569344
24,378333;-0,569344
24,38;-0,569344
24,381667;-0,569344
24,383333;-0,569344
24,385;-0,572205
24,386667;-0,572205
24,388333;-0,572205
24,39;-0,572205
24,391667;-0,572205
24,393333;-0,572205
24,395;-0,572205
24,396667;-0,572205
24,398333;-0,572205
24,4;-0,572205
24,401667;-0,572205
24,403333;-0,572205
24,405;-0,572205
24,406667;-0,572205
24,408333;-0,572205
24,41;-0,572205
24,411667;-0,572205
24,413333;-0,572205
24,415;-0,572205
24,416667;-0,572205
24,418333;-0,572205
24,42;-0,572205
24,421667;-0,572205
24,423333;-0,572205
24,425;-0,569344
24,426667;-0,569344
24,428333;-0,569344
24,43;-0,569344
24,431667;-0,569344
24,433333;-0,569344
24,435;-0,569344
24,436667;-0,569344
24,438333;-0,569344
24,44;-0,572205
24,441667;-0,569344
24,443333;-0,569344
24,445;-0,569344
24,446667;-0,569344
24,448333;-0,569344
24,45;-0,572205
24,451667;-0,572205
24,453333;-0,572205
24,455;-0,572205
24,456667;-0,572205
24,458333;-0,572205
24,46;-0,572205
24,461667;-0,572205
24,463333;-0,572205
24,465;-0,572205
24,466667;-0,572205
24,468333;-0,572205
24,47;-0,572205
24,471667;-0,572205
24,473333;-0,572205
24,475;-0,572205
24,476667;-0,572205
24,478333;-0,572205
24,48;-0,572205
24,481667;-0,572205
24,483333;-0,572205
24,485;-0,572205
24,486667;-0,572205
24,488333;-0,572205
24,49;-0,572205
24,491667;-0,572205
24,493333;-0,572205
24,495;-0,572205
24,496667;-0,572205
24,498333;-0,572205
24,5;-0,572205
24,501667;-0,572205
24,503333;-0,572205
24,505;-0,572205
24,506667;-0,575066
24,508333;-0,575066
24,51;-0,575066
24,511667;-0,575066
24,513333;-0,575066
24,515;-0,575066
24,516667;-0,575066
24,518333;-0,575066
24,52;-0,575066
24,521667;-0,575066
24,523333;-0,575066
24,525;-0,575066
24,526667;-0,575066
24,528333;-0,575066
24,53;-0,575066
24,531667;-0,575066
24,533333;-0,575066
24,535;-0,575066
24,536667;-0,575066
24,538333;-0,575066
24,54;-0,575066
24,541667;-0,575066
24,543333;-0,575066
24,545;-0,575066
24,546667;-0,575066
24,548333;-0,575066
24,55;-0,575066
24,551667;-0,575066
24,553333;-0,575066
24,555;-0,575066
24,556667;-0,575066
24,558333;-0,575066
24,56;-0,575066
24,561667;-0,575066
24,563333;-0,575066
24,565;-0,575066
24,566667;-0,575066
24,568333;-0,575066
24,57;-0,575066
24,571667;-0,575066
24,573333;-0,575066
24,575;-0,575066
24,576667;-0,575066
24,578333;-0,575066
24,58;-0,575066
24,581667;-0,575066
24,583333;-0,575066
24,585;-0,575066
24,586667;-0,575066
24,588333;-0,575066
24,59;-0,575066
24,591667;-0,575066
24,593333;-0,575066
24,595;-0,575066
24,596667;-0,575066
24,598333;-0,575066
24,6;-0,575066
24,601667;-0,577927
24,603333;-0,577927
24,605;-0,577927
24,606667;-0,577927
24,608333;-0,577927
24,61;-0,577927
24,611667;-0,577927
24,613333;-0,577927
24,615;-0,577927
24,616667;-0,577927
24,618333;-0,577927
24,62;-0,577927
24,621667;-0,577927
24,623333;-0,577927
24,625;-0,577927
24,626667;-0,577927
24,628333;-0,577927
24,63;-0,577927
24,631667;-0,577927
24,633333;-0,577927
24,635;-0,577927
24,636667;-0,577927
24,638333;-0,577927
24,64;-0,577927
24,641667;-0,577927
24,643333;-0,577927
24,645;-0,577927
24,646667;-0,577927
24,648333;-0,577927
24,65;-0,577927
24,651667;-0,577927
24,653333;-0,577927
24,655;-0,577927
24,656667;-0,577927
24,658333;-0,580788
24,66;-0,580788
24,661667;-0,580788
24,663333;-0,580788
24,665;-0,580788
24,666667;-0,580788
24,668333;-0,580788
24,67;-0,580788
24,671667;-0,580788
24,673333;-0,580788
24,675;-0,580788
24,676667;-0,580788
24,678333;-0,580788
24,68;-0,580788
24,681667;-0,580788
24,683333;-0,580788
24,685;-0,580788
24,686667;-0,580788
24,688333;-0,580788
24,69;-0,580788
24,691667;-0,580788
24,693333;-0,580788
24,695;-0,580788
24,696667;-0,580788
24,698333;-0,580788
24,7;-0,580788
24,701667;-0,580788
24,703333;-0,580788
24,705;-0,580788
24,706667;-0,580788
24,708333;-0,580788
24,71;-0,580788
24,711667;-0,580788
24,713333;-0,580788
24,715;-0,580788
24,716667;-0,580788
24,718333;-0,580788
24,72;-0,580788
24,721667;-0,580788
24,723333;-0,580788
24,725;-0,580788
24,726667;-0,580788
24,728333;-0,583649
24,73;-0,583649
24,731667;-0,583649
24,733333;-0,583649
24,735;-0,583649
24,736667;-0,583649
24,738333;-0,583649
24,74;-0,583649
24,741667;-0,583649
24,743333;-0,583649
24,745;-0,583649
24,746667;-0,583649
24,748333;-0,583649
24,75;-0,583649
24,751667;-0,583649
24,753333;-0,583649
24,755;-0,583649
24,756667;-0,583649
24,758333;-0,583649
24,76;-0,583649
24,761667;-0,583649
24,763333;-0,583649
24,765;-0,583649
24,766667;-0,583649
24,768333;-0,583649
24,77;-0,583649
24,771667;-0,583649
24,773333;-0,583649
24,775;-0,583649
24,776667;-0,583649
24,778333;-0,583649
24,78;-0,583649
24,781667;-0,583649
24,783333;-0,583649
24,785;-0,583649
24,786667;-0,58651
24,788333;-0,58651
24,79;-0,58651
24,791667;-0,58651
24,793333;-0,58651
24,795;-0,58651
24,796667;-0,58651
24,798333;-0,58651
24,8;-0,58651
24,801667;-0,58651
24,803333;-0,58651
24,805;-0,58651
24,806667;-0,58651
24,808333;-0,58651
24,81;-0,58651
24,811667;-0,58651
24,813333;-0,58651
24,815;-0,58651
24,816667;-0,58651
24,818333;-0,58651
24,82;-0,58651
24,821667;-0,58651
24,823333;-0,58651
24,825;-0,58651
24,826667;-0,58651
24,828333;-0,58651
24,83;-0,58651
24,831667;-0,58651
24,833333;-0,58651
24,835;-0,58651
24,836667;-0,58651
24,838333;-0,58651
24,84;-0,58651
24,841667;-0,58651
24,843333;-0,58651
24,845;-0,58651
24,846667;-0,58651
24,848333;-0,58651
24,85;-0,58651
24,851667;-0,58651
24,853333;-0,58651
24,855;-0,58651
24,856667;-0,58651
24,858333;-0,58651
24,86;-0,58651
24,861667;-0,58651
24,863333;-0,58651
24,865;-0,58651
24,866667;-0,58651
24,868333;-0,58651
24,87;-0,58651
24,871667;-0,58651
24,873333;-0,58651
24,875;-0,58651
24,876667;-0,58651
24,878333;-0,58651
24,88;-0,58651
24,881667;-0,58651
24,883333;-0,58651
24,885;-0,58651
24,886667;-0,58651
24,888333;-0,58651
24,89;-0,58651
24,891667;-0,58651
24,893333;-0,58651
24,895;-0,589371
24,896667;-0,589371
24,898333;-0,589371
24,9;-0,589371
24,901667;-0,589371
24,903333;-0,589371
24,905;-0,589371
24,906667;-0,589371
24,908333;-0,589371
24,91;-0,589371
24,911667;-0,589371
24,913333;-0,589371
24,915;-0,589371
24,916667;-0,589371
24,918333;-0,589371
24,92;-0,589371
24,921667;-0,589371
24,923333;-0,589371
24,925;-0,589371
24,926667;-0,589371
24,928333;-0,589371
24,93;-0,589371
24,931667;-0,589371
24,933333;-0,589371
24,935;-0,589371
24,936667;-0,589371
24,938333;-0,589371
24,94;-0,589371
24,941667;-0,589371
24,943333;-0,589371
24,945;-0,589371
24,946667;-0,589371
24,948333;-0,589371
24,95;-0,589371
24,951667;-0,589371
24,953333;-0,589371
24,955;-0,589371
24,956667;-0,589371
24,958333;-0,592232
24,96;-0,592232
24,961667;-0,592232
24,963333;-0,592232
24,965;-0,592232
24,966667;-0,592232
24,968333;-0,592232
24,97;-0,592232
24,971667;-0,592232
24,973333;-0,592232
24,975;-0,592232
24,976667;-0,592232
24,978333;-0,592232
24,98;-0,592232
24,981667;-0,592232
24,983333;-0,592232
24,985;-0,592232
24,986667;-0,592232
24,988333;-0,592232
24,99;-0,592232
24,991667;-0,592232
24,993333;-0,592232
24,995;-0,592232
24,996667;-0,592232
24,998333;-0,592232
25;-0,592232
25,001667;-0,592232
25,003333;-0,592232
25,005;-0,592232
25,006667;-0,592232
25,008333;-0,592232
25,01;-0,589371
25,011667;-0,589371
25,013333;-0,589371
25,015;-0,589371
25,016667;-0,589371
25,018333;-0,589371
25,02;-0,589371
25,021667;-0,589371
25,023333;-0,589371
25,025;-0,589371
25,026667;-0,589371
25,028333;-0,589371
25,03;-0,589371
25,031667;-0,589371
25,033333;-0,589371
25,035;-0,589371
25,036667;-0,592232
25,038333;-0,592232
25,04;-0,592232
25,041667;-0,592232
25,043333;-0,592232
25,045;-0,592232
25,046667;-0,592232
25,048333;-0,592232
25,05;-0,592232
25,051667;-0,592232
25,053333;-0,592232
25,055;-0,592232
25,056667;-0,592232
25,058333;-0,592232
25,06;-0,592232
25,061667;-0,592232
25,063333;-0,592232
25,065;-0,592232
25,066667;-0,592232
25,068333;-0,592232
25,07;-0,592232
25,071667;-0,592232
25,073333;-0,592232
25,075;-0,592232
25,076667;-0,592232
25,078333;-0,592232
25,08;-0,592232
25,081667;-0,592232
25,083333;-0,592232
25,085;-0,592232
25,086667;-0,592232
25,088333;-0,592232
25,09;-0,592232
25,091667;-0,592232
25,093333;-0,592232
25,095;-0,592232
25,096667;-0,592232
25,098333;-0,592232
25,1;-0,592232
25,101667;-0,592232
25,103333;-0,592232
25,105;-0,592232
25,106667;-0,592232
25,108333;-0,592232
25,11;-0,592232
25,111667;-0,592232
25,113333;-0,592232
25,115;-0,592232
25,116667;-0,592232
25,118333;-0,592232
25,12;-0,592232
25,121667;-0,592232
25,123333;-0,592232
25,125;-0,592232
25,126667;-0,592232
25,128333;-0,592232
25,13;-0,592232
25,131667;-0,592232
25,133333;-0,592232
25,135;-0,592232
25,136667;-0,592232
25,138333;-0,592232
25,14;-0,592232
25,141667;-0,592232
25,143333;-0,592232
25,145;-0,592232
25,146667;-0,592232
25,148333;-0,592232
25,15;-0,592232
25,151667;-0,592232
25,153333;-0,592232
25,155;-0,592232
25,156667;-0,592232
25,158333;-0,592232
25,16;-0,592232
25,161667;-0,592232
25,163333;-0,592232
25,165;-0,592232
25,166667;-0,592232
25,168333;-0,592232
25,17;-0,592232
25,171667;-0,592232
25,173333;-0,592232
25,175;-0,592232
25,176667;-0,592232
25,178333;-0,592232
25,18;-0,592232
25,181667;-0,592232
25,183333;-0,592232
25,185;-0,592232
25,186667;-0,592232
25,188333;-0,592232
25,19;-0,592232
25,191667;-0,592232
25,193333;-0,592232
25,195;-0,592232
25,196667;-0,592232
25,198333;-0,592232
25,2;-0,592232
25,201667;-0,592232
25,203333;-0,592232
25,205;-0,592232
25,206667;-0,592232
25,208333;-0,592232
25,21;-0,592232
25,211667;-0,592232
25,213333;-0,592232
25,215;-0,592232
25,216667;-0,592232
25,218333;-0,592232
25,22;-0,592232
25,221667;-0,592232
25,223333;-0,592232
25,225;-0,592232
25,226667;-0,592232
25,228333;-0,592232
25,23;-0,592232
25,231667;-0,592232
25,233333;-0,592232
25,235;-0,592232
25,236667;-0,592232
25,238333;-0,592232
25,24;-0,592232
25,241667;-0,592232
25,243333;-0,592232
25,245;-0,592232
25,246667;-0,592232
25,248333;-0,592232
25,25;-0,592232
25,251667;-0,592232
25,253333;-0,592232
25,255;-0,592232
25,256667;-0,589371
25,258333;-0,589371
25,26;-0,589371
25,261667;-0,589371
25,263333;-0,589371
25,265;-0,589371
25,266667;-0,589371
25,268333;-0,589371
25,27;-0,589371
25,271667;-0,589371
25,273333;-0,589371
25,275;-0,589371
25,276667;-0,589371
25,278333;-0,589371
25,28;-0,589371
25,281667;-0,589371
25,283333;-0,589371
25,285;-0,589371
25,286667;-0,589371
25,288333;-0,589371
25,29;-0,589371
25,291667;-0,589371
25,293333;-0,589371
25,295;-0,589371
25,296667;-0,589371
25,298333;-0,589371
25,3;-0,589371
25,301667;-0,589371
25,303333;-0,589371
25,305;-0,589371
25,306667;-0,589371
25,308333;-0,589371
25,31;-0,589371
25,311667;-0,58651
25,313333;-0,58651
25,315;-0,58651
25,316667;-0,58651
25,318333;-0,58651
25,32;-0,58651
25,321667;-0,58651
25,323333;-0,58651
25,325;-0,58651
25,326667;-0,58651
25,328333;-0,58651
25,33;-0,58651
25,331667;-0,58651
25,333333;-0,58651
25,335;-0,58651
25,336667;-0,58651
25,338333;-0,58651
25,34;-0,58651
25,341667;-0,58651
25,343333;-0,58651
25,345;-0,58651
25,346667;-0,58651
25,348333;-0,58651
25,35;-0,58651
25,351667;-0,58651
25,353333;-0,583649
25,355;-0,583649
25,356667;-0,583649
25,358333;-0,583649
25,36;-0,583649
25,361667;-0,583649
25,363333;-0,583649
25,365;-0,583649
25,366667;-0,583649
25,368333;-0,583649
25,37;-0,583649
25,371667;-0,583649
25,373333;-0,583649
25,375;-0,580788
25,376667;-0,580788
25,378333;-0,580788
25,38;-0,580788
25,381667;-0,580788
25,383333;-0,580788
25,385;-0,580788
25,386667;-0,580788
25,388333;-0,580788
25,39;-0,580788
25,391667;-0,580788
25,393333;-0,580788
25,395;-0,580788
25,396667;-0,580788
25,398333;-0,580788
25,4;-0,580788
25,401667;-0,580788
25,403333;-0,580788
25,405;-0,577927
25,406667;-0,577927
25,408333;-0,577927
25,41;-0,577927
25,411667;-0,577927
25,413333;-0,577927
25,415;-0,577927
25,416667;-0,577927
25,418333;-0,577927
25,42;-0,577927
25,421667;-0,577927
25,423333;-0,577927
25,425;-0,575066
25,426667;-0,575066
25,428333;-0,575066
25,43;-0,575066
25,431667;-0,575066
25,433333;-0,575066
25,435;-0,575066
25,436667;-0,575066
25,438333;-0,575066
25,44;-0,575066
25,441667;-0,575066
25,443333;-0,572205
25,445;-0,572205
25,446667;-0,572205
25,448333;-0,572205
25,45;-0,572205
25,451667;-0,572205
25,453333;-0,572205
25,455;-0,572205
25,456667;-0,572205
25,458333;-0,569344
25,46;-0,569344
25,461667;-0,569344
25,463333;-0,569344
25,465;-0,569344
25,466667;-0,569344
25,468333;-0,569344
25,47;-0,566483
25,471667;-0,566483
25,473333;-0,566483
25,475;-0,566483
25,476667;-0,566483
25,478333;-0,566483
25,48;-0,566483
25,481667;-0,563622
25,483333;-0,563622
25,485;-0,563622
25,486667;-0,563622
25,488333;-0,563622
25,49;-0,563622
25,491667;-0,560761
25,493333;-0,560761
25,495;-0,560761
25,496667;-0,560761
25,498333;-0,560761
25,5;-0,560761
25,501667;-0,560761
25,503333;-0,560761
25,505;-0,5579
25,506667;-0,5579
25,508333;-0,5579
25,51;-0,5579
25,511667;-0,5579
25,513333;-0,555038
25,515;-0,555038
25,516667;-0,555038
25,518333;-0,555038
25,52;-0,555038
25,521667;-0,552177
25,523333;-0,552177
25,525;-0,552177
25,526667;-0,552177
25,528333;-0,552177
25,53;-0,549316
25,531667;-0,549316
25,533333;-0,549316
25,535;-0,549316
25,536667;-0,549316
25,538333;-0,549316
25,54;-0,546455
25,541667;-0,546455
25,543333;-0,546455
25,545;-0,546455
25,546667;-0,546455
25,548333;-0,543594
25,55;-0,543594
25,551667;-0,543594
25,553333;-0,543594
25,555;-0,540733
25,556667;-0,540733
25,558333;-0,540733
25,56;-0,540733
25,561667;-0,537872
25,563333;-0,537872
25,565;-0,537872
25,566667;-0,537872
25,568333;-0,535011
25,57;-0,535011
25,571667;-0,535011
25,573333;-0,53215
25,575;-0,53215
25,576667;-0,53215
25,578333;-0,53215
25,58;-0,529289
25,581667;-0,529289
25,583333;-0,529289
25,585;-0,529289
25,586667;-0,526428
25,588333;-0,526428
25,59;-0,526428
25,591667;-0,523567
25,593333;-0,523567
25,595;-0,523567
25,596667;-0,520706
25,598333;-0,520706
25,6;-0,520706
25,601667;-0,520706
25,603333;-0,517845
25,605;-0,517845
25,606667;-0,514984
25,608333;-0,514984
25,61;-0,514984
25,611667;-0,512123
25,613333;-0,512123
25,615;-0,509262
25,616667;-0,509262
25,618333;-0,509262
25,62;-0,509262
25,621667;-0,506401
25,623333;-0,506401
25,625;-0,506401
25,626667;-0,50354
25,628333;-0,50354
25,63;-0,50354
25,631667;-0,500679
25,633333;-0,500679
25,635;-0,497818
25,636667;-0,497818
25,638333;-0,497818
25,64;-0,494957
25,641667;-0,494957
25,643333;-0,494957
25,645;-0,492096
25,646667;-0,492096
25,648333;-0,489235
25,65;-0,489235
25,651667;-0,489235
25,653333;-0,486374
25,655;-0,486374
25,656667;-0,483513
25,658333;-0,483513
25,66;-0,480652
25,661667;-0,480652
25,663333;-0,477791
25,665;-0,477791
25,666667;-0,47493
25,668333;-0,47493
25,67;-0,472069
25,671667;-0,472069
25,673333;-0,469208
25,675;-0,469208
25,676667;-0,466347
25,678333;-0,466347
25,68;-0,463486
25,681667;-0,463486
25,683333;-0,460625
25,685;-0,460625
25,686667;-0,457764
25,688333;-0,457764
25,69;-0,454903
25,691667;-0,454903
25,693333;-0,452042
25,695;-0,452042
25,696667;-0,449181
25,698333;-0,44632
25,7;-0,44632
25,701667;-0,443459
25,703333;-0,440598
25,705;-0,440598
25,706667;-0,437737
25,708333;-0,437737
25,71;-0,434876
25,711667;-0,434876
25,713333;-0,432014
25,715;-0,432014
25,716667;-0,429153
25,718333;-0,426292
25,72;-0,426292
25,721667;-0,423431
25,723333;-0,42057
25,725;-0,42057
25,726667;-0,417709
25,728333;-0,414848
25,73;-0,414848
25,731667;-0,411987
25,733333;-0,409126
25,735;-0,409126
25,736667;-0,406265
25,738333;-0,403404
25,74;-0,403404
25,741667;-0,400543
25,743333;-0,397682
25,745;-0,394821
25,746667;-0,394821
25,748333;-0,39196
25,75;-0,386238
25,751667;-0,386238
25,753333;-0,386238
25,755;-0,383377
25,756667;-0,380516
25,758333;-0,377655
25,76;-0,371933
25,761667;-0,371933
25,763333;-0,369072
25,765;-0,366211
25,766667;-0,36335
25,768333;-0,360489
25,77;-0,360489
25,771667;-0,357628
25,773333;-0,357628
25,775;-0,354767
25,776667;-0,351906
25,778333;-0,349045
25,78;-0,346184
25,781667;-0,343323
25,783333;-0,340462
25,785;-0,337601
25,786667;-0,33474
25,788333;-0,331879
25,79;-0,329018
25,791667;-0,326157
25,793333;-0,323296
25,795;-0,320435
25,796667;-0,317574
25,798333;-0,314713
25,8;-0,311852
25,801667;-0,30899
25,803333;-0,306129
25,805;-0,303268
25,806667;-0,300407
25,808333;-0,294685
25,81;-0,291824
25,811667;-0,288963
25,813333;-0,286102
25,815;-0,283241
25,816667;-0,28038
25,818333;-0,277519
25,82;-0,274658
25,821667;-0,268936
25,823333;-0,266075
25,825;-0,263214
25,826667;-0,260353
25,828333;-0,254631
25,83;-0,25177
25,831667;-0,248909
25,833333;-0,246048
25,835;-0,240326
25,836667;-0,237465
25,838333;-0,234604
25,84;-0,228882
25,841667;-0,226021
25,843333;-0,22316
25,845;-0,217438
25,846667;-0,214577
25,848333;-0,208855
25,85;-0,205994
25,851667;-0,203133
25,853333;-0,197411
25,855;-0,19455
25,856667;-0,188828
25,858333;-0,185967
25,86;-0,180244
25,861667;-0,171661
25,863333;-0,1688
25,865;-0,1688
25,866667;-0,163078
25,868333;-0,160217
25,87;-0,154495
25,871667;-0,148773
25,873333;-0,145912
25,875;-0,14019
25,876667;-0,134468
25,878333;-0,131607
25,88;-0,125885
25,881667;-0,120163
25,883333;-0,114441
25,885;-0,11158
25,886667;-0,105858
25,888333;-0,100136
25,89;-0,094414
25,891667;-0,088692
25,893333;-0,08297
25,895;-0,077248
25,896667;-0,071526
25,898333;-0,065804
25,9;-0,060081
25,901667;-0,054359
25,903333;-0,048637
25,905;-0,042915
25,906667;-0,037193
25,908333;-0,031471
25,91;-0,025749
25,911667;-0,020027
25,913333;-0,014305
25,915;-0,008583
25,916667;-0,002861
25,918333;0,005722
25,92;0,011444
25,921667;0,017166
25,923333;0,022888
25,925;0,031471
25,926667;0,037193
25,928333;0,042915
25,93;0,051498
25,931667;0,05722
25,933333;0,065804
25,935;0,071526
25,936667;0,080109
25,938333;0,085831
25,94;0,094414
25,941667;0,100136
25,943333;0,108719
25,945;0,117302
25,946667;0,123024
25,948333;0,131607
25,95;0,14019
25,951667;0,148773
25,953333;0,154495
25,955;0,163078
25,956667;0,171661
25,958333;0,180244
25,96;0,188828
25,961667;0,197411
25,963333;0,205994
25,965;0,214577
25,966667;0,22316
25,968333;0,234604
25,97;0,243187
25,971667;0,25177
25,973333;0,271797
25,975;0,28038
25,976667;0,288963
25,978333;0,288963
25,98;0,300407
25,981667;0,30899
25,983333;0,320435
25,985;0,329018
25,986667;0,340462
25,988333;0,351906
25,99;0,360489
25,991667;0,371933
25,993333;0,383377
25,995;0,394821
25,996667;0,406265
25,998333;0,417709
26;0,429153
26,001667;0,440598
26,003333;0,452042
26,005;0,463486
26,006667;0,47493
26,008333;0,489235
26,01;0,500679
26,011667;0,512123
26,013333;0,526428
26,015;0,537872
26,016667;0,552177
26,018333;0,566483
26,02;0,577927
26,021667;0,592232
26,023333;0,606537
26,025;0,620842
26,026667;0,635147
26,028333;0,649452
26,03;0,663757
26,031667;0,678062
26,033333;0,692368
26,035;0,709534
26,036667;0,723839
26,038333;0,738144
26,04;0,75531
26,041667;0,772476
26,043333;0,786781
26,045;0,803947
26,046667;0,821114
26,048333;0,83828
26,05;0,855446
26,051667;0,872612
26,053333;0,889778
26,055;0,906944
26,056667;0,92411
26,058333;0,941277
26,06;0,961304
26,061667;0,97847
26,063333;0,998497
26,065;1,018524
26,066667;1,038551
26,068333;1,055718
26,07;1,075745
26,071667;1,095772
26,073333;1,11866
26,075;1,138687
26,076667;1,158714
26,078333;1,178742
26,08;1,20163
26,081667;1,224518
26,083333;1,247406
26,085;1,290321
26,086667;1,31321
26,088333;1,338959
26,09;1,338959
26,091667;1,361847
26,093333;1,384735
26,095;1,410484
26,096667;1,433373
26,098333;1,459122
26,1;1,484871
26,101667;1,51062
26,103333;1,536369
26,105;1,562119
26,106667;1,587868
26,108333;1,616478
26,11;1,642227
26,111667;1,670838
26,113333;1,699448
26,115;1,728058
26,116667;1,756668
26,118333;1,785278
26,12;1,813889
26,121667;1,842499
26,123333;1,87397
26,125;1,905441
26,126667;1,934052
26,128333;1,965523
26,13;1,996994
26,131667;2,031326
26,133333;2,062798
26,135;2,094269
26,136667;2,128601
26,138333;2,162933
26,14;2,197266
26,141667;2,231598
26,143333;2,26593
26,145;2,303124
26,146667;2,337456
26,148333;2,374649
26,15;2,411842
26,151667;2,449036
26,153333;2,486229
26,155;2,523422
26,156667;2,560616
26,158333;2,60067
26,16;2,640724
26,161667;2,680779
26,163333;2,720833
26,165;2,760887
26,166667;2,803803
26,168333;2,843857
26,17;2,886772
26,171667;2,929688
26,173333;2,972603
26,175;3,015518
26,176667;3,061295
26,178333;3,107071
26,18;3,149986
26,181667;3,198624
26,183333;3,2444
26,185;3,290177
26,186667;3,338814
26,188333;3,387451
26,19;3,436089
26,191667;3,484726
26,193333;3,533364
26,195;3,584862
26,196667;3,684998
26,198333;3,736496
26,2;3,787995
26,201667;3,842354
26,203333;3,842354
26,205;3,893852
26,206667;3,948212
26,208333;4,002571
26,21;4,056931
26,211667;4,114151
26,213333;4,168511
26,215;4,225731
26,216667;4,282952
26,218333;4,340172
26,22;4,397393
26,221667;4,457474
26,223333;4,514694
26,225;4,574776
26,226667;4,634857
26,228333;4,6978
26,23;4,757881
26,231667;4,820824
26,233333;4,880905
26,235;4,943848
26,236667;5,009651
26,238333;5,072594
26,24;5,138398
26,241667;5,20134
26,243333;5,270005
26,245;5,335808
26,246667;5,401612
26,248333;5,470276
26,25;5,53608
26,251667;5,604744
26,253333;5,673409
26,255;5,744934
26,256667;5,813599
26,258333;5,885125
26,26;5,95665
26,261667;6,028176
26,263333;6,102562
26,265;6,174088
26,266667;6,248474
26,268333;6,322861
26,27;6,397248
26,271667;6,471634
26,273333;6,548882
26,275;6,623269
26,276667;6,700516
26,278333;6,777764
26,28;6,855011
26,281667;6,932259
26,283333;7,012368
26,285;7,092476
26,286667;7,172585
26,288333;7,252694
26,29;7,332802
26,291667;7,412911
26,293333;7,495881
26,295;7,57885
26,296667;7,658959
26,298333;7,827759
26,3;7,827759
26,301667;7,910729
26,303333;7,99656
26,305;8,079529
26,306667;8,16536
26,308333;8,337021
26,31;8,425713
26,311667;8,511544
26,313333;8,600235
26,315;8,600235
26,316667;8,688927
26,318333;8,774758
26,32;8,86345
26,321667;8,955002
26,323333;9,043694
26,325;9,135247
26,326667;9,223939
26,328333;9,315491
26,33;9,407044
26,331667;9,495736
26,333333;9,590149
26,335;9,681702
26,336667;9,773255
26,338333;9,864808
26,34;9,959221
26,341667;10,050774
26,343333;10,145188
26,345;10,239602
26,346667;10,334016
26,348333;10,428429
26,35;10,522843
26,351667;10,617257
26,353333;10,711671
26,355;10,808945
26,356667;10,903359
26,358333;10,997773
26,36;11,095048
26,361667;11,192322
26,363333;11,286736
26,365;11,384011
26,366667;11,481286
26,368333;11,578561
26,37;11,672974
26,371667;11,770249
26,373333;11,867524
26,375;11,964799
26,376667;12,062073
26,378333;12,159348
26,38;12,256623
26,381667;12,353898
26,383333;12,454034
26,385;12,551308
26,386667;12,648583
26,388333;12,745858
26,39;12,843133
26,391667;12,943269
26,393333;13,040543
26,395;13,137818
26,396667;13,235093
26,398333;13,335229
26,4;13,432504
26,401667;13,529778
26,403333;13,627053
26,405;13,724328
26,406667;13,821603
26,408333;13,918877
26,41;14,113427
26,411667;14,113427
26,413333;14,210702
26,415;14,307977
26,416667;14,405251
26,418333;14,502526
26,42;14,697076
26,421667;14,79149
26,423333;14,888764
26,425;14,983178
26,426667;15,080453
26,428333;15,080453
26,43;15,174867
26,431667;15,272141
26,433333;15,366555
26,435;15,460969
26,436667;15,555383
26,438333;15,649796
26,44;15,74421
26,441667;15,838624
26,443333;15,933038
26,445;16,027452
26,446667;16,119004
26,448333;16,210557
26,45;16,304971
26,451667;16,396523
26,453333;16,488076
26,455;16,579629
26,456667;16,671182
26,458333;16,762734
26,46;16,851426
26,461667;16,942979
26,463333;17,031671
26,465;17,123223
26,466667;17,211915
26,468333;17,300607
26,47;17,386437
26,471667;17,475129
26,473333;17,56096
26,475;17,649652
26,476667;17,735482
26,478333;17,821313
26,48;17,907144
26,481667;17,990113
26,483333;18,075944
26,485;18,158914
26,486667;18,244744
26,488333;18,327714
26,49;18,407823
26,491667;18,490792
26,493333;18,570901
26,495;18,653871
26,496667;18,733979
26,498333;18,814088
26,5;18,891336
26,501667;18,971444
26,503333;19,048692
26,505;19,12594
26,506667;19,203187
26,508333;19,280435
26,51;19,357682
26,511667;19,432069
26,513333;19,506456
26,515;19,580842
26,516667;19,652368
26,518333;19,726754
26,52;19,79828
26,521667;19,941331
26,523333;20,009996
26,525;20,009996
26,526667;20,07866
26,528333;20,150186
26,53;20,215989
26,531667;20,350457
26,533333;20,416261
26,535;20,482065
26,536667;20,547868
26,538333;20,610811
26,54;20,673753
26,541667;20,673753
26,543333;20,736696
26,545;20,799638
26,546667;20,862581
26,548333;20,922662
26,55;20,982744
26,551667;21,042825
26,553333;21,100046
26,555;21,157266
26,556667;21,214486
26,558333;21,271707
26,56;21,326066
26,561667;21,383287
26,563333;21,437646
26,565;21,489145
26,566667;21,543504
26,568333;21,595003
26,57;21,646501
26,571667;21,695138
26,573333;21,746637
26,575;21,795274
26,576667;21,843912
26,578333;21,889688
26,58;21,938325
26,581667;21,984102
26,583333;22,029878
26,585;22,072793
26,586667;22,11857
26,588333;22,161485
26,59;22,2044
26,591667;22,244455
26,593333;22,284509
26,595;22,324563
26,596667;22,364618
26,598333;22,401811
26,6;22,441865
26,601667;22,479059
26,603333;22,513391
26,605;22,547723
26,606667;22,584917
26,608333;22,616388
26,61;22,65072
26,611667;22,682191
26,613333;22,713663
26,615;22,745134
26,616667;22,773744
26,618333;22,805215
26,62;22,833826
26,621667;22,859575
26,623333;22,888185
26,625;22,913934
26,626667;22,939683
26,628333;22,962572
26,63;22,98546
26,631667;23,008348
26,633333;23,054124
26,635;23,074151
26,636667;23,074151
26,638333;23,094179
26,64;23,114206
26,641667;23,131372
26,643333;23,165704
26,645;23,18287
26,646667;23,197175
26,648333;23,211481
26,65;23,225786
26,651667;23,240091
26,653333;23,240091
26,655;23,251535
26,656667;23,262979
26,658333;23,274423
26,66;23,283006
26,661667;23,291589
26,663333;23,300172
26,665;23,308755
26,666667;23,314477
26,668333;23,320199
26,67;23,325921
26,671667;23,331644
26,673333;23,334505
26,675;23,340227
26,676667;23,343088
26,678333;23,343088
26,68;23,345949
26,681667;23,345949
26,683333;23,345949
26,685;23,343088
26,686667;23,343088
26,688333;23,340227
26,69;23,337366
26,691667;23,331644
26,693333;23,328783
26,695;23,32306
26,696667;23,317338
26,698333;23,308755
26,7;23,303033
26,701667;23,29445
26,703333;23,285867
26,705;23,277284
26,706667;23,26584
26,708333;23,254396
26,71;23,242952
26,711667;23,231508
26,713333;23,220064
26,715;23,205759
26,716667;23,191453
26,718333;23,177148
26,72;23,162843
26,721667;23,145677
26,723333;23,128511
26,725;23,111345
26,726667;23,094179
26,728333;23,077012
26,73;23,056985
26,731667;23,036958
26,733333;23,016931
26,735;22,994043
26,736667;22,974016
26,738333;22,951127
26,74;22,928239
26,741667;22,90249
26,743333;22,879602
26,745;22,828103
26,746667;22,802354
26,748333;22,776605
26,75;22,776605
26,751667;22,747995
26,753333;22,722246
26,755;22,693635
26,756667;22,665025
26,758333;22,633554
26,76;22,604944
26,761667;22,573472
26,763333;22,542001
26,765;22,51053
26,766667;22,479059
26,768333;22,447587
26,77;22,413255
26,771667;22,378923
26,773333;22,344591
26,775;22,310258
26,776667;22,275926
26,778333;22,238733
26,78;22,201539
26,781667;22,164346
26,783333;22,127153
26,785;22,08996
26,786667;22,049905
26,788333;22,012712
26,79;21,972658
26,791667;21,932603
26,793333;21,892549
26,795;21,852495
26,796667;21,809579
26,798333;21,766664
26,8;21,72661
26,801667;21,683694
26,803333;21,637918
26,805;21,595003
26,806667;21,552087
26,808333;21,506311
26,81;21,460534
26,811667;21,414758
26,813333;21,368982
26,815;21,323205
26,816667;21,277429
26,818333;21,228792
26,82;21,183015
26,821667;21,134378
26,823333;21,08574
26,825;21,037103
26,826667;20,988466
26,828333;20,939828
26,83;20,88833
26,831667;20,836831
26,833333;20,788194
26,835;20,736696
26,836667;20,685197
26,838333;20,633699
26,84;20,5822
26,841667;20,530702
26,843333;20,476342
26,845;20,424844
26,846667;20,370485
26,848333;20,316125
26,85;20,264627
26,851667;20,210267
26,853333;20,155908
26,855;20,098687
26,856667;19,989969
26,858333;19,932748
26,86;19,875528
26,861667;19,875528
26,863333;19,821168
26,865;19,763948
26,866667;19,706727
26,868333;19,649507
26,87;19,592286
26,871667;19,535066
26,873333;19,477845
26,875;19,420625
26,876667;19,360543
26,878333;19,303323
26,88;19,243242
26,881667;19,18316
26,883333;19,12594
26,885;19,065858
26,886667;19,005777
26,888333;18,945695
26,89;18,885614
26,891667;18,825532
26,893333;18,76259
26,895;18,702508
26,896667;18,642427
26,898333;18,579484
26,9;18,519403
26,901667;18,45646
26,903333;18,396379
26,905;18,333436
26,906667;18,270494
26,908333;18,207551
26,91;18,14747
26,911667;18,084527
26,913333;18,021585
26,915;17,958642
26,916667;17,892839
26,918333;17,829896
26,92;17,766954
26,921667;17,704011
26,923333;17,638208
26,925;17,575265
26,926667;17,509461
26,928333;17,446519
26,93;17,383576
26,931667;17,317773
26,933333;17,251969
26,935;17,189027
26,936667;17,123223
26,938333;17,060281
26,94;16,994477
26,941667;16,928674
26,943333;16,86287
26,945;16,799928
26,946667;16,734124
26,948333;16,668321
26,95;16,602517
26,951667;16,536714
26,953333;16,47091
26,955;16,405107
26,956667;16,339303
26,958333;16,2735
26,96;16,207696
26,961667;16,141892
26,963333;16,076089
26,965;16,010285
26,966667;15,944482
26,968333;15,812875
26,97;15,747071
26,971667;15,678407
26,973333;15,612603
26,975;15,612603
26,976667;15,5468
26,978333;15,480996
26,98;15,415193
26,981667;15,349389
26,983333;15,280724
26,985;15,214921
26,986667;15,149117
26,988333;15,083314
26,99;15,01751
26,991667;14,951707
26,993333;14,885903
26,995;14,817239
26,996667;14,751435
26,998333;14,685632
27;14,619828
27,001667;14,554025
27,003333;14,488221
27,005;14,422418
27,006667;14,356614
27,008333;14,287949
27,01;14,156342
27,011667;14,0934
27,013333;14,027596
27,015;14,027596
27,016667;13,961793
27,018333;13,895989
27,02;13,830186
27,021667;13,764382
27,023333;13,698579
27,025;13,632775
27,026667;13,566972
27,028333;13,504029
27,03;13,438226
27,031667;13,372422
27,033333;13,306619
27,035;13,243676
27,036667;13,177872
27,038333;13,11493
27,04;13,049126
27,041667;12,983323
27,043333;12,92038
27,045;12,854577
27,046667;12,791634
27,048333;12,728692
27,05;12,662888
27,051667;12,534142
27,053333;12,4712
27,055;12,408257
27,056667;12,408257
27,058333;12,345315
27,06;12,282372
27,061667;12,21943
27,063333;12,156487
27,065;12,090684
27,066667;12,027741
27,068333;11,964799
27,07;11,901856
27,071667;11,841775
27,073333;11,778832
27,075;11,71589
27,076667;11,652947
27,078333;11,592866
27,08;11,529923
27,081667;11,466981
27,083333;11,406899
27,085;11,343957
27,086667;11,283875
27,088333;11,220933
27,09;11,160851
27,091667;11,10077
27,093333;11,037827
27,095;10,977746
27,096667;10,917664
27,098333;10,857583
27,1;10,797501
27,101667;10,73742
27,103333;10,677338
27,105;10,617257
27,106667;10,557175
27,108333;10,499955
27,11;10,439873
27,111667;10,379792
27,113333;10,322571
27,115;10,26249
27,116667;10,205269
27,118333;10,145188
27,12;10,087968
27,121667;10,030747
27,123333;9,970666
27,125;9,913445
27,126667;9,856225
27,128333;9,799004
27,13;9,741784
27,131667;9,684563
27,133333;9,627343
27,135;9,570122
27,136667;9,515763
27,138333;9,458542
27,14;9,404183
27,141667;9,346963
27,143333;9,289742
27,145;9,235383
27,146667;9,181023
27,148333;9,123803
27,15;9,069443
27,151667;9,015084
27,153333;8,960724
27,155;8,906365
27,156667;8,852006
27,158333;8,797646
27,16;8,743287
27,161667;8,688927
27,163333;8,583069
27,165;8,52871
27,166667;8,477212
27,168333;8,425713
27,17;8,425713
27,171667;8,371354
27,173333;8,319855
27,175;8,268357
27,176667;8,216858
27,178333;8,16536
27,18;8,113862
27,181667;8,062363
27,183333;8,010865
27,185;7,959366
27,186667;7,910729
27,188333;7,859231
27,19;7,807732
27,191667;7,759095
27,193333;7,710457
27,195;7,658959
27,196667;7,610321
27,198333;7,561684
27,2;7,513047
27,201667;7,464409
27,203333;7,415772
27,205;7,367135
27,206667;7,318497
27,208333;7,26986
27,21;7,221222
27,211667;7,175446
27,213333;7,126809
27,215;7,081032
27,216667;7,032395
27,218333;6,986618
27,22;6,940842
27,221667;6,892205
27,223333;6,846428
27,225;6,800652
27,226667;6,754876
27,228333;6,709099
27,23;6,663323
27,231667;6,617546
27,233333;6,574631
27,235;6,528855
27,236667;6,485939
27,238333;6,440163
27,24;6,397248
27,241667;6,351471
27,243333;6,308556
27,245;6,265641
27,246667;6,222725
27,248333;6,17981
27,25;6,136895
27,251667;6,093979
27,253333;6,051064
27,255;6,008149
27,256667;5,968094
27,258333;5,925179
27,26;5,882264
27,261667;5,842209
27,263333;5,799294
27,265;5,75924
27,266667;5,719185
27,268333;5,679131
27,27;5,636216
27,271667;5,596161
27,273333;5,556107
27,275;5,475998
27,276667;5,438805
27,278333;5,398751
27,28;5,358696
27,281667;5,358696
27,283333;5,321503
27,285;5,281449
27,286667;5,244255
27,288333;5,207062
27,29;5,167008
27,291667;5,129814
27,293333;5,092621
27,295;5,055428
27,296667;5,018235
27,298333;4,981041
27,3;4,943848
27,301667;4,906655
27,303333;4,869461
27,305;4,835129
27,306667;4,797936
27,308333;4,760742
27,31;4,72641
27,311667;4,689217
27,313333;4,654885
27,315;4,620552
27,316667;4,583359
27,318333;4,549027
27,32;4,514694
27,321667;4,480362
27,323333;4,44603
27,325;4,411698
27,326667;4,377365
27,328333;4,345894
27,33;4,311562
27,331667;4,27723
27,333333;4,245758
27,335;4,211426
27,336667;4,179955
27,338333;4,148484
27,34;4,114151
27,341667;4,08268
27,343333;4,051209
27,345;4,019737
27,346667;3,988266
27,348333;3,956795
27,35;3,925324
27,351667;3,893852
27,353333;3,862381
27,355;3,83091
27,356667;3,8023
27,358333;3,770828
27,36;3,739357
27,361667;3,710747
27,363333;3,682137
27,365;3,650666
27,366667;3,622055
27,368333;3,593445
27,37;3,561974
27,371667;3,533364
27,373333;3,504753
27,375;3,476143
27,376667;3,421784
27,378333;3,421784
27,38;3,393173
27,381667;3,364563
27,383333;3,335953
27,385;3,310204
27,386667;3,255844
27,388333;3,227234
27,39;3,201485
27,391667;3,172875
27,393333;3,147125
27,395;3,147125
27,396667;3,121376
27,398333;3,095627
27,4;3,067017
27,401667;3,041268
27,403333;3,015518
27,405;2,989769
27,406667;2,96402
27,408333;2,938271
27,41;2,915383
27,411667;2,889633
27,413333;2,863884
27,415;2,840996
27,416667;2,815247
27,418333;2,792359
27,42;2,766609
27,421667;2,743721
27,423333;2,717972
27,425;2,695084
27,426667;2,672196
27,428333;2,646446
27,43;2,623558
27,431667;2,60067
27,433333;2,577782
27,435;2,554894
27,436667;2,532005
27,438333;2,509117
27,44;2,48909
27,441667;2,466202
27,443333;2,443314
27,445;2,420426
27,446667;2,400398
27,448333;2,37751
27,45;2,354622
27,451667;2,334595
27,453333;2,311707
27,455;2,29168
27,456667;2,271652
27,458333;2,248764
27,46;2,228737
27,461667;2,20871
27,463333;2,188683
27,465;2,168656
27,466667;2,148628
27,468333;2,128601
27,47;2,105713
27,471667;2,088547
27,473333;2,06852
27,475;2,048493
27,476667;2,028465
27,478333;2,008438
27,48;1,991272
27,481667;1,971245
27,483333;1,951218
27,485;1,934052
27,486667;1,914024
27,488333;1,876831
27,49;1,876831
27,491667;1,859665
27,493333;1,839638
27,495;1,822472
27,496667;1,805306
27,498333;1,768112
27,5;1,750946
27,501667;1,73378
27,503333;1,716614
27,505;1,699448
27,506667;1,699448
27,508333;1,682282
27,51;1,665115
27,511667;1,647949
27,513333;1,630783
27,515;1,613617
27,516667;1,599312
27,518333;1,582146
27,52;1,56498
27,521667;1,547814
27,523333;1,533508
27,525;1,516342
27,526667;1,502037
27,528333;1,484871
27,53;1,470566
27,531667;1,456261
27,533333;1,439095
27,535;1,42479
27,536667;1,410484
27,538333;1,393318
27,54;1,379013
27,541667;1,364708
27,543333;1,350403
27,545;1,336098
27,546667;1,318932
27,548333;1,304627
27,55;1,290321
27,551667;1,276016
27,553333;1,261711
27,555;1,250267
27,556667;1,235962
27,558333;1,221657
27,56;1,207352
27,561667;1,193047
27,563333;1,181603
27,565;1,167297
27,566667;1,152992
27,568333;1,141548
27,57;1,127243
27,571667;1,112938
27,573333;1,101494
27,575;1,087189
27,576667;1,075745
27,578333;1,064301
27,58;1,049995
27,581667;1,038551
27,583333;1,024246
27,585;1,012802
27,586667;1,001358
27,588333;0,987053
27,59;0,975609
27,591667;0,964165
27,593333;0,952721
27,595;0,941277
27,596667;0,929833
27,598333;0,918388
27,6;0,8955
27,601667;0,884056
27,603333;0,884056
27,605;0,872612
27,606667;0,861168
27,608333;0,849724
27,61;0,826836
27,611667;0,815392
27,613333;0,806809
27,615;0,795364
27,616667;0,78392
27,618333;0,772476
27,62;0,772476
27,621667;0,763893
27,623333;0,752449
27,625;0,741005
27,626667;0,732422
27,628333;0,720978
27,63;0,709534
27,631667;0,700951
27,633333;0,692368
27,635;0,680924
27,636667;0,67234
27,638333;0,660896
27,64;0,652313
27,641667;0,64373
27,643333;0,632286
27,645;0,623703
27,646667;0,61512
27,648333;0,603676
27,65;0,595093
27,651667;0,58651
27,653333;0,577927
27,655;0,566483
27,656667;0,5579
27,658333;0,549316
27,66;0,540733
27,661667;0,53215
27,663333;0,523567
27,665;0,514984
27,666667;0,50354
27,668333;0,494957
27,67;0,489235
27,671667;0,480652
27,673333;0,472069
27,675;0,463486
27,676667;0,454903
27,678333;0,44632
27,68;0,437737
27,681667;0,429153
27,683333;0,423431
27,685;0,414848
27,686667;0,406265
27,688333;0,397682
27,69;0,39196
27,691667;0,383377
27,693333;0,374794
27,695;0,369072
27,696667;0,360489
27,698333;0,354767
27,7;0,346184
27,701667;0,337601
27,703333;0,331879
27,705;0,323296
27,706667;0,317574
27,708333;0,30899
27,71;0,303268
27,711667;0,288963
27,713333;0,28038
27,715;0,28038
27,716667;0,274658
27,718333;0,266075
27,72;0,260353
27,721667;0,246048
27,723333;0,240326
27,725;0,234604
27,726667;0,228882
27,728333;0,220299
27,73;0,214577
27,731667;0,214577
27,733333;0,208855
27,735;0,203133
27,736667;0,19455
27,738333;0,188828
27,74;0,183105
27,741667;0,177383
27,743333;0,171661
27,745;0,165939
27,746667;0,160217
27,748333;0,154495
27,75;0,145912
27,751667;0,14019
27,753333;0,134468
27,755;0,128746
27,756667;0,123024
27,758333;0,117302
27,76;0,11158
27,761667;0,105858
27,763333;0,100136
27,765;0,097275
27,766667;0,091553
27,768333;0,085831
27,77;0,080109
27,771667;0,074387
27,773333;0,068665
27,775;0,062943
27,776667;0,05722
27,778333;0,051498
27,78;0,048637
27,781667;0,042915
27,783333;0,037193
27,785;0,031471
27,786667;0,025749
27,788333;0,022888
27,79;0,017166
27,791667;0,011444
27,793333;0,008583
27,795;0,002861
27,796667;-0,002861
27,798333;-0,005722
27,8;-0,011444
27,801667;-0,017166
27,803333;-0,020027
27,805;-0,025749
27,806667;-0,031471
27,808333;-0,034332
27,81;-0,040054
27,811667;-0,042915
27,813333;-0,048637
27,815;-0,054359
27,816667;-0,05722
27,818333;-0,062943
27,82;-0,065804
27,821667;-0,071526
27,823333;-0,080109
27,825;-0,08297
27,826667;-0,088692
27,828333;-0,088692
27,83;-0,091553
27,831667;-0,094414
27,833333;-0,100136
27,835;-0,102997
27,836667;-0,108719
27,838333;-0,11158
27,84;-0,114441
27,841667;-0,120163
27,843333;-0,123024
27,845;-0,125885
27,846667;-0,131607
27,848333;-0,134468
27,85;-0,137329
27,851667;-0,14019
27,853333;-0,145912
27,855;-0,148773
27,856667;-0,151634
27,858333;-0,154495
27,86;-0,160217
27,861667;-0,163078
27,863333;-0,165939
27,865;-0,1688
27,866667;-0,174522
27,868333;-0,177383
27,87;-0,180244
27,871667;-0,183105
27,873333;-0,185967
27,875;-0,188828
27,876667;-0,19455
27,878333;-0,197411
27,88;-0,200272
27,881667;-0,203133
27,883333;-0,205994
27,885;-0,208855
27,886667;-0,211716
27,888333;-0,214577
27,89;-0,217438
27,891667;-0,220299
27,893333;-0,22316
27,895;-0,226021
27,896667;-0,228882
27,898333;-0,234604
27,9;-0,234604
27,901667;-0,240326
27,903333;-0,243187
27,905;-0,246048
27,906667;-0,248909
27,908333;-0,25177
27,91;-0,254631
27,911667;-0,257492
27,913333;-0,260353
27,915;-0,263214
27,916667;-0,266075
27,918333;-0,268936
27,92;-0,271797
27,921667;-0,274658
27,923333;-0,277519
27,925;-0,277519
27,926667;-0,28038
27,928333;-0,283241
27,93;-0,286102
27,931667;-0,288963
27,933333;-0,291824
27,935;-0,297546
27,936667;-0,297546
27,938333;-0,300407
27,94;-0,300407
27,941667;-0,303268
27,943333;-0,306129
27,945;-0,30899
27,946667;-0,311852
27,948333;-0,314713
27,95;-0,314713
27,951667;-0,317574
27,953333;-0,320435
27,955;-0,323296
27,956667;-0,326157
27,958333;-0,329018
27,96;-0,331879
27,961667;-0,331879
27,963333;-0,33474
27,965;-0,337601
27,966667;-0,340462
27,968333;-0,343323
27,97;-0,343323
27,971667;-0,346184
27,973333;-0,349045
27,975;-0,351906
27,976667;-0,351906
27,978333;-0,354767
27,98;-0,357628
27,981667;-0,357628
27,983333;-0,360489
27,985;-0,36335
27,986667;-0,36335
27,988333;-0,366211
27,99;-0,369072
27,991667;-0,369072
27,993333;-0,371933
27,995;-0,374794
27,996667;-0,374794
27,998333;-0,377655
28;-0,377655
28,001667;-0,380516
28,003333;-0,383377
28,005;-0,383377
28,006667;-0,386238
28,008333;-0,386238
28,01;-0,389099
28,011667;-0,39196
28,013333;-0,39196
28,015;-0,394821
28,016667;-0,397682
28,018333;-0,397682
28,02;-0,400543
28,021667;-0,400543
28,023333;-0,403404
28,025;-0,406265
28,026667;-0,406265
28,028333;-0,409126
28,03;-0,409126
28,031667;-0,411987
28,033333;-0,414848
28,035;-0,414848
28,036667;-0,417709
28,038333;-0,417709
28,04;-0,42057
28,041667;-0,42057
28,043333;-0,423431
28,045;-0,423431
28,046667;-0,429153
28,048333;-0,429153
28,05;-0,432014
28,051667;-0,432014
28,053333;-0,432014
28,055;-0,432014
28,056667;-0,434876
28,058333;-0,434876
28,06;-0,437737
28,061667;-0,437737
28,063333;-0,440598
28,065;-0,440598
28,066667;-0,440598
28,068333;-0,443459
28,07;-0,443459
28,071667;-0,44632
28,073333;-0,44632
28,075;-0,449181
28,076667;-0,449181
28,078333;-0,452042
28,08;-0,452042
28,081667;-0,454903
28,083333;-0,454903
28,085;-0,457764
28,086667;-0,457764
28,088333;-0,457764
28,09;-0,460625
28,091667;-0,460625
28,093333;-0,460625
28,095;-0,463486
28,096667;-0,463486
28,098333;-0,463486
28,1;-0,466347
28,101667;-0,466347
28,103333;-0,469208
28,105;-0,469208
28,106667;-0,469208
28,108333;-0,472069
28,11;-0,472069
28,111667;-0,47493
28,113333;-0,47493
28,115;-0,47493
28,116667;-0,477791
28,118333;-0,477791
28,12;-0,480652
28,121667;-0,480652
28,123333;-0,480652
28,125;-0,483513
28,126667;-0,483513
28,128333;-0,486374
28,13;-0,486374
28,131667;-0,486374
28,133333;-0,489235
28,135;-0,489235
28,136667;-0,489235
28,138333;-0,492096
28,14;-0,492096
28,141667;-0,492096
28,143333;-0,494957
28,145;-0,494957
28,146667;-0,494957
28,148333;-0,497818
28,15;-0,497818
28,151667;-0,497818
28,153333;-0,500679
28,155;-0,500679
28,156667;-0,500679
28,158333;-0,50354
28,16;-0,50354
28,161667;-0,50354
28,163333;-0,506401
28,165;-0,506401
28,166667;-0,506401
28,168333;-0,506401
28,17;-0,509262
28,171667;-0,509262
28,173333;-0,509262
28,175;-0,512123
28,176667;-0,512123
28,178333;-0,512123
28,18;-0,512123
28,181667;-0,514984
28,183333;-0,514984
28,185;-0,514984
28,186667;-0,514984
28,188333;-0,517845
28,19;-0,517845
28,191667;-0,517845
28,193333;-0,520706
28,195;-0,520706
28,196667;-0,520706
28,198333;-0,520706
28,2;-0,523567
28,201667;-0,523567
28,203333;-0,523567
28,205;-0,523567
28,206667;-0,526428
28,208333;-0,526428
28,21;-0,526428
28,211667;-0,529289
28,213333;-0,529289
28,215;-0,529289
28,216667;-0,529289
28,218333;-0,53215
28,22;-0,53215
28,221667;-0,53215
28,223333;-0,53215
28,225;-0,535011
28,226667;-0,535011
28,228333;-0,535011
28,23;-0,535011
28,231667;-0,535011
28,233333;-0,535011
28,235;-0,537872
28,236667;-0,537872
28,238333;-0,537872
28,24;-0,537872
28,241667;-0,537872
28,243333;-0,540733
28,245;-0,540733
28,246667;-0,540733
28,248333;-0,543594
28,25;-0,543594
28,251667;-0,543594
28,253333;-0,543594
28,255;-0,543594
28,256667;-0,546455
28,258333;-0,546455
28,26;-0,546455
28,261667;-0,546455
28,263333;-0,549316
28,265;-0,549316
28,266667;-0,549316
28,268333;-0,549316
28,27;-0,552177
28,271667;-0,552177
28,273333;-0,552177
28,275;-0,552177
28,276667;-0,552177
28,278333;-0,552177
28,28;-0,552177
28,281667;-0,555038
28,283333;-0,555038
28,285;-0,555038
28,286667;-0,555038
28,288333;-0,555038
28,29;-0,5579
28,291667;-0,5579
28,293333;-0,5579
28,295;-0,5579
28,296667;-0,5579
28,298333;-0,5579
28,3;-0,560761
28,301667;-0,560761
28,303333;-0,560761
28,305;-0,560761
28,306667;-0,560761
28,308333;-0,560761
28,31;-0,563622
28,311667;-0,563622
28,313333;-0,563622
28,315;-0,563622
28,316667;-0,563622
28,318333;-0,566483
28,32;-0,566483
28,321667;-0,566483
28,323333;-0,566483
28,325;-0,566483
28,326667;-0,566483
28,328333;-0,566483
28,33;-0,569344
28,331667;-0,569344
28,333333;-0,569344
28,335;-0,569344
28,336667;-0,569344
28,338333;-0,572205
28,34;-0,572205
28,341667;-0,572205
28,343333;-0,572205
28,345;-0,572205
28,346667;-0,572205
28,348333;-0,575066
28,35;-0,575066
28,351667;-0,575066
28,353333;-0,575066
28,355;-0,575066
28,356667;-0,575066
28,358333;-0,577927
28,36;-0,577927
28,361667;-0,577927
28,363333;-0,577927
28,365;-0,577927
28,366667;-0,577927
28,368333;-0,580788
28,37;-0,580788
28,371667;-0,580788
28,373333;-0,580788
28,375;-0,580788
28,376667;-0,580788
28,378333;-0,580788
28,38;-0,583649
28,381667;-0,583649
28,383333;-0,583649
28,385;-0,583649
28,386667;-0,583649
28,388333;-0,58651
28,39;-0,58651
28,391667;-0,58651
28,393333;-0,58651
28,395;-0,58651
28,396667;-0,58651
28,398333;-0,58651
28,4;-0,58651
28,401667;-0,58651
28,403333;-0,58651
28,405;-0,58651
28,406667;-0,58651
28,408333;-0,589371
28,41;-0,589371
28,411667;-0,589371
28,413333;-0,589371
28,415;-0,589371
28,416667;-0,589371
28,418333;-0,589371
28,42;-0,589371
28,421667;-0,589371
28,423333;-0,589371
28,425;-0,589371
28,426667;-0,592232
28,428333;-0,592232
28,43;-0,592232
28,431667;-0,592232
28,433333;-0,592232
28,435;-0,592232
28,436667;-0,592232
28,438333;-0,595093
28,44;-0,595093
28,441667;-0,595093
28,443333;-0,595093
28,445;-0,595093
28,446667;-0,595093
28,448333;-0,595093
28,45;-0,595093
28,451667;-0,595093
28,453333;-0,595093
28,455;-0,597954
28,456667;-0,597954
28,458333;-0,597954
28,46;-0,597954
28,461667;-0,597954
28,463333;-0,597954
28,465;-0,597954
28,466667;-0,597954
28,468333;-0,597954
28,47;-0,600815
28,471667;-0,600815
28,473333;-0,600815
28,475;-0,600815
28,476667;-0,600815
28,478333;-0,600815
28,48;-0,600815
28,481667;-0,600815
28,483333;-0,600815
28,485;-0,603676
28,486667;-0,603676
28,488333;-0,603676
28,49;-0,603676
28,491667;-0,603676
28,493333;-0,603676
28,495;-0,603676
28,496667;-0,603676
28,498333;-0,603676
28,5;-0,603676
28,501667;-0,603676
28,503333;-0,603676
28,505;-0,603676
28,506667;-0,603676
28,508333;-0,603676
28,51;-0,603676
28,511667;-0,603676
28,513333;-0,603676
28,515;-0,606537
28,516667;-0,606537
28,518333;-0,606537
28,52;-0,606537
28,521667;-0,606537
28,523333;-0,606537
28,525;-0,606537
28,526667;-0,606537
28,528333;-0,606537
28,53;-0,606537
28,531667;-0,606537
28,533333;-0,606537
28,535;-0,606537
28,536667;-0,606537
28,538333;-0,606537
28,54;-0,609398
28,541667;-0,609398
28,543333;-0,609398
28,545;-0,609398
28,546667;-0,609398
28,548333;-0,609398
28,55;-0,609398
28,551667;-0,609398
28,553333;-0,609398
28,555;-0,609398
28,556667;-0,609398
28,558333;-0,609398
28,56;-0,609398
28,561667;-0,612259
28,563333;-0,612259
28,565;-0,612259
28,566667;-0,612259
28,568333;-0,612259
28,57;-0,612259
28,571667;-0,612259
28,573333;-0,612259
28,575;-0,612259
28,576667;-0,612259
28,578333;-0,612259
28,58;-0,612259
28,581667;-0,612259
28,583333;-0,612259
28,585;-0,61512
28,586667;-0,61512
28,588333;-0,61512
28,59;-0,61512
28,591667;-0,61512
28,593333;-0,61512
28,595;-0,61512
28,596667;-0,61512
28,598333;-0,61512
28,6;-0,61512
28,601667;-0,61512
28,603333;-0,61512
28,605;-0,61512
28,606667;-0,61512
28,608333;-0,61512
28,61;-0,61512
28,611667;-0,61512
28,613333;-0,61512
28,615;-0,61512
28,616667;-0,61512
28,618333;-0,61512
28,62;-0,617981
28,621667;-0,617981
28,623333;-0,617981
28,625;-0,617981
28,626667;-0,617981
28,628333;-0,617981
28,63;-0,617981
28,631667;-0,617981
28,633333;-0,617981
28,635;-0,617981
28,636667;-0,617981
28,638333;-0,617981
28,64;-0,620842
28,641667;-0,620842
28,643333;-0,620842
28,645;-0,620842
28,646667;-0,620842
28,648333;-0,620842
28,65;-0,620842
28,651667;-0,620842
28,653333;-0,620842
28,655;-0,620842
28,656667;-0,620842
28,658333;-0,620842
28,66;-0,620842
28,661667;-0,620842
28,663333;-0,620842
28,665;-0,620842
28,666667;-0,620842
28,668333;-0,620842
28,67;-0,620842
28,671667;-0,620842
28,673333;-0,623703
28,675;-0,623703
28,676667;-0,623703
28,678333;-0,623703
28,68;-0,623703
28,681667;-0,623703
28,683333;-0,623703
28,685;-0,623703
28,686667;-0,623703
28,688333;-0,623703
28,69;-0,623703
28,691667;-0,623703
28,693333;-0,623703
28,695;-0,623703
28,696667;-0,623703
28,698333;-0,623703
28,7;-0,623703
28,701667;-0,626564
28,703333;-0,626564
28,705;-0,626564
28,706667;-0,626564
28,708333;-0,626564
28,71;-0,626564
28,711667;-0,626564
28,713333;-0,626564
28,715;-0,626564
28,716667;-0,626564
28,718333;-0,626564
28,72;-0,626564
28,721667;-0,626564
28,723333;-0,626564
28,725;-0,626564
28,726667;-0,626564
28,728333;-0,626564
28,73;-0,626564
28,731667;-0,626564
28,733333;-0,629425
28,735;-0,629425
28,736667;-0,629425
28,738333;-0,629425
28,74;-0,629425
28,741667;-0,629425
28,743333;-0,629425
28,745;-0,629425
28,746667;-0,629425
28,748333;-0,629425
28,75;-0,629425
28,751667;-0,629425
28,753333;-0,629425
28,755;-0,629425
28,756667;-0,629425
28,758333;-0,629425
28,76;-0,629425
28,761667;-0,629425
28,763333;-0,629425
28,765;-0,629425
28,766667;-0,629425
28,768333;-0,629425
28,77;-0,629425
28,771667;-0,629425
28,773333;-0,629425
28,775;-0,629425
28,776667;-0,629425
28,778333;-0,629425
28,78;-0,632286
28,781667;-0,632286
28,783333;-0,632286
28,785;-0,632286
28,786667;-0,632286
28,788333;-0,632286
28,79;-0,632286
28,791667;-0,632286
28,793333;-0,632286
28,795;-0,632286
28,796667;-0,632286
28,798333;-0,632286
28,8;-0,632286
28,801667;-0,632286
28,803333;-0,632286
28,805;-0,632286
28,806667;-0,632286
28,808333;-0,632286
28,81;-0,632286
28,811667;-0,632286
28,813333;-0,632286
28,815;-0,632286
28,816667;-0,632286
28,818333;-0,632286
28,82;-0,632286
28,821667;-0,632286
28,823333;-0,632286
28,825;-0,632286
28,826667;-0,632286
28,828333;-0,632286
28,83;-0,635147
28,831667;-0,635147
28,833333;-0,635147
28,835;-0,635147
28,836667;-0,635147
28,838333;-0,635147
28,84;-0,635147
28,841667;-0,635147
28,843333;-0,635147
28,845;-0,635147
28,846667;-0,635147
28,848333;-0,635147
28,85;-0,635147
28,851667;-0,635147
28,853333;-0,635147
28,855;-0,635147
28,856667;-0,635147
28,858333;-0,635147
28,86;-0,635147
28,861667;-0,635147
28,863333;-0,635147
28,865;-0,635147
28,866667;-0,635147
28,868333;-0,635147
28,87;-0,635147
28,871667;-0,635147
28,873333;-0,635147
28,875;-0,635147
28,876667;-0,635147
28,878333;-0,635147
28,88;-0,635147
28,881667;-0,635147
28,883333;-0,635147
28,885;-0,635147
28,886667;-0,635147
28,888333;-0,635147
28,89;-0,635147
28,891667;-0,635147
28,893333;-0,635147
28,895;-0,635147
28,896667;-0,635147
28,898333;-0,635147
28,9;-0,635147
28,901667;-0,635147
28,903333;-0,635147
28,905;-0,635147
28,906667;-0,635147
28,908333;-0,638008
28,91;-0,638008
28,911667;-0,638008
28,913333;-0,638008
28,915;-0,638008
28,916667;-0,638008
28,918333;-0,638008
28,92;-0,638008
28,921667;-0,638008
28,923333;-0,638008
28,925;-0,638008
28,926667;-0,638008
28,928333;-0,638008
28,93;-0,638008
28,931667;-0,638008
28,933333;-0,638008
28,935;-0,638008
28,936667;-0,638008
28,938333;-0,638008
28,94;-0,638008
28,941667;-0,638008
28,943333;-0,638008
28,945;-0,638008
28,946667;-0,638008
28,948333;-0,638008
28,95;-0,638008
28,951667;-0,638008
28,953333;-0,638008
28,955;-0,640869
28,956667;-0,640869
28,958333;-0,640869
28,96;-0,640869
28,961667;-0,640869
28,963333;-0,640869
28,965;-0,640869
28,966667;-0,640869
28,968333;-0,640869
28,97;-0,640869
28,971667;-0,640869
28,973333;-0,640869
28,975;-0,640869
28,976667;-0,640869
28,978333;-0,640869
28,98;-0,640869
28,981667;-0,640869
28,983333;-0,640869
28,985;-0,640869
28,986667;-0,640869
28,988333;-0,640869
28,99;-0,640869
28,991667;-0,640869
28,993333;-0,640869
28,995;-0,640869
28,996667;-0,640869
28,998333;-0,640869
29;-0,640869
29,001667;-0,640869
29,003333;-0,640869
29,005;-0,640869
29,006667;-0,640869
29,008333;-0,640869
29,01;-0,640869
29,011667;-0,640869
29,013333;-0,64373
29,015;-0,64373
29,016667;-0,64373
29,018333;-0,64373
29,02;-0,64373
29,021667;-0,64373
29,023333;-0,64373
29,025;-0,64373
29,026667;-0,64373
29,028333;-0,64373
29,03;-0,64373
29,031667;-0,64373
29,033333;-0,64373
29,035;-0,64373
29,036667;-0,64373
29,038333;-0,64373
29,04;-0,64373
29,041667;-0,64373
29,043333;-0,64373
29,045;-0,64373
29,046667;-0,64373
29,048333;-0,64373
29,05;-0,64373
29,051667;-0,64373
29,053333;-0,64373
29,055;-0,64373
29,056667;-0,64373
29,058333;-0,64373
29,06;-0,64373
29,061667;-0,64373
29,063333;-0,64373
29,065;-0,64373
29,066667;-0,64373
29,068333;-0,64373
29,07;-0,64373
29,071667;-0,64373
29,073333;-0,64373
29,075;-0,64373
29,076667;-0,64373
29,078333;-0,64373
29,08;-0,64373
29,081667;-0,64373
29,083333;-0,64373
29,085;-0,646591
29,086667;-0,646591
29,088333;-0,646591
29,09;-0,646591
29,091667;-0,646591
29,093333;-0,646591
29,095;-0,646591
29,096667;-0,646591
29,098333;-0,646591
29,1;-0,646591
29,101667;-0,646591
29,103333;-0,646591
29,105;-0,646591
29,106667;-0,646591
29,108333;-0,646591
29,11;-0,646591
29,111667;-0,646591
29,113333;-0,646591
29,115;-0,646591
29,116667;-0,646591
29,118333;-0,646591
29,12;-0,646591
29,121667;-0,646591
29,123333;-0,646591
29,125;-0,646591
29,126667;-0,646591
29,128333;-0,646591
29,13;-0,646591
29,131667;-0,646591
29,133333;-0,646591
29,135;-0,646591
29,136667;-0,646591
29,138333;-0,646591
29,14;-0,646591
29,141667;-0,646591
29,143333;-0,646591
29,145;-0,646591
29,146667;-0,646591
29,148333;-0,646591
29,15;-0,646591
29,151667;-0,646591
29,153333;-0,646591
29,155;-0,646591
29,156667;-0,646591
29,158333;-0,646591
29,16;-0,649452
29,161667;-0,649452
29,163333;-0,649452
29,165;-0,649452
29,166667;-0,649452
29,168333;-0,649452
29,17;-0,649452
29,171667;-0,649452
29,173333;-0,649452
29,175;-0,649452
29,176667;-0,649452
29,178333;-0,649452
29,18;-0,649452
29,181667;-0,649452
29,183333;-0,649452
29,185;-0,649452
29,186667;-0,649452
29,188333;-0,649452
29,19;-0,649452
29,191667;-0,649452
29,193333;-0,649452
29,195;-0,649452
29,196667;-0,649452
29,198333;-0,649452
29,2;-0,649452
29,201667;-0,649452
29,203333;-0,649452
29,205;-0,652313
29,206667;-0,652313
29,208333;-0,652313
29,21;-0,652313
29,211667;-0,652313
29,213333;-0,652313
29,215;-0,652313
29,216667;-0,652313
29,218333;-0,652313
29,22;-0,652313
29,221667;-0,652313
29,223333;-0,652313
29,225;-0,652313
29,226667;-0,652313
29,228333;-0,652313
29,23;-0,652313
29,231667;-0,652313
29,233333;-0,652313
29,235;-0,652313
29,236667;-0,652313
29,238333;-0,652313
29,24;-0,652313
29,241667;-0,652313
29,243333;-0,652313
29,245;-0,652313
29,246667;-0,652313
29,248333;-0,652313
29,25;-0,652313
29,251667;-0,652313
29,253333;-0,652313
29,255;-0,652313
29,256667;-0,652313
29,258333;-0,652313
29,26;-0,655174
29,261667;-0,655174
29,263333;-0,655174
29,265;-0,655174
29,266667;-0,655174
29,268333;-0,655174
29,27;-0,655174
29,271667;-0,655174
29,273333;-0,655174
29,275;-0,655174
29,276667;-0,655174
29,278333;-0,655174
29,28;-0,655174
29,281667;-0,655174
29,283333;-0,655174
29,285;-0,655174
29,286667;-0,655174
29,288333;-0,655174
29,29;-0,655174
29,291667;-0,655174
29,293333;-0,655174
29,295;-0,655174
29,296667;-0,655174
29,298333;-0,655174
29,3;-0,655174
29,301667;-0,655174
29,303333;-0,655174
29,305;-0,655174
29,306667;-0,655174
29,308333;-0,655174
29,31;-0,655174
29,311667;-0,655174
29,313333;-0,655174
29,315;-0,655174
29,316667;-0,655174
29,318333;-0,655174
29,32;-0,655174
29,321667;-0,655174
29,323333;-0,655174
29,325;-0,655174
29,326667;-0,655174
29,328333;-0,655174
29,33;-0,655174
29,331667;-0,655174
29,333333;-0,655174
29,335;-0,655174
29,336667;-0,655174
29,338333;-0,655174
29,34;-0,655174
29,341667;-0,655174
29,343333;-0,655174
29,345;-0,655174
29,346667;-0,655174
29,348333;-0,655174
29,35;-0,655174
29,351667;-0,655174
29,353333;-0,655174
29,355;-0,658035
29,356667;-0,658035
29,358333;-0,658035
29,36;-0,658035
29,361667;-0,658035
29,363333;-0,658035
29,365;-0,658035
29,366667;-0,658035
29,368333;-0,658035
29,37;-0,658035
29,371667;-0,658035
29,373333;-0,658035
29,375;-0,658035
29,376667;-0,658035
29,378333;-0,658035
29,38;-0,658035
29,381667;-0,658035
29,383333;-0,658035
29,385;-0,658035
29,386667;-0,658035
29,388333;-0,658035
29,39;-0,658035
29,391667;-0,658035
29,393333;-0,658035
29,395;-0,658035
29,396667;-0,658035
29,398333;-0,658035
29,4;-0,658035
29,401667;-0,658035
29,403333;-0,660896
29,405;-0,660896
29,406667;-0,660896
29,408333;-0,660896
29,41;-0,660896
29,411667;-0,660896
29,413333;-0,660896
29,415;-0,660896
29,416667;-0,660896
29,418333;-0,660896
29,42;-0,660896
29,421667;-0,660896
29,423333;-0,660896
29,425;-0,660896
29,426667;-0,660896
29,428333;-0,660896
29,43;-0,660896
29,431667;-0,660896
29,433333;-0,660896
29,435;-0,660896
29,436667;-0,660896
29,438333;-0,660896
29,44;-0,660896
29,441667;-0,660896
29,443333;-0,660896
29,445;-0,660896
29,446667;-0,660896
29,448333;-0,660896
29,45;-0,660896
29,451667;-0,660896
29,453333;-0,660896
29,455;-0,660896
29,456667;-0,660896
29,458333;-0,660896
29,46;-0,660896
29,461667;-0,660896
29,463333;-0,660896
29,465;-0,660896
29,466667;-0,660896
29,468333;-0,660896
29,47;-0,660896
29,471667;-0,660896
29,473333;-0,660896
29,475;-0,660896
29,476667;-0,660896
29,478333;-0,660896
29,48;-0,660896
29,481667;-0,660896
29,483333;-0,660896
29,485;-0,660896
29,486667;-0,660896
29,488333;-0,660896
29,49;-0,660896
29,491667;-0,660896
29,493333;-0,660896
29,495;-0,660896
29,496667;-0,660896
29,498333;-0,660896
29,5;-0,660896
29,501667;-0,660896
29,503333;-0,660896
29,505;-0,660896
29,506667;-0,660896
29,508333;-0,660896
29,51;-0,660896
29,511667;-0,660896
29,513333;-0,660896
29,515;-0,660896
29,516667;-0,660896
29,518333;-0,660896
29,52;-0,660896
29,521667;-0,660896
29,523333;-0,660896
29,525;-0,660896
29,526667;-0,660896
29,528333;-0,660896
29,53;-0,660896
29,531667;-0,660896
29,533333;-0,663757
29,535;-0,663757
29,536667;-0,663757
29,538333;-0,663757
29,54;-0,663757
29,541667;-0,663757
29,543333;-0,663757
29,545;-0,663757
29,546667;-0,663757
29,548333;-0,663757
29,55;-0,663757
29,551667;-0,663757
29,553333;-0,663757
29,555;-0,663757
29,556667;-0,663757
29,558333;-0,663757
29,56;-0,663757
29,561667;-0,663757
29,563333;-0,663757
29,565;-0,663757
29,566667;-0,663757
29,568333;-0,663757
29,57;-0,663757
29,571667;-0,663757
29,573333;-0,663757
29,575;-0,663757
29,576667;-0,663757
29,578333;-0,663757
29,58;-0,663757
29,581667;-0,663757
29,583333;-0,663757
29,585;-0,663757
29,586667;-0,663757
29,588333;-0,663757
29,59;-0,663757
29,591667;-0,666618
29,593333;-0,666618
29,595;-0,666618
29,596667;-0,666618
29,598333;-0,663757
29,6;-0,663757
29,601667;-0,663757
29,603333;-0,663757
29,605;-0,663757
29,606667;-0,663757
29,608333;-0,663757
29,61;-0,663757
29,611667;-0,663757
29,613333;-0,663757
29,615;-0,663757
29,616667;-0,663757
29,618333;-0,663757
29,62;-0,663757
29,621667;-0,663757
29,623333;-0,663757
29,625;-0,663757
29,626667;-0,663757
29,628333;-0,666618
29,63;-0,666618
29,631667;-0,666618
29,633333;-0,666618
29,635;-0,666618
29,636667;-0,666618
29,638333;-0,666618
29,64;-0,666618
29,641667;-0,666618
29,643333;-0,666618
29,645;-0,666618
29,646667;-0,666618
29,648333;-0,666618
29,65;-0,666618
29,651667;-0,666618
29,653333;-0,666618
29,655;-0,666618
29,656667;-0,666618
29,658333;-0,666618
29,66;-0,666618
29,661667;-0,666618
29,663333;-0,666618
29,665;-0,666618
29,666667;-0,666618
29,668333;-0,666618
29,67;-0,666618
29,671667;-0,669479
29,673333;-0,669479
29,675;-0,669479
29,676667;-0,669479
29,678333;-0,669479
29,68;-0,669479
29,681667;-0,669479
29,683333;-0,669479
29,685;-0,669479
29,686667;-0,669479
29,688333;-0,669479
29,69;-0,669479
29,691667;-0,669479
29,693333;-0,669479
29,695;-0,669479
29,696667;-0,669479
29,698333;-0,669479
29,7;-0,669479
29,701667;-0,669479
29,703333;-0,669479
29,705;-0,669479
29,706667;-0,669479
29,708333;-0,669479
29,71;-0,669479
29,711667;-0,669479
29,713333;-0,669479
29,715;-0,669479
29,716667;-0,669479
29,718333;-0,669479
29,72;-0,669479
29,721667;-0,669479
29,723333;-0,669479
29,725;-0,669479
29,726667;-0,669479
29,728333;-0,669479
29,73;-0,669479
29,731667;-0,669479
29,733333;-0,669479
29,735;-0,669479
29,736667;-0,669479
29,738333;-0,669479
29,74;-0,669479
29,741667;-0,669479
29,743333;-0,669479
29,745;-0,669479
29,746667;-0,669479
29,748333;-0,669479
29,75;-0,669479
29,751667;-0,669479
29,753333;-0,669479
29,755;-0,669479
29,756667;-0,669479
29,758333;-0,669479
29,76;-0,67234
29,761667;-0,67234
29,763333;-0,67234
29,765;-0,67234
29,766667;-0,67234
29,768333;-0,67234
29,77;-0,67234
29,771667;-0,67234
29,773333;-0,67234
29,775;-0,67234
29,776667;-0,67234
29,778333;-0,67234
29,78;-0,67234
29,781667;-0,67234
29,783333;-0,67234
29,785;-0,67234
29,786667;-0,67234
29,788333;-0,67234
29,79;-0,67234
29,791667;-0,67234
29,793333;-0,67234
29,795;-0,67234
29,796667;-0,67234
29,798333;-0,67234
29,8;-0,67234
29,801667;-0,67234
29,803333;-0,67234
29,805;-0,67234
29,806667;-0,67234
29,808333;-0,67234
29,81;-0,67234
29,811667;-0,67234
29,813333;-0,67234
29,815;-0,67234
29,816667;-0,67234
29,818333;-0,67234
29,82;-0,67234
29,821667;-0,67234
29,823333;-0,67234
29,825;-0,67234
29,826667;-0,67234
29,828333;-0,67234
29,83;-0,67234
29,831667;-0,67234
29,833333;-0,67234
29,835;-0,67234
29,836667;-0,67234
29,838333;-0,675201
29,84;-0,675201
29,841667;-0,675201
29,843333;-0,675201
29,845;-0,675201
29,846667;-0,675201
29,848333;-0,675201
29,85;-0,675201
29,851667;-0,675201
29,853333;-0,675201
29,855;-0,675201
29,856667;-0,675201
29,858333;-0,675201
29,86;-0,675201
29,861667;-0,675201
29,863333;-0,675201
29,865;-0,675201
29,866667;-0,675201
29,868333;-0,675201
29,87;-0,675201
29,871667;-0,675201
29,873333;-0,675201
29,875;-0,675201
29,876667;-0,675201
29,878333;-0,675201
29,88;-0,675201
29,881667;-0,675201
29,883333;-0,675201
29,885;-0,675201
29,886667;-0,675201
29,888333;-0,675201
29,89;-0,675201
29,891667;-0,675201
29,893333;-0,675201
29,895;-0,675201
29,896667;-0,675201
29,898333;-0,675201
29,9;-0,675201
29,901667;-0,675201
29,903333;-0,675201
29,905;-0,675201
29,906667;-0,678062
29,908333;-0,678062
29,91;-0,678062
29,911667;-0,678062
29,913333;-0,678062
29,915;-0,678062
29,916667;-0,675201
29,918333;-0,675201
29,92;-0,675201
29,921667;-0,675201
29,923333;-0,675201
29,925;-0,675201
29,926667;-0,675201
29,928333;-0,675201
29,93;-0,675201
29,931667;-0,675201
29,933333;-0,678062
29,935;-0,678062
29,936667;-0,678062
29,938333;-0,678062
29,94;-0,678062
29,941667;-0,678062
29,943333;-0,678062
29,945;-0,678062
29,946667;-0,678062
29,948333;-0,678062
29,95;-0,678062
29,951667;-0,678062
29,953333;-0,678062
29,955;-0,678062
29,956667;-0,678062
29,958333;-0,678062
29,96;-0,678062
29,961667;-0,678062
29,963333;-0,678062
29,965;-0,678062
29,966667;-0,678062
29,968333;-0,678062
29,97;-0,678062
29,971667;-0,678062
29,973333;-0,678062
29,975;-0,678062
29,976667;-0,678062
29,978333;-0,678062
29,98;-0,678062
29,981667;-0,678062
29,983333;-0,678062
29,985;-0,678062
29,986667;-0,678062
29,988333;-0,678062
29,99;-0,678062
29,991667;-0,678062
29,993333;-0,678062
29,995;-0,678062
29,996667;-0,678062
29,998333;-0,678062
30;-0,678062
30,001667;-0,678062
30,003333;-0,678062
30,005;-0,678062
30,006667;-0,678062
30,008333;-0,678062
30,01;-0,678062
30,011667;-0,678062
30,013333;-0,678062
30,015;-0,678062
30,016667;-0,678062
30,018333;-0,678062
30,02;-0,678062
30,021667;-0,678062
30,023333;-0,678062
30,025;-0,678062
30,026667;-0,678062
30,028333;-0,678062
30,03;-0,678062
30,031667;-0,678062
30,033333;-0,678062
30,035;-0,678062
30,036667;-0,678062
30,038333;-0,678062
30,04;-0,678062
30,041667;-0,678062
30,043333;-0,678062
30,045;-0,678062
30,046667;-0,678062
30,048333;-0,678062
30,05;-0,678062
30,051667;-0,678062
30,053333;-0,678062
30,055;-0,678062
30,056667;-0,678062
30,058333;-0,678062
30,06;-0,678062
30,061667;-0,678062
30,063333;-0,678062
30,065;-0,678062
30,066667;-0,678062
30,068333;-0,678062
30,07;-0,678062
30,071667;-0,678062
30,073333;-0,678062
30,075;-0,678062
30,076667;-0,678062
30,078333;-0,678062
30,08;-0,678062
30,081667;-0,678062
30,083333;-0,678062
30,085;-0,678062
30,086667;-0,678062
30,088333;-0,678062
30,09;-0,678062
30,091667;-0,678062
30,093333;-0,678062
30,095;-0,678062
30,096667;-0,678062
30,098333;-0,678062
30,1;-0,678062
30,101667;-0,678062
30,103333;-0,678062
30,105;-0,678062
30,106667;-0,678062
30,108333;-0,678062
30,11;-0,678062
30,111667;-0,678062
30,113333;-0,678062
30,115;-0,678062
30,116667;-0,680924
30,118333;-0,680924
30,12;-0,680924
30,121667;-0,680924
30,123333;-0,680924
30,125;-0,680924
30,126667;-0,680924
30,128333;-0,680924
30,13;-0,680924
30,131667;-0,680924
30,133333;-0,680924
30,135;-0,680924
30,136667;-0,680924
30,138333;-0,680924
30,14;-0,680924
30,141667;-0,680924
30,143333;-0,680924
30,145;-0,680924
30,146667;-0,680924
30,148333;-0,680924
30,15;-0,680924
30,151667;-0,680924
30,153333;-0,680924
30,155;-0,680924
30,156667;-0,680924
30,158333;-0,680924
30,16;-0,680924
30,161667;-0,680924
30,163333;-0,680924
30,165;-0,680924
30,166667;-0,680924
30,168333;-0,680924
30,17;-0,680924
30,171667;-0,680924
30,173333;-0,680924
30,175;-0,680924
30,176667;-0,680924
30,178333;-0,680924
30,18;-0,680924
30,181667;-0,680924
30,183333;-0,680924
30,185;-0,680924
30,186667;-0,680924
30,188333;-0,680924
30,19;-0,680924
30,191667;-0,680924
30,193333;-0,680924
30,195;-0,680924
30,196667;-0,680924
30,198333;-0,680924
30,2;-0,680924
30,201667;-0,680924
30,203333;-0,680924
30,205;-0,680924
30,206667;-0,680924
30,208333;-0,680924
30,21;-0,680924
30,211667;-0,680924
30,213333;-0,680924
30,215;-0,680924
30,216667;-0,680924
30,218333;-0,680924
30,22;-0,680924
30,221667;-0,680924
30,223333;-0,680924
30,225;-0,680924
30,226667;-0,680924
30,228333;-0,680924
30,23;-0,680924
30,231667;-0,680924
30,233333;-0,680924
30,235;-0,680924
30,236667;-0,680924
30,238333;-0,680924
30,24;-0,680924
30,241667;-0,680924
30,243333;-0,680924
30,245;-0,680924
30,246667;-0,683785
30,248333;-0,683785
30,25;-0,683785
30,251667;-0,683785
30,253333;-0,683785
30,255;-0,683785
30,256667;-0,683785
30,258333;-0,683785
30,26;-0,683785
30,261667;-0,683785
30,263333;-0,683785
30,265;-0,683785
30,266667;-0,683785
30,268333;-0,683785
30,27;-0,683785
30,271667;-0,683785
30,273333;-0,683785
30,275;-0,683785
30,276667;-0,683785
30,278333;-0,683785
30,28;-0,683785
30,281667;-0,683785
30,283333;-0,683785
30,285;-0,683785
30,286667;-0,683785
30,288333;-0,683785
30,29;-0,683785
30,291667;-0,683785
30,293333;-0,683785
30,295;-0,683785
30,296667;-0,683785
30,298333;-0,683785
30,3;-0,683785
30,301667;-0,683785
30,303333;-0,683785
30,305;-0,683785
30,306667;-0,683785
30,308333;-0,683785
30,31;-0,683785
30,311667;-0,683785
30,313333;-0,683785
30,315;-0,683785
30,316667;-0,683785
30,318333;-0,683785
30,32;-0,683785
30,321667;-0,683785
30,323333;-0,683785
30,325;-0,683785
30,326667;-0,683785
30,328333;-0,683785
30,33;-0,683785
30,331667;-0,683785
30,333333;-0,683785
30,335;-0,683785
30,336667;-0,683785
30,338333;-0,683785
30,34;-0,683785
30,341667;-0,683785
30,343333;-0,683785
30,345;-0,683785
30,346667;-0,683785
30,348333;-0,683785
30,35;-0,683785
30,351667;-0,683785
30,353333;-0,683785
30,355;-0,683785
30,356667;-0,683785
30,358333;-0,683785
30,36;-0,683785
30,361667;-0,683785
30,363333;-0,683785
30,365;-0,683785
30,366667;-0,683785
30,368333;-0,683785
30,37;-0,683785
30,371667;-0,683785
30,373333;-0,683785
30,375;-0,683785
30,376667;-0,683785
30,378333;-0,683785
30,38;-0,683785
30,381667;-0,683785
30,383333;-0,683785
30,385;-0,686646
30,386667;-0,686646
30,388333;-0,686646
30,39;-0,686646
30,391667;-0,686646
30,393333;-0,686646
30,395;-0,686646
30,396667;-0,686646
30,398333;-0,686646
30,4;-0,686646
30,401667;-0,686646
30,403333;-0,686646
30,405;-0,686646
30,406667;-0,686646
30,408333;-0,686646
30,41;-0,686646
30,411667;-0,686646
30,413333;-0,686646
30,415;-0,686646
30,416667;-0,686646
30,418333;-0,686646
30,42;-0,686646
30,421667;-0,686646
30,423333;-0,686646
30,425;-0,686646
30,426667;-0,686646
30,428333;-0,686646
30,43;-0,686646
30,431667;-0,686646
30,433333;-0,686646
30,435;-0,686646
30,436667;-0,686646
30,438333;-0,686646
30,44;-0,686646
30,441667;-0,686646
30,443333;-0,686646
30,445;-0,686646
30,446667;-0,686646
30,448333;-0,686646
30,45;-0,686646
30,451667;-0,686646
30,453333;-0,686646
30,455;-0,686646
30,456667;-0,686646
30,458333;-0,686646
30,46;-0,686646
30,461667;-0,686646
30,463333;-0,686646
30,465;-0,686646
30,466667;-0,686646
30,468333;-0,686646
30,47;-0,686646
30,471667;-0,686646
30,473333;-0,686646
30,475;-0,686646
30,476667;-0,686646
30,478333;-0,686646
30,48;-0,686646
30,481667;-0,686646
30,483333;-0,686646
30,485;-0,686646
30,486667;-0,686646
30,488333;-0,689507
30,49;-0,689507
30,491667;-0,689507
30,493333;-0,689507
30,495;-0,689507
30,496667;-0,689507
30,498333;-0,689507
30,5;-0,689507
30,501667;-0,689507
30,503333;-0,689507
30,505;-0,689507
30,506667;-0,689507
30,508333;-0,689507
30,51;-0,689507
30,511667;-0,689507
30,513333;-0,689507
30,515;-0,689507
30,516667;-0,689507
30,518333;-0,689507
30,52;-0,689507
30,521667;-0,689507
30,523333;-0,689507
30,525;-0,689507
30,526667;-0,689507
30,528333;-0,689507
30,53;-0,689507
30,531667;-0,689507
30,533333;-0,689507
30,535;-0,689507
30,536667;-0,689507
30,538333;-0,689507
30,54;-0,689507
30,541667;-0,689507
30,543333;-0,689507
30,545;-0,689507
30,546667;-0,689507
30,548333;-0,689507
30,55;-0,689507
30,551667;-0,689507
30,553333;-0,689507
30,555;-0,689507
30,556667;-0,689507
30,558333;-0,689507
30,56;-0,689507
30,561667;-0,689507
30,563333;-0,689507
30,565;-0,689507
30,566667;-0,689507
30,568333;-0,689507
30,57;-0,689507
30,571667;-0,689507
30,573333;-0,689507
30,575;-0,689507
30,576667;-0,689507
30,578333;-0,689507
30,58;-0,689507
30,581667;-0,689507
30,583333;-0,689507
30,585;-0,689507
30,586667;-0,689507
30,588333;-0,689507
30,59;-0,689507
30,591667;-0,689507
30,593333;-0,689507
30,595;-0,689507
30,596667;-0,689507
30,598333;-0,689507
30,6;-0,689507
30,601667;-0,689507
30,603333;-0,689507
30,605;-0,689507
30,606667;-0,689507
30,608333;-0,689507
30,61;-0,689507
30,611667;-0,689507
30,613333;-0,689507
30,615;-0,689507
30,616667;-0,689507
30,618333;-0,689507
30,62;-0,689507
30,621667;-0,689507
30,623333;-0,689507
30,625;-0,689507
30,626667;-0,689507
30,628333;-0,689507
30,63;-0,689507
30,631667;-0,689507
30,633333;-0,689507
30,635;-0,689507
30,636667;-0,689507
30,638333;-0,689507
30,64;-0,689507
30,641667;-0,689507
30,643333;-0,689507
30,645;-0,689507
30,646667;-0,689507
30,648333;-0,689507
30,65;-0,689507
30,651667;-0,689507
30,653333;-0,689507
30,655;-0,689507
30,656667;-0,689507
30,658333;-0,689507
30,66;-0,689507
30,661667;-0,689507
30,663333;-0,689507
30,665;-0,689507
30,666667;-0,689507
30,668333;-0,689507
30,67;-0,689507
30,671667;-0,689507
30,673333;-0,689507
30,675;-0,689507
30,676667;-0,689507
30,678333;-0,689507
30,68;-0,689507
30,681667;-0,689507
30,683333;-0,689507
30,685;-0,689507
30,686667;-0,689507
30,688333;-0,689507
30,69;-0,689507
30,691667;-0,692368
30,693333;-0,692368
30,695;-0,692368
30,696667;-0,692368
30,698333;-0,692368
30,7;-0,692368
30,701667;-0,692368
30,703333;-0,692368
30,705;-0,692368
30,706667;-0,692368
30,708333;-0,692368
30,71;-0,692368
30,711667;-0,692368
30,713333;-0,692368
30,715;-0,692368
30,716667;-0,692368
30,718333;-0,692368
30,72;-0,692368
30,721667;-0,692368
30,723333;-0,692368
30,725;-0,692368
30,726667;-0,692368
30,728333;-0,692368
30,73;-0,692368
30,731667;-0,692368
30,733333;-0,692368
30,735;-0,692368
30,736667;-0,692368
30,738333;-0,692368
30,74;-0,692368
30,741667;-0,692368
30,743333;-0,692368
30,745;-0,692368
30,746667;-0,692368
30,748333;-0,692368
30,75;-0,692368
30,751667;-0,692368
30,753333;-0,692368
30,755;-0,692368
30,756667;-0,692368
30,758333;-0,692368
30,76;-0,692368
30,761667;-0,692368
30,763333;-0,692368
30,765;-0,692368
30,766667;-0,692368
30,768333;-0,692368
30,77;-0,692368
30,771667;-0,692368
30,773333;-0,692368
30,775;-0,692368
30,776667;-0,692368
30,778333;-0,692368
30,78;-0,692368
30,781667;-0,692368
30,783333;-0,695229
30,785;-0,695229
30,786667;-0,695229
30,788333;-0,695229
30,79;-0,695229
30,791667;-0,695229
30,793333;-0,695229
30,795;-0,695229
30,796667;-0,695229
30,798333;-0,695229
30,8;-0,695229
30,801667;-0,695229
30,803333;-0,695229
30,805;-0,695229
30,806667;-0,695229
30,808333;-0,695229
30,81;-0,695229
30,811667;-0,695229
30,813333;-0,695229
30,815;-0,695229
30,816667;-0,695229
30,818333;-0,695229
30,82;-0,695229
30,821667;-0,695229
30,823333;-0,695229
30,825;-0,695229
30,826667;-0,695229
30,828333;-0,695229
30,83;-0,695229
30,831667;-0,695229
30,833333;-0,695229
30,835;-0,695229
30,836667;-0,695229
30,838333;-0,695229
30,84;-0,695229
30,841667;-0,695229
30,843333;-0,695229
30,845;-0,695229
30,846667;-0,695229
30,848333;-0,695229
30,85;-0,695229
30,851667;-0,695229
30,853333;-0,695229
30,855;-0,695229
30,856667;-0,695229
30,858333;-0,695229
30,86;-0,695229
30,861667;-0,695229
30,863333;-0,695229
30,865;-0,695229
30,866667;-0,695229
30,868333;-0,695229
30,87;-0,695229
30,871667;-0,695229
30,873333;-0,695229
30,875;-0,695229
30,876667;-0,695229
30,878333;-0,695229
30,88;-0,695229
30,881667;-0,695229
30,883333;-0,695229
30,885;-0,695229
30,886667;-0,695229
30,888333;-0,695229
30,89;-0,695229
30,891667;-0,695229
30,893333;-0,695229
30,895;-0,695229
30,896667;-0,695229
30,898333;-0,695229
30,9;-0,695229
30,901667;-0,695229
30,903333;-0,695229
30,905;-0,695229
30,906667;-0,695229
30,908333;-0,695229
30,91;-0,695229
30,911667;-0,695229
30,913333;-0,695229
30,915;-0,695229
30,916667;-0,695229
30,918333;-0,695229
30,92;-0,695229
30,921667;-0,695229
30,923333;-0,695229
30,925;-0,695229
30,926667;-0,695229
30,928333;-0,695229
30,93;-0,695229
30,931667;-0,695229
30,933333;-0,695229
30,935;-0,695229
30,936667;-0,695229
30,938333;-0,695229
30,94;-0,695229
30,941667;-0,695229
30,943333;-0,695229
30,945;-0,695229
30,946667;-0,695229
30,948333;-0,695229
30,95;-0,695229
30,951667;-0,695229
30,953333;-0,695229
30,955;-0,695229
30,956667;-0,695229
30,958333;-0,695229
30,96;-0,695229
30,961667;-0,695229
30,963333;-0,695229
30,965;-0,695229
30,966667;-0,695229
30,968333;-0,695229
30,97;-0,695229
30,971667;-0,695229
30,973333;-0,695229
30,975;-0,695229
30,976667;-0,695229
30,978333;-0,695229
30,98;-0,695229
30,981667;-0,695229
30,983333;-0,695229
30,985;-0,695229
30,986667;-0,695229
30,988333;-0,695229
30,99;-0,695229
30,991667;-0,695229
30,993333;-0,695229
30,995;-0,695229
30,996667;-0,695229
30,998333;-0,695229
31;-0,695229
31,001667;-0,695229
31,003333;-0,695229
31,005;-0,695229
31,006667;-0,695229
31,008333;-0,695229
31,01;-0,695229
31,011667;-0,695229
31,013333;-0,69809
31,015;-0,69809
31,016667;-0,69809
31,018333;-0,69809
31,02;-0,69809
31,021667;-0,69809
31,023333;-0,69809
31,025;-0,69809
31,026667;-0,69809
31,028333;-0,69809
31,03;-0,69809
31,031667;-0,69809
31,033333;-0,69809
31,035;-0,69809
31,036667;-0,69809
31,038333;-0,69809
31,04;-0,69809
31,041667;-0,69809
31,043333;-0,69809
31,045;-0,69809
31,046667;-0,69809
31,048333;-0,69809
31,05;-0,69809
31,051667;-0,69809
31,053333;-0,69809
31,055;-0,69809
31,056667;-0,69809
31,058333;-0,69809
31,06;-0,69809
31,061667;-0,69809
31,063333;-0,69809
31,065;-0,69809
31,066667;-0,69809
31,068333;-0,69809
31,07;-0,69809
31,071667;-0,69809
31,073333;-0,69809
31,075;-0,69809
31,076667;-0,69809
31,078333;-0,69809
31,08;-0,69809
31,081667;-0,69809
31,083333;-0,69809
31,085;-0,69809
31,086667;-0,700951
31,088333;-0,700951
31,09;-0,700951
31,091667;-0,700951
31,093333;-0,700951
31,095;-0,700951
31,096667;-0,700951
31,098333;-0,700951
31,1;-0,700951
31,101667;-0,700951
31,103333;-0,700951
31,105;-0,700951
31,106667;-0,700951
31,108333;-0,700951
31,11;-0,700951
31,111667;-0,700951
31,113333;-0,700951
31,115;-0,700951
31,116667;-0,700951
31,118333;-0,700951
31,12;-0,700951
31,121667;-0,700951
31,123333;-0,700951
31,125;-0,700951
31,126667;-0,700951
31,128333;-0,700951
31,13;-0,700951
31,131667;-0,700951
31,133333;-0,700951
31,135;-0,700951
31,136667;-0,700951
31,138333;-0,700951
31,14;-0,700951
31,141667;-0,700951
31,143333;-0,700951
31,145;-0,700951
31,146667;-0,700951
31,148333;-0,700951
31,15;-0,700951
31,151667;-0,700951
31,153333;-0,700951
31,155;-0,700951
31,156667;-0,700951
31,158333;-0,700951
31,16;-0,700951
31,161667;-0,700951
31,163333;-0,700951
31,165;-0,700951
31,166667;-0,700951
31,168333;-0,700951
31,17;-0,700951
31,171667;-0,700951
31,173333;-0,700951
31,175;-0,700951
31,176667;-0,700951
31,178333;-0,700951
31,18;-0,700951
31,181667;-0,700951
31,183333;-0,700951
31,185;-0,700951
31,186667;-0,700951
31,188333;-0,700951
31,19;-0,700951
31,191667;-0,700951
31,193333;-0,700951
31,195;-0,700951
31,196667;-0,700951
31,198333;-0,700951
31,2;-0,700951
31,201667;-0,700951
31,203333;-0,700951
31,205;-0,700951
31,206667;-0,700951
31,208333;-0,700951
31,21;-0,700951
31,211667;-0,700951
31,213333;-0,700951
31,215;-0,700951
31,216667;-0,700951
31,218333;-0,703812
31,22;-0,703812
31,221667;-0,703812
31,223333;-0,703812
31,225;-0,703812
31,226667;-0,703812
31,228333;-0,703812
31,23;-0,703812
31,231667;-0,703812
31,233333;-0,703812
31,235;-0,703812
31,236667;-0,703812
31,238333;-0,703812
31,24;-0,703812
31,241667;-0,703812
31,243333;-0,703812
31,245;-0,703812
31,246667;-0,703812
31,248333;-0,703812
31,25;-0,703812
31,251667;-0,703812
31,253333;-0,703812
31,255;-0,703812
31,256667;-0,703812
31,258333;-0,703812
31,26;-0,703812
31,261667;-0,703812
31,263333;-0,703812
31,265;-0,703812
31,266667;-0,703812
31,268333;-0,703812
31,27;-0,703812
31,271667;-0,703812
31,273333;-0,703812
31,275;-0,703812
31,276667;-0,703812
31,278333;-0,703812
31,28;-0,703812
31,281667;-0,703812
31,283333;-0,703812
31,285;-0,703812
31,286667;-0,703812
31,288333;-0,703812
31,29;-0,703812
31,291667;-0,703812
31,293333;-0,703812
31,295;-0,703812
31,296667;-0,703812
31,298333;-0,703812
31,3;-0,700951
31,301667;-0,700951
31,303333;-0,700951
31,305;-0,700951
31,306667;-0,700951
31,308333;-0,700951
31,31;-0,700951
31,311667;-0,700951
31,313333;-0,700951
31,315;-0,700951
31,316667;-0,700951
31,318333;-0,700951
31,32;-0,700951
31,321667;-0,700951
31,323333;-0,700951
31,325;-0,700951
31,326667;-0,700951
31,328333;-0,700951
31,33;-0,700951
31,331667;-0,700951
31,333333;-0,700951
31,335;-0,700951
31,336667;-0,700951
31,338333;-0,700951
31,34;-0,700951
31,341667;-0,700951
31,343333;-0,700951
31,345;-0,700951
31,346667;-0,700951
31,348333;-0,700951
31,35;-0,700951
31,351667;-0,700951
31,353333;-0,700951
31,355;-0,700951
31,356667;-0,700951
31,358333;-0,700951
31,36;-0,700951
31,361667;-0,700951
31,363333;-0,700951
31,365;-0,700951
31,366667;-0,700951
31,368333;-0,700951
31,37;-0,700951
31,371667;-0,700951
31,373333;-0,700951
31,375;-0,700951
31,376667;-0,700951
31,378333;-0,700951
31,38;-0,700951
31,381667;-0,700951
31,383333;-0,700951
31,385;-0,700951
31,386667;-0,700951
31,388333;-0,700951
31,39;-0,700951
31,391667;-0,700951
31,393333;-0,700951
31,395;-0,700951
31,396667;-0,700951
31,398333;-0,700951
31,4;-0,700951
31,401667;-0,700951
31,403333;-0,700951
31,405;-0,700951
31,406667;-0,700951
31,408333;-0,700951
31,41;-0,703812
31,411667;-0,703812
31,413333;-0,703812
31,415;-0,703812
31,416667;-0,703812
31,418333;-0,703812
31,42;-0,703812
31,421667;-0,703812
31,423333;-0,703812
31,425;-0,703812
31,426667;-0,703812
31,428333;-0,703812
31,43;-0,700951
31,431667;-0,700951
31,433333;-0,700951
31,435;-0,700951
31,436667;-0,700951
31,438333;-0,700951
31,44;-0,700951
31,441667;-0,700951
31,443333;-0,700951
31,445;-0,700951
31,446667;-0,700951
31,448333;-0,700951
31,45;-0,700951
31,451667;-0,700951
31,453333;-0,700951
31,455;-0,700951
31,456667;-0,700951
31,458333;-0,700951
31,46;-0,703812
31,461667;-0,703812
31,463333;-0,703812
31,465;-0,703812
31,466667;-0,703812
31,468333;-0,703812
31,47;-0,703812
31,471667;-0,703812
31,473333;-0,703812
31,475;-0,703812
31,476667;-0,703812
31,478333;-0,703812
31,48;-0,703812
31,481667;-0,703812
31,483333;-0,703812
31,485;-0,703812
31,486667;-0,703812
31,488333;-0,703812
31,49;-0,703812
31,491667;-0,703812
31,493333;-0,703812
31,495;-0,703812
31,496667;-0,703812
31,498333;-0,703812
31,5;-0,703812
31,501667;-0,703812
31,503333;-0,703812
31,505;-0,703812
31,506667;-0,703812
31,508333;-0,703812
31,51;-0,703812
31,511667;-0,703812
31,513333;-0,703812
31,515;-0,703812
31,516667;-0,703812
31,518333;-0,703812
31,52;-0,703812
31,521667;-0,703812
31,523333;-0,703812
31,525;-0,703812
31,526667;-0,703812
31,528333;-0,703812
31,53;-0,703812
31,531667;-0,703812
31,533333;-0,703812
31,535;-0,703812
31,536667;-0,703812
31,538333;-0,703812
31,54;-0,703812
31,541667;-0,703812
31,543333;-0,703812
31,545;-0,703812
31,546667;-0,703812
31,548333;-0,703812
31,55;-0,703812
31,551667;-0,703812
31,553333;-0,703812
31,555;-0,703812
31,556667;-0,703812
31,558333;-0,703812
31,56;-0,703812
31,561667;-0,703812
31,563333;-0,703812
31,565;-0,703812
31,566667;-0,703812
31,568333;-0,703812
31,57;-0,703812
31,571667;-0,703812
31,573333;-0,703812
31,575;-0,703812
31,576667;-0,703812
31,578333;-0,703812
31,58;-0,703812
31,581667;-0,703812
31,583333;-0,703812
31,585;-0,703812
31,586667;-0,703812
31,588333;-0,703812
31,59;-0,703812
31,591667;-0,703812
31,593333;-0,703812
31,595;-0,703812
31,596667;-0,703812
31,598333;-0,703812
31,6;-0,703812
31,601667;-0,703812
31,603333;-0,703812
31,605;-0,703812
31,606667;-0,703812
31,608333;-0,706673
31,61;-0,706673
31,611667;-0,706673
31,613333;-0,706673
31,615;-0,706673
31,616667;-0,706673
31,618333;-0,706673
31,62;-0,706673
31,621667;-0,706673
31,623333;-0,706673
31,625;-0,706673
31,626667;-0,706673
31,628333;-0,706673
31,63;-0,706673
31,631667;-0,706673
31,633333;-0,706673
31,635;-0,706673
31,636667;-0,706673
31,638333;-0,706673
31,64;-0,706673
31,641667;-0,706673
31,643333;-0,706673
31,645;-0,706673
31,646667;-0,706673
31,648333;-0,706673
31,65;-0,706673
31,651667;-0,706673
31,653333;-0,706673
31,655;-0,706673
31,656667;-0,706673
31,658333;-0,706673
31,66;-0,706673
31,661667;-0,706673
31,663333;-0,706673
31,665;-0,706673
31,666667;-0,706673
31,668333;-0,706673
31,67;-0,706673
31,671667;-0,706673
31,673333;-0,706673
31,675;-0,706673
31,676667;-0,706673
31,678333;-0,706673
31,68;-0,706673
31,681667;-0,706673
31,683333;-0,706673
31,685;-0,706673
31,686667;-0,706673
31,688333;-0,706673
31,69;-0,706673
31,691667;-0,706673
31,693333;-0,706673
31,695;-0,706673
31,696667;-0,706673
31,698333;-0,706673
31,7;-0,706673
31,701667;-0,706673
31,703333;-0,706673
31,705;-0,706673
31,706667;-0,706673
31,708333;-0,706673
31,71;-0,706673
31,711667;-0,706673
31,713333;-0,706673
31,715;-0,706673
31,716667;-0,706673
31,718333;-0,706673
31,72;-0,706673
31,721667;-0,706673
31,723333;-0,706673
31,725;-0,706673
31,726667;-0,706673
31,728333;-0,706673
31,73;-0,706673
31,731667;-0,706673
31,733333;-0,706673
31,735;-0,706673
31,736667;-0,706673
31,738333;-0,706673
31,74;-0,706673
31,741667;-0,706673
31,743333;-0,706673
31,745;-0,706673
31,746667;-0,706673
31,748333;-0,706673
31,75;-0,706673
31,751667;-0,706673
31,753333;-0,706673
31,755;-0,706673
31,756667;-0,706673
31,758333;-0,706673
31,76;-0,706673
31,761667;-0,706673
31,763333;-0,706673
31,765;-0,709534
31,766667;-0,709534
31,768333;-0,709534
31,77;-0,709534
31,771667;-0,709534
31,773333;-0,709534
31,775;-0,709534
31,776667;-0,709534
31,778333;-0,709534
31,78;-0,709534
31,781667;-0,709534
31,783333;-0,709534
31,785;-0,709534
31,786667;-0,709534
31,788333;-0,709534
31,79;-0,709534
31,791667;-0,709534
31,793333;-0,709534
31,795;-0,709534
31,796667;-0,709534
31,798333;-0,709534
31,8;-0,709534
31,801667;-0,709534
31,803333;-0,709534
31,805;-0,709534
31,806667;-0,709534
31,808333;-0,709534
31,81;-0,709534
31,811667;-0,709534
31,813333;-0,709534
31,815;-0,709534
31,816667;-0,709534
31,818333;-0,709534
31,82;-0,709534
31,821667;-0,709534
31,823333;-0,709534
31,825;-0,709534
31,826667;-0,709534
31,828333;-0,709534
31,83;-0,709534
31,831667;-0,709534
31,833333;-0,709534
31,835;-0,709534
31,836667;-0,709534
31,838333;-0,709534
31,84;-0,709534
31,841667;-0,709534
31,843333;-0,709534
31,845;-0,709534
31,846667;-0,709534
31,848333;-0,709534
31,85;-0,709534
31,851667;-0,709534
31,853333;-0,709534
31,855;-0,709534
31,856667;-0,709534
31,858333;-0,709534
31,86;-0,709534
31,861667;-0,709534
31,863333;-0,709534
31,865;-0,709534
31,866667;-0,709534
31,868333;-0,709534
31,87;-0,709534
31,871667;-0,709534
31,873333;-0,709534
31,875;-0,709534
31,876667;-0,709534
31,878333;-0,709534
31,88;-0,709534
31,881667;-0,709534
31,883333;-0,709534
31,885;-0,709534
31,886667;-0,709534
31,888333;-0,709534
31,89;-0,709534
31,891667;-0,709534
31,893333;-0,709534
31,895;-0,709534
31,896667;-0,709534
31,898333;-0,709534
31,9;-0,709534
31,901667;-0,709534
31,903333;-0,709534
31,905;-0,709534
31,906667;-0,709534
31,908333;-0,709534
31,91;-0,709534
31,911667;-0,709534
31,913333;-0,709534
31,915;-0,709534
31,916667;-0,709534
31,918333;-0,709534
31,92;-0,709534
31,921667;-0,709534
31,923333;-0,709534
31,925;-0,709534
31,926667;-0,709534
31,928333;-0,709534
31,93;-0,709534
31,931667;-0,709534
31,933333;-0,709534
31,935;-0,709534
31,936667;-0,709534
31,938333;-0,709534
31,94;-0,709534
31,941667;-0,709534
31,943333;-0,709534
31,945;-0,709534
31,946667;-0,709534
31,948333;-0,709534
31,95;-0,709534
31,951667;-0,709534
31,953333;-0,709534
31,955;-0,709534
31,956667;-0,709534
31,958333;-0,709534
31,96;-0,709534
31,961667;-0,709534
31,963333;-0,709534
31,965;-0,709534
31,966667;-0,709534
31,968333;-0,709534
31,97;-0,709534
31,971667;-0,709534
31,973333;-0,709534
31,975;-0,709534
31,976667;-0,709534
31,978333;-0,709534
31,98;-0,709534
31,981667;-0,709534
31,983333;-0,709534
31,985;-0,709534
31,986667;-0,709534
31,988333;-0,709534
31,99;-0,709534
31,991667;-0,709534
31,993333;-0,709534
31,995;-0,709534
31,996667;-0,709534
31,998333;-0,709534
32;-0,709534
32,001667;-0,709534
32,003333;-0,709534
32,005;-0,709534
32,006667;-0,709534
32,008333;-0,709534
32,01;-0,709534
32,011667;-0,709534
32,013333;-0,709534
32,015;-0,709534
32,016667;-0,709534
32,018333;-0,709534
32,02;-0,709534
32,021667;-0,709534
32,023333;-0,709534
32,025;-0,709534
32,026667;-0,709534
32,028333;-0,709534
32,03;-0,709534
32,031667;-0,709534
32,033333;-0,709534
32,035;-0,709534
32,036667;-0,709534
32,038333;-0,712395
32,04;-0,712395
32,041667;-0,712395
32,043333;-0,712395
32,045;-0,712395
32,046667;-0,712395
32,048333;-0,712395
32,05;-0,712395
32,051667;-0,712395
32,053333;-0,712395
32,055;-0,712395
32,056667;-0,712395
32,058333;-0,712395
32,06;-0,712395
32,061667;-0,712395
32,063333;-0,712395
32,065;-0,712395
32,066667;-0,712395
32,068333;-0,712395
32,07;-0,712395
32,071667;-0,712395
32,073333;-0,712395
32,075;-0,712395
32,076667;-0,712395
32,078333;-0,712395
32,08;-0,712395
32,081667;-0,712395
32,083333;-0,712395
32,085;-0,712395
32,086667;-0,712395
32,088333;-0,712395
32,09;-0,712395
32,091667;-0,712395
32,093333;-0,712395
32,095;-0,712395
32,096667;-0,712395
32,098333;-0,712395
32,1;-0,712395
32,101667;-0,712395
32,103333;-0,712395
32,105;-0,712395
32,106667;-0,712395
32,108333;-0,712395
32,11;-0,712395
32,111667;-0,712395
32,113333;-0,712395
32,115;-0,712395
32,116667;-0,712395
32,118333;-0,712395
32,12;-0,712395
32,121667;-0,712395
32,123333;-0,712395
32,125;-0,712395
32,126667;-0,712395
32,128333;-0,712395
32,13;-0,712395
32,131667;-0,712395
32,133333;-0,712395
32,135;-0,712395
32,136667;-0,712395
32,138333;-0,712395
32,14;-0,712395
32,141667;-0,712395
32,143333;-0,712395
32,145;-0,712395
32,146667;-0,712395
32,148333;-0,712395
32,15;-0,712395
32,151667;-0,712395
32,153333;-0,712395
32,155;-0,712395
32,156667;-0,712395
32,158333;-0,712395
32,16;-0,712395
32,161667;-0,712395
32,163333;-0,712395
32,165;-0,712395
32,166667;-0,712395
32,168333;-0,712395
32,17;-0,712395
32,171667;-0,712395
32,173333;-0,712395
32,175;-0,715256
32,176667;-0,715256
32,178333;-0,715256
32,18;-0,715256
32,181667;-0,715256
32,183333;-0,715256
32,185;-0,715256
32,186667;-0,715256
32,188333;-0,715256
32,19;-0,715256
32,191667;-0,715256
32,193333;-0,715256
32,195;-0,715256
32,196667;-0,715256
32,198333;-0,715256
32,2;-0,715256
32,201667;-0,715256
32,203333;-0,715256
32,205;-0,715256
32,206667;-0,715256
32,208333;-0,715256
32,21;-0,715256
32,211667;-0,715256
32,213333;-0,715256
32,215;-0,715256
32,216667;-0,715256
32,218333;-0,715256
32,22;-0,715256
32,221667;-0,715256
32,223333;-0,715256
32,225;-0,715256
32,226667;-0,715256
32,228333;-0,715256
32,23;-0,715256
32,231667;-0,715256
32,233333;-0,715256
32,235;-0,715256
32,236667;-0,715256
32,238333;-0,715256
32,24;-0,715256
32,241667;-0,715256
32,243333;-0,715256
32,245;-0,715256
32,246667;-0,715256
32,248333;-0,715256
32,25;-0,715256
32,251667;-0,715256
32,253333;-0,715256
32,255;-0,715256
32,256667;-0,715256
32,258333;-0,715256
32,26;-0,715256
32,261667;-0,715256
32,263333;-0,715256
32,265;-0,715256
32,266667;-0,715256
32,268333;-0,715256
32,27;-0,715256
32,271667;-0,715256
32,273333;-0,715256
32,275;-0,715256
32,276667;-0,715256
32,278333;-0,715256
32,28;-0,715256
32,281667;-0,715256
32,283333;-0,715256
32,285;-0,715256
32,286667;-0,715256
32,288333;-0,715256
32,29;-0,715256
32,291667;-0,715256
32,293333;-0,715256
32,295;-0,715256
32,296667;-0,715256
32,298333;-0,715256
32,3;-0,715256
32,301667;-0,715256
32,303333;-0,715256
32,305;-0,715256
32,306667;-0,715256
32,308333;-0,715256
32,31;-0,715256
32,311667;-0,715256
32,313333;-0,715256
32,315;-0,715256
32,316667;-0,715256
32,318333;-0,715256
32,32;-0,715256
32,321667;-0,715256
32,323333;-0,715256
32,325;-0,715256
32,326667;-0,715256
32,328333;-0,715256
32,33;-0,715256
32,331667;-0,715256
32,333333;-0,715256
32,335;-0,715256
32,336667;-0,718117
32,338333;-0,718117
32,34;-0,718117
32,341667;-0,718117
32,343333;-0,718117
32,345;-0,718117
32,346667;-0,718117
32,348333;-0,718117
32,35;-0,718117
32,351667;-0,718117
32,353333;-0,718117
32,355;-0,718117
32,356667;-0,718117
32,358333;-0,718117
32,36;-0,718117
32,361667;-0,718117
32,363333;-0,718117
32,365;-0,718117
32,366667;-0,718117
32,368333;-0,718117
32,37;-0,718117
32,371667;-0,718117
32,373333;-0,718117
32,375;-0,718117
32,376667;-0,718117
32,378333;-0,718117
32,38;-0,718117
32,381667;-0,718117
32,383333;-0,718117
32,385;-0,718117
32,386667;-0,718117
32,388333;-0,718117
32,39;-0,718117
32,391667;-0,718117
32,393333;-0,718117
32,395;-0,718117
32,396667;-0,718117
32,398333;-0,718117
32,4;-0,718117
32,401667;-0,718117
32,403333;-0,718117
32,405;-0,720978
32,406667;-0,720978
32,408333;-0,720978
32,41;-0,720978
32,411667;-0,720978
32,413333;-0,720978
32,415;-0,720978
32,416667;-0,720978
32,418333;-0,720978
32,42;-0,720978
32,421667;-0,720978
32,423333;-0,720978
32,425;-0,720978
32,426667;-0,720978
32,428333;-0,720978
32,43;-0,720978
32,431667;-0,720978
32,433333;-0,720978
32,435;-0,720978
32,436667;-0,720978
32,438333;-0,720978
32,44;-0,720978
32,441667;-0,718117
32,443333;-0,718117
32,445;-0,718117
32,446667;-0,718117
32,448333;-0,718117
32,45;-0,718117
32,451667;-0,718117
32,453333;-0,718117
32,455;-0,718117
32,456667;-0,718117
32,458333;-0,718117
32,46;-0,718117
32,461667;-0,720978
32,463333;-0,720978
32,465;-0,718117
32,466667;-0,718117
32,468333;-0,718117
32,47;-0,718117
32,471667;-0,718117
32,473333;-0,718117
32,475;-0,718117
32,476667;-0,718117
32,478333;-0,718117
32,48;-0,718117
32,481667;-0,718117
32,483333;-0,718117
32,485;-0,718117
32,486667;-0,718117
32,488333;-0,718117
32,49;-0,718117
32,491667;-0,718117
32,493333;-0,718117
32,495;-0,718117
32,496667;-0,718117
32,498333;-0,718117
32,5;-0,720978
32,501667;-0,720978
32,503333;-0,720978
32,505;-0,720978
32,506667;-0,720978
32,508333;-0,720978
32,51;-0,720978
32,511667;-0,720978
32,513333;-0,720978
32,515;-0,720978
32,516667;-0,720978
32,518333;-0,720978
32,52;-0,720978
32,521667;-0,720978
32,523333;-0,720978
32,525;-0,720978
32,526667;-0,720978
32,528333;-0,720978
32,53;-0,720978
32,531667;-0,720978
32,533333;-0,720978
32,535;-0,720978
32,536667;-0,720978
32,538333;-0,720978
32,54;-0,720978
32,541667;-0,720978
32,543333;-0,720978
32,545;-0,720978
32,546667;-0,720978
32,548333;-0,720978
32,55;-0,720978
32,551667;-0,720978
32,553333;-0,720978
32,555;-0,720978
32,556667;-0,720978
32,558333;-0,720978
32,56;-0,720978
32,561667;-0,720978
32,563333;-0,720978
32,565;-0,720978
32,566667;-0,720978
32,568333;-0,720978
32,57;-0,720978
32,571667;-0,720978
32,573333;-0,720978
32,575;-0,720978
32,576667;-0,720978
32,578333;-0,720978
32,58;-0,720978
32,581667;-0,720978
32,583333;-0,720978
32,585;-0,720978
32,586667;-0,720978
32,588333;-0,720978
32,59;-0,720978
32,591667;-0,720978
32,593333;-0,720978
32,595;-0,720978
32,596667;-0,720978
32,598333;-0,720978
32,6;-0,720978
32,601667;-0,720978
32,603333;-0,720978
32,605;-0,720978
32,606667;-0,720978
32,608333;-0,720978
32,61;-0,720978
32,611667;-0,720978
32,613333;-0,720978
32,615;-0,720978
32,616667;-0,720978
32,618333;-0,720978
32,62;-0,720978
32,621667;-0,720978
32,623333;-0,720978
32,625;-0,720978
32,626667;-0,720978
32,628333;-0,720978
32,63;-0,720978
32,631667;-0,720978
32,633333;-0,720978
32,635;-0,720978
32,636667;-0,720978
32,638333;-0,720978
32,64;-0,720978
32,641667;-0,720978
32,643333;-0,720978
32,645;-0,720978
32,646667;-0,720978
32,648333;-0,720978
32,65;-0,720978
32,651667;-0,720978
32,653333;-0,723839
32,655;-0,723839
32,656667;-0,723839
32,658333;-0,723839
32,66;-0,723839
32,661667;-0,723839
32,663333;-0,723839
32,665;-0,723839
32,666667;-0,723839
32,668333;-0,723839
32,67;-0,723839
32,671667;-0,723839
32,673333;-0,723839
32,675;-0,723839
32,676667;-0,723839
32,678333;-0,723839
32,68;-0,723839
32,681667;-0,723839
32,683333;-0,723839
32,685;-0,723839
32,686667;-0,723839
32,688333;-0,723839
32,69;-0,723839
32,691667;-0,723839
32,693333;-0,723839
32,695;-0,723839
32,696667;-0,723839
32,698333;-0,723839
32,7;-0,723839
32,701667;-0,723839
32,703333;-0,723839
32,705;-0,723839
32,706667;-0,723839
32,708333;-0,723839
32,71;-0,723839
32,711667;-0,723839
32,713333;-0,723839
32,715;-0,723839
32,716667;-0,723839
32,718333;-0,723839
32,72;-0,723839
32,721667;-0,723839
32,723333;-0,723839
32,725;-0,723839
32,726667;-0,723839
32,728333;-0,723839
32,73;-0,723839
32,731667;-0,723839
32,733333;-0,723839
32,735;-0,723839
32,736667;-0,723839
32,738333;-0,723839
32,74;-0,723839
32,741667;-0,723839
32,743333;-0,723839
32,745;-0,723839
32,746667;-0,723839
32,748333;-0,723839
32,75;-0,723839
32,751667;-0,723839
32,753333;-0,723839
32,755;-0,723839
32,756667;-0,723839
32,758333;-0,723839
32,76;-0,723839
32,761667;-0,723839
32,763333;-0,723839
32,765;-0,723839
32,766667;-0,723839
32,768333;-0,723839
32,77;-0,723839
32,771667;-0,723839
32,773333;-0,723839
32,775;-0,723839
32,776667;-0,7267
32,778333;-0,7267
32,78;-0,7267
32,781667;-0,7267
32,783333;-0,7267
32,785;-0,7267
32,786667;-0,7267
32,788333;-0,7267
32,79;-0,7267
32,791667;-0,7267
32,793333;-0,7267
32,795;-0,7267
32,796667;-0,7267
32,798333;-0,7267
32,8;-0,7267
32,801667;-0,7267
32,803333;-0,7267
32,805;-0,7267
32,806667;-0,7267
32,808333;-0,7267
32,81;-0,7267
32,811667;-0,7267
32,813333;-0,7267
32,815;-0,7267
32,816667;-0,7267
32,818333;-0,7267
32,82;-0,7267
32,821667;-0,7267
32,823333;-0,7267
32,825;-0,7267
32,826667;-0,7267
32,828333;-0,7267
32,83;-0,7267
32,831667;-0,7267
32,833333;-0,7267
32,835;-0,7267
32,836667;-0,7267
32,838333;-0,7267
32,84;-0,7267
32,841667;-0,7267
32,843333;-0,7267
32,845;-0,7267
32,846667;-0,7267
32,848333;-0,7267
32,85;-0,7267
32,851667;-0,7267
32,853333;-0,7267
32,855;-0,7267
32,856667;-0,7267
32,858333;-0,7267
32,86;-0,7267
32,861667;-0,7267
32,863333;-0,7267
32,865;-0,7267
32,866667;-0,7267
32,868333;-0,7267
32,87;-0,7267
32,871667;-0,7267
32,873333;-0,7267
32,875;-0,7267
32,876667;-0,7267
32,878333;-0,7267
32,88;-0,7267
32,881667;-0,7267
32,883333;-0,7267
32,885;-0,7267
32,886667;-0,7267
32,888333;-0,7267
32,89;-0,7267
32,891667;-0,729561
32,893333;-0,729561
32,895;-0,729561
32,896667;-0,7267
32,898333;-0,7267
32,9;-0,7267
32,901667;-0,7267
32,903333;-0,7267
32,905;-0,7267
32,906667;-0,7267
32,908333;-0,7267
32,91;-0,7267
32,911667;-0,7267
32,913333;-0,7267
32,915;-0,7267
32,916667;-0,7267
32,918333;-0,7267
32,92;-0,7267
32,921667;-0,729561
32,923333;-0,729561
32,925;-0,729561
32,926667;-0,729561
32,928333;-0,729561
32,93;-0,729561
32,931667;-0,729561
32,933333;-0,729561
32,935;-0,729561
32,936667;-0,729561
32,938333;-0,729561
32,94;-0,729561
32,941667;-0,729561
32,943333;-0,7267
32,945;-0,7267
32,946667;-0,7267
32,948333;-0,7267
32,95;-0,7267
32,951667;-0,7267
32,953333;-0,7267
32,955;-0,7267
32,956667;-0,7267
32,958333;-0,729561
32,96;-0,729561
32,961667;-0,729561
32,963333;-0,729561
32,965;-0,729561
32,966667;-0,729561
32,968333;-0,729561
32,97;-0,729561
32,971667;-0,729561
32,973333;-0,729561
32,975;-0,729561
32,976667;-0,729561
32,978333;-0,729561
32,98;-0,729561
32,981667;-0,729561
32,983333;-0,729561
32,985;-0,729561
32,986667;-0,729561
32,988333;-0,729561
32,99;-0,729561
32,991667;-0,729561
32,993333;-0,729561
32,995;-0,729561
32,996667;-0,729561
32,998333;-0,729561
33;-0,729561
33,001667;-0,729561
33,003333;-0,729561
33,005;-0,729561
33,006667;-0,729561
33,008333;-0,729561
33,01;-0,729561
33,011667;-0,729561
33,013333;-0,729561
33,015;-0,729561
33,016667;-0,729561
33,018333;-0,729561
33,02;-0,729561
33,021667;-0,729561
33,023333;-0,729561
33,025;-0,729561
33,026667;-0,729561
33,028333;-0,729561
33,03;-0,729561
33,031667;-0,729561
33,033333;-0,729561
33,035;-0,729561
33,036667;-0,729561
33,038333;-0,729561
33,04;-0,729561
33,041667;-0,732422
33,043333;-0,732422
33,045;-0,732422
33,046667;-0,732422
33,048333;-0,729561
33,05;-0,729561
33,051667;-0,729561
33,053333;-0,729561
33,055;-0,729561
33,056667;-0,729561
33,058333;-0,729561
33,06;-0,729561
33,061667;-0,729561
33,063333;-0,729561
33,065;-0,729561
33,066667;-0,729561
33,068333;-0,729561
33,07;-0,729561
33,071667;-0,729561
33,073333;-0,729561
33,075;-0,729561
33,076667;-0,729561
33,078333;-0,729561
33,08;-0,729561
33,081667;-0,729561
33,083333;-0,729561
33,085;-0,732422
33,086667;-0,732422
33,088333;-0,732422
33,09;-0,732422
33,091667;-0,732422
33,093333;-0,732422
33,095;-0,732422
33,096667;-0,732422
33,098333;-0,732422
33,1;-0,732422
33,101667;-0,732422
33,103333;-0,732422
33,105;-0,732422
33,106667;-0,732422
33,108333;-0,732422
33,11;-0,732422
33,111667;-0,732422
33,113333;-0,732422
33,115;-0,732422
33,116667;-0,732422
33,118333;-0,732422
33,12;-0,732422
33,121667;-0,732422
33,123333;-0,732422
33,125;-0,732422
33,126667;-0,732422
33,128333;-0,732422
33,13;-0,732422
33,131667;-0,732422
33,133333;-0,732422
33,135;-0,732422
33,136667;-0,732422
33,138333;-0,735283
33,14;-0,735283
33,141667;-0,735283
33,143333;-0,735283
33,145;-0,735283
33,146667;-0,735283
33,148333;-0,735283
33,15;-0,735283
33,151667;-0,735283
33,153333;-0,735283
33,155;-0,735283
33,156667;-0,735283
33,158333;-0,735283
33,16;-0,735283
33,161667;-0,735283
33,163333;-0,735283
33,165;-0,735283
33,166667;-0,735283
33,168333;-0,735283
33,17;-0,735283
33,171667;-0,735283
33,173333;-0,735283
33,175;-0,735283
33,176667;-0,735283
33,178333;-0,735283
33,18;-0,735283
33,181667;-0,735283
33,183333;-0,735283
33,185;-0,735283
33,186667;-0,735283
33,188333;-0,735283
33,19;-0,735283
33,191667;-0,735283
33,193333;-0,735283
33,195;-0,735283
33,196667;-0,735283
33,198333;-0,735283
33,2;-0,735283
33,201667;-0,735283
33,203333;-0,735283
33,205;-0,735283
33,206667;-0,735283
33,208333;-0,735283
33,21;-0,735283
33,211667;-0,735283
33,213333;-0,735283
33,215;-0,735283
33,216667;-0,735283
33,218333;-0,735283
33,22;-0,735283
33,221667;-0,738144
33,223333;-0,738144
33,225;-0,738144
33,226667;-0,738144
33,228333;-0,738144
33,23;-0,738144
33,231667;-0,738144
33,233333;-0,738144
33,235;-0,738144
33,236667;-0,738144
33,238333;-0,738144
33,24;-0,738144
33,241667;-0,738144
33,243333;-0,738144
33,245;-0,738144
33,246667;-0,738144
33,248333;-0,738144
33,25;-0,738144
33,251667;-0,738144
33,253333;-0,738144
33,255;-0,738144
33,256667;-0,738144
33,258333;-0,738144
33,26;-0,738144
33,261667;-0,738144
33,263333;-0,738144
33,265;-0,738144
33,266667;-0,738144
33,268333;-0,738144
33,27;-0,738144
33,271667;-0,738144
33,273333;-0,738144
33,275;-0,738144
33,276667;-0,738144
33,278333;-0,738144
33,28;-0,738144
33,281667;-0,738144
33,283333;-0,738144
33,285;-0,738144
33,286667;-0,738144
33,288333;-0,738144
33,29;-0,738144
33,291667;-0,738144
33,293333;-0,738144
33,295;-0,738144
33,296667;-0,738144
33,298333;-0,738144
33,3;-0,738144
33,301667;-0,738144
33,303333;-0,738144
33,305;-0,741005
33,306667;-0,741005
33,308333;-0,741005
33,31;-0,741005
33,311667;-0,741005
33,313333;-0,741005
33,315;-0,741005
33,316667;-0,741005
33,318333;-0,741005
33,32;-0,741005
33,321667;-0,741005
33,323333;-0,741005
33,325;-0,741005
33,326667;-0,741005
33,328333;-0,741005
33,33;-0,741005
33,331667;-0,741005
33,333333;-0,741005
33,335;-0,741005
33,336667;-0,741005
33,338333;-0,741005
33,34;-0,741005
33,341667;-0,741005
33,343333;-0,741005
33,345;-0,741005
33,346667;-0,741005
33,348333;-0,741005
33,35;-0,741005
33,351667;-0,741005
33,353333;-0,741005
33,355;-0,738144
33,356667;-0,738144
33,358333;-0,738144
33,36;-0,738144
33,361667;-0,738144
33,363333;-0,738144
33,365;-0,738144
33,366667;-0,738144
33,368333;-0,738144
33,37;-0,741005
33,371667;-0,741005
33,373333;-0,741005
33,375;-0,741005
33,376667;-0,741005
33,378333;-0,741005
33,38;-0,741005
33,381667;-0,741005
33,383333;-0,741005
33,385;-0,741005
33,386667;-0,741005
33,388333;-0,741005
33,39;-0,741005
33,391667;-0,741005
33,393333;-0,741005
33,395;-0,741005
33,396667;-0,741005
33,398333;-0,741005
33,4;-0,741005
33,401667;-0,741005
33,403333;-0,741005
33,405;-0,741005
33,406667;-0,741005
33,408333;-0,741005
33,41;-0,741005
33,411667;-0,741005
33,413333;-0,741005
33,415;-0,741005
33,416667;-0,741005
33,418333;-0,741005
33,42;-0,741005
33,421667;-0,741005
33,423333;-0,741005
33,425;-0,741005
33,426667;-0,741005
33,428333;-0,741005
33,43;-0,741005
33,431667;-0,741005
33,433333;-0,741005
33,435;-0,741005
33,436667;-0,741005
33,438333;-0,741005
33,44;-0,741005
33,441667;-0,741005
33,443333;-0,741005
33,445;-0,741005
33,446667;-0,741005
33,448333;-0,741005
33,45;-0,741005
33,451667;-0,741005
33,453333;-0,741005
33,455;-0,741005
33,456667;-0,741005
33,458333;-0,741005
33,46;-0,741005
33,461667;-0,741005
33,463333;-0,741005
33,465;-0,741005
33,466667;-0,741005
33,468333;-0,741005
33,47;-0,741005
33,471667;-0,741005
33,473333;-0,741005
33,475;-0,741005
33,476667;-0,741005
33,478333;-0,741005
33,48;-0,741005
33,481667;-0,741005
33,483333;-0,741005
33,485;-0,741005
33,486667;-0,741005
33,488333;-0,741005
33,49;-0,741005
33,491667;-0,741005
33,493333;-0,741005
33,495;-0,741005
33,496667;-0,741005
33,498333;-0,741005
33,5;-0,741005
33,501667;-0,741005
33,503333;-0,741005
33,505;-0,741005
33,506667;-0,741005
33,508333;-0,741005
33,51;-0,741005
33,511667;-0,741005
33,513333;-0,741005
33,515;-0,741005
33,516667;-0,741005
33,518333;-0,741005
33,52;-0,741005
33,521667;-0,741005
33,523333;-0,741005
33,525;-0,741005
33,526667;-0,741005
33,528333;-0,741005
33,53;-0,741005
33,531667;-0,741005
33,533333;-0,741005
33,535;-0,741005
33,536667;-0,741005
33,538333;-0,741005
33,54;-0,741005
33,541667;-0,741005
33,543333;-0,741005
33,545;-0,741005
33,546667;-0,741005
33,548333;-0,741005
33,55;-0,741005
33,551667;-0,741005
33,553333;-0,741005
33,555;-0,741005
33,556667;-0,741005
33,558333;-0,741005
33,56;-0,741005
33,561667;-0,741005
33,563333;-0,741005
33,565;-0,741005
33,566667;-0,741005
33,568333;-0,741005
33,57;-0,741005
33,571667;-0,741005
33,573333;-0,741005
33,575;-0,741005
33,576667;-0,741005
33,578333;-0,741005
33,58;-0,741005
33,581667;-0,741005
33,583333;-0,741005
33,585;-0,741005
33,586667;-0,743866
33,588333;-0,743866
33,59;-0,743866
33,591667;-0,743866
33,593333;-0,743866
33,595;-0,743866
33,596667;-0,743866
33,598333;-0,743866
33,6;-0,743866
33,601667;-0,743866
33,603333;-0,743866
33,605;-0,743866
33,606667;-0,743866
33,608333;-0,743866
33,61;-0,743866
33,611667;-0,743866
33,613333;-0,743866
33,615;-0,743866
33,616667;-0,743866
33,618333;-0,743866
33,62;-0,743866
33,621667;-0,743866
33,623333;-0,743866
33,625;-0,743866
33,626667;-0,743866
33,628333;-0,743866
33,63;-0,743866
33,631667;-0,743866
33,633333;-0,743866
33,635;-0,743866
33,636667;-0,743866
33,638333;-0,743866
33,64;-0,743866
33,641667;-0,743866
33,643333;-0,743866
33,645;-0,743866
33,646667;-0,743866
33,648333;-0,743866
33,65;-0,743866
33,651667;-0,743866
33,653333;-0,743866
33,655;-0,743866
33,656667;-0,743866
33,658333;-0,743866
33,66;-0,743866
33,661667;-0,743866
33,663333;-0,743866
33,665;-0,743866
33,666667;-0,743866
33,668333;-0,743866
33,67;-0,743866
33,671667;-0,743866
33,673333;-0,743866
33,675;-0,743866
33,676667;-0,743866
33,678333;-0,743866
33,68;-0,743866
33,681667;-0,743866
33,683333;-0,743866
33,685;-0,743866
33,686667;-0,743866
33,688333;-0,743866
33,69;-0,743866
33,691667;-0,746727
33,693333;-0,746727
33,695;-0,746727
33,696667;-0,746727
33,698333;-0,746727
33,7;-0,746727
33,701667;-0,746727
33,703333;-0,746727
33,705;-0,746727
33,706667;-0,746727
33,708333;-0,746727
33,71;-0,746727
33,711667;-0,746727
33,713333;-0,746727
33,715;-0,746727
33,716667;-0,746727
33,718333;-0,746727
33,72;-0,746727
33,721667;-0,746727
33,723333;-0,746727
33,725;-0,746727
33,726667;-0,746727
33,728333;-0,746727
33,73;-0,746727
33,731667;-0,746727
33,733333;-0,746727
33,735;-0,746727
33,736667;-0,746727
33,738333;-0,746727
33,74;-0,746727
33,741667;-0,746727
33,743333;-0,746727
33,745;-0,746727
33,746667;-0,746727
33,748333;-0,746727
33,75;-0,746727
33,751667;-0,746727
33,753333;-0,746727
33,755;-0,746727
33,756667;-0,746727
33,758333;-0,746727
33,76;-0,746727
33,761667;-0,746727
33,763333;-0,746727
33,765;-0,746727
33,766667;-0,746727
33,768333;-0,746727
33,77;-0,746727
33,771667;-0,746727
33,773333;-0,746727
33,775;-0,746727
33,776667;-0,746727
33,778333;-0,746727
33,78;-0,746727
33,781667;-0,746727
33,783333;-0,746727
33,785;-0,746727
33,786667;-0,746727
33,788333;-0,746727
33,79;-0,746727
33,791667;-0,746727
33,793333;-0,746727
33,795;-0,746727
33,796667;-0,746727
33,798333;-0,746727
33,8;-0,746727
33,801667;-0,746727
33,803333;-0,746727
33,805;-0,746727
33,806667;-0,746727
33,808333;-0,746727
33,81;-0,746727
33,811667;-0,746727
33,813333;-0,746727
33,815;-0,746727
33,816667;-0,746727
33,818333;-0,746727
33,82;-0,746727
33,821667;-0,746727
33,823333;-0,746727
33,825;-0,746727
33,826667;-0,746727
33,828333;-0,746727
33,83;-0,746727
33,831667;-0,746727
33,833333;-0,746727
33,835;-0,746727
33,836667;-0,746727
33,838333;-0,746727
33,84;-0,746727
33,841667;-0,746727
33,843333;-0,746727
33,845;-0,746727
33,846667;-0,746727
33,848333;-0,746727
33,85;-0,746727
33,851667;-0,746727
33,853333;-0,746727
33,855;-0,746727
33,856667;-0,746727
33,858333;-0,746727
33,86;-0,746727
33,861667;-0,746727
33,863333;-0,746727
33,865;-0,746727
33,866667;-0,746727
33,868333;-0,746727
33,87;-0,746727
33,871667;-0,746727
33,873333;-0,746727
33,875;-0,746727
33,876667;-0,746727
33,878333;-0,746727
33,88;-0,746727
33,881667;-0,746727
33,883333;-0,746727
33,885;-0,746727
33,886667;-0,746727
33,888333;-0,746727
33,89;-0,746727
33,891667;-0,746727
33,893333;-0,746727
33,895;-0,746727
33,896667;-0,746727
33,898333;-0,749588
33,9;-0,749588
33,901667;-0,749588
33,903333;-0,749588
33,905;-0,749588
33,906667;-0,749588
33,908333;-0,749588
33,91;-0,749588
33,911667;-0,749588
33,913333;-0,749588
33,915;-0,749588
33,916667;-0,749588
33,918333;-0,749588
33,92;-0,749588
33,921667;-0,749588
33,923333;-0,749588
33,925;-0,749588
33,926667;-0,749588
33,928333;-0,749588
33,93;-0,749588
33,931667;-0,749588
33,933333;-0,749588
33,935;-0,749588
33,936667;-0,749588
33,938333;-0,749588
33,94;-0,749588
33,941667;-0,749588
33,943333;-0,749588
33,945;-0,749588
33,946667;-0,749588
33,948333;-0,749588
33,95;-0,749588
33,951667;-0,749588
33,953333;-0,749588
33,955;-0,749588
33,956667;-0,749588
33,958333;-0,749588
33,96;-0,749588
33,961667;-0,749588
33,963333;-0,749588
33,965;-0,749588
33,966667;-0,749588
33,968333;-0,749588
33,97;-0,749588
33,971667;-0,749588
33,973333;-0,749588
33,975;-0,749588
33,976667;-0,749588
33,978333;-0,749588
33,98;-0,749588
33,981667;-0,749588
33,983333;-0,749588
33,985;-0,749588
33,986667;-0,749588
33,988333;-0,752449
33,99;-0,752449
33,991667;-0,752449
33,993333;-0,752449
33,995;-0,752449
33,996667;-0,752449
33,998333;-0,752449
34;-0,752449
34,001667;-0,752449
34,003333;-0,752449
34,005;-0,752449
34,006667;-0,752449
34,008333;-0,752449
34,01;-0,752449
34,011667;-0,752449
34,013333;-0,752449
34,015;-0,752449
34,016667;-0,752449
34,018333;-0,752449
34,02;-0,752449
34,021667;-0,752449
34,023333;-0,752449
34,025;-0,749588
34,026667;-0,749588
34,028333;-0,749588
34,03;-0,749588
34,031667;-0,749588
34,033333;-0,749588
34,035;-0,752449
34,036667;-0,752449
34,038333;-0,752449
34,04;-0,752449
34,041667;-0,752449
34,043333;-0,752449
34,045;-0,752449
34,046667;-0,752449
34,048333;-0,752449
34,05;-0,752449
34,051667;-0,752449
34,053333;-0,752449
34,055;-0,752449
34,056667;-0,749588
34,058333;-0,749588
34,06;-0,749588
34,061667;-0,749588
34,063333;-0,749588
34,065;-0,749588
34,066667;-0,749588
34,068333;-0,749588
34,07;-0,749588
34,071667;-0,749588
34,073333;-0,749588
34,075;-0,749588
34,076667;-0,749588
34,078333;-0,749588
34,08;-0,749588
34,081667;-0,749588
34,083333;-0,749588
34,085;-0,752449
34,086667;-0,752449
34,088333;-0,752449
34,09;-0,752449
34,091667;-0,752449
34,093333;-0,752449
34,095;-0,752449
34,096667;-0,752449
34,098333;-0,752449
34,1;-0,752449
34,101667;-0,752449
34,103333;-0,752449
34,105;-0,752449
34,106667;-0,752449
34,108333;-0,752449
34,11;-0,752449
34,111667;-0,752449
34,113333;-0,752449
34,115;-0,752449
34,116667;-0,752449
34,118333;-0,752449
34,12;-0,752449
34,121667;-0,752449
34,123333;-0,752449
34,125;-0,752449
34,126667;-0,752449
34,128333;-0,752449
34,13;-0,752449
34,131667;-0,752449
34,133333;-0,752449
34,135;-0,752449
34,136667;-0,752449
34,138333;-0,752449
34,14;-0,752449
34,141667;-0,752449
34,143333;-0,752449
34,145;-0,752449
34,146667;-0,752449
34,148333;-0,752449
34,15;-0,752449
34,151667;-0,752449
34,153333;-0,752449
34,155;-0,752449
34,156667;-0,752449
34,158333;-0,752449
34,16;-0,752449
34,161667;-0,752449
34,163333;-0,752449
34,165;-0,752449
34,166667;-0,752449
34,168333;-0,752449
34,17;-0,752449
34,171667;-0,752449
34,173333;-0,752449
34,175;-0,752449
34,176667;-0,752449
34,178333;-0,752449
34,18;-0,752449
34,181667;-0,752449
34,183333;-0,752449
34,185;-0,752449
34,186667;-0,752449
34,188333;-0,752449
34,19;-0,752449
34,191667;-0,752449
34,193333;-0,752449
34,195;-0,752449
34,196667;-0,752449
34,198333;-0,752449
34,2;-0,752449
34,201667;-0,752449
34,203333;-0,752449
34,205;-0,752449
34,206667;-0,752449
34,208333;-0,752449
34,21;-0,752449
34,211667;-0,752449
34,213333;-0,75531
34,215;-0,75531
34,216667;-0,75531
34,218333;-0,75531
34,22;-0,75531
34,221667;-0,75531
34,223333;-0,75531
34,225;-0,75531
34,226667;-0,75531
34,228333;-0,75531
34,23;-0,75531
34,231667;-0,75531
34,233333;-0,75531
34,235;-0,75531
34,236667;-0,75531
34,238333;-0,75531
34,24;-0,75531
34,241667;-0,75531
34,243333;-0,75531
34,245;-0,75531
34,246667;-0,75531
34,248333;-0,75531
34,25;-0,75531
34,251667;-0,75531
34,253333;-0,75531
34,255;-0,75531
34,256667;-0,75531
34,258333;-0,75531
34,26;-0,75531
34,261667;-0,75531
34,263333;-0,75531
34,265;-0,75531
34,266667;-0,75531
34,268333;-0,75531
34,27;-0,75531
34,271667;-0,75531
34,273333;-0,75531
34,275;-0,75531
34,276667;-0,75531
34,278333;-0,75531
34,28;-0,75531
34,281667;-0,75531
34,283333;-0,75531
34,285;-0,75531
34,286667;-0,75531
34,288333;-0,75531
34,29;-0,75531
34,291667;-0,75531
34,293333;-0,75531
34,295;-0,75531
34,296667;-0,75531
34,298333;-0,75531
34,3;-0,75531
34,301667;-0,75531
34,303333;-0,75531
34,305;-0,75531
34,306667;-0,75531
34,308333;-0,75531
34,31;-0,75531
34,311667;-0,75531
34,313333;-0,75531
34,315;-0,75531
34,316667;-0,75531
34,318333;-0,75531
34,32;-0,75531
34,321667;-0,75531
34,323333;-0,75531
34,325;-0,75531
34,326667;-0,75531
34,328333;-0,75531
34,33;-0,75531
34,331667;-0,75531
34,333333;-0,75531
34,335;-0,75531
34,336667;-0,75531
34,338333;-0,75531
34,34;-0,75531
34,341667;-0,75531
34,343333;-0,75531
34,345;-0,75531
34,346667;-0,75531
34,348333;-0,75531
34,35;-0,75531
34,351667;-0,75531
34,353333;-0,75531
34,355;-0,75531
34,356667;-0,75531
34,358333;-0,75531
34,36;-0,75531
34,361667;-0,75531
34,363333;-0,75531
34,365;-0,75531
34,366667;-0,75531
34,368333;-0,75531
34,37;-0,75531
34,371667;-0,75531
34,373333;-0,75531
34,375;-0,75531
34,376667;-0,75531
34,378333;-0,75531
34,38;-0,75531
34,381667;-0,75531
34,383333;-0,75531
34,385;-0,75531
34,386667;-0,75531
34,388333;-0,75531
34,39;-0,75531
34,391667;-0,75531
34,393333;-0,75531
34,395;-0,75531
34,396667;-0,75531
34,398333;-0,75531
34,4;-0,75531
34,401667;-0,75531
34,403333;-0,75531
34,405;-0,75531
34,406667;-0,75531
34,408333;-0,75531
34,41;-0,75531
34,411667;-0,75531
34,413333;-0,75531
34,415;-0,75531
34,416667;-0,75531
34,418333;-0,75531
34,42;-0,75531
34,421667;-0,75531
34,423333;-0,75531
34,425;-0,75531
34,426667;-0,75531
34,428333;-0,75531
34,43;-0,75531
34,431667;-0,75531
34,433333;-0,75531
34,435;-0,75531
34,436667;-0,75531
34,438333;-0,758171
34,44;-0,758171
34,441667;-0,758171
34,443333;-0,758171
34,445;-0,758171
34,446667;-0,758171
34,448333;-0,758171
34,45;-0,758171
34,451667;-0,758171
34,453333;-0,758171
34,455;-0,75531
34,456667;-0,75531
34,458333;-0,758171
34,46;-0,758171
34,461667;-0,758171
34,463333;-0,758171
34,465;-0,758171
34,466667;-0,758171
34,468333;-0,758171
34,47;-0,758171
34,471667;-0,758171
34,473333;-0,758171
34,475;-0,758171
34,476667;-0,758171
34,478333;-0,758171
34,48;-0,758171
34,481667;-0,758171
34,483333;-0,758171
34,485;-0,758171
34,486667;-0,758171
34,488333;-0,758171
34,49;-0,758171
34,491667;-0,758171
34,493333;-0,758171
34,495;-0,758171
34,496667;-0,758171
34,498333;-0,758171
34,5;-0,758171
34,501667;-0,758171
34,503333;-0,758171
34,505;-0,758171
34,506667;-0,758171
34,508333;-0,758171
34,51;-0,758171
34,511667;-0,758171
34,513333;-0,758171
34,515;-0,758171
34,516667;-0,758171
34,518333;-0,758171
34,52;-0,758171
34,521667;-0,758171
34,523333;-0,758171
34,525;-0,758171
34,526667;-0,758171
34,528333;-0,758171
34,53;-0,758171
34,531667;-0,758171
34,533333;-0,758171
34,535;-0,758171
34,536667;-0,758171
34,538333;-0,758171
34,54;-0,758171
34,541667;-0,758171
34,543333;-0,758171
34,545;-0,758171
34,546667;-0,758171
34,548333;-0,758171
34,55;-0,758171
34,551667;-0,758171
34,553333;-0,758171
34,555;-0,758171
34,556667;-0,758171
34,558333;-0,758171
34,56;-0,758171
34,561667;-0,758171
34,563333;-0,758171
34,565;-0,758171
34,566667;-0,758171
34,568333;-0,761032
34,57;-0,761032
34,571667;-0,761032
34,573333;-0,761032
34,575;-0,761032
34,576667;-0,761032
34,578333;-0,761032
34,58;-0,761032
34,581667;-0,761032
34,583333;-0,761032
34,585;-0,761032
34,586667;-0,761032
34,588333;-0,761032
34,59;-0,761032
34,591667;-0,761032
34,593333;-0,761032
34,595;-0,761032
34,596667;-0,761032
34,598333;-0,761032
34,6;-0,761032
34,601667;-0,761032
34,603333;-0,761032
34,605;-0,761032
34,606667;-0,761032
34,608333;-0,761032
34,61;-0,761032
34,611667;-0,761032
34,613333;-0,761032
34,615;-0,761032
34,616667;-0,761032
34,618333;-0,761032
34,62;-0,761032
34,621667;-0,761032
34,623333;-0,761032
34,625;-0,761032
34,626667;-0,761032
34,628333;-0,761032
34,63;-0,761032
34,631667;-0,761032
34,633333;-0,761032
34,635;-0,761032
34,636667;-0,761032
34,638333;-0,761032
34,64;-0,761032
34,641667;-0,761032
34,643333;-0,761032
34,645;-0,761032
34,646667;-0,761032
34,648333;-0,761032
34,65;-0,761032
34,651667;-0,761032
34,653333;-0,761032
34,655;-0,761032
34,656667;-0,761032
34,658333;-0,761032
34,66;-0,761032
34,661667;-0,761032
34,663333;-0,761032
34,665;-0,761032
34,666667;-0,761032
34,668333;-0,761032
34,67;-0,761032
34,671667;-0,761032
34,673333;-0,761032
34,675;-0,761032
34,676667;-0,761032
34,678333;-0,761032
34,68;-0,761032
34,681667;-0,761032
34,683333;-0,761032
34,685;-0,761032
34,686667;-0,761032
34,688333;-0,761032
34,69;-0,761032
34,691667;-0,761032
34,693333;-0,761032
34,695;-0,761032
34,696667;-0,761032
34,698333;-0,761032
34,7;-0,761032
34,701667;-0,761032
34,703333;-0,761032
34,705;-0,761032
34,706667;-0,761032
34,708333;-0,763893
34,71;-0,763893
34,711667;-0,763893
34,713333;-0,763893
34,715;-0,763893
34,716667;-0,763893
34,718333;-0,763893
34,72;-0,763893
34,721667;-0,763893
34,723333;-0,763893
34,725;-0,763893
34,726667;-0,763893
34,728333;-0,763893
34,73;-0,763893
34,731667;-0,763893
34,733333;-0,763893
34,735;-0,763893
34,736667;-0,763893
34,738333;-0,763893
34,74;-0,763893
34,741667;-0,763893
34,743333;-0,763893
34,745;-0,763893
34,746667;-0,763893
34,748333;-0,763893
34,75;-0,763893
34,751667;-0,763893
34,753333;-0,763893
34,755;-0,763893
34,756667;-0,763893
34,758333;-0,763893
34,76;-0,763893
34,761667;-0,763893
34,763333;-0,763893
34,765;-0,763893
34,766667;-0,763893
34,768333;-0,763893
34,77;-0,763893
34,771667;-0,763893
34,773333;-0,763893
34,775;-0,763893
34,776667;-0,763893
34,778333;-0,763893
34,78;-0,763893
34,781667;-0,763893
34,783333;-0,763893
34,785;-0,763893
34,786667;-0,763893
34,788333;-0,763893
34,79;-0,763893
34,791667;-0,763893
34,793333;-0,763893
34,795;-0,763893
34,796667;-0,763893
34,798333;-0,763893
34,8;-0,763893
34,801667;-0,763893
34,803333;-0,763893
34,805;-0,763893
34,806667;-0,763893
34,808333;-0,763893
34,81;-0,763893
34,811667;-0,763893
34,813333;-0,763893
34,815;-0,763893
34,816667;-0,763893
34,818333;-0,763893
34,82;-0,763893
34,821667;-0,766754
34,823333;-0,766754
34,825;-0,766754
34,826667;-0,766754
34,828333;-0,766754
34,83;-0,766754
34,831667;-0,766754
34,833333;-0,766754
34,835;-0,766754
34,836667;-0,766754
34,838333;-0,766754
34,84;-0,766754
34,841667;-0,766754
34,843333;-0,766754
34,845;-0,766754
34,846667;-0,766754
34,848333;-0,766754
34,85;-0,766754
34,851667;-0,766754
34,853333;-0,766754
34,855;-0,766754
34,856667;-0,766754
34,858333;-0,766754
34,86;-0,766754
34,861667;-0,766754
34,863333;-0,766754
34,865;-0,766754
34,866667;-0,766754
34,868333;-0,766754
34,87;-0,766754
34,871667;-0,766754
34,873333;-0,766754
34,875;-0,766754
34,876667;-0,766754
34,878333;-0,766754
34,88;-0,766754
34,881667;-0,766754
34,883333;-0,766754
34,885;-0,766754
34,886667;-0,766754
34,888333;-0,766754
34,89;-0,766754
34,891667;-0,766754
34,893333;-0,766754
34,895;-0,766754
34,896667;-0,766754
34,898333;-0,766754
34,9;-0,766754
34,901667;-0,766754
34,903333;-0,766754
34,905;-0,766754
34,906667;-0,766754
34,908333;-0,766754
34,91;-0,766754
34,911667;-0,766754
34,913333;-0,766754
34,915;-0,766754
34,916667;-0,766754
34,918333;-0,766754
34,92;-0,766754
34,921667;-0,766754
34,923333;-0,766754
34,925;-0,766754
34,926667;-0,766754
34,928333;-0,769615
34,93;-0,769615
34,931667;-0,769615
34,933333;-0,769615
34,935;-0,769615
34,936667;-0,769615
34,938333;-0,769615
34,94;-0,769615
34,941667;-0,769615
34,943333;-0,769615
34,945;-0,769615
34,946667;-0,769615
34,948333;-0,769615
34,95;-0,769615
34,951667;-0,769615
34,953333;-0,769615
34,955;-0,769615
34,956667;-0,769615
34,958333;-0,769615
34,96;-0,769615
34,961667;-0,769615
34,963333;-0,769615
34,965;-0,769615
34,966667;-0,769615
34,968333;-0,769615
34,97;-0,769615
34,971667;-0,769615
34,973333;-0,769615
34,975;-0,769615
34,976667;-0,769615
34,978333;-0,769615
34,98;-0,769615
34,981667;-0,769615
34,983333;-0,769615
34,985;-0,769615
34,986667;-0,769615
34,988333;-0,769615
34,99;-0,769615
34,991667;-0,769615
34,993333;-0,769615
34,995;-0,769615
34,996667;-0,769615
34,998333;-0,769615
35;-0,769615
35,001667;-0,769615
35,003333;-0,769615
35,005;-0,769615
35,006667;-0,769615
35,008333;-0,769615
35,01;-0,769615
35,011667;-0,769615
35,013333;-0,769615
35,015;-0,769615
35,016667;-0,769615
35,018333;-0,769615
35,02;-0,769615
35,021667;-0,769615
35,023333;-0,769615
35,025;-0,769615
35,026667;-0,769615
35,028333;-0,769615
35,03;-0,769615
35,031667;-0,769615
35,033333;-0,769615
35,035;-0,769615
35,036667;-0,769615
35,038333;-0,769615
35,04;-0,769615
35,041667;-0,769615
35,043333;-0,769615
35,045;-0,769615
35,046667;-0,769615
35,048333;-0,769615
35,05;-0,769615
35,051667;-0,769615
35,053333;-0,769615
35,055;-0,769615
35,056667;-0,769615
35,058333;-0,769615
35,06;-0,769615
35,061667;-0,769615
35,063333;-0,769615
35,065;-0,769615
35,066667;-0,769615
35,068333;-0,769615
35,07;-0,769615
35,071667;-0,769615
35,073333;-0,769615
35,075;-0,769615
35,076667;-0,772476
35,078333;-0,772476
35,08;-0,772476
35,081667;-0,772476
35,083333;-0,772476
35,085;-0,769615
35,086667;-0,769615
35,088333;-0,769615
35,09;-0,769615
35,091667;-0,772476
35,093333;-0,772476
35,095;-0,772476
35,096667;-0,772476
35,098333;-0,772476
35,1;-0,772476
35,101667;-0,772476
35,103333;-0,772476
35,105;-0,772476
35,106667;-0,772476
35,108333;-0,772476
35,11;-0,772476
35,111667;-0,772476
35,113333;-0,772476
35,115;-0,772476
35,116667;-0,772476
35,118333;-0,772476
35,12;-0,772476
35,121667;-0,772476
35,123333;-0,772476
35,125;-0,772476
35,126667;-0,772476
35,128333;-0,772476
35,13;-0,772476
35,131667;-0,772476
35,133333;-0,772476
35,135;-0,772476
35,136667;-0,772476
35,138333;-0,772476
35,14;-0,772476
35,141667;-0,772476
35,143333;-0,772476
35,145;-0,772476
35,146667;-0,772476
35,148333;-0,772476
35,15;-0,772476
35,151667;-0,772476
35,153333;-0,772476
35,155;-0,772476
35,156667;-0,772476
35,158333;-0,772476
35,16;-0,772476
35,161667;-0,772476
35,163333;-0,772476
35,165;-0,772476
35,166667;-0,772476
35,168333;-0,772476
35,17;-0,772476
35,171667;-0,772476
35,173333;-0,772476
35,175;-0,772476
35,176667;-0,772476
35,178333;-0,772476
35,18;-0,772476
35,181667;-0,772476
35,183333;-0,772476
35,185;-0,772476
35,186667;-0,772476
35,188333;-0,772476
35,19;-0,772476
35,191667;-0,772476
35,193333;-0,772476
35,195;-0,772476
35,196667;-0,772476
35,198333;-0,772476
35,2;-0,772476
35,201667;-0,772476
35,203333;-0,772476
35,205;-0,772476
35,206667;-0,772476
35,208333;-0,772476
35,21;-0,772476
35,211667;-0,772476
35,213333;-0,772476
35,215;-0,772476
35,216667;-0,772476
35,218333;-0,772476
35,22;-0,772476
35,221667;-0,772476
35,223333;-0,772476
35,225;-0,772476
35,226667;-0,772476
35,228333;-0,772476
35,23;-0,772476
35,231667;-0,772476
35,233333;-0,772476
35,235;-0,772476
35,236667;-0,772476
35,238333;-0,772476
35,24;-0,772476
35,241667;-0,772476
35,243333;-0,772476
35,245;-0,772476
35,246667;-0,772476
35,248333;-0,772476
35,25;-0,772476
35,251667;-0,772476
35,253333;-0,772476
35,255;-0,772476
35,256667;-0,772476
35,258333;-0,772476
35,26;-0,772476
35,261667;-0,772476
35,263333;-0,772476
35,265;-0,772476
35,266667;-0,772476
35,268333;-0,775337
35,27;-0,775337
35,271667;-0,775337
35,273333;-0,775337
35,275;-0,775337
35,276667;-0,775337
35,278333;-0,775337
35,28;-0,775337
35,281667;-0,775337
35,283333;-0,775337
35,285;-0,775337
35,286667;-0,775337
35,288333;-0,775337
35,29;-0,775337
35,291667;-0,775337
35,293333;-0,775337
35,295;-0,775337
35,296667;-0,775337
35,298333;-0,775337
35,3;-0,775337
35,301667;-0,775337
35,303333;-0,775337
35,305;-0,775337
35,306667;-0,775337
35,308333;-0,775337
35,31;-0,775337
35,311667;-0,775337
35,313333;-0,775337
35,315;-0,775337
35,316667;-0,775337
35,318333;-0,775337
35,32;-0,775337
35,321667;-0,775337
35,323333;-0,775337
35,325;-0,775337
35,326667;-0,775337
35,328333;-0,775337
35,33;-0,775337
35,331667;-0,775337
35,333333;-0,775337
35,335;-0,775337
35,336667;-0,775337
35,338333;-0,775337
35,34;-0,775337
35,341667;-0,775337
35,343333;-0,775337
35,345;-0,775337
35,346667;-0,775337
35,348333;-0,775337
35,35;-0,775337
35,351667;-0,775337
35,353333;-0,775337
35,355;-0,775337
35,356667;-0,775337
35,358333;-0,775337
35,36;-0,775337
35,361667;-0,775337
35,363333;-0,775337
35,365;-0,775337
35,366667;-0,775337
35,368333;-0,775337
35,37;-0,775337
35,371667;-0,775337
35,373333;-0,775337
35,375;-0,775337
35,376667;-0,775337
35,378333;-0,775337
35,38;-0,775337
35,381667;-0,775337
35,383333;-0,775337
35,385;-0,778198
35,386667;-0,778198
35,388333;-0,778198
35,39;-0,778198
35,391667;-0,778198
35,393333;-0,778198
35,395;-0,778198
35,396667;-0,778198
35,398333;-0,778198
35,4;-0,778198
35,401667;-0,778198
35,403333;-0,778198
35,405;-0,778198
35,406667;-0,778198
35,408333;-0,778198
35,41;-0,778198
35,411667;-0,778198
35,413333;-0,778198
35,415;-0,778198
35,416667;-0,778198
35,418333;-0,778198
35,42;-0,778198
35,421667;-0,778198
35,423333;-0,778198
35,425;-0,778198
35,426667;-0,778198
35,428333;-0,778198
35,43;-0,778198
35,431667;-0,778198
35,433333;-0,778198
35,435;-0,778198
35,436667;-0,778198
35,438333;-0,778198
35,44;-0,778198
35,441667;-0,778198
35,443333;-0,778198
35,445;-0,778198
35,446667;-0,778198
35,448333;-0,778198
35,45;-0,775337
35,451667;-0,775337
35,453333;-0,775337
35,455;-0,775337
35,456667;-0,778198
35,458333;-0,778198
35,46;-0,778198
35,461667;-0,778198
35,463333;-0,778198
35,465;-0,778198
35,466667;-0,778198
35,468333;-0,778198
35,47;-0,778198
35,471667;-0,778198
35,473333;-0,778198
35,475;-0,778198
35,476667;-0,778198
35,478333;-0,778198
35,48;-0,778198
35,481667;-0,778198
35,483333;-0,778198
35,485;-0,778198
35,486667;-0,778198
35,488333;-0,778198
35,49;-0,778198
35,491667;-0,778198
35,493333;-0,778198
35,495;-0,778198
35,496667;-0,778198
35,498333;-0,778198
35,5;-0,778198
35,501667;-0,778198
35,503333;-0,778198
35,505;-0,778198
35,506667;-0,778198
35,508333;-0,778198
35,51;-0,778198
35,511667;-0,778198
35,513333;-0,778198
35,515;-0,778198
35,516667;-0,778198
35,518333;-0,778198
35,52;-0,778198
35,521667;-0,778198
35,523333;-0,778198
35,525;-0,778198
35,526667;-0,778198
35,528333;-0,778198
35,53;-0,781059
35,531667;-0,781059
35,533333;-0,781059
35,535;-0,781059
35,536667;-0,781059
35,538333;-0,778198
35,54;-0,778198
35,541667;-0,778198
35,543333;-0,778198
35,545;-0,778198
35,546667;-0,778198
35,548333;-0,778198
35,55;-0,778198
35,551667;-0,781059
35,553333;-0,781059
35,555;-0,781059
35,556667;-0,781059
35,558333;-0,781059
35,56;-0,781059
35,561667;-0,781059
35,563333;-0,781059
35,565;-0,781059
35,566667;-0,781059
35,568333;-0,781059
35,57;-0,781059
35,571667;-0,781059
35,573333;-0,781059
35,575;-0,781059
35,576667;-0,781059
35,578333;-0,781059
35,58;-0,781059
35,581667;-0,781059
35,583333;-0,781059
35,585;-0,781059
35,586667;-0,781059
35,588333;-0,781059
35,59;-0,781059
35,591667;-0,781059
35,593333;-0,781059
35,595;-0,781059
35,596667;-0,781059
35,598333;-0,781059
35,6;-0,781059
35,601667;-0,781059
35,603333;-0,781059
35,605;-0,781059
35,606667;-0,781059
35,608333;-0,781059
35,61;-0,781059
35,611667;-0,781059
35,613333;-0,781059
35,615;-0,781059
35,616667;-0,781059
35,618333;-0,781059
35,62;-0,781059
35,621667;-0,781059
35,623333;-0,781059
35,625;-0,781059
35,626667;-0,781059
35,628333;-0,781059
35,63;-0,781059
35,631667;-0,781059
35,633333;-0,781059
35,635;-0,781059
35,636667;-0,781059
35,638333;-0,781059
35,64;-0,781059
35,641667;-0,781059
35,643333;-0,781059
35,645;-0,78392
35,646667;-0,78392
35,648333;-0,78392
35,65;-0,78392
35,651667;-0,78392
35,653333;-0,78392
35,655;-0,781059
35,656667;-0,781059
35,658333;-0,781059
35,66;-0,781059
35,661667;-0,781059
35,663333;-0,781059
35,665;-0,781059
35,666667;-0,781059
35,668333;-0,781059
35,67;-0,781059
35,671667;-0,781059
35,673333;-0,781059
35,675;-0,781059
35,676667;-0,781059
35,678333;-0,781059
35,68;-0,781059
35,681667;-0,781059
35,683333;-0,781059
35,685;-0,781059
35,686667;-0,78392
35,688333;-0,78392
35,69;-0,78392
35,691667;-0,78392
35,693333;-0,78392
35,695;-0,78392
35,696667;-0,78392
35,698333;-0,78392
35,7;-0,78392
35,701667;-0,78392
35,703333;-0,78392
35,705;-0,78392
35,706667;-0,78392
35,708333;-0,78392
35,71;-0,78392
35,711667;-0,78392
35,713333;-0,78392
35,715;-0,78392
35,716667;-0,78392
35,718333;-0,78392
35,72;-0,78392
35,721667;-0,78392
35,723333;-0,78392
35,725;-0,78392
35,726667;-0,78392
35,728333;-0,78392
35,73;-0,78392
35,731667;-0,78392
35,733333;-0,78392
35,735;-0,78392
35,736667;-0,78392
35,738333;-0,78392
35,74;-0,78392
35,741667;-0,781059
35,743333;-0,781059
35,745;-0,781059
35,746667;-0,781059
35,748333;-0,781059
35,75;-0,781059
35,751667;-0,781059
35,753333;-0,781059
35,755;-0,781059
35,756667;-0,781059
35,758333;-0,781059
35,76;-0,781059
35,761667;-0,78392
35,763333;-0,78392
35,765;-0,78392
35,766667;-0,78392
35,768333;-0,78392
35,77;-0,78392
35,771667;-0,78392
35,773333;-0,78392
35,775;-0,78392
35,776667;-0,78392
35,778333;-0,78392
35,78;-0,78392
35,781667;-0,78392
35,783333;-0,78392
35,785;-0,78392
35,786667;-0,78392
35,788333;-0,78392
35,79;-0,78392
35,791667;-0,78392
35,793333;-0,78392
35,795;-0,78392
35,796667;-0,78392
35,798333;-0,78392
35,8;-0,78392
35,801667;-0,78392
35,803333;-0,78392
35,805;-0,78392
35,806667;-0,78392
35,808333;-0,78392
35,81;-0,78392
35,811667;-0,78392
35,813333;-0,78392
35,815;-0,78392
35,816667;-0,78392
35,818333;-0,78392
35,82;-0,78392
35,821667;-0,78392
35,823333;-0,78392
35,825;-0,78392
35,826667;-0,78392
35,828333;-0,78392
35,83;-0,78392
35,831667;-0,78392
35,833333;-0,78392
35,835;-0,78392
35,836667;-0,78392
35,838333;-0,78392
35,84;-0,78392
35,841667;-0,78392
35,843333;-0,78392
35,845;-0,78392
35,846667;-0,78392
35,848333;-0,78392
35,85;-0,78392
35,851667;-0,78392
35,853333;-0,78392
35,855;-0,78392
35,856667;-0,78392
35,858333;-0,78392
35,86;-0,78392
35,861667;-0,78392
35,863333;-0,78392
35,865;-0,786781
35,866667;-0,786781
35,868333;-0,786781
35,87;-0,786781
35,871667;-0,786781
35,873333;-0,786781
35,875;-0,786781
35,876667;-0,786781
35,878333;-0,78392
35,88;-0,78392
35,881667;-0,78392
35,883333;-0,78392
35,885;-0,78392
35,886667;-0,78392
35,888333;-0,78392
35,89;-0,786781
35,891667;-0,786781
35,893333;-0,786781
35,895;-0,786781
35,896667;-0,786781
35,898333;-0,786781
35,9;-0,786781
35,901667;-0,786781
35,903333;-0,786781
35,905;-0,786781
35,906667;-0,786781
35,908333;-0,786781
35,91;-0,786781
35,911667;-0,786781
35,913333;-0,786781
35,915;-0,786781
35,916667;-0,786781
35,918333;-0,786781
35,92;-0,786781
35,921667;-0,786781
35,923333;-0,786781
35,925;-0,786781
35,926667;-0,786781
35,928333;-0,786781
35,93;-0,786781
35,931667;-0,786781
35,933333;-0,786781
35,935;-0,786781
35,936667;-0,786781
35,938333;-0,786781
35,94;-0,786781
35,941667;-0,786781
35,943333;-0,786781
35,945;-0,786781
35,946667;-0,786781
35,948333;-0,786781
35,95;-0,786781
35,951667;-0,786781
35,953333;-0,786781
35,955;-0,786781
35,956667;-0,786781
35,958333;-0,786781
35,96;-0,786781
35,961667;-0,786781
35,963333;-0,786781
35,965;-0,786781
35,966667;-0,786781
35,968333;-0,786781
35,97;-0,786781
35,971667;-0,786781
35,973333;-0,786781
35,975;-0,786781
35,976667;-0,786781
35,978333;-0,786781
35,98;-0,786781
35,981667;-0,786781
35,983333;-0,786781
35,985;-0,786781
35,986667;-0,786781
35,988333;-0,786781
35,99;-0,786781
35,991667;-0,786781
35,993333;-0,786781
35,995;-0,786781
35,996667;-0,786781
35,998333;-0,786781
36;-0,786781
36,001667;-0,786781
36,003333;-0,786781
36,005;-0,786781
36,006667;-0,786781
36,008333;-0,786781
36,01;-0,786781
36,011667;-0,786781
36,013333;-0,786781
36,015;-0,786781
36,016667;-0,786781
36,018333;-0,786781
36,02;-0,786781
36,021667;-0,786781
36,023333;-0,786781
36,025;-0,786781
36,026667;-0,786781
36,028333;-0,786781
36,03;-0,786781
36,031667;-0,786781
36,033333;-0,786781
36,035;-0,786781
36,036667;-0,786781
36,038333;-0,786781
36,04;-0,786781
36,041667;-0,786781
36,043333;-0,789642
36,045;-0,789642
36,046667;-0,789642
36,048333;-0,789642
36,05;-0,789642
36,051667;-0,789642
36,053333;-0,789642
36,055;-0,789642
36,056667;-0,789642
36,058333;-0,789642
36,06;-0,789642
36,061667;-0,789642
36,063333;-0,789642
36,065;-0,789642
36,066667;-0,789642
36,068333;-0,789642
36,07;-0,789642
36,071667;-0,789642
36,073333;-0,789642
36,075;-0,789642
36,076667;-0,789642
36,078333;-0,789642
36,08;-0,789642
36,081667;-0,789642
36,083333;-0,789642
36,085;-0,789642
36,086667;-0,789642
36,088333;-0,789642
36,09;-0,789642
36,091667;-0,789642
36,093333;-0,789642
36,095;-0,789642
36,096667;-0,789642
36,098333;-0,789642
36,1;-0,789642
36,101667;-0,789642
36,103333;-0,789642
36,105;-0,789642
36,106667;-0,789642
36,108333;-0,789642
36,11;-0,789642
36,111667;-0,789642
36,113333;-0,789642
36,115;-0,789642
36,116667;-0,789642
36,118333;-0,789642
36,12;-0,789642
36,121667;-0,789642
36,123333;-0,789642
36,125;-0,789642
36,126667;-0,789642
36,128333;-0,789642
36,13;-0,789642
36,131667;-0,789642
36,133333;-0,789642
36,135;-0,789642
36,136667;-0,789642
36,138333;-0,789642
36,14;-0,789642
36,141667;-0,789642
36,143333;-0,789642
36,145;-0,789642
36,146667;-0,789642
36,148333;-0,789642
36,15;-0,789642
36,151667;-0,789642
36,153333;-0,792503
36,155;-0,792503
36,156667;-0,792503
36,158333;-0,792503
36,16;-0,792503
36,161667;-0,792503
36,163333;-0,792503
36,165;-0,792503
36,166667;-0,792503
36,168333;-0,792503
36,17;-0,792503
36,171667;-0,789642
36,173333;-0,789642
36,175;-0,789642
36,176667;-0,789642
36,178333;-0,789642
36,18;-0,789642
36,181667;-0,789642
36,183333;-0,789642
36,185;-0,792503
36,186667;-0,792503
36,188333;-0,792503
36,19;-0,792503
36,191667;-0,792503
36,193333;-0,792503
36,195;-0,792503
36,196667;-0,792503
36,198333;-0,792503
36,2;-0,792503
36,201667;-0,792503
36,203333;-0,792503
36,205;-0,789642
36,206667;-0,789642
36,208333;-0,789642
36,21;-0,789642
36,211667;-0,789642
36,213333;-0,789642
36,215;-0,789642
36,216667;-0,789642
36,218333;-0,789642
36,22;-0,789642
36,221667;-0,789642
36,223333;-0,789642
36,225;-0,789642
36,226667;-0,789642
36,228333;-0,789642
36,23;-0,789642
36,231667;-0,789642
36,233333;-0,789642
36,235;-0,789642
36,236667;-0,789642
36,238333;-0,789642
36,24;-0,789642
36,241667;-0,789642
36,243333;-0,789642
36,245;-0,789642
36,246667;-0,789642
36,248333;-0,789642
36,25;-0,789642
36,251667;-0,789642
36,253333;-0,789642
36,255;-0,792503
36,256667;-0,792503
36,258333;-0,792503
36,26;-0,792503
36,261667;-0,792503
36,263333;-0,792503
36,265;-0,792503
36,266667;-0,792503
36,268333;-0,792503
36,27;-0,792503
36,271667;-0,792503
36,273333;-0,792503
36,275;-0,792503
36,276667;-0,792503
36,278333;-0,792503
36,28;-0,792503
36,281667;-0,792503
36,283333;-0,792503
36,285;-0,792503
36,286667;-0,792503
36,288333;-0,792503
36,29;-0,792503
36,291667;-0,792503
36,293333;-0,792503
36,295;-0,792503
36,296667;-0,792503
36,298333;-0,792503
36,3;-0,792503
36,301667;-0,792503
36,303333;-0,792503
36,305;-0,792503
36,306667;-0,792503
36,308333;-0,792503
36,31;-0,792503
36,311667;-0,792503
36,313333;-0,792503
36,315;-0,792503
36,316667;-0,792503
36,318333;-0,792503
36,32;-0,792503
36,321667;-0,792503
36,323333;-0,792503
36,325;-0,792503
36,326667;-0,792503
36,328333;-0,792503
36,33;-0,792503
36,331667;-0,792503
36,333333;-0,792503
36,335;-0,792503
36,336667;-0,792503
36,338333;-0,792503
36,34;-0,792503
36,341667;-0,792503
36,343333;-0,792503
36,345;-0,792503
36,346667;-0,792503
36,348333;-0,792503
36,35;-0,792503
36,351667;-0,792503
36,353333;-0,792503
36,355;-0,792503
36,356667;-0,792503
36,358333;-0,792503
36,36;-0,795364
36,361667;-0,795364
36,363333;-0,795364
36,365;-0,795364
36,366667;-0,795364
36,368333;-0,795364
36,37;-0,795364
36,371667;-0,795364
36,373333;-0,795364
36,375;-0,795364
36,376667;-0,795364
36,378333;-0,795364
36,38;-0,795364
36,381667;-0,795364
36,383333;-0,795364
36,385;-0,795364
36,386667;-0,795364
36,388333;-0,795364
36,39;-0,795364
36,391667;-0,795364
36,393333;-0,795364
36,395;-0,795364
36,396667;-0,795364
36,398333;-0,795364
36,4;-0,795364
36,401667;-0,795364
36,403333;-0,795364
36,405;-0,795364
36,406667;-0,795364
36,408333;-0,795364
36,41;-0,795364
36,411667;-0,795364
36,413333;-0,795364
36,415;-0,795364
36,416667;-0,795364
36,418333;-0,795364
36,42;-0,795364
36,421667;-0,795364
36,423333;-0,795364
36,425;-0,795364
36,426667;-0,795364
36,428333;-0,795364
36,43;-0,795364
36,431667;-0,795364
36,433333;-0,795364
36,435;-0,795364
36,436667;-0,795364
36,438333;-0,795364
36,44;-0,795364
36,441667;-0,795364
36,443333;-0,795364
36,445;-0,795364
36,446667;-0,795364
36,448333;-0,795364
36,45;-0,795364
36,451667;-0,795364
36,453333;-0,795364
36,455;-0,795364
36,456667;-0,795364
36,458333;-0,798225
36,46;-0,798225
36,461667;-0,798225
36,463333;-0,798225
36,465;-0,798225
36,466667;-0,798225
36,468333;-0,798225
36,47;-0,798225
36,471667;-0,798225
36,473333;-0,798225
36,475;-0,798225
36,476667;-0,798225
36,478333;-0,798225
36,48;-0,798225
36,481667;-0,798225
36,483333;-0,798225
36,485;-0,798225
36,486667;-0,798225
36,488333;-0,798225
36,49;-0,798225
36,491667;-0,798225
36,493333;-0,798225
36,495;-0,798225
36,496667;-0,798225
36,498333;-0,798225
36,5;-0,798225
36,501667;-0,798225
36,503333;-0,798225
36,505;-0,798225
36,506667;-0,798225
36,508333;-0,801086
36,51;-0,801086
36,511667;-0,801086
36,513333;-0,801086
36,515;-0,801086
36,516667;-0,801086
36,518333;-0,801086
36,52;-0,801086
36,521667;-0,801086
36,523333;-0,801086
36,525;-0,801086
36,526667;-0,801086
36,528333;-0,801086
36,53;-0,801086
36,531667;-0,801086
36,533333;-0,801086
36,535;-0,801086
36,536667;-0,801086
36,538333;-0,801086
36,54;-0,801086
36,541667;-0,801086
36,543333;-0,801086
36,545;-0,801086
36,546667;-0,801086
36,548333;-0,801086
36,55;-0,801086
36,551667;-0,801086
36,553333;-0,801086
36,555;-0,801086
36,556667;-0,801086
36,558333;-0,801086
36,56;-0,801086
36,561667;-0,801086
36,563333;-0,801086
36,565;-0,801086
36,566667;-0,801086
36,568333;-0,801086
36,57;-0,801086
36,571667;-0,801086
36,573333;-0,801086
36,575;-0,801086
36,576667;-0,801086
36,578333;-0,801086
36,58;-0,801086
36,581667;-0,801086
36,583333;-0,801086
36,585;-0,801086
36,586667;-0,801086
36,588333;-0,801086
36,59;-0,801086
36,591667;-0,801086
36,593333;-0,801086
36,595;-0,801086
36,596667;-0,801086
36,598333;-0,801086
36,6;-0,801086
36,601667;-0,801086
36,603333;-0,801086
36,605;-0,801086
36,606667;-0,801086
36,608333;-0,801086
36,61;-0,801086
36,611667;-0,801086
36,613333;-0,801086
36,615;-0,801086
36,616667;-0,801086
36,618333;-0,801086
36,62;-0,801086
36,621667;-0,801086
36,623333;-0,801086
36,625;-0,801086
36,626667;-0,801086
36,628333;-0,801086
36,63;-0,801086
36,631667;-0,801086
36,633333;-0,801086
36,635;-0,801086
36,636667;-0,801086
36,638333;-0,801086
36,64;-0,801086
36,641667;-0,801086
36,643333;-0,801086
36,645;-0,801086
36,646667;-0,801086
36,648333;-0,801086
36,65;-0,801086
36,651667;-0,801086
36,653333;-0,801086
36,655;-0,801086
36,656667;-0,801086
36,658333;-0,801086
36,66;-0,801086
36,661667;-0,801086
36,663333;-0,801086
36,665;-0,801086
36,666667;-0,801086
36,668333;-0,801086
36,67;-0,801086
36,671667;-0,801086
36,673333;-0,801086
36,675;-0,801086
36,676667;-0,801086
36,678333;-0,801086
36,68;-0,801086
36,681667;-0,801086
36,683333;-0,801086
36,685;-0,801086
36,686667;-0,801086
36,688333;-0,801086
36,69;-0,801086
36,691667;-0,801086
36,693333;-0,801086
36,695;-0,801086
36,696667;-0,801086
36,698333;-0,801086
36,7;-0,801086
36,701667;-0,803947
36,703333;-0,803947
36,705;-0,803947
36,706667;-0,803947
36,708333;-0,803947
36,71;-0,803947
36,711667;-0,803947
36,713333;-0,803947
36,715;-0,803947
36,716667;-0,801086
36,718333;-0,801086
36,72;-0,801086
36,721667;-0,801086
36,723333;-0,801086
36,725;-0,801086
36,726667;-0,801086
36,728333;-0,801086
36,73;-0,801086
36,731667;-0,801086
36,733333;-0,803947
36,735;-0,803947
36,736667;-0,803947
36,738333;-0,803947
36,74;-0,803947
36,741667;-0,803947
36,743333;-0,803947
36,745;-0,803947
36,746667;-0,803947
36,748333;-0,803947
36,75;-0,803947
36,751667;-0,803947
36,753333;-0,803947
36,755;-0,803947
36,756667;-0,803947
36,758333;-0,803947
36,76;-0,803947
36,761667;-0,803947
36,763333;-0,803947
36,765;-0,803947
36,766667;-0,803947
36,768333;-0,803947
36,77;-0,803947
36,771667;-0,803947
36,773333;-0,803947
36,775;-0,803947
36,776667;-0,803947
36,778333;-0,803947
36,78;-0,803947
36,781667;-0,803947
36,783333;-0,803947
36,785;-0,803947
36,786667;-0,803947
36,788333;-0,803947
36,79;-0,803947
36,791667;-0,803947
36,793333;-0,803947
36,795;-0,803947
36,796667;-0,803947
36,798333;-0,803947
36,8;-0,803947
36,801667;-0,803947
36,803333;-0,803947
36,805;-0,803947
36,806667;-0,803947
36,808333;-0,803947
36,81;-0,803947
36,811667;-0,803947
36,813333;-0,803947
36,815;-0,803947
36,816667;-0,803947
36,818333;-0,803947
36,82;-0,803947
36,821667;-0,803947
36,823333;-0,803947
36,825;-0,803947
36,826667;-0,803947
36,828333;-0,803947
36,83;-0,803947
36,831667;-0,803947
36,833333;-0,803947
36,835;-0,803947
36,836667;-0,803947
36,838333;-0,803947
36,84;-0,803947
36,841667;-0,803947
36,843333;-0,803947
36,845;-0,803947
36,846667;-0,803947
36,848333;-0,803947
36,85;-0,803947
36,851667;-0,803947
36,853333;-0,803947
36,855;-0,803947
36,856667;-0,803947
36,858333;-0,803947
36,86;-0,803947
36,861667;-0,803947
36,863333;-0,803947
36,865;-0,803947
36,866667;-0,803947
36,868333;-0,803947
36,87;-0,803947
36,871667;-0,803947
36,873333;-0,803947
36,875;-0,803947
36,876667;-0,803947
36,878333;-0,803947
36,88;-0,803947
36,881667;-0,803947
36,883333;-0,803947
36,885;-0,803947
36,886667;-0,803947
36,888333;-0,803947
36,89;-0,803947
36,891667;-0,803947
36,893333;-0,806809
36,895;-0,806809
36,896667;-0,806809
36,898333;-0,806809
36,9;-0,806809
36,901667;-0,806809
36,903333;-0,806809
36,905;-0,806809
36,906667;-0,806809
36,908333;-0,806809
36,91;-0,806809
36,911667;-0,806809
36,913333;-0,806809
36,915;-0,806809
36,916667;-0,806809
36,918333;-0,806809
36,92;-0,806809
36,921667;-0,806809
36,923333;-0,806809
36,925;-0,806809
36,926667;-0,806809
36,928333;-0,806809
36,93;-0,806809
36,931667;-0,806809
36,933333;-0,806809
36,935;-0,806809
36,936667;-0,806809
36,938333;-0,806809
36,94;-0,806809
36,941667;-0,806809
36,943333;-0,806809
36,945;-0,806809
36,946667;-0,806809
36,948333;-0,806809
36,95;-0,806809
36,951667;-0,806809
36,953333;-0,806809
36,955;-0,806809
36,956667;-0,806809
36,958333;-0,806809
36,96;-0,806809
36,961667;-0,806809
36,963333;-0,806809
36,965;-0,806809
36,966667;-0,806809
36,968333;-0,806809
36,97;-0,806809
36,971667;-0,806809
36,973333;-0,806809
36,975;-0,806809
36,976667;-0,806809
36,978333;-0,806809
36,98;-0,806809
36,981667;-0,806809
36,983333;-0,806809
36,985;-0,806809
36,986667;-0,806809
36,988333;-0,806809
36,99;-0,806809
36,991667;-0,806809
36,993333;-0,806809
36,995;-0,806809
36,996667;-0,806809
36,998333;-0,806809
37;-0,806809
37,001667;-0,806809
37,003333;-0,806809
37,005;-0,806809
37,006667;-0,806809
37,008333;-0,806809
37,01;-0,806809
37,011667;-0,806809
37,013333;-0,806809
37,015;-0,806809
37,016667;-0,806809
37,018333;-0,806809
37,02;-0,806809
37,021667;-0,806809
37,023333;-0,806809
37,025;-0,806809
37,026667;-0,806809
37,028333;-0,806809
37,03;-0,806809
37,031667;-0,806809
37,033333;-0,806809
37,035;-0,806809
37,036667;-0,806809
37,038333;-0,806809
37,04;-0,806809
37,041667;-0,806809
37,043333;-0,806809
37,045;-0,806809
37,046667;-0,806809
37,048333;-0,806809
37,05;-0,806809
37,051667;-0,806809
37,053333;-0,806809
37,055;-0,806809
37,056667;-0,806809
37,058333;-0,806809
37,06;-0,806809
37,061667;-0,80967
37,063333;-0,80967
37,065;-0,80967
37,066667;-0,80967
37,068333;-0,80967
37,07;-0,80967
37,071667;-0,80967
37,073333;-0,80967
37,075;-0,80967
37,076667;-0,80967
37,078333;-0,80967
37,08;-0,80967
37,081667;-0,80967
37,083333;-0,80967
37,085;-0,80967
37,086667;-0,80967
37,088333;-0,80967
37,09;-0,80967
37,091667;-0,80967
37,093333;-0,80967
37,095;-0,80967
37,096667;-0,80967
37,098333;-0,80967
37,1;-0,80967
37,101667;-0,80967
37,103333;-0,80967
37,105;-0,80967
37,106667;-0,80967
37,108333;-0,80967
37,11;-0,80967
37,111667;-0,80967
37,113333;-0,80967
37,115;-0,80967
37,116667;-0,80967
37,118333;-0,80967
37,12;-0,80967
37,121667;-0,80967
37,123333;-0,80967
37,125;-0,80967
37,126667;-0,80967
37,128333;-0,80967
37,13;-0,80967
37,131667;-0,80967
37,133333;-0,80967
37,135;-0,80967
37,136667;-0,80967
37,138333;-0,80967
37,14;-0,80967
37,141667;-0,80967
37,143333;-0,80967
37,145;-0,80967
37,146667;-0,80967
37,148333;-0,80967
37,15;-0,80967
37,151667;-0,80967
37,153333;-0,80967
37,155;-0,80967
37,156667;-0,80967
37,158333;-0,80967
37,16;-0,80967
37,161667;-0,80967
37,163333;-0,80967
37,165;-0,80967
37,166667;-0,80967
37,168333;-0,80967
37,17;-0,80967
37,171667;-0,80967
37,173333;-0,80967
37,175;-0,80967
37,176667;-0,80967
37,178333;-0,80967
37,18;-0,80967
37,181667;-0,80967
37,183333;-0,80967
37,185;-0,80967
37,186667;-0,812531
37,188333;-0,812531
37,19;-0,812531
37,191667;-0,812531
37,193333;-0,812531
37,195;-0,812531
37,196667;-0,812531
37,198333;-0,812531
37,2;-0,812531
37,201667;-0,812531
37,203333;-0,812531
37,205;-0,812531
37,206667;-0,812531
37,208333;-0,812531
37,21;-0,812531
37,211667;-0,812531
37,213333;-0,812531
37,215;-0,812531
37,216667;-0,812531
37,218333;-0,812531
37,22;-0,812531
37,221667;-0,812531
37,223333;-0,812531
37,225;-0,812531
37,226667;-0,812531
37,228333;-0,812531
37,23;-0,812531
37,231667;-0,812531
37,233333;-0,812531
37,235;-0,812531
37,236667;-0,812531
37,238333;-0,812531
37,24;-0,812531
37,241667;-0,812531
37,243333;-0,812531
37,245;-0,812531
37,246667;-0,812531
37,248333;-0,812531
37,25;-0,812531
37,251667;-0,812531
37,253333;-0,812531
37,255;-0,812531
37,256667;-0,812531
37,258333;-0,812531
37,26;-0,812531
37,261667;-0,812531
37,263333;-0,812531
37,265;-0,812531
37,266667;-0,812531
37,268333;-0,812531
37,27;-0,812531
37,271667;-0,812531
37,273333;-0,812531
37,275;-0,812531
37,276667;-0,812531
37,278333;-0,812531
37,28;-0,812531
37,281667;-0,812531
37,283333;-0,812531
37,285;-0,812531
37,286667;-0,812531
37,288333;-0,812531
37,29;-0,812531
37,291667;-0,812531
37,293333;-0,812531
37,295;-0,812531
37,296667;-0,812531
37,298333;-0,812531
37,3;-0,812531
37,301667;-0,812531
37,303333;-0,812531
37,305;-0,812531
37,306667;-0,812531
37,308333;-0,812531
37,31;-0,812531
37,311667;-0,812531
37,313333;-0,812531
37,315;-0,812531
37,316667;-0,812531
37,318333;-0,812531
37,32;-0,812531
37,321667;-0,812531
37,323333;-0,812531
37,325;-0,812531
37,326667;-0,812531
37,328333;-0,812531
37,33;-0,812531
37,331667;-0,812531
37,333333;-0,812531
37,335;-0,812531
37,336667;-0,812531
37,338333;-0,812531
37,34;-0,812531
37,341667;-0,812531
37,343333;-0,812531
37,345;-0,812531
37,346667;-0,812531
37,348333;-0,812531
37,35;-0,812531
37,351667;-0,812531
37,353333;-0,812531
37,355;-0,812531
37,356667;-0,812531
37,358333;-0,812531
37,36;-0,812531
37,361667;-0,812531
37,363333;-0,812531
37,365;-0,812531
37,366667;-0,815392
37,368333;-0,815392
37,37;-0,815392
37,371667;-0,815392
37,373333;-0,815392
37,375;-0,815392
37,376667;-0,815392
37,378333;-0,815392
37,38;-0,815392
37,381667;-0,815392
37,383333;-0,815392
37,385;-0,815392
37,386667;-0,815392
37,388333;-0,815392
37,39;-0,815392
37,391667;-0,815392
37,393333;-0,815392
37,395;-0,815392
37,396667;-0,815392
37,398333;-0,815392
37,4;-0,815392
37,401667;-0,815392
37,403333;-0,815392
37,405;-0,815392
37,406667;-0,815392
37,408333;-0,815392
37,41;-0,815392
37,411667;-0,815392
37,413333;-0,815392
37,415;-0,815392
37,416667;-0,815392
37,418333;-0,815392
37,42;-0,815392
37,421667;-0,815392
37,423333;-0,815392
37,425;-0,815392
37,426667;-0,818253
37,428333;-0,818253
37,43;-0,815392
37,431667;-0,815392
37,433333;-0,815392
37,435;-0,815392
37,436667;-0,815392
37,438333;-0,815392
37,44;-0,815392
37,441667;-0,815392
37,443333;-0,815392
37,445;-0,815392
37,446667;-0,815392
37,448333;-0,815392
37,45;-0,815392
37,451667;-0,815392
37,453333;-0,815392
37,455;-0,815392
37,456667;-0,815392
37,458333;-0,815392
37,46;-0,815392
37,461667;-0,815392
37,463333;-0,815392
37,465;-0,815392
37,466667;-0,815392
37,468333;-0,815392
37,47;-0,815392
37,471667;-0,815392
37,473333;-0,815392
37,475;-0,815392
37,476667;-0,815392
37,478333;-0,815392
37,48;-0,815392
37,481667;-0,815392
37,483333;-0,815392
37,485;-0,815392
37,486667;-0,815392
37,488333;-0,815392
37,49;-0,815392
37,491667;-0,815392
37,493333;-0,815392
37,495;-0,815392
37,496667;-0,815392
37,498333;-0,815392
37,5;-0,815392
37,501667;-0,815392
37,503333;-0,818253
37,505;-0,818253
37,506667;-0,818253
37,508333;-0,818253
37,51;-0,818253
37,511667;-0,818253
37,513333;-0,818253
37,515;-0,818253
37,516667;-0,818253
37,518333;-0,818253
37,52;-0,815392
37,521667;-0,815392
37,523333;-0,815392
37,525;-0,815392
37,526667;-0,815392
37,528333;-0,815392
37,53;-0,815392
37,531667;-0,815392
37,533333;-0,815392
37,535;-0,818253
37,536667;-0,818253
37,538333;-0,818253
37,54;-0,818253
37,541667;-0,815392
37,543333;-0,815392
37,545;-0,815392
37,546667;-0,818253
37,548333;-0,818253
37,55;-0,818253
37,551667;-0,818253
37,553333;-0,818253
37,555;-0,818253
37,556667;-0,818253
37,558333;-0,818253
37,56;-0,818253
37,561667;-0,818253
37,563333;-0,818253
37,565;-0,818253
37,566667;-0,818253
37,568333;-0,818253
37,57;-0,818253
37,571667;-0,818253
37,573333;-0,818253
37,575;-0,818253
37,576667;-0,818253
37,578333;-0,818253
37,58;-0,818253
37,581667;-0,818253
37,583333;-0,818253
37,585;-0,818253
37,586667;-0,818253
37,588333;-0,818253
37,59;-0,818253
37,591667;-0,818253
37,593333;-0,818253
37,595;-0,818253
37,596667;-0,818253
37,598333;-0,818253
37,6;-0,818253
37,601667;-0,818253
37,603333;-0,818253
37,605;-0,818253
37,606667;-0,818253
37,608333;-0,818253
37,61;-0,818253
37,611667;-0,818253
37,613333;-0,818253
37,615;-0,818253
37,616667;-0,818253
37,618333;-0,818253
37,62;-0,818253
37,621667;-0,818253
37,623333;-0,818253
37,625;-0,818253
37,626667;-0,818253
37,628333;-0,818253
37,63;-0,818253
37,631667;-0,818253
37,633333;-0,818253
37,635;-0,818253
37,636667;-0,818253
37,638333;-0,818253
37,64;-0,818253
37,641667;-0,818253
37,643333;-0,818253
37,645;-0,818253
37,646667;-0,818253
37,648333;-0,818253
37,65;-0,818253
37,651667;-0,818253
37,653333;-0,818253
37,655;-0,818253
37,656667;-0,818253
37,658333;-0,818253
37,66;-0,818253
37,661667;-0,818253
37,663333;-0,818253
37,665;-0,818253
37,666667;-0,818253
37,668333;-0,818253
37,67;-0,818253
37,671667;-0,818253
37,673333;-0,818253
37,675;-0,818253
37,676667;-0,818253
37,678333;-0,818253
37,68;-0,818253
37,681667;-0,818253
37,683333;-0,818253
37,685;-0,818253
37,686667;-0,818253
37,688333;-0,818253
37,69;-0,818253
37,691667;-0,818253
37,693333;-0,818253
37,695;-0,818253
37,696667;-0,818253
37,698333;-0,818253
37,7;-0,818253
37,701667;-0,818253
37,703333;-0,818253
37,705;-0,818253
37,706667;-0,818253
37,708333;-0,818253
37,71;-0,818253
37,711667;-0,818253
37,713333;-0,818253
37,715;-0,818253
37,716667;-0,818253
37,718333;-0,818253
37,72;-0,818253
37,721667;-0,818253
37,723333;-0,818253
37,725;-0,818253
37,726667;-0,821114
37,728333;-0,821114
37,73;-0,821114
37,731667;-0,821114
37,733333;-0,821114
37,735;-0,821114
37,736667;-0,821114
37,738333;-0,821114
37,74;-0,821114
37,741667;-0,821114
37,743333;-0,821114
37,745;-0,821114
37,746667;-0,821114
37,748333;-0,821114
37,75;-0,821114
37,751667;-0,821114
37,753333;-0,821114
37,755;-0,821114
37,756667;-0,821114
37,758333;-0,821114
37,76;-0,821114
37,761667;-0,821114
37,763333;-0,821114
37,765;-0,821114
37,766667;-0,821114
37,768333;-0,821114
37,77;-0,821114
37,771667;-0,821114
37,773333;-0,821114
37,775;-0,821114
37,776667;-0,821114
37,778333;-0,823975
37,78;-0,823975
37,781667;-0,823975
37,783333;-0,823975
37,785;-0,823975
37,786667;-0,823975
37,788333;-0,823975
37,79;-0,823975
37,791667;-0,823975
37,793333;-0,823975
37,795;-0,823975
37,796667;-0,823975
37,798333;-0,823975
37,8;-0,823975
37,801667;-0,823975
37,803333;-0,823975
37,805;-0,823975
37,806667;-0,823975
37,808333;-0,823975
37,81;-0,823975
37,811667;-0,823975
37,813333;-0,823975
37,815;-0,823975
37,816667;-0,823975
37,818333;-0,823975
37,82;-0,823975
37,821667;-0,823975
37,823333;-0,823975
37,825;-0,823975
37,826667;-0,823975
37,828333;-0,823975
37,83;-0,823975
37,831667;-0,823975
37,833333;-0,823975
37,835;-0,823975
37,836667;-0,823975
37,838333;-0,823975
37,84;-0,823975
37,841667;-0,823975
37,843333;-0,823975
37,845;-0,823975
37,846667;-0,823975
37,848333;-0,823975
37,85;-0,823975
37,851667;-0,823975
37,853333;-0,823975
37,855;-0,823975
37,856667;-0,823975
37,858333;-0,823975
37,86;-0,823975
37,861667;-0,823975
37,863333;-0,823975
37,865;-0,823975
37,866667;-0,823975
37,868333;-0,823975
37,87;-0,823975
37,871667;-0,823975
37,873333;-0,823975
37,875;-0,823975
37,876667;-0,823975
37,878333;-0,823975
37,88;-0,826836
37,881667;-0,826836
37,883333;-0,826836
37,885;-0,826836
37,886667;-0,826836
37,888333;-0,826836
37,89;-0,826836
37,891667;-0,826836
37,893333;-0,826836
37,895;-0,826836
37,896667;-0,826836
37,898333;-0,826836
37,9;-0,826836
37,901667;-0,826836
37,903333;-0,826836
37,905;-0,826836
37,906667;-0,826836
37,908333;-0,826836
37,91;-0,826836
37,911667;-0,826836
37,913333;-0,826836
37,915;-0,826836
37,916667;-0,826836
37,918333;-0,826836
37,92;-0,826836
37,921667;-0,826836
37,923333;-0,826836
37,925;-0,826836
37,926667;-0,826836
37,928333;-0,826836
37,93;-0,826836
37,931667;-0,826836
37,933333;-0,826836
37,935;-0,826836
37,936667;-0,826836
37,938333;-0,826836
37,94;-0,826836
37,941667;-0,826836
37,943333;-0,826836
37,945;-0,826836
37,946667;-0,826836
37,948333;-0,826836
37,95;-0,826836
37,951667;-0,826836
37,953333;-0,826836
37,955;-0,826836
37,956667;-0,826836
37,958333;-0,829697
37,96;-0,829697
37,961667;-0,829697
37,963333;-0,829697
37,965;-0,829697
37,966667;-0,829697
37,968333;-0,829697
37,97;-0,829697
37,971667;-0,829697
37,973333;-0,829697
37,975;-0,829697
37,976667;-0,829697
37,978333;-0,829697
37,98;-0,829697
37,981667;-0,829697
37,983333;-0,829697
37,985;-0,829697
37,986667;-0,829697
37,988333;-0,829697
37,99;-0,829697
37,991667;-0,829697
37,993333;-0,829697
37,995;-0,829697
37,996667;-0,829697
37,998333;-0,829697
38;-0,829697
38,001667;-0,829697
38,003333;-0,829697
38,005;-0,829697
38,006667;-0,829697
38,008333;-0,829697
38,01;-0,829697
38,011667;-0,829697
38,013333;-0,829697
38,015;-0,829697
38,016667;-0,829697
38,018333;-0,829697
38,02;-0,829697
38,021667;-0,829697
38,023333;-0,829697
38,025;-0,829697
38,026667;-0,829697
38,028333;-0,829697
38,03;-0,829697
38,031667;-0,829697
38,033333;-0,829697
38,035;-0,829697
38,036667;-0,829697
38,038333;-0,829697
38,04;-0,829697
38,041667;-0,829697
38,043333;-0,829697
38,045;-0,829697
38,046667;-0,829697
38,048333;-0,829697
38,05;-0,829697
38,051667;-0,829697
38,053333;-0,829697
38,055;-0,829697
38,056667;-0,829697
38,058333;-0,829697
38,06;-0,829697
38,061667;-0,829697
38,063333;-0,829697
38,065;-0,829697
38,066667;-0,829697
38,068333;-0,829697
38,07;-0,829697
38,071667;-0,829697
38,073333;-0,829697
38,075;-0,829697
38,076667;-0,829697
38,078333;-0,829697
38,08;-0,832558
38,081667;-0,832558
38,083333;-0,832558
38,085;-0,832558
38,086667;-0,832558
38,088333;-0,832558
38,09;-0,832558
38,091667;-0,832558
38,093333;-0,832558
38,095;-0,832558
38,096667;-0,832558
38,098333;-0,832558
38,1;-0,832558
38,101667;-0,832558
38,103333;-0,832558
38,105;-0,832558
38,106667;-0,832558
38,108333;-0,832558
38,11;-0,832558
38,111667;-0,832558
38,113333;-0,832558
38,115;-0,832558
38,116667;-0,832558
38,118333;-0,832558
38,12;-0,832558
38,121667;-0,832558
38,123333;-0,832558
38,125;-0,832558
38,126667;-0,832558
38,128333;-0,832558
38,13;-0,832558
38,131667;-0,832558
38,133333;-0,832558
38,135;-0,832558
38,136667;-0,832558
38,138333;-0,832558
38,14;-0,832558
38,141667;-0,832558
38,143333;-0,832558
38,145;-0,832558
38,146667;-0,832558
38,148333;-0,832558
38,15;-0,832558
38,151667;-0,832558
38,153333;-0,832558
38,155;-0,832558
38,156667;-0,832558
38,158333;-0,832558
38,16;-0,832558
38,161667;-0,832558
38,163333;-0,832558
38,165;-0,832558
38,166667;-0,832558
38,168333;-0,832558
38,17;-0,832558
38,171667;-0,832558
38,173333;-0,832558
38,175;-0,832558
38,176667;-0,832558
38,178333;-0,832558
38,18;-0,832558
38,181667;-0,832558
38,183333;-0,832558
38,185;-0,832558
38,186667;-0,832558
38,188333;-0,832558
38,19;-0,832558
38,191667;-0,832558
38,193333;-0,832558
38,195;-0,832558
38,196667;-0,832558
38,198333;-0,832558
38,2;-0,832558
38,201667;-0,832558
38,203333;-0,832558
38,205;-0,832558
38,206667;-0,832558
38,208333;-0,832558
38,21;-0,832558
38,211667;-0,832558
38,213333;-0,832558
38,215;-0,832558
38,216667;-0,832558
38,218333;-0,832558
38,22;-0,832558
38,221667;-0,832558
38,223333;-0,832558
38,225;-0,832558
38,226667;-0,832558
38,228333;-0,832558
38,23;-0,832558
38,231667;-0,832558
38,233333;-0,832558
38,235;-0,832558
38,236667;-0,832558
38,238333;-0,832558
38,24;-0,832558
38,241667;-0,832558
38,243333;-0,832558
38,245;-0,832558
38,246667;-0,832558
38,248333;-0,832558
38,25;-0,832558
38,251667;-0,832558
38,253333;-0,832558
38,255;-0,832558
38,256667;-0,832558
38,258333;-0,832558
38,26;-0,832558
38,261667;-0,832558
38,263333;-0,832558
38,265;-0,832558
38,266667;-0,832558
38,268333;-0,832558
38,27;-0,832558
38,271667;-0,832558
38,273333;-0,832558
38,275;-0,832558
38,276667;-0,832558
38,278333;-0,835419
38,28;-0,835419
38,281667;-0,835419
38,283333;-0,835419
38,285;-0,835419
38,286667;-0,835419
38,288333;-0,835419
38,29;-0,835419
38,291667;-0,835419
38,293333;-0,835419
38,295;-0,835419
38,296667;-0,835419
38,298333;-0,835419
38,3;-0,835419
38,301667;-0,835419
38,303333;-0,835419
38,305;-0,835419
38,306667;-0,835419
38,308333;-0,835419
38,31;-0,835419
38,311667;-0,835419
38,313333;-0,835419
38,315;-0,835419
38,316667;-0,835419
38,318333;-0,835419
38,32;-0,835419
38,321667;-0,835419
38,323333;-0,835419
38,325;-0,835419
38,326667;-0,835419
38,328333;-0,835419
38,33;-0,835419
38,331667;-0,835419
38,333333;-0,835419
38,335;-0,835419
38,336667;-0,835419
38,338333;-0,835419
38,34;-0,835419
38,341667;-0,835419
38,343333;-0,835419
38,345;-0,835419
38,346667;-0,835419
38,348333;-0,835419
38,35;-0,835419
38,351667;-0,835419
38,353333;-0,835419
38,355;-0,835419
38,356667;-0,835419
38,358333;-0,835419
38,36;-0,835419
38,361667;-0,835419
38,363333;-0,835419
38,365;-0,835419
38,366667;-0,835419
38,368333;-0,835419
38,37;-0,835419
38,371667;-0,835419
38,373333;-0,835419
38,375;-0,835419
38,376667;-0,835419
38,378333;-0,835419
38,38;-0,835419
38,381667;-0,835419
38,383333;-0,835419
38,385;-0,835419
38,386667;-0,835419
38,388333;-0,835419
38,39;-0,835419
38,391667;-0,835419
38,393333;-0,83828
38,395;-0,83828
38,396667;-0,83828
38,398333;-0,83828
38,4;-0,83828
38,401667;-0,83828
38,403333;-0,83828
38,405;-0,83828
38,406667;-0,83828
38,408333;-0,83828
38,41;-0,83828
38,411667;-0,83828
38,413333;-0,83828
38,415;-0,83828
38,416667;-0,83828
38,418333;-0,83828
38,42;-0,83828
38,421667;-0,83828
38,423333;-0,83828
38,425;-0,83828
38,426667;-0,83828
38,428333;-0,83828
38,43;-0,83828
38,431667;-0,83828
38,433333;-0,83828
38,435;-0,83828
38,436667;-0,83828
38,438333;-0,83828
38,44;-0,83828
38,441667;-0,83828
38,443333;-0,83828
38,445;-0,83828
38,446667;-0,83828
38,448333;-0,83828
38,45;-0,83828
38,451667;-0,83828
38,453333;-0,83828
38,455;-0,83828
38,456667;-0,83828
38,458333;-0,83828
38,46;-0,83828
38,461667;-0,83828
38,463333;-0,83828
38,465;-0,83828
38,466667;-0,83828
38,468333;-0,83828
38,47;-0,83828
38,471667;-0,83828
38,473333;-0,83828
38,475;-0,83828
38,476667;-0,83828
38,478333;-0,83828
38,48;-0,83828
38,481667;-0,83828
38,483333;-0,83828
38,485;-0,83828
38,486667;-0,83828
38,488333;-0,83828
38,49;-0,83828
38,491667;-0,83828
38,493333;-0,83828
38,495;-0,83828
38,496667;-0,83828
38,498333;-0,83828
38,5;-0,83828
38,501667;-0,83828
38,503333;-0,83828
38,505;-0,83828
38,506667;-0,83828
38,508333;-0,83828
38,51;-0,83828
38,511667;-0,83828
38,513333;-0,83828
38,515;-0,83828
38,516667;-0,83828
38,518333;-0,83828
38,52;-0,83828
38,521667;-0,83828
38,523333;-0,83828
38,525;-0,83828
38,526667;-0,83828
38,528333;-0,83828
38,53;-0,83828
38,531667;-0,83828
38,533333;-0,83828
38,535;-0,83828
38,536667;-0,83828
38,538333;-0,83828
38,54;-0,841141
38,541667;-0,841141
38,543333;-0,841141
38,545;-0,841141
38,546667;-0,841141
38,548333;-0,841141
38,55;-0,841141
38,551667;-0,841141
38,553333;-0,841141
38,555;-0,841141
38,556667;-0,841141
38,558333;-0,841141
38,56;-0,841141
38,561667;-0,841141
38,563333;-0,841141
38,565;-0,841141
38,566667;-0,841141
38,568333;-0,841141
38,57;-0,841141
38,571667;-0,841141
38,573333;-0,841141
38,575;-0,841141
38,576667;-0,841141
38,578333;-0,841141
38,58;-0,841141
38,581667;-0,841141
38,583333;-0,841141
38,585;-0,841141
38,586667;-0,841141
38,588333;-0,841141
38,59;-0,841141
38,591667;-0,841141
38,593333;-0,841141
38,595;-0,841141
38,596667;-0,841141
38,598333;-0,841141
38,6;-0,841141
38,601667;-0,841141
38,603333;-0,841141
38,605;-0,841141
38,606667;-0,841141
38,608333;-0,841141
38,61;-0,841141
38,611667;-0,844002
38,613333;-0,844002
38,615;-0,844002
38,616667;-0,844002
38,618333;-0,844002
38,62;-0,844002
38,621667;-0,844002
38,623333;-0,844002
38,625;-0,844002
38,626667;-0,844002
38,628333;-0,844002
38,63;-0,844002
38,631667;-0,844002
38,633333;-0,844002
38,635;-0,844002
38,636667;-0,844002
38,638333;-0,844002
38,64;-0,844002
38,641667;-0,844002
38,643333;-0,844002
38,645;-0,844002
38,646667;-0,844002
38,648333;-0,844002
38,65;-0,844002
38,651667;-0,844002
38,653333;-0,844002
38,655;-0,844002
38,656667;-0,844002
38,658333;-0,844002
38,66;-0,844002
38,661667;-0,846863
38,663333;-0,846863
38,665;-0,846863
38,666667;-0,846863
38,668333;-0,846863
38,67;-0,846863
38,671667;-0,846863
38,673333;-0,846863
38,675;-0,846863
38,676667;-0,846863
38,678333;-0,846863
38,68;-0,846863
38,681667;-0,846863
38,683333;-0,846863
38,685;-0,846863
38,686667;-0,846863
38,688333;-0,846863
38,69;-0,846863
38,691667;-0,846863
38,693333;-0,846863
38,695;-0,846863
38,696667;-0,846863
38,698333;-0,846863
38,7;-0,846863
38,701667;-0,846863
38,703333;-0,846863
38,705;-0,846863
38,706667;-0,846863
38,708333;-0,846863
38,71;-0,846863
38,711667;-0,846863
38,713333;-0,846863
38,715;-0,846863
38,716667;-0,846863
38,718333;-0,846863
38,72;-0,846863
38,721667;-0,846863
38,723333;-0,846863
38,725;-0,846863
38,726667;-0,846863
38,728333;-0,846863
38,73;-0,846863
38,731667;-0,846863
38,733333;-0,846863
38,735;-0,846863
38,736667;-0,846863
38,738333;-0,846863
38,74;-0,846863
38,741667;-0,846863
38,743333;-0,846863
38,745;-0,846863
38,746667;-0,846863
38,748333;-0,846863
38,75;-0,846863
38,751667;-0,846863
38,753333;-0,846863
38,755;-0,846863
38,756667;-0,846863
38,758333;-0,846863
38,76;-0,846863
38,761667;-0,846863
38,763333;-0,846863
38,765;-0,846863
38,766667;-0,846863
38,768333;-0,846863
38,77;-0,846863
38,771667;-0,846863
38,773333;-0,846863
38,775;-0,846863
38,776667;-0,846863
38,778333;-0,846863
38,78;-0,846863
38,781667;-0,846863
38,783333;-0,846863
38,785;-0,846863
38,786667;-0,846863
38,788333;-0,846863
38,79;-0,846863
38,791667;-0,849724
38,793333;-0,849724
38,795;-0,849724
38,796667;-0,849724
38,798333;-0,849724
38,8;-0,849724
38,801667;-0,849724
38,803333;-0,849724
38,805;-0,849724
38,806667;-0,849724
38,808333;-0,849724
38,81;-0,849724
38,811667;-0,849724
38,813333;-0,849724
38,815;-0,849724
38,816667;-0,849724
38,818333;-0,849724
38,82;-0,849724
38,821667;-0,849724
38,823333;-0,849724
38,825;-0,849724
38,826667;-0,849724
38,828333;-0,849724
38,83;-0,849724
38,831667;-0,849724
38,833333;-0,849724
38,835;-0,849724
38,836667;-0,849724
38,838333;-0,849724
38,84;-0,849724
38,841667;-0,849724
38,843333;-0,849724
38,845;-0,849724
38,846667;-0,849724
38,848333;-0,849724
38,85;-0,849724
38,851667;-0,849724
38,853333;-0,849724
38,855;-0,849724
38,856667;-0,849724
38,858333;-0,849724
38,86;-0,849724
38,861667;-0,849724
38,863333;-0,849724
38,865;-0,849724
38,866667;-0,849724
38,868333;-0,849724
38,87;-0,849724
38,871667;-0,849724
38,873333;-0,849724
38,875;-0,849724
38,876667;-0,849724
38,878333;-0,849724
38,88;-0,849724
38,881667;-0,849724
38,883333;-0,849724
38,885;-0,849724
38,886667;-0,849724
38,888333;-0,849724
38,89;-0,849724
38,891667;-0,849724
38,893333;-0,849724
38,895;-0,849724
38,896667;-0,849724
38,898333;-0,849724
38,9;-0,849724
38,901667;-0,849724
38,903333;-0,849724
38,905;-0,849724
38,906667;-0,849724
38,908333;-0,849724
38,91;-0,849724
38,911667;-0,849724
38,913333;-0,849724
38,915;-0,849724
38,916667;-0,849724
38,918333;-0,849724
38,92;-0,849724
38,921667;-0,849724
38,923333;-0,849724
38,925;-0,849724
38,926667;-0,846863
38,928333;-0,846863
38,93;-0,846863
38,931667;-0,846863
38,933333;-0,849724
38,935;-0,849724
38,936667;-0,849724
38,938333;-0,849724
38,94;-0,849724
38,941667;-0,849724
38,943333;-0,849724
38,945;-0,849724
38,946667;-0,849724
38,948333;-0,849724
38,95;-0,849724
38,951667;-0,849724
38,953333;-0,849724
38,955;-0,849724
38,956667;-0,849724
38,958333;-0,849724
38,96;-0,849724
38,961667;-0,849724
38,963333;-0,849724
38,965;-0,849724
38,966667;-0,849724
38,968333;-0,849724
38,97;-0,849724
38,971667;-0,849724
38,973333;-0,849724
38,975;-0,852585
38,976667;-0,852585
38,978333;-0,852585
38,98;-0,852585
38,981667;-0,852585
38,983333;-0,852585
38,985;-0,852585
38,986667;-0,852585
38,988333;-0,852585
38,99;-0,852585
38,991667;-0,852585
38,993333;-0,852585
38,995;-0,852585
38,996667;-0,852585
38,998333;-0,852585
39;-0,852585
39,001667;-0,852585
39,003333;-0,852585
39,005;-0,852585
39,006667;-0,852585
39,008333;-0,852585
39,01;-0,852585
39,011667;-0,852585
39,013333;-0,852585
39,015;-0,852585
39,016667;-0,852585
39,018333;-0,852585
39,02;-0,852585
39,021667;-0,852585
39,023333;-0,852585
39,025;-0,852585
39,026667;-0,852585
39,028333;-0,852585
39,03;-0,852585
39,031667;-0,852585
39,033333;-0,855446
39,035;-0,855446
39,036667;-0,855446
39,038333;-0,855446
39,04;-0,855446
39,041667;-0,855446
39,043333;-0,855446
39,045;-0,855446
39,046667;-0,855446
39,048333;-0,855446
39,05;-0,855446
39,051667;-0,855446
39,053333;-0,855446
39,055;-0,855446
39,056667;-0,855446
39,058333;-0,855446
39,06;-0,855446
39,061667;-0,855446
39,063333;-0,855446
39,065;-0,855446
39,066667;-0,855446
39,068333;-0,855446
39,07;-0,855446
39,071667;-0,855446
39,073333;-0,855446
39,075;-0,855446
39,076667;-0,855446
39,078333;-0,855446
39,08;-0,855446
39,081667;-0,855446
39,083333;-0,855446
39,085;-0,855446
39,086667;-0,855446
39,088333;-0,855446
39,09;-0,855446
39,091667;-0,855446
39,093333;-0,855446
39,095;-0,855446
39,096667;-0,855446
39,098333;-0,855446
39,1;-0,855446
39,101667;-0,855446
39,103333;-0,855446
39,105;-0,858307
39,106667;-0,858307
39,108333;-0,858307
39,11;-0,858307
39,111667;-0,858307
39,113333;-0,858307
39,115;-0,858307
39,116667;-0,858307
39,118333;-0,858307
39,12;-0,858307
39,121667;-0,858307
39,123333;-0,858307
39,125;-0,858307
39,126667;-0,858307
39,128333;-0,858307
39,13;-0,858307
39,131667;-0,858307
39,133333;-0,858307
39,135;-0,858307
39,136667;-0,858307
39,138333;-0,858307
39,14;-0,858307
39,141667;-0,858307
39,143333;-0,858307
39,145;-0,858307
39,146667;-0,858307
39,148333;-0,858307
39,15;-0,858307
39,151667;-0,858307
39,153333;-0,858307
39,155;-0,858307
39,156667;-0,858307
39,158333;-0,858307
39,16;-0,858307
39,161667;-0,858307
39,163333;-0,858307
39,165;-0,858307
39,166667;-0,858307
39,168333;-0,858307
39,17;-0,858307
39,171667;-0,858307
39,173333;-0,858307
39,175;-0,858307
39,176667;-0,858307
39,178333;-0,858307
39,18;-0,858307
39,181667;-0,858307
39,183333;-0,858307
39,185;-0,858307
39,186667;-0,858307
39,188333;-0,858307
39,19;-0,858307
39,191667;-0,858307
39,193333;-0,858307
39,195;-0,858307
39,196667;-0,858307
39,198333;-0,858307
39,2;-0,858307
39,201667;-0,858307
39,203333;-0,858307
39,205;-0,858307
39,206667;-0,858307
39,208333;-0,858307
39,21;-0,858307
39,211667;-0,858307
39,213333;-0,858307
39,215;-0,858307
39,216667;-0,858307
39,218333;-0,858307
39,22;-0,858307
39,221667;-0,858307
39,223333;-0,858307
39,225;-0,858307
39,226667;-0,858307
39,228333;-0,858307
39,23;-0,858307
39,231667;-0,858307
39,233333;-0,858307
39,235;-0,858307
39,236667;-0,861168
39,238333;-0,861168
39,24;-0,861168
39,241667;-0,861168
39,243333;-0,861168
39,245;-0,861168
39,246667;-0,861168
39,248333;-0,861168
39,25;-0,861168
39,251667;-0,861168
39,253333;-0,861168
39,255;-0,861168
39,256667;-0,861168
39,258333;-0,861168
39,26;-0,861168
39,261667;-0,861168
39,263333;-0,861168
39,265;-0,861168
39,266667;-0,861168
39,268333;-0,861168
39,27;-0,861168
39,271667;-0,861168
39,273333;-0,861168
39,275;-0,861168
39,276667;-0,861168
39,278333;-0,861168
39,28;-0,861168
39,281667;-0,861168
39,283333;-0,861168
39,285;-0,861168
39,286667;-0,861168
39,288333;-0,861168
39,29;-0,861168
39,291667;-0,861168
39,293333;-0,861168
39,295;-0,861168
39,296667;-0,861168
39,298333;-0,861168
39,3;-0,861168
39,301667;-0,861168
39,303333;-0,861168
39,305;-0,861168
39,306667;-0,861168
39,308333;-0,861168
39,31;-0,861168
39,311667;-0,861168
39,313333;-0,861168
39,315;-0,861168
39,316667;-0,861168
39,318333;-0,861168
39,32;-0,861168
39,321667;-0,861168
39,323333;-0,861168
39,325;-0,861168
39,326667;-0,861168
39,328333;-0,861168
39,33;-0,861168
39,331667;-0,861168
39,333333;-0,861168
39,335;-0,861168
39,336667;-0,861168
39,338333;-0,861168
39,34;-0,861168
39,341667;-0,861168
39,343333;-0,861168
39,345;-0,861168
39,346667;-0,861168
39,348333;-0,861168
39,35;-0,861168
39,351667;-0,861168
39,353333;-0,861168
39,355;-0,861168
39,356667;-0,861168
39,358333;-0,861168
39,36;-0,861168
39,361667;-0,861168
39,363333;-0,861168
39,365;-0,861168
39,366667;-0,861168
39,368333;-0,861168
39,37;-0,861168
39,371667;-0,861168
39,373333;-0,861168
39,375;-0,861168
39,376667;-0,861168
39,378333;-0,861168
39,38;-0,861168
39,381667;-0,861168
39,383333;-0,861168
39,385;-0,861168
39,386667;-0,861168
39,388333;-0,864029
39,39;-0,864029
39,391667;-0,864029
39,393333;-0,864029
39,395;-0,864029
39,396667;-0,864029
39,398333;-0,864029
39,4;-0,864029
39,401667;-0,864029
39,403333;-0,864029
39,405;-0,864029
39,406667;-0,864029
39,408333;-0,864029
39,41;-0,864029
39,411667;-0,864029
39,413333;-0,864029
39,415;-0,864029
39,416667;-0,864029
39,418333;-0,864029
39,42;-0,864029
39,421667;-0,864029
39,423333;-0,864029
39,425;-0,864029
39,426667;-0,864029
39,428333;-0,864029
39,43;-0,864029
39,431667;-0,864029
39,433333;-0,864029
39,435;-0,864029
39,436667;-0,864029
39,438333;-0,864029
39,44;-0,864029
39,441667;-0,864029
39,443333;-0,864029
39,445;-0,864029
39,446667;-0,864029
39,448333;-0,864029
39,45;-0,864029
39,451667;-0,864029
39,453333;-0,864029
39,455;-0,864029
39,456667;-0,864029
39,458333;-0,864029
39,46;-0,864029
39,461667;-0,864029
39,463333;-0,864029
39,465;-0,864029
39,466667;-0,864029
39,468333;-0,864029
39,47;-0,864029
39,471667;-0,864029
39,473333;-0,864029
39,475;-0,864029
39,476667;-0,864029
39,478333;-0,86689
39,48;-0,86689
39,481667;-0,86689
39,483333;-0,86689
39,485;-0,86689
39,486667;-0,86689
39,488333;-0,86689
39,49;-0,86689
39,491667;-0,86689
39,493333;-0,86689
39,495;-0,86689
39,496667;-0,86689
39,498333;-0,86689
39,5;-0,86689
39,501667;-0,86689
39,503333;-0,86689
39,505;-0,864029
39,506667;-0,864029
39,508333;-0,864029
39,51;-0,864029
39,511667;-0,86689
39,513333;-0,86689
39,515;-0,86689
39,516667;-0,864029
39,518333;-0,864029
39,52;-0,864029
39,521667;-0,864029
39,523333;-0,864029
39,525;-0,864029
39,526667;-0,864029
39,528333;-0,864029
39,53;-0,864029
39,531667;-0,864029
39,533333;-0,864029
39,535;-0,864029
39,536667;-0,864029
39,538333;-0,864029
39,54;-0,864029
39,541667;-0,86689
39,543333;-0,86689
39,545;-0,86689
39,546667;-0,86689
39,548333;-0,86689
39,55;-0,86689
39,551667;-0,86689
39,553333;-0,86689
39,555;-0,86689
39,556667;-0,86689
39,558333;-0,86689
39,56;-0,86689
39,561667;-0,86689
39,563333;-0,86689
39,565;-0,86689
39,566667;-0,86689
39,568333;-0,86689
39,57;-0,86689
39,571667;-0,86689
39,573333;-0,86689
39,575;-0,86689
39,576667;-0,86689
39,578333;-0,86689
39,58;-0,86689
39,581667;-0,86689
39,583333;-0,86689
39,585;-0,86689
39,586667;-0,86689
39,588333;-0,86689
39,59;-0,86689
39,591667;-0,86689
39,593333;-0,86689
39,595;-0,86689
39,596667;-0,86689
39,598333;-0,86689
39,6;-0,86689
39,601667;-0,86689
39,603333;-0,869751
39,605;-0,869751
39,606667;-0,869751
39,608333;-0,869751
39,61;-0,869751
39,611667;-0,869751
39,613333;-0,869751
39,615;-0,869751
39,616667;-0,869751
39,618333;-0,869751
39,62;-0,869751
39,621667;-0,869751
39,623333;-0,869751
39,625;-0,869751
39,626667;-0,869751
39,628333;-0,869751
39,63;-0,869751
39,631667;-0,869751
39,633333;-0,869751
39,635;-0,869751
39,636667;-0,869751
39,638333;-0,869751
39,64;-0,869751
39,641667;-0,869751
39,643333;-0,869751
39,645;-0,869751
39,646667;-0,869751
39,648333;-0,869751
39,65;-0,869751
39,651667;-0,869751
39,653333;-0,869751
39,655;-0,869751
39,656667;-0,869751
39,658333;-0,869751
39,66;-0,869751
39,661667;-0,869751
39,663333;-0,869751
39,665;-0,872612
39,666667;-0,872612
39,668333;-0,872612
39,67;-0,872612
39,671667;-0,872612
39,673333;-0,869751
39,675;-0,869751
39,676667;-0,869751
39,678333;-0,869751
39,68;-0,869751
39,681667;-0,872612
39,683333;-0,872612
39,685;-0,872612
39,686667;-0,872612
39,688333;-0,872612
39,69;-0,872612
39,691667;-0,872612
39,693333;-0,872612
39,695;-0,872612
39,696667;-0,872612
39,698333;-0,872612
39,7;-0,872612
39,701667;-0,872612
39,703333;-0,872612
39,705;-0,872612
39,706667;-0,872612
39,708333;-0,872612
39,71;-0,872612
39,711667;-0,872612
39,713333;-0,872612
39,715;-0,872612
39,716667;-0,872612
39,718333;-0,872612
39,72;-0,872612
39,721667;-0,872612
39,723333;-0,872612
39,725;-0,872612
39,726667;-0,872612
39,728333;-0,872612
39,73;-0,872612
39,731667;-0,872612
39,733333;-0,872612
39,735;-0,872612
39,736667;-0,872612
39,738333;-0,872612
39,74;-0,872612
39,741667;-0,872612
39,743333;-0,872612
39,745;-0,872612
39,746667;-0,872612
39,748333;-0,872612
39,75;-0,872612
39,751667;-0,872612
39,753333;-0,872612
39,755;-0,872612
39,756667;-0,872612
39,758333;-0,872612
39,76;-0,872612
39,761667;-0,872612
39,763333;-0,872612
39,765;-0,872612
39,766667;-0,872612
39,768333;-0,872612
39,77;-0,872612
39,771667;-0,872612
39,773333;-0,872612
39,775;-0,872612
39,776667;-0,872612
39,778333;-0,872612
39,78;-0,872612
39,781667;-0,872612
39,783333;-0,872612
39,785;-0,872612
39,786667;-0,872612
39,788333;-0,872612
39,79;-0,872612
39,791667;-0,872612
39,793333;-0,872612
39,795;-0,872612
39,796667;-0,872612
39,798333;-0,872612
39,8;-0,875473
39,801667;-0,875473
39,803333;-0,875473
39,805;-0,875473
39,806667;-0,875473
39,808333;-0,875473
39,81;-0,875473
39,811667;-0,875473
39,813333;-0,875473
39,815;-0,875473
39,816667;-0,875473
39,818333;-0,875473
39,82;-0,875473
39,821667;-0,875473
39,823333;-0,875473
39,825;-0,875473
39,826667;-0,875473
39,828333;-0,875473
39,83;-0,875473
39,831667;-0,875473
39,833333;-0,875473
39,835;-0,875473
39,836667;-0,875473
39,838333;-0,875473
39,84;-0,875473
39,841667;-0,875473
39,843333;-0,875473
39,845;-0,875473
39,846667;-0,875473
39,848333;-0,875473
39,85;-0,875473
39,851667;-0,875473
39,853333;-0,875473
39,855;-0,875473
39,856667;-0,875473
39,858333;-0,875473
39,86;-0,875473
39,861667;-0,878334
39,863333;-0,878334
39,865;-0,878334
39,866667;-0,878334
39,868333;-0,878334
39,87;-0,878334
39,871667;-0,878334
39,873333;-0,878334
39,875;-0,878334
39,876667;-0,878334
39,878333;-0,878334
39,88;-0,878334
39,881667;-0,878334
39,883333;-0,878334
39,885;-0,878334
39,886667;-0,878334
39,888333;-0,878334
39,89;-0,878334
39,891667;-0,878334
39,893333;-0,878334
39,895;-0,878334
39,896667;-0,878334
39,898333;-0,878334
39,9;-0,878334
39,901667;-0,878334
39,903333;-0,878334
39,905;-0,878334
39,906667;-0,878334
39,908333;-0,881195
39,91;-0,881195
39,911667;-0,881195
39,913333;-0,881195
39,915;-0,881195
39,916667;-0,881195
39,918333;-0,881195
39,92;-0,881195
39,921667;-0,881195
39,923333;-0,881195
39,925;-0,881195
39,926667;-0,881195
39,928333;-0,881195
39,93;-0,881195
39,931667;-0,881195
39,933333;-0,881195
39,935;-0,881195
39,936667;-0,881195
39,938333;-0,881195
39,94;-0,881195
39,941667;-0,881195
39,943333;-0,881195
39,945;-0,881195
39,946667;-0,881195
39,948333;-0,881195
39,95;-0,881195
39,951667;-0,881195
39,953333;-0,881195
39,955;-0,881195
39,956667;-0,881195
39,958333;-0,881195
39,96;-0,881195
39,961667;-0,881195
39,963333;-0,881195
39,965;-0,881195
39,966667;-0,881195
39,968333;-0,881195
39,97;-0,881195
39,971667;-0,881195
39,973333;-0,881195
39,975;-0,881195
39,976667;-0,881195
39,978333;-0,881195
39,98;-0,881195
39,981667;-0,881195
39,983333;-0,881195
39,985;-0,881195
39,986667;-0,881195
39,988333;-0,881195
39,99;-0,881195
39,991667;-0,881195
39,993333;-0,881195
39,995;-0,881195
39,996667;-0,881195
39,998333;-0,881195
40;-0,881195
