Time (min);Value (µRIU)
0;-0,005722
0,001667;-0,005722
0,003333;-0,005722
0,005;-0,005722
0,006667;-0,005722
0,008333;-0,005722
0,01;-0,005722
0,011667;-0,005722
0,013333;-0,005722
0,015;-0,005722
0,016667;-0,005722
0,018333;-0,005722
0,02;-0,005722
0,021667;-0,005722
0,023333;-0,005722
0,025;-0,005722
0,026667;-0,005722
0,028333;-0,005722
0,03;-0,005722
0,031667;-0,005722
0,033333;-0,005722
0,035;-0,005722
0,036667;-0,005722
0,038333;-0,005722
0,04;-0,005722
0,041667;-0,005722
0,043333;-0,005722
0,045;-0,005722
0,046667;-0,005722
0,048333;-0,005722
0,05;-0,005722
0,051667;-0,005722
0,053333;-0,005722
0,055;-0,005722
0,056667;-0,005722
0,058333;-0,005722
0,06;-0,005722
0,061667;-0,005722
0,063333;-0,005722
0,065;-0,005722
0,066667;-0,005722
0,068333;-0,005722
0,07;-0,005722
0,071667;-0,005722
0,073333;-0,005722
0,075;-0,005722
0,076667;-0,005722
0,078333;-0,005722
0,08;-0,005722
0,081667;-0,005722
0,083333;-0,005722
0,085;-0,005722
0,086667;-0,005722
0,088333;-0,005722
0,09;-0,005722
0,091667;-0,005722
0,093333;-0,005722
0,095;-0,005722
0,096667;-0,005722
0,098333;-0,005722
0,1;-0,005722
0,101667;-0,005722
0,103333;-0,005722
0,105;-0,005722
0,106667;-0,005722
0,108333;-0,005722
0,11;-0,005722
0,111667;-0,005722
0,113333;-0,005722
0,115;-0,005722
0,116667;-0,005722
0,118333;-0,005722
0,12;-0,005722
0,121667;-0,005722
0,123333;-0,005722
0,125;-0,005722
0,126667;-0,005722
0,128333;-0,005722
0,13;-0,005722
0,131667;-0,005722
0,133333;-0,005722
0,135;-0,005722
0,136667;-0,005722
0,138333;-0,005722
0,14;-0,005722
0,141667;-0,005722
0,143333;-0,005722
0,145;-0,005722
0,146667;-0,005722
0,148333;-0,005722
0,15;-0,005722
0,151667;-0,005722
0,153333;-0,005722
0,155;-0,005722
0,156667;-0,005722
0,158333;-0,005722
0,16;-0,005722
0,161667;-0,005722
0,163333;-0,005722
0,165;-0,005722
0,166667;-0,005722
0,168333;-0,005722
0,17;-0,005722
0,171667;-0,005722
0,173333;-0,005722
0,175;-0,005722
0,176667;-0,005722
0,178333;-0,005722
0,18;-0,005722
0,181667;-0,005722
0,183333;-0,005722
0,185;-0,005722
0,186667;-0,005722
0,188333;-0,005722
0,19;-0,005722
0,191667;-0,005722
0,193333;-0,005722
0,195;-0,005722
0,196667;-0,005722
0,198333;-0,005722
0,2;-0,005722
0,201667;-0,005722
0,203333;-0,005722
0,205;-0,005722
0,206667;-0,005722
0,208333;-0,005722
0,21;-0,005722
0,211667;-0,005722
0,213333;-0,005722
0,215;-0,005722
0,216667;-0,005722
0,218333;-0,005722
0,22;-0,005722
0,221667;-0,005722
0,223333;-0,005722
0,225;-0,005722
0,226667;-0,005722
0,228333;-0,005722
0,23;-0,005722
0,231667;-0,005722
0,233333;-0,005722
0,235;-0,005722
0,236667;-0,005722
0,238333;-0,005722
0,24;-0,005722
0,241667;-0,005722
0,243333;-0,005722
0,245;-0,005722
0,246667;-0,005722
0,248333;-0,005722
0,25;-0,005722
0,251667;-0,005722
0,253333;-0,005722
0,255;-0,005722
0,256667;-0,005722
0,258333;-0,005722
0,26;-0,005722
0,261667;-0,005722
0,263333;-0,005722
0,265;-0,005722
0,266667;-0,005722
0,268333;-0,005722
0,27;-0,005722
0,271667;-0,005722
0,273333;-0,005722
0,275;-0,005722
0,276667;-0,005722
0,278333;-0,005722
0,28;-0,005722
0,281667;-0,005722
0,283333;-0,005722
0,285;-0,005722
0,286667;-0,005722
0,288333;-0,005722
0,29;-0,005722
0,291667;-0,005722
0,293333;-0,005722
0,295;-0,005722
0,296667;-0,005722
0,298333;-0,005722
0,3;-0,005722
0,301667;-0,005722
0,303333;-0,005722
0,305;-0,005722
0,306667;-0,005722
0,308333;-0,005722
0,31;-0,005722
0,311667;-0,005722
0,313333;-0,005722
0,315;-0,005722
0,316667;-0,005722
0,318333;-0,005722
0,32;-0,005722
0,321667;-0,005722
0,323333;-0,005722
0,325;-0,005722
0,326667;-0,005722
0,328333;-0,005722
0,33;-0,005722
0,331667;-0,005722
0,333333;-0,005722
0,335;-0,005722
0,336667;-0,005722
0,338333;-0,005722
0,34;-0,005722
0,341667;-0,005722
0,343333;-0,005722
0,345;-0,005722
0,346667;-0,005722
0,348333;-0,005722
0,35;-0,005722
0,351667;-0,005722
0,353333;-0,005722
0,355;-0,005722
0,356667;-0,005722
0,358333;-0,005722
0,36;-0,005722
0,361667;-0,005722
0,363333;-0,005722
0,365;-0,005722
0,366667;-0,005722
0,368333;-0,005722
0,37;-0,005722
0,371667;-0,005722
0,373333;-0,005722
0,375;-0,005722
0,376667;-0,005722
0,378333;-0,005722
0,38;-0,005722
0,381667;-0,005722
0,383333;-0,005722
0,385;-0,005722
0,386667;-0,005722
0,388333;-0,005722
0,39;-0,005722
0,391667;-0,005722
0,393333;-0,005722
0,395;-0,005722
0,396667;-0,005722
0,398333;-0,005722
0,4;-0,005722
0,401667;-0,005722
0,403333;-0,005722
0,405;-0,005722
0,406667;-0,005722
0,408333;-0,005722
0,41;-0,005722
0,411667;-0,005722
0,413333;-0,005722
0,415;-0,005722
0,416667;-0,005722
0,418333;-0,005722
0,42;-0,005722
0,421667;-0,005722
0,423333;-0,005722
0,425;-0,005722
0,426667;-0,005722
0,428333;-0,005722
0,43;-0,008583
0,431667;-0,008583
0,433333;-0,008583
0,435;-0,008583
0,436667;-0,008583
0,438333;-0,008583
0,44;-0,008583
0,441667;-0,008583
0,443333;-0,008583
0,445;-0,008583
0,446667;-0,008583
0,448333;-0,008583
0,45;-0,008583
0,451667;-0,008583
0,453333;-0,008583
0,455;-0,008583
0,456667;-0,008583
0,458333;-0,008583
0,46;-0,008583
0,461667;-0,008583
0,463333;-0,008583
0,465;-0,008583
0,466667;-0,008583
0,468333;-0,008583
0,47;-0,008583
0,471667;-0,008583
0,473333;-0,008583
0,475;-0,008583
0,476667;-0,008583
0,478333;-0,008583
0,48;-0,008583
0,481667;-0,008583
0,483333;-0,008583
0,485;-0,008583
0,486667;-0,008583
0,488333;-0,008583
0,49;-0,008583
0,491667;-0,008583
0,493333;-0,008583
0,495;-0,008583
0,496667;-0,008583
0,498333;-0,008583
0,5;-0,008583
0,501667;-0,008583
0,503333;-0,008583
0,505;-0,008583
0,506667;-0,008583
0,508333;-0,008583
0,51;-0,008583
0,511667;-0,008583
0,513333;-0,008583
0,515;-0,008583
0,516667;-0,008583
0,518333;-0,008583
0,52;-0,008583
0,521667;-0,008583
0,523333;-0,008583
0,525;-0,008583
0,526667;-0,008583
0,528333;-0,008583
0,53;-0,008583
0,531667;-0,008583
0,533333;-0,008583
0,535;-0,008583
0,536667;-0,008583
0,538333;-0,008583
0,54;-0,008583
0,541667;-0,008583
0,543333;-0,008583
0,545;-0,008583
0,546667;-0,008583
0,548333;-0,008583
0,55;-0,008583
0,551667;-0,008583
0,553333;-0,008583
0,555;-0,008583
0,556667;-0,008583
0,558333;-0,008583
0,56;-0,008583
0,561667;-0,008583
0,563333;-0,008583
0,565;-0,008583
0,566667;-0,008583
0,568333;-0,008583
0,57;-0,008583
0,571667;-0,008583
0,573333;-0,008583
0,575;-0,008583
0,576667;-0,008583
0,578333;-0,008583
0,58;-0,008583
0,581667;-0,008583
0,583333;-0,008583
0,585;-0,008583
0,586667;-0,008583
0,588333;-0,008583
0,59;-0,008583
0,591667;-0,008583
0,593333;-0,008583
0,595;-0,008583
0,596667;-0,008583
0,598333;-0,008583
0,6;-0,008583
0,601667;-0,008583
0,603333;-0,008583
0,605;-0,008583
0,606667;-0,008583
0,608333;-0,008583
0,61;-0,008583
0,611667;-0,008583
0,613333;-0,008583
0,615;-0,008583
0,616667;-0,008583
0,618333;-0,008583
0,62;-0,008583
0,621667;-0,008583
0,623333;-0,008583
0,625;-0,008583
0,626667;-0,008583
0,628333;-0,008583
0,63;-0,008583
0,631667;-0,008583
0,633333;-0,008583
0,635;-0,008583
0,636667;-0,008583
0,638333;-0,008583
0,64;-0,008583
0,641667;-0,008583
0,643333;-0,008583
0,645;-0,008583
0,646667;-0,008583
0,648333;-0,008583
0,65;-0,008583
0,651667;-0,008583
0,653333;-0,008583
0,655;-0,008583
0,656667;-0,008583
0,658333;-0,008583
0,66;-0,008583
0,661667;-0,008583
0,663333;-0,008583
0,665;-0,008583
0,666667;-0,008583
0,668333;-0,008583
0,67;-0,008583
0,671667;-0,008583
0,673333;-0,008583
0,675;-0,008583
0,676667;-0,008583
0,678333;-0,008583
0,68;-0,008583
0,681667;-0,008583
0,683333;-0,008583
0,685;-0,008583
0,686667;-0,008583
0,688333;-0,008583
0,69;-0,008583
0,691667;-0,008583
0,693333;-0,008583
0,695;-0,008583
0,696667;-0,008583
0,698333;-0,008583
0,7;-0,008583
0,701667;-0,008583
0,703333;-0,008583
0,705;-0,008583
0,706667;-0,008583
0,708333;-0,008583
0,71;-0,008583
0,711667;-0,008583
0,713333;-0,008583
0,715;-0,008583
0,716667;-0,008583
0,718333;-0,008583
0,72;-0,008583
0,721667;-0,008583
0,723333;-0,008583
0,725;-0,008583
0,726667;-0,008583
0,728333;-0,008583
0,73;-0,008583
0,731667;-0,008583
0,733333;-0,008583
0,735;-0,008583
0,736667;-0,008583
0,738333;-0,008583
0,74;-0,008583
0,741667;-0,008583
0,743333;-0,008583
0,745;-0,008583
0,746667;-0,008583
0,748333;-0,008583
0,75;-0,008583
0,751667;-0,008583
0,753333;-0,008583
0,755;-0,008583
0,756667;-0,008583
0,758333;-0,008583
0,76;-0,008583
0,761667;-0,008583
0,763333;-0,008583
0,765;-0,008583
0,766667;-0,008583
0,768333;-0,008583
0,77;-0,008583
0,771667;-0,008583
0,773333;-0,008583
0,775;-0,008583
0,776667;-0,008583
0,778333;-0,008583
0,78;-0,008583
0,781667;-0,008583
0,783333;-0,008583
0,785;-0,008583
0,786667;-0,008583
0,788333;-0,008583
0,79;-0,008583
0,791667;-0,008583
0,793333;-0,008583
0,795;-0,008583
0,796667;-0,008583
0,798333;-0,008583
0,8;-0,008583
0,801667;-0,008583
0,803333;-0,008583
0,805;-0,008583
0,806667;-0,008583
0,808333;-0,008583
0,81;-0,008583
0,811667;-0,008583
0,813333;-0,008583
0,815;-0,008583
0,816667;-0,008583
0,818333;-0,008583
0,82;-0,008583
0,821667;-0,008583
0,823333;-0,008583
0,825;-0,008583
0,826667;-0,008583
0,828333;-0,008583
0,83;-0,008583
0,831667;-0,008583
0,833333;-0,008583
0,835;-0,008583
0,836667;-0,008583
0,838333;-0,008583
0,84;-0,008583
0,841667;-0,008583
0,843333;-0,008583
0,845;-0,008583
0,846667;-0,008583
0,848333;-0,008583
0,85;-0,008583
0,851667;-0,008583
0,853333;-0,008583
0,855;-0,008583
0,856667;-0,008583
0,858333;-0,008583
0,86;-0,008583
0,861667;-0,008583
0,863333;-0,008583
0,865;-0,008583
0,866667;-0,008583
0,868333;-0,008583
0,87;-0,008583
0,871667;-0,008583
0,873333;-0,008583
0,875;-0,008583
0,876667;-0,008583
0,878333;-0,008583
0,88;-0,008583
0,881667;-0,008583
0,883333;-0,008583
0,885;-0,008583
0,886667;-0,008583
0,888333;-0,008583
0,89;-0,008583
0,891667;-0,008583
0,893333;-0,008583
0,895;-0,008583
0,896667;-0,008583
0,898333;-0,008583
0,9;-0,008583
0,901667;-0,008583
0,903333;-0,008583
0,905;-0,008583
0,906667;-0,008583
0,908333;-0,008583
0,91;-0,008583
0,911667;-0,008583
0,913333;-0,008583
0,915;-0,008583
0,916667;-0,008583
0,918333;-0,008583
0,92;-0,008583
0,921667;-0,008583
0,923333;-0,008583
0,925;-0,008583
0,926667;-0,008583
0,928333;-0,008583
0,93;-0,008583
0,931667;-0,008583
0,933333;-0,008583
0,935;-0,008583
0,936667;-0,008583
0,938333;-0,008583
0,94;-0,008583
0,941667;-0,008583
0,943333;-0,008583
0,945;-0,008583
0,946667;-0,008583
0,948333;-0,008583
0,95;-0,008583
0,951667;-0,008583
0,953333;-0,008583
0,955;-0,008583
0,956667;-0,008583
0,958333;-0,008583
0,96;-0,008583
0,961667;-0,008583
0,963333;-0,008583
0,965;-0,008583
0,966667;-0,008583
0,968333;-0,008583
0,97;-0,008583
0,971667;-0,008583
0,973333;-0,008583
0,975;-0,008583
0,976667;-0,008583
0,978333;-0,008583
0,98;-0,008583
0,981667;-0,008583
0,983333;-0,008583
0,985;-0,008583
0,986667;-0,008583
0,988333;-0,008583
0,99;-0,008583
0,991667;-0,008583
0,993333;-0,008583
0,995;-0,008583
0,996667;-0,008583
0,998333;-0,008583
1;-0,008583
1,001667;-0,008583
1,003333;-0,008583
1,005;-0,008583
1,006667;-0,008583
1,008333;-0,008583
1,01;-0,008583
1,011667;-0,008583
1,013333;-0,008583
1,015;-0,008583
1,016667;-0,008583
1,018333;-0,008583
1,02;-0,008583
1,021667;-0,008583
1,023333;-0,008583
1,025;-0,008583
1,026667;-0,008583
1,028333;-0,008583
1,03;-0,008583
1,031667;-0,008583
1,033333;-0,008583
1,035;-0,008583
1,036667;-0,008583
1,038333;-0,008583
1,04;-0,008583
1,041667;-0,008583
1,043333;-0,008583
1,045;-0,008583
1,046667;-0,008583
1,048333;-0,008583
1,05;-0,008583
1,051667;-0,008583
1,053333;-0,008583
1,055;-0,008583
1,056667;-0,008583
1,058333;-0,008583
1,06;-0,008583
1,061667;-0,008583
1,063333;-0,008583
1,065;-0,008583
1,066667;-0,008583
1,068333;-0,008583
1,07;-0,008583
1,071667;-0,008583
1,073333;-0,008583
1,075;-0,008583
1,076667;-0,008583
1,078333;-0,008583
1,08;-0,008583
1,081667;-0,008583
1,083333;-0,008583
1,085;-0,008583
1,086667;-0,008583
1,088333;-0,008583
1,09;-0,008583
1,091667;-0,008583
1,093333;-0,008583
1,095;-0,008583
1,096667;-0,008583
1,098333;-0,008583
1,1;-0,008583
1,101667;-0,008583
1,103333;-0,008583
1,105;-0,008583
1,106667;-0,008583
1,108333;-0,008583
1,11;-0,008583
1,111667;-0,008583
1,113333;-0,008583
1,115;-0,008583
1,116667;-0,008583
1,118333;-0,008583
1,12;-0,008583
1,121667;-0,008583
1,123333;-0,008583
1,125;-0,008583
1,126667;-0,008583
1,128333;-0,008583
1,13;-0,008583
1,131667;-0,008583
1,133333;-0,008583
1,135;-0,008583
1,136667;-0,008583
1,138333;-0,008583
1,14;-0,008583
1,141667;-0,008583
1,143333;-0,008583
1,145;-0,008583
1,146667;-0,008583
1,148333;-0,008583
1,15;-0,008583
1,151667;-0,008583
1,153333;-0,008583
1,155;-0,008583
1,156667;-0,008583
1,158333;-0,008583
1,16;-0,008583
1,161667;-0,008583
1,163333;-0,008583
1,165;-0,008583
1,166667;-0,008583
1,168333;-0,008583
1,17;-0,008583
1,171667;-0,008583
1,173333;-0,008583
1,175;-0,008583
1,176667;-0,008583
1,178333;-0,008583
1,18;-0,008583
1,181667;-0,008583
1,183333;-0,008583
1,185;-0,008583
1,186667;-0,008583
1,188333;-0,008583
1,19;-0,008583
1,191667;-0,008583
1,193333;-0,008583
1,195;-0,008583
1,196667;-0,008583
1,198333;-0,008583
1,2;-0,008583
1,201667;-0,008583
1,203333;-0,008583
1,205;-0,008583
1,206667;-0,005722
1,208333;-0,005722
1,21;-0,005722
1,211667;-0,005722
1,213333;-0,005722
1,215;-0,005722
1,216667;-0,005722
1,218333;-0,005722
1,22;-0,005722
1,221667;-0,005722
1,223333;-0,005722
1,225;-0,005722
1,226667;-0,005722
1,228333;-0,005722
1,23;-0,005722
1,231667;-0,005722
1,233333;-0,005722
1,235;-0,005722
1,236667;-0,005722
1,238333;-0,008583
1,24;-0,008583
1,241667;-0,008583
1,243333;-0,008583
1,245;-0,008583
1,246667;-0,008583
1,248333;-0,008583
1,25;-0,008583
1,251667;-0,008583
1,253333;-0,008583
1,255;-0,008583
1,256667;-0,008583
1,258333;-0,008583
1,26;-0,008583
1,261667;-0,008583
1,263333;-0,008583
1,265;-0,008583
1,266667;-0,008583
1,268333;-0,008583
1,27;-0,008583
1,271667;-0,008583
1,273333;-0,008583
1,275;-0,008583
1,276667;-0,008583
1,278333;-0,008583
1,28;-0,008583
1,281667;-0,008583
1,283333;-0,008583
1,285;-0,008583
1,286667;-0,008583
1,288333;-0,008583
1,29;-0,008583
1,291667;-0,008583
1,293333;-0,008583
1,295;-0,008583
1,296667;-0,008583
1,298333;-0,008583
1,3;-0,008583
1,301667;-0,008583
1,303333;-0,008583
1,305;-0,008583
1,306667;-0,008583
1,308333;-0,008583
1,31;-0,008583
1,311667;-0,005722
1,313333;-0,005722
1,315;-0,005722
1,316667;-0,005722
1,318333;-0,005722
1,32;-0,005722
1,321667;-0,005722
1,323333;-0,005722
1,325;-0,005722
1,326667;-0,005722
1,328333;-0,005722
1,33;-0,005722
1,331667;-0,005722
1,333333;-0,005722
1,335;-0,005722
1,336667;-0,005722
1,338333;-0,005722
1,34;-0,005722
1,341667;-0,005722
1,343333;-0,005722
1,345;-0,005722
1,346667;-0,005722
1,348333;-0,005722
1,35;-0,005722
1,351667;-0,005722
1,353333;-0,005722
1,355;-0,005722
1,356667;-0,005722
1,358333;-0,005722
1,36;-0,005722
1,361667;-0,005722
1,363333;-0,005722
1,365;-0,005722
1,366667;-0,005722
1,368333;-0,005722
1,37;-0,005722
1,371667;-0,005722
1,373333;-0,005722
1,375;-0,005722
1,376667;-0,005722
1,378333;-0,005722
1,38;-0,005722
1,381667;-0,005722
1,383333;-0,005722
1,385;-0,005722
1,386667;-0,005722
1,388333;-0,005722
1,39;-0,005722
1,391667;-0,005722
1,393333;-0,005722
1,395;-0,005722
1,396667;-0,005722
1,398333;-0,005722
1,4;-0,005722
1,401667;-0,005722
1,403333;-0,005722
1,405;-0,005722
1,406667;-0,005722
1,408333;-0,005722
1,41;-0,005722
1,411667;-0,005722
1,413333;-0,005722
1,415;-0,005722
1,416667;-0,005722
1,418333;-0,005722
1,42;-0,005722
1,421667;-0,005722
1,423333;-0,005722
1,425;-0,005722
1,426667;-0,005722
1,428333;-0,005722
1,43;-0,005722
1,431667;-0,005722
1,433333;-0,005722
1,435;-0,005722
1,436667;-0,005722
1,438333;-0,005722
1,44;-0,005722
1,441667;-0,005722
1,443333;-0,005722
1,445;-0,005722
1,446667;-0,005722
1,448333;-0,005722
1,45;-0,005722
1,451667;-0,005722
1,453333;-0,005722
1,455;-0,005722
1,456667;-0,005722
1,458333;-0,005722
1,46;-0,005722
1,461667;-0,005722
1,463333;-0,005722
1,465;-0,005722
1,466667;-0,005722
1,468333;-0,005722
1,47;-0,005722
1,471667;-0,005722
1,473333;-0,005722
1,475;-0,005722
1,476667;-0,005722
1,478333;-0,005722
1,48;-0,005722
1,481667;-0,005722
1,483333;-0,005722
1,485;-0,005722
1,486667;-0,005722
1,488333;-0,005722
1,49;-0,005722
1,491667;-0,005722
1,493333;-0,005722
1,495;-0,005722
1,496667;-0,005722
1,498333;-0,005722
1,5;-0,005722
1,501667;-0,005722
1,503333;-0,005722
1,505;-0,005722
1,506667;-0,008583
1,508333;-0,008583
1,51;-0,008583
1,511667;-0,008583
1,513333;-0,008583
1,515;-0,008583
1,516667;-0,005722
1,518333;-0,005722
1,52;-0,005722
1,521667;-0,005722
1,523333;-0,005722
1,525;-0,005722
1,526667;-0,005722
1,528333;-0,005722
1,53;-0,005722
1,531667;-0,005722
1,533333;-0,005722
1,535;-0,005722
1,536667;-0,005722
1,538333;-0,005722
1,54;-0,008583
1,541667;-0,008583
1,543333;-0,008583
1,545;-0,008583
1,546667;-0,008583
1,548333;-0,008583
1,55;-0,008583
1,551667;-0,008583
1,553333;-0,008583
1,555;-0,008583
1,556667;-0,008583
1,558333;-0,008583
1,56;-0,008583
1,561667;-0,008583
1,563333;-0,008583
1,565;-0,008583
1,566667;-0,008583
1,568333;-0,008583
1,57;-0,008583
1,571667;-0,008583
1,573333;-0,008583
1,575;-0,008583
1,576667;-0,008583
1,578333;-0,008583
1,58;-0,008583
1,581667;-0,008583
1,583333;-0,008583
1,585;-0,008583
1,586667;-0,008583
1,588333;-0,008583
1,59;-0,008583
1,591667;-0,008583
1,593333;-0,008583
1,595;-0,008583
1,596667;-0,008583
1,598333;-0,008583
1,6;-0,008583
1,601667;-0,008583
1,603333;-0,008583
1,605;-0,008583
1,606667;-0,008583
1,608333;-0,008583
1,61;-0,008583
1,611667;-0,008583
1,613333;-0,008583
1,615;-0,008583
1,616667;-0,008583
1,618333;-0,008583
1,62;-0,008583
1,621667;-0,008583
1,623333;-0,008583
1,625;-0,008583
1,626667;-0,008583
1,628333;-0,008583
1,63;-0,008583
1,631667;-0,008583
1,633333;-0,008583
1,635;-0,008583
1,636667;-0,008583
1,638333;-0,008583
1,64;-0,008583
1,641667;-0,008583
1,643333;-0,008583
1,645;-0,008583
1,646667;-0,008583
1,648333;-0,008583
1,65;-0,008583
1,651667;-0,008583
1,653333;-0,011444
1,655;-0,011444
1,656667;-0,011444
1,658333;-0,011444
1,66;-0,008583
1,661667;-0,008583
1,663333;-0,008583
1,665;-0,008583
1,666667;-0,008583
1,668333;-0,008583
1,67;-0,008583
1,671667;-0,008583
1,673333;-0,008583
1,675;-0,008583
1,676667;-0,008583
1,678333;-0,011444
1,68;-0,011444
1,681667;-0,011444
1,683333;-0,011444
1,685;-0,011444
1,686667;-0,011444
1,688333;-0,011444
1,69;-0,011444
1,691667;-0,011444
1,693333;-0,011444
1,695;-0,011444
1,696667;-0,011444
1,698333;-0,011444
1,7;-0,011444
1,701667;-0,011444
1,703333;-0,011444
1,705;-0,011444
1,706667;-0,011444
1,708333;-0,011444
1,71;-0,011444
1,711667;-0,011444
1,713333;-0,011444
1,715;-0,011444
1,716667;-0,011444
1,718333;-0,011444
1,72;-0,011444
1,721667;-0,011444
1,723333;-0,011444
1,725;-0,011444
1,726667;-0,011444
1,728333;-0,011444
1,73;-0,011444
1,731667;-0,011444
1,733333;-0,011444
1,735;-0,011444
1,736667;-0,011444
1,738333;-0,011444
1,74;-0,011444
1,741667;-0,011444
1,743333;-0,011444
1,745;-0,011444
1,746667;-0,011444
1,748333;-0,011444
1,75;-0,011444
1,751667;-0,011444
1,753333;-0,011444
1,755;-0,011444
1,756667;-0,011444
1,758333;-0,011444
1,76;-0,011444
1,761667;-0,008583
1,763333;-0,008583
1,765;-0,008583
1,766667;-0,008583
1,768333;-0,008583
1,77;-0,008583
1,771667;-0,008583
1,773333;-0,008583
1,775;-0,008583
1,776667;-0,008583
1,778333;-0,008583
1,78;-0,008583
1,781667;-0,008583
1,783333;-0,008583
1,785;-0,008583
1,786667;-0,008583
1,788333;-0,008583
1,79;-0,008583
1,791667;-0,008583
1,793333;-0,008583
1,795;-0,008583
1,796667;-0,008583
1,798333;-0,008583
1,8;-0,008583
1,801667;-0,008583
1,803333;-0,008583
1,805;-0,008583
1,806667;-0,008583
1,808333;-0,008583
1,81;-0,008583
1,811667;-0,008583
1,813333;-0,008583
1,815;-0,008583
1,816667;-0,008583
1,818333;-0,008583
1,82;-0,008583
1,821667;-0,008583
1,823333;-0,008583
1,825;-0,008583
1,826667;-0,008583
1,828333;-0,008583
1,83;-0,008583
1,831667;-0,008583
1,833333;-0,008583
1,835;-0,008583
1,836667;-0,008583
1,838333;-0,008583
1,84;-0,008583
1,841667;-0,008583
1,843333;-0,008583
1,845;-0,008583
1,846667;-0,008583
1,848333;-0,008583
1,85;-0,008583
1,851667;-0,008583
1,853333;-0,008583
1,855;-0,008583
1,856667;-0,008583
1,858333;-0,008583
1,86;-0,008583
1,861667;-0,008583
1,863333;-0,008583
1,865;-0,008583
1,866667;-0,008583
1,868333;-0,011444
1,87;-0,011444
1,871667;-0,011444
1,873333;-0,011444
1,875;-0,011444
1,876667;-0,011444
1,878333;-0,011444
1,88;-0,011444
1,881667;-0,011444
1,883333;-0,011444
1,885;-0,011444
1,886667;-0,011444
1,888333;-0,011444
1,89;-0,011444
1,891667;-0,011444
1,893333;-0,011444
1,895;-0,011444
1,896667;-0,011444
1,898333;-0,011444
1,9;-0,011444
1,901667;-0,011444
1,903333;-0,011444
1,905;-0,011444
1,906667;-0,011444
1,908333;-0,011444
1,91;-0,011444
1,911667;-0,011444
1,913333;-0,011444
1,915;-0,011444
1,916667;-0,011444
1,918333;-0,011444
1,92;-0,011444
1,921667;-0,011444
1,923333;-0,011444
1,925;-0,011444
1,926667;-0,011444
1,928333;-0,011444
1,93;-0,011444
1,931667;-0,008583
1,933333;-0,008583
1,935;-0,008583
1,936667;-0,008583
1,938333;-0,008583
1,94;-0,008583
1,941667;-0,008583
1,943333;-0,011444
1,945;-0,011444
1,946667;-0,011444
1,948333;-0,011444
1,95;-0,011444
1,951667;-0,011444
1,953333;-0,011444
1,955;-0,011444
1,956667;-0,011444
1,958333;-0,011444
1,96;-0,011444
1,961667;-0,011444
1,963333;-0,011444
1,965;-0,011444
1,966667;-0,011444
1,968333;-0,011444
1,97;-0,011444
1,971667;-0,011444
1,973333;-0,011444
1,975;-0,008583
1,976667;-0,008583
1,978333;-0,008583
1,98;-0,008583
1,981667;-0,008583
1,983333;-0,008583
1,985;-0,008583
1,986667;-0,008583
1,988333;-0,008583
1,99;-0,008583
1,991667;-0,008583
1,993333;-0,008583
1,995;-0,008583
1,996667;-0,008583
1,998333;-0,008583
2;-0,008583
2,001667;-0,008583
2,003333;-0,008583
2,005;-0,008583
2,006667;-0,008583
2,008333;-0,008583
2,01;-0,008583
2,011667;-0,008583
2,013333;-0,008583
2,015;-0,008583
2,016667;-0,008583
2,018333;-0,008583
2,02;-0,008583
2,021667;-0,008583
2,023333;-0,008583
2,025;-0,008583
2,026667;-0,008583
2,028333;-0,008583
2,03;-0,008583
2,031667;-0,008583
2,033333;-0,008583
2,035;-0,008583
2,036667;-0,008583
2,038333;-0,008583
2,04;-0,008583
2,041667;-0,008583
2,043333;-0,008583
2,045;-0,008583
2,046667;-0,008583
2,048333;-0,008583
2,05;-0,008583
2,051667;-0,008583
2,053333;-0,008583
2,055;-0,008583
2,056667;-0,008583
2,058333;-0,008583
2,06;-0,008583
2,061667;-0,008583
2,063333;-0,008583
2,065;-0,008583
2,066667;-0,008583
2,068333;-0,008583
2,07;-0,008583
2,071667;-0,008583
2,073333;-0,008583
2,075;-0,008583
2,076667;-0,008583
2,078333;-0,008583
2,08;-0,008583
2,081667;-0,008583
2,083333;-0,008583
2,085;-0,008583
2,086667;-0,008583
2,088333;-0,008583
2,09;-0,008583
2,091667;-0,008583
2,093333;-0,008583
2,095;-0,008583
2,096667;-0,008583
2,098333;-0,011444
2,1;-0,011444
2,101667;-0,011444
2,103333;-0,011444
2,105;-0,011444
2,106667;-0,011444
2,108333;-0,011444
2,11;-0,011444
2,111667;-0,011444
2,113333;-0,008583
2,115;-0,008583
2,116667;-0,008583
2,118333;-0,008583
2,12;-0,008583
2,121667;-0,008583
2,123333;-0,008583
2,125;-0,008583
2,126667;-0,008583
2,128333;-0,008583
2,13;-0,008583
2,131667;-0,008583
2,133333;-0,008583
2,135;-0,008583
2,136667;-0,008583
2,138333;-0,008583
2,14;-0,008583
2,141667;-0,008583
2,143333;-0,008583
2,145;-0,008583
2,146667;-0,008583
2,148333;-0,008583
2,15;-0,008583
2,151667;-0,008583
2,153333;-0,008583
2,155;-0,008583
2,156667;-0,008583
2,158333;-0,008583
2,16;-0,008583
2,161667;-0,008583
2,163333;-0,008583
2,165;-0,008583
2,166667;-0,008583
2,168333;-0,008583
2,17;-0,008583
2,171667;-0,008583
2,173333;-0,008583
2,175;-0,008583
2,176667;-0,008583
2,178333;-0,008583
2,18;-0,008583
2,181667;-0,008583
2,183333;-0,008583
2,185;-0,008583
2,186667;-0,008583
2,188333;-0,008583
2,19;-0,008583
2,191667;-0,008583
2,193333;-0,008583
2,195;-0,008583
2,196667;-0,008583
2,198333;-0,008583
2,2;-0,008583
2,201667;-0,008583
2,203333;-0,008583
2,205;-0,008583
2,206667;-0,008583
2,208333;-0,008583
2,21;-0,008583
2,211667;-0,008583
2,213333;-0,008583
2,215;-0,008583
2,216667;-0,008583
2,218333;-0,008583
2,22;-0,008583
2,221667;-0,008583
2,223333;-0,008583
2,225;-0,008583
2,226667;-0,008583
2,228333;-0,008583
2,23;-0,008583
2,231667;-0,008583
2,233333;-0,008583
2,235;-0,008583
2,236667;-0,008583
2,238333;-0,008583
2,24;-0,008583
2,241667;-0,008583
2,243333;-0,008583
2,245;-0,008583
2,246667;-0,008583
2,248333;-0,008583
2,25;-0,008583
2,251667;-0,008583
2,253333;-0,008583
2,255;-0,008583
2,256667;-0,008583
2,258333;-0,008583
2,26;-0,008583
2,261667;-0,008583
2,263333;-0,008583
2,265;-0,008583
2,266667;-0,008583
2,268333;-0,008583
2,27;-0,008583
2,271667;-0,008583
2,273333;-0,008583
2,275;-0,008583
2,276667;-0,008583
2,278333;-0,008583
2,28;-0,008583
2,281667;-0,008583
2,283333;-0,008583
2,285;-0,008583
2,286667;-0,008583
2,288333;-0,008583
2,29;-0,008583
2,291667;-0,008583
2,293333;-0,008583
2,295;-0,008583
2,296667;-0,008583
2,298333;-0,008583
2,3;-0,008583
2,301667;-0,008583
2,303333;-0,008583
2,305;-0,008583
2,306667;-0,008583
2,308333;-0,008583
2,31;-0,008583
2,311667;-0,008583
2,313333;-0,008583
2,315;-0,008583
2,316667;-0,008583
2,318333;-0,008583
2,32;-0,008583
2,321667;-0,008583
2,323333;-0,008583
2,325;-0,008583
2,326667;-0,008583
2,328333;-0,008583
2,33;-0,008583
2,331667;-0,008583
2,333333;-0,008583
2,335;-0,008583
2,336667;-0,008583
2,338333;-0,008583
2,34;-0,008583
2,341667;-0,008583
2,343333;-0,008583
2,345;-0,008583
2,346667;-0,008583
2,348333;-0,008583
2,35;-0,008583
2,351667;-0,008583
2,353333;-0,008583
2,355;-0,008583
2,356667;-0,008583
2,358333;-0,008583
2,36;-0,008583
2,361667;-0,008583
2,363333;-0,008583
2,365;-0,008583
2,366667;-0,008583
2,368333;-0,008583
2,37;-0,008583
2,371667;-0,008583
2,373333;-0,008583
2,375;-0,008583
2,376667;-0,008583
2,378333;-0,008583
2,38;-0,008583
2,381667;-0,008583
2,383333;-0,008583
2,385;-0,008583
2,386667;-0,008583
2,388333;-0,008583
2,39;-0,008583
2,391667;-0,008583
2,393333;-0,008583
2,395;-0,008583
2,396667;-0,008583
2,398333;-0,008583
2,4;-0,008583
2,401667;-0,008583
2,403333;-0,008583
2,405;-0,008583
2,406667;-0,008583
2,408333;-0,008583
2,41;-0,008583
2,411667;-0,008583
2,413333;-0,008583
2,415;-0,008583
2,416667;-0,008583
2,418333;-0,008583
2,42;-0,008583
2,421667;-0,008583
2,423333;-0,008583
2,425;-0,008583
2,426667;-0,008583
2,428333;-0,008583
2,43;-0,008583
2,431667;-0,008583
2,433333;-0,008583
2,435;-0,008583
2,436667;-0,008583
2,438333;-0,008583
2,44;-0,008583
2,441667;-0,008583
2,443333;-0,008583
2,445;-0,008583
2,446667;-0,008583
2,448333;-0,008583
2,45;-0,008583
2,451667;-0,008583
2,453333;-0,008583
2,455;-0,008583
2,456667;-0,008583
2,458333;-0,008583
2,46;-0,008583
2,461667;-0,008583
2,463333;-0,008583
2,465;-0,008583
2,466667;-0,008583
2,468333;-0,008583
2,47;-0,008583
2,471667;-0,008583
2,473333;-0,008583
2,475;-0,008583
2,476667;-0,008583
2,478333;-0,008583
2,48;-0,008583
2,481667;-0,008583
2,483333;-0,008583
2,485;-0,008583
2,486667;-0,008583
2,488333;-0,008583
2,49;-0,008583
2,491667;-0,008583
2,493333;-0,008583
2,495;-0,008583
2,496667;-0,008583
2,498333;-0,008583
2,5;-0,008583
2,501667;-0,008583
2,503333;-0,008583
2,505;-0,008583
2,506667;-0,008583
2,508333;-0,008583
2,51;-0,008583
2,511667;-0,008583
2,513333;-0,008583
2,515;-0,008583
2,516667;-0,008583
2,518333;-0,008583
2,52;-0,008583
2,521667;-0,008583
2,523333;-0,008583
2,525;-0,008583
2,526667;-0,008583
2,528333;-0,008583
2,53;-0,008583
2,531667;-0,008583
2,533333;-0,008583
2,535;-0,008583
2,536667;-0,008583
2,538333;-0,008583
2,54;-0,008583
2,541667;-0,008583
2,543333;-0,008583
2,545;-0,008583
2,546667;-0,008583
2,548333;-0,008583
2,55;-0,008583
2,551667;-0,008583
2,553333;-0,008583
2,555;-0,008583
2,556667;-0,008583
2,558333;-0,008583
2,56;-0,008583
2,561667;-0,008583
2,563333;-0,008583
2,565;-0,008583
2,566667;-0,008583
2,568333;-0,008583
2,57;-0,008583
2,571667;-0,008583
2,573333;-0,008583
2,575;-0,008583
2,576667;-0,008583
2,578333;-0,008583
2,58;-0,008583
2,581667;-0,008583
2,583333;-0,008583
2,585;-0,008583
2,586667;-0,008583
2,588333;-0,008583
2,59;-0,008583
2,591667;-0,008583
2,593333;-0,008583
2,595;-0,008583
2,596667;-0,008583
2,598333;-0,008583
2,6;-0,008583
2,601667;-0,008583
2,603333;-0,008583
2,605;-0,008583
2,606667;-0,008583
2,608333;-0,008583
2,61;-0,008583
2,611667;-0,008583
2,613333;-0,008583
2,615;-0,008583
2,616667;-0,011444
2,618333;-0,011444
2,62;-0,011444
2,621667;-0,011444
2,623333;-0,011444
2,625;-0,011444
2,626667;-0,011444
2,628333;-0,011444
2,63;-0,011444
2,631667;-0,011444
2,633333;-0,011444
2,635;-0,011444
2,636667;-0,011444
2,638333;-0,011444
2,64;-0,011444
2,641667;-0,011444
2,643333;-0,011444
2,645;-0,011444
2,646667;-0,011444
2,648333;-0,011444
2,65;-0,011444
2,651667;-0,011444
2,653333;-0,011444
2,655;-0,011444
2,656667;-0,011444
2,658333;-0,011444
2,66;-0,011444
2,661667;-0,011444
2,663333;-0,011444
2,665;-0,011444
2,666667;-0,011444
2,668333;-0,011444
2,67;-0,011444
2,671667;-0,011444
2,673333;-0,011444
2,675;-0,011444
2,676667;-0,011444
2,678333;-0,011444
2,68;-0,011444
2,681667;-0,011444
2,683333;-0,011444
2,685;-0,011444
2,686667;-0,011444
2,688333;-0,011444
2,69;-0,011444
2,691667;-0,011444
2,693333;-0,011444
2,695;-0,011444
2,696667;-0,011444
2,698333;-0,011444
2,7;-0,011444
2,701667;-0,011444
2,703333;-0,008583
2,705;-0,008583
2,706667;-0,008583
2,708333;-0,008583
2,71;-0,008583
2,711667;-0,008583
2,713333;-0,008583
2,715;-0,008583
2,716667;-0,008583
2,718333;-0,008583
2,72;-0,008583
2,721667;-0,008583
2,723333;-0,008583
2,725;-0,008583
2,726667;-0,008583
2,728333;-0,008583
2,73;-0,008583
2,731667;-0,008583
2,733333;-0,008583
2,735;-0,008583
2,736667;-0,008583
2,738333;-0,008583
2,74;-0,008583
2,741667;-0,008583
2,743333;-0,008583
2,745;-0,008583
2,746667;-0,008583
2,748333;-0,008583
2,75;-0,008583
2,751667;-0,008583
2,753333;-0,008583
2,755;-0,008583
2,756667;-0,008583
2,758333;-0,008583
2,76;-0,008583
2,761667;-0,008583
2,763333;-0,008583
2,765;-0,008583
2,766667;-0,008583
2,768333;-0,008583
2,77;-0,008583
2,771667;-0,008583
2,773333;-0,008583
2,775;-0,008583
2,776667;-0,008583
2,778333;-0,008583
2,78;-0,008583
2,781667;-0,008583
2,783333;-0,008583
2,785;-0,008583
2,786667;-0,008583
2,788333;-0,008583
2,79;-0,008583
2,791667;-0,008583
2,793333;-0,008583
2,795;-0,008583
2,796667;-0,008583
2,798333;-0,008583
2,8;-0,008583
2,801667;-0,008583
2,803333;-0,008583
2,805;-0,008583
2,806667;-0,008583
2,808333;-0,008583
2,81;-0,008583
2,811667;-0,008583
2,813333;-0,008583
2,815;-0,008583
2,816667;-0,008583
2,818333;-0,008583
2,82;-0,008583
2,821667;-0,008583
2,823333;-0,008583
2,825;-0,008583
2,826667;-0,008583
2,828333;-0,008583
2,83;-0,008583
2,831667;-0,008583
2,833333;-0,008583
2,835;-0,008583
2,836667;-0,008583
2,838333;-0,008583
2,84;-0,008583
2,841667;-0,008583
2,843333;-0,008583
2,845;-0,008583
2,846667;-0,008583
2,848333;-0,008583
2,85;-0,008583
2,851667;-0,008583
2,853333;-0,008583
2,855;-0,008583
2,856667;-0,008583
2,858333;-0,008583
2,86;-0,008583
2,861667;-0,008583
2,863333;-0,008583
2,865;-0,008583
2,866667;-0,008583
2,868333;-0,008583
2,87;-0,008583
2,871667;-0,008583
2,873333;-0,008583
2,875;-0,008583
2,876667;-0,008583
2,878333;-0,008583
2,88;-0,008583
2,881667;-0,008583
2,883333;-0,008583
2,885;-0,008583
2,886667;-0,008583
2,888333;-0,008583
2,89;-0,008583
2,891667;-0,008583
2,893333;-0,008583
2,895;-0,008583
2,896667;-0,008583
2,898333;-0,008583
2,9;-0,008583
2,901667;-0,008583
2,903333;-0,008583
2,905;-0,008583
2,906667;-0,008583
2,908333;-0,008583
2,91;-0,008583
2,911667;-0,008583
2,913333;-0,008583
2,915;-0,008583
2,916667;-0,008583
2,918333;-0,008583
2,92;-0,008583
2,921667;-0,008583
2,923333;-0,008583
2,925;-0,008583
2,926667;-0,008583
2,928333;-0,008583
2,93;-0,008583
2,931667;-0,008583
2,933333;-0,008583
2,935;-0,008583
2,936667;-0,008583
2,938333;-0,008583
2,94;-0,008583
2,941667;-0,008583
2,943333;-0,008583
2,945;-0,008583
2,946667;-0,008583
2,948333;-0,008583
2,95;-0,008583
2,951667;-0,008583
2,953333;-0,008583
2,955;-0,008583
2,956667;-0,008583
2,958333;-0,008583
2,96;-0,008583
2,961667;-0,008583
2,963333;-0,008583
2,965;-0,008583
2,966667;-0,008583
2,968333;-0,008583
2,97;-0,008583
2,971667;-0,008583
2,973333;-0,005722
2,975;-0,005722
2,976667;-0,005722
2,978333;-0,005722
2,98;-0,005722
2,981667;-0,005722
2,983333;-0,005722
2,985;-0,005722
2,986667;-0,008583
2,988333;-0,008583
2,99;-0,008583
2,991667;-0,008583
2,993333;-0,008583
2,995;-0,008583
2,996667;-0,008583
2,998333;-0,008583
3;-0,008583
3,001667;-0,008583
3,003333;-0,008583
3,005;-0,008583
3,006667;-0,008583
3,008333;-0,008583
3,01;-0,005722
3,011667;-0,005722
3,013333;-0,005722
3,015;-0,005722
3,016667;-0,005722
3,018333;-0,005722
3,02;-0,005722
3,021667;-0,005722
3,023333;-0,005722
3,025;-0,005722
3,026667;-0,005722
3,028333;-0,005722
3,03;-0,005722
3,031667;-0,005722
3,033333;-0,005722
3,035;-0,005722
3,036667;-0,005722
3,038333;-0,005722
3,04;-0,005722
3,041667;-0,005722
3,043333;-0,005722
3,045;-0,005722
3,046667;-0,005722
3,048333;-0,005722
3,05;-0,005722
3,051667;-0,005722
3,053333;-0,005722
3,055;-0,005722
3,056667;-0,005722
3,058333;-0,005722
3,06;-0,005722
3,061667;-0,005722
3,063333;-0,005722
3,065;-0,005722
3,066667;-0,005722
3,068333;-0,008583
3,07;-0,008583
3,071667;-0,008583
3,073333;-0,008583
3,075;-0,008583
3,076667;-0,008583
3,078333;-0,008583
3,08;-0,008583
3,081667;-0,008583
3,083333;-0,008583
3,085;-0,008583
3,086667;-0,008583
3,088333;-0,008583
3,09;-0,008583
3,091667;-0,008583
3,093333;-0,008583
3,095;-0,008583
3,096667;-0,008583
3,098333;-0,008583
3,1;-0,008583
3,101667;-0,008583
3,103333;-0,008583
3,105;-0,008583
3,106667;-0,008583
3,108333;-0,008583
3,11;-0,008583
3,111667;-0,008583
3,113333;-0,008583
3,115;-0,008583
3,116667;-0,008583
3,118333;-0,008583
3,12;-0,008583
3,121667;-0,008583
3,123333;-0,008583
3,125;-0,008583
3,126667;-0,008583
3,128333;-0,008583
3,13;-0,008583
3,131667;-0,008583
3,133333;-0,008583
3,135;-0,008583
3,136667;-0,008583
3,138333;-0,008583
3,14;-0,008583
3,141667;-0,008583
3,143333;-0,008583
3,145;-0,008583
3,146667;-0,008583
3,148333;-0,008583
3,15;-0,008583
3,151667;-0,008583
3,153333;-0,008583
3,155;-0,008583
3,156667;-0,008583
3,158333;-0,008583
3,16;-0,008583
3,161667;-0,008583
3,163333;-0,008583
3,165;-0,008583
3,166667;-0,008583
3,168333;-0,008583
3,17;-0,008583
3,171667;-0,008583
3,173333;-0,008583
3,175;-0,008583
3,176667;-0,008583
3,178333;-0,008583
3,18;-0,008583
3,181667;-0,008583
3,183333;-0,008583
3,185;-0,008583
3,186667;-0,008583
3,188333;-0,008583
3,19;-0,008583
3,191667;-0,008583
3,193333;-0,008583
3,195;-0,008583
3,196667;-0,008583
3,198333;-0,008583
3,2;-0,008583
3,201667;-0,008583
3,203333;-0,008583
3,205;-0,008583
3,206667;-0,008583
3,208333;-0,008583
3,21;-0,008583
3,211667;-0,008583
3,213333;-0,008583
3,215;-0,008583
3,216667;-0,008583
3,218333;-0,008583
3,22;-0,008583
3,221667;-0,008583
3,223333;-0,008583
3,225;-0,008583
3,226667;-0,008583
3,228333;-0,008583
3,23;-0,008583
3,231667;-0,008583
3,233333;-0,008583
3,235;-0,008583
3,236667;-0,008583
3,238333;-0,008583
3,24;-0,008583
3,241667;-0,008583
3,243333;-0,008583
3,245;-0,008583
3,246667;-0,008583
3,248333;-0,008583
3,25;-0,008583
3,251667;-0,008583
3,253333;-0,008583
3,255;-0,008583
3,256667;-0,008583
3,258333;-0,008583
3,26;-0,008583
3,261667;-0,008583
3,263333;-0,008583
3,265;-0,008583
3,266667;-0,008583
3,268333;-0,008583
3,27;-0,008583
3,271667;-0,008583
3,273333;-0,008583
3,275;-0,008583
3,276667;-0,008583
3,278333;-0,008583
3,28;-0,008583
3,281667;-0,008583
3,283333;-0,008583
3,285;-0,005722
3,286667;-0,005722
3,288333;-0,005722
3,29;-0,005722
3,291667;-0,005722
3,293333;-0,005722
3,295;-0,005722
3,296667;-0,005722
3,298333;-0,008583
3,3;-0,008583
3,301667;-0,008583
3,303333;-0,008583
3,305;-0,008583
3,306667;-0,008583
3,308333;-0,008583
3,31;-0,008583
3,311667;-0,008583
3,313333;-0,008583
3,315;-0,008583
3,316667;-0,008583
3,318333;-0,008583
3,32;-0,008583
3,321667;-0,008583
3,323333;-0,008583
3,325;-0,008583
3,326667;-0,008583
3,328333;-0,008583
3,33;-0,008583
3,331667;-0,008583
3,333333;-0,008583
3,335;-0,008583
3,336667;-0,008583
3,338333;-0,008583
3,34;-0,008583
3,341667;-0,008583
3,343333;-0,008583
3,345;-0,008583
3,346667;-0,008583
3,348333;-0,008583
3,35;-0,008583
3,351667;-0,008583
3,353333;-0,008583
3,355;-0,008583
3,356667;-0,008583
3,358333;-0,008583
3,36;-0,008583
3,361667;-0,008583
3,363333;-0,008583
3,365;-0,008583
3,366667;-0,008583
3,368333;-0,008583
3,37;-0,008583
3,371667;-0,008583
3,373333;-0,005722
3,375;-0,005722
3,376667;-0,005722
3,378333;-0,005722
3,38;-0,005722
3,381667;-0,005722
3,383333;-0,005722
3,385;-0,008583
3,386667;-0,008583
3,388333;-0,008583
3,39;-0,008583
3,391667;-0,008583
3,393333;-0,008583
3,395;-0,008583
3,396667;-0,008583
3,398333;-0,008583
3,4;-0,008583
3,401667;-0,008583
3,403333;-0,008583
3,405;-0,008583
3,406667;-0,008583
3,408333;-0,005722
3,41;-0,005722
3,411667;-0,005722
3,413333;-0,005722
3,415;-0,005722
3,416667;-0,005722
3,418333;-0,005722
3,42;-0,005722
3,421667;-0,005722
3,423333;-0,005722
3,425;-0,005722
3,426667;-0,005722
3,428333;-0,005722
3,43;-0,005722
3,431667;-0,005722
3,433333;-0,005722
3,435;-0,005722
3,436667;-0,005722
3,438333;-0,005722
3,44;-0,005722
3,441667;-0,005722
3,443333;-0,005722
3,445;-0,005722
3,446667;-0,008583
3,448333;-0,008583
3,45;-0,008583
3,451667;-0,008583
3,453333;-0,008583
3,455;-0,008583
3,456667;-0,008583
3,458333;-0,008583
3,46;-0,008583
3,461667;-0,008583
3,463333;-0,008583
3,465;-0,008583
3,466667;-0,008583
3,468333;-0,008583
3,47;-0,008583
3,471667;-0,008583
3,473333;-0,008583
3,475;-0,008583
3,476667;-0,008583
3,478333;-0,008583
3,48;-0,008583
3,481667;-0,008583
3,483333;-0,008583
3,485;-0,008583
3,486667;-0,008583
3,488333;-0,008583
3,49;-0,008583
3,491667;-0,008583
3,493333;-0,008583
3,495;-0,008583
3,496667;-0,008583
3,498333;-0,008583
3,5;-0,008583
3,501667;-0,008583
3,503333;-0,008583
3,505;-0,008583
3,506667;-0,008583
3,508333;-0,008583
3,51;-0,008583
3,511667;-0,008583
3,513333;-0,008583
3,515;-0,008583
3,516667;-0,008583
3,518333;-0,008583
3,52;-0,005722
3,521667;-0,005722
3,523333;-0,005722
3,525;-0,005722
3,526667;-0,005722
3,528333;-0,005722
3,53;-0,005722
3,531667;-0,005722
3,533333;-0,005722
3,535;-0,005722
3,536667;-0,005722
3,538333;-0,005722
3,54;-0,005722
3,541667;-0,005722
3,543333;-0,005722
3,545;-0,005722
3,546667;-0,005722
3,548333;-0,005722
3,55;-0,005722
3,551667;-0,005722
3,553333;-0,005722
3,555;-0,005722
3,556667;-0,005722
3,558333;-0,005722
3,56;-0,008583
3,561667;-0,008583
3,563333;-0,005722
3,565;-0,005722
3,566667;-0,005722
3,568333;-0,005722
3,57;-0,005722
3,571667;-0,005722
3,573333;-0,005722
3,575;-0,005722
3,576667;-0,005722
3,578333;-0,005722
3,58;-0,005722
3,581667;-0,005722
3,583333;-0,005722
3,585;-0,005722
3,586667;-0,008583
3,588333;-0,008583
3,59;-0,008583
3,591667;-0,008583
3,593333;-0,005722
3,595;-0,005722
3,596667;-0,005722
3,598333;-0,005722
3,6;-0,005722
3,601667;-0,005722
3,603333;-0,005722
3,605;-0,005722
3,606667;-0,005722
3,608333;-0,005722
3,61;-0,005722
3,611667;-0,005722
3,613333;-0,005722
3,615;-0,005722
3,616667;-0,005722
3,618333;-0,005722
3,62;-0,005722
3,621667;-0,005722
3,623333;-0,005722
3,625;-0,008583
3,626667;-0,008583
3,628333;-0,008583
3,63;-0,008583
3,631667;-0,008583
3,633333;-0,008583
3,635;-0,008583
3,636667;-0,008583
3,638333;-0,005722
3,64;-0,005722
3,641667;-0,005722
3,643333;-0,005722
3,645;-0,005722
3,646667;-0,005722
3,648333;-0,005722
3,65;-0,005722
3,651667;-0,005722
3,653333;-0,005722
3,655;-0,005722
3,656667;-0,005722
3,658333;-0,005722
3,66;-0,005722
3,661667;-0,005722
3,663333;-0,005722
3,665;-0,005722
3,666667;-0,005722
3,668333;-0,005722
3,67;-0,005722
3,671667;-0,005722
3,673333;-0,005722
3,675;-0,005722
3,676667;-0,005722
3,678333;-0,005722
3,68;-0,005722
3,681667;-0,005722
3,683333;-0,005722
3,685;-0,005722
3,686667;-0,005722
3,688333;-0,005722
3,69;-0,005722
3,691667;-0,005722
3,693333;-0,005722
3,695;-0,005722
3,696667;-0,005722
3,698333;-0,005722
3,7;-0,005722
3,701667;-0,005722
3,703333;-0,005722
3,705;-0,005722
3,706667;-0,005722
3,708333;-0,005722
3,71;-0,005722
3,711667;-0,005722
3,713333;-0,005722
3,715;-0,005722
3,716667;-0,008583
3,718333;-0,008583
3,72;-0,008583
3,721667;-0,008583
3,723333;-0,005722
3,725;-0,005722
3,726667;-0,005722
3,728333;-0,005722
3,73;-0,005722
3,731667;-0,005722
3,733333;-0,005722
3,735;-0,005722
3,736667;-0,005722
3,738333;-0,005722
3,74;-0,008583
3,741667;-0,008583
3,743333;-0,008583
3,745;-0,008583
3,746667;-0,008583
3,748333;-0,008583
3,75;-0,008583
3,751667;-0,008583
3,753333;-0,008583
3,755;-0,008583
3,756667;-0,008583
3,758333;-0,008583
3,76;-0,008583
3,761667;-0,008583
3,763333;-0,005722
3,765;-0,005722
3,766667;-0,005722
3,768333;-0,005722
3,77;-0,005722
3,771667;-0,005722
3,773333;-0,005722
3,775;-0,005722
3,776667;-0,005722
3,778333;-0,005722
3,78;-0,008583
3,781667;-0,008583
3,783333;-0,008583
3,785;-0,008583
3,786667;-0,008583
3,788333;-0,008583
3,79;-0,008583
3,791667;-0,008583
3,793333;-0,005722
3,795;-0,005722
3,796667;-0,005722
3,798333;-0,005722
3,8;-0,005722
3,801667;-0,008583
3,803333;-0,008583
3,805;-0,008583
3,806667;-0,008583
3,808333;-0,008583
3,81;-0,008583
3,811667;-0,008583
3,813333;-0,008583
3,815;-0,008583
3,816667;-0,008583
3,818333;-0,008583
3,82;-0,008583
3,821667;-0,008583
3,823333;-0,008583
3,825;-0,008583
3,826667;-0,008583
3,828333;-0,008583
3,83;-0,008583
3,831667;-0,008583
3,833333;-0,008583
3,835;-0,008583
3,836667;-0,008583
3,838333;-0,008583
3,84;-0,008583
3,841667;-0,008583
3,843333;-0,008583
3,845;-0,008583
3,846667;-0,008583
3,848333;-0,008583
3,85;-0,008583
3,851667;-0,008583
3,853333;-0,008583
3,855;-0,008583
3,856667;-0,008583
3,858333;-0,008583
3,86;-0,008583
3,861667;-0,008583
3,863333;-0,008583
3,865;-0,008583
3,866667;-0,008583
3,868333;-0,008583
3,87;-0,008583
3,871667;-0,008583
3,873333;-0,008583
3,875;-0,008583
3,876667;-0,008583
3,878333;-0,008583
3,88;-0,008583
3,881667;-0,008583
3,883333;-0,008583
3,885;-0,008583
3,886667;-0,008583
3,888333;-0,008583
3,89;-0,008583
3,891667;-0,008583
3,893333;-0,008583
3,895;-0,008583
3,896667;-0,008583
3,898333;-0,008583
3,9;-0,008583
3,901667;-0,008583
3,903333;-0,008583
3,905;-0,008583
3,906667;-0,008583
3,908333;-0,008583
3,91;-0,008583
3,911667;-0,008583
3,913333;-0,008583
3,915;-0,008583
3,916667;-0,008583
3,918333;-0,008583
3,92;-0,008583
3,921667;-0,008583
3,923333;-0,008583
3,925;-0,008583
3,926667;-0,008583
3,928333;-0,008583
3,93;-0,008583
3,931667;-0,008583
3,933333;-0,008583
3,935;-0,008583
3,936667;-0,008583
3,938333;-0,008583
3,94;-0,008583
3,941667;-0,008583
3,943333;-0,008583
3,945;-0,008583
3,946667;-0,008583
3,948333;-0,008583
3,95;-0,008583
3,951667;-0,008583
3,953333;-0,008583
3,955;-0,008583
3,956667;-0,008583
3,958333;-0,008583
3,96;-0,008583
3,961667;-0,008583
3,963333;-0,008583
3,965;-0,008583
3,966667;-0,008583
3,968333;-0,008583
3,97;-0,008583
3,971667;-0,008583
3,973333;-0,008583
3,975;-0,008583
3,976667;-0,008583
3,978333;-0,008583
3,98;-0,008583
3,981667;-0,008583
3,983333;-0,008583
3,985;-0,008583
3,986667;-0,008583
3,988333;-0,008583
3,99;-0,008583
3,991667;-0,008583
3,993333;-0,008583
3,995;-0,008583
3,996667;-0,008583
3,998333;-0,008583
4;-0,008583
4,001667;-0,005722
4,003333;-0,005722
4,005;-0,005722
4,006667;-0,005722
4,008333;-0,005722
4,01;-0,008583
4,011667;-0,008583
4,013333;-0,008583
4,015;-0,008583
4,016667;-0,008583
4,018333;-0,008583
4,02;-0,008583
4,021667;-0,008583
4,023333;-0,008583
4,025;-0,008583
4,026667;-0,008583
4,028333;-0,008583
4,03;-0,005722
4,031667;-0,005722
4,033333;-0,008583
4,035;-0,008583
4,036667;-0,008583
4,038333;-0,008583
4,04;-0,008583
4,041667;-0,008583
4,043333;-0,008583
4,045;-0,008583
4,046667;-0,008583
4,048333;-0,008583
4,05;-0,008583
4,051667;-0,008583
4,053333;-0,008583
4,055;-0,008583
4,056667;-0,008583
4,058333;-0,008583
4,06;-0,008583
4,061667;-0,008583
4,063333;-0,008583
4,065;-0,008583
4,066667;-0,008583
4,068333;-0,008583
4,07;-0,008583
4,071667;-0,008583
4,073333;-0,008583
4,075;-0,008583
4,076667;-0,008583
4,078333;-0,008583
4,08;-0,008583
4,081667;-0,008583
4,083333;-0,008583
4,085;-0,008583
4,086667;-0,008583
4,088333;-0,008583
4,09;-0,008583
4,091667;-0,008583
4,093333;-0,008583
4,095;-0,008583
4,096667;-0,008583
4,098333;-0,008583
4,1;-0,008583
4,101667;-0,008583
4,103333;-0,008583
4,105;-0,008583
4,106667;-0,008583
4,108333;-0,008583
4,11;-0,008583
4,111667;-0,008583
4,113333;-0,008583
4,115;-0,008583
4,116667;-0,008583
4,118333;-0,008583
4,12;-0,008583
4,121667;-0,008583
4,123333;-0,008583
4,125;-0,008583
4,126667;-0,008583
4,128333;-0,008583
4,13;-0,008583
4,131667;-0,008583
4,133333;-0,008583
4,135;-0,008583
4,136667;-0,008583
4,138333;-0,008583
4,14;-0,008583
4,141667;-0,008583
4,143333;-0,008583
4,145;-0,008583
4,146667;-0,008583
4,148333;-0,008583
4,15;-0,008583
4,151667;-0,008583
4,153333;-0,008583
4,155;-0,008583
4,156667;-0,008583
4,158333;-0,008583
4,16;-0,008583
4,161667;-0,008583
4,163333;-0,008583
4,165;-0,008583
4,166667;-0,008583
4,168333;-0,008583
4,17;-0,008583
4,171667;-0,008583
4,173333;-0,008583
4,175;-0,008583
4,176667;-0,008583
4,178333;-0,008583
4,18;-0,008583
4,181667;-0,008583
4,183333;-0,008583
4,185;-0,008583
4,186667;-0,008583
4,188333;-0,008583
4,19;-0,008583
4,191667;-0,008583
4,193333;-0,008583
4,195;-0,008583
4,196667;-0,008583
4,198333;-0,008583
4,2;-0,008583
4,201667;-0,008583
4,203333;-0,008583
4,205;-0,008583
4,206667;-0,008583
4,208333;-0,008583
4,21;-0,008583
4,211667;-0,008583
4,213333;-0,008583
4,215;-0,008583
4,216667;-0,008583
4,218333;-0,008583
4,22;-0,008583
4,221667;-0,008583
4,223333;-0,008583
4,225;-0,008583
4,226667;-0,008583
4,228333;-0,008583
4,23;-0,008583
4,231667;-0,008583
4,233333;-0,008583
4,235;-0,008583
4,236667;-0,008583
4,238333;-0,008583
4,24;-0,008583
4,241667;-0,008583
4,243333;-0,008583
4,245;-0,008583
4,246667;-0,008583
4,248333;-0,008583
4,25;-0,008583
4,251667;-0,008583
4,253333;-0,008583
4,255;-0,008583
4,256667;-0,008583
4,258333;-0,008583
4,26;-0,008583
4,261667;-0,008583
4,263333;-0,008583
4,265;-0,008583
4,266667;-0,008583
4,268333;-0,008583
4,27;-0,008583
4,271667;-0,008583
4,273333;-0,008583
4,275;-0,008583
4,276667;-0,008583
4,278333;-0,008583
4,28;-0,008583
4,281667;-0,008583
4,283333;-0,008583
4,285;-0,008583
4,286667;-0,008583
4,288333;-0,008583
4,29;-0,008583
4,291667;-0,008583
4,293333;-0,008583
4,295;-0,008583
4,296667;-0,008583
4,298333;-0,008583
4,3;-0,008583
4,301667;-0,008583
4,303333;-0,008583
4,305;-0,008583
4,306667;-0,008583
4,308333;-0,008583
4,31;-0,008583
4,311667;-0,008583
4,313333;-0,008583
4,315;-0,008583
4,316667;-0,008583
4,318333;-0,008583
4,32;-0,008583
4,321667;-0,008583
4,323333;-0,008583
4,325;-0,008583
4,326667;-0,008583
4,328333;-0,008583
4,33;-0,008583
4,331667;-0,008583
4,333333;-0,008583
4,335;-0,008583
4,336667;-0,008583
4,338333;-0,008583
4,34;-0,008583
4,341667;-0,008583
4,343333;-0,008583
4,345;-0,008583
4,346667;-0,008583
4,348333;-0,008583
4,35;-0,008583
4,351667;-0,008583
4,353333;-0,008583
4,355;-0,008583
4,356667;-0,008583
4,358333;-0,008583
4,36;-0,008583
4,361667;-0,008583
4,363333;-0,008583
4,365;-0,008583
4,366667;-0,008583
4,368333;-0,008583
4,37;-0,008583
4,371667;-0,008583
4,373333;-0,008583
4,375;-0,008583
4,376667;-0,008583
4,378333;-0,008583
4,38;-0,008583
4,381667;-0,008583
4,383333;-0,008583
4,385;-0,008583
4,386667;-0,008583
4,388333;-0,008583
4,39;-0,008583
4,391667;-0,008583
4,393333;-0,008583
4,395;-0,008583
4,396667;-0,008583
4,398333;-0,008583
4,4;-0,008583
4,401667;-0,008583
4,403333;-0,008583
4,405;-0,008583
4,406667;-0,008583
4,408333;-0,008583
4,41;-0,008583
4,411667;-0,008583
4,413333;-0,011444
4,415;-0,011444
4,416667;-0,011444
4,418333;-0,011444
4,42;-0,011444
4,421667;-0,011444
4,423333;-0,011444
4,425;-0,011444
4,426667;-0,011444
4,428333;-0,011444
4,43;-0,011444
4,431667;-0,011444
4,433333;-0,011444
4,435;-0,011444
4,436667;-0,011444
4,438333;-0,011444
4,44;-0,011444
4,441667;-0,011444
4,443333;-0,011444
4,445;-0,011444
4,446667;-0,011444
4,448333;-0,011444
4,45;-0,011444
4,451667;-0,011444
4,453333;-0,011444
4,455;-0,011444
4,456667;-0,011444
4,458333;-0,011444
4,46;-0,011444
4,461667;-0,011444
4,463333;-0,011444
4,465;-0,011444
4,466667;-0,011444
4,468333;-0,011444
4,47;-0,011444
4,471667;-0,011444
4,473333;-0,011444
4,475;-0,011444
4,476667;-0,011444
4,478333;-0,011444
4,48;-0,008583
4,481667;-0,008583
4,483333;-0,008583
4,485;-0,008583
4,486667;-0,008583
4,488333;-0,008583
4,49;-0,008583
4,491667;-0,008583
4,493333;-0,008583
4,495;-0,008583
4,496667;-0,008583
4,498333;-0,008583
4,5;-0,008583
4,501667;-0,008583
4,503333;-0,008583
4,505;-0,008583
4,506667;-0,008583
4,508333;-0,008583
4,51;-0,008583
4,511667;-0,008583
4,513333;-0,008583
4,515;-0,008583
4,516667;-0,008583
4,518333;-0,008583
4,52;-0,008583
4,521667;-0,008583
4,523333;-0,008583
4,525;-0,008583
4,526667;-0,008583
4,528333;-0,008583
4,53;-0,008583
4,531667;-0,008583
4,533333;-0,008583
4,535;-0,008583
4,536667;-0,008583
4,538333;-0,008583
4,54;-0,008583
4,541667;-0,008583
4,543333;-0,008583
4,545;-0,008583
4,546667;-0,008583
4,548333;-0,008583
4,55;-0,008583
4,551667;-0,008583
4,553333;-0,008583
4,555;-0,008583
4,556667;-0,008583
4,558333;-0,008583
4,56;-0,008583
4,561667;-0,008583
4,563333;-0,008583
4,565;-0,011444
4,566667;-0,011444
4,568333;-0,011444
4,57;-0,011444
4,571667;-0,011444
4,573333;-0,011444
4,575;-0,011444
4,576667;-0,011444
4,578333;-0,008583
4,58;-0,008583
4,581667;-0,008583
4,583333;-0,008583
4,585;-0,008583
4,586667;-0,008583
4,588333;-0,011444
4,59;-0,011444
4,591667;-0,011444
4,593333;-0,011444
4,595;-0,011444
4,596667;-0,011444
4,598333;-0,011444
4,6;-0,011444
4,601667;-0,011444
4,603333;-0,011444
4,605;-0,011444
4,606667;-0,011444
4,608333;-0,011444
4,61;-0,011444
4,611667;-0,011444
4,613333;-0,011444
4,615;-0,011444
4,616667;-0,011444
4,618333;-0,011444
4,62;-0,008583
4,621667;-0,008583
4,623333;-0,008583
4,625;-0,008583
4,626667;-0,008583
4,628333;-0,008583
4,63;-0,008583
4,631667;-0,008583
4,633333;-0,008583
4,635;-0,008583
4,636667;-0,008583
4,638333;-0,008583
4,64;-0,008583
4,641667;-0,008583
4,643333;-0,008583
4,645;-0,008583
4,646667;-0,008583
4,648333;-0,008583
4,65;-0,008583
4,651667;-0,008583
4,653333;-0,008583
4,655;-0,008583
4,656667;-0,008583
4,658333;-0,008583
4,66;-0,008583
4,661667;-0,008583
4,663333;-0,008583
4,665;-0,008583
4,666667;-0,008583
4,668333;-0,008583
4,67;-0,008583
4,671667;-0,008583
4,673333;-0,008583
4,675;-0,008583
4,676667;-0,008583
4,678333;-0,008583
4,68;-0,008583
4,681667;-0,008583
4,683333;-0,008583
4,685;-0,008583
4,686667;-0,008583
4,688333;-0,008583
4,69;-0,008583
4,691667;-0,008583
4,693333;-0,008583
4,695;-0,008583
4,696667;-0,008583
4,698333;-0,008583
4,7;-0,008583
4,701667;-0,008583
4,703333;-0,008583
4,705;-0,008583
4,706667;-0,008583
4,708333;-0,008583
4,71;-0,008583
4,711667;-0,008583
4,713333;-0,008583
4,715;-0,008583
4,716667;-0,008583
4,718333;-0,008583
4,72;-0,008583
4,721667;-0,008583
4,723333;-0,008583
4,725;-0,008583
4,726667;-0,008583
4,728333;-0,008583
4,73;-0,008583
4,731667;-0,008583
4,733333;-0,008583
4,735;-0,008583
4,736667;-0,008583
4,738333;-0,008583
4,74;-0,008583
4,741667;-0,008583
4,743333;-0,008583
4,745;-0,008583
4,746667;-0,008583
4,748333;-0,008583
4,75;-0,008583
4,751667;-0,008583
4,753333;-0,008583
4,755;-0,008583
4,756667;-0,008583
4,758333;-0,008583
4,76;-0,008583
4,761667;-0,008583
4,763333;-0,008583
4,765;-0,008583
4,766667;-0,008583
4,768333;-0,008583
4,77;-0,008583
4,771667;-0,008583
4,773333;-0,008583
4,775;-0,008583
4,776667;-0,008583
4,778333;-0,008583
4,78;-0,008583
4,781667;-0,008583
4,783333;-0,008583
4,785;-0,008583
4,786667;-0,008583
4,788333;-0,008583
4,79;-0,008583
4,791667;-0,008583
4,793333;-0,008583
4,795;-0,008583
4,796667;-0,008583
4,798333;-0,008583
4,8;-0,008583
4,801667;-0,008583
4,803333;-0,008583
4,805;-0,008583
4,806667;-0,008583
4,808333;-0,008583
4,81;-0,008583
4,811667;-0,008583
4,813333;-0,008583
4,815;-0,008583
4,816667;-0,008583
4,818333;-0,008583
4,82;-0,008583
4,821667;-0,008583
4,823333;-0,008583
4,825;-0,008583
4,826667;-0,008583
4,828333;-0,008583
4,83;-0,008583
4,831667;-0,008583
4,833333;-0,008583
4,835;-0,008583
4,836667;-0,008583
4,838333;-0,008583
4,84;-0,008583
4,841667;-0,008583
4,843333;-0,008583
4,845;-0,008583
4,846667;-0,008583
4,848333;-0,008583
4,85;-0,008583
4,851667;-0,008583
4,853333;-0,008583
4,855;-0,008583
4,856667;-0,008583
4,858333;-0,008583
4,86;-0,008583
4,861667;-0,008583
4,863333;-0,008583
4,865;-0,008583
4,866667;-0,008583
4,868333;-0,008583
4,87;-0,008583
4,871667;-0,008583
4,873333;-0,008583
4,875;-0,008583
4,876667;-0,008583
4,878333;-0,008583
4,88;-0,008583
4,881667;-0,008583
4,883333;-0,008583
4,885;-0,008583
4,886667;-0,008583
4,888333;-0,008583
4,89;-0,008583
4,891667;-0,008583
4,893333;-0,008583
4,895;-0,008583
4,896667;-0,008583
4,898333;-0,008583
4,9;-0,008583
4,901667;-0,008583
4,903333;-0,008583
4,905;-0,008583
4,906667;-0,008583
4,908333;-0,008583
4,91;-0,008583
4,911667;-0,008583
4,913333;-0,008583
4,915;-0,008583
4,916667;-0,008583
4,918333;-0,008583
4,92;-0,008583
4,921667;-0,008583
4,923333;-0,008583
4,925;-0,008583
4,926667;-0,008583
4,928333;-0,008583
4,93;-0,008583
4,931667;-0,008583
4,933333;-0,008583
4,935;-0,008583
4,936667;-0,008583
4,938333;-0,008583
4,94;-0,008583
4,941667;-0,008583
4,943333;-0,008583
4,945;-0,008583
4,946667;-0,008583
4,948333;-0,008583
4,95;-0,008583
4,951667;-0,008583
4,953333;-0,008583
4,955;-0,008583
4,956667;-0,008583
4,958333;-0,008583
4,96;-0,008583
4,961667;-0,008583
4,963333;-0,008583
4,965;-0,008583
4,966667;-0,008583
4,968333;-0,008583
4,97;-0,008583
4,971667;-0,008583
4,973333;-0,008583
4,975;-0,008583
4,976667;-0,008583
4,978333;-0,008583
4,98;-0,008583
4,981667;-0,008583
4,983333;-0,008583
4,985;-0,008583
4,986667;-0,008583
4,988333;-0,008583
4,99;-0,008583
4,991667;-0,008583
4,993333;-0,008583
4,995;-0,008583
4,996667;-0,008583
4,998333;-0,008583
5;-0,008583
5,001667;-0,008583
5,003333;-0,008583
5,005;-0,008583
5,006667;-0,008583
5,008333;-0,008583
5,01;-0,008583
5,011667;-0,008583
5,013333;-0,008583
5,015;-0,008583
5,016667;-0,008583
5,018333;-0,008583
5,02;-0,008583
5,021667;-0,008583
5,023333;-0,008583
5,025;-0,008583
5,026667;-0,008583
5,028333;-0,008583
5,03;-0,008583
5,031667;-0,008583
5,033333;-0,008583
5,035;-0,008583
5,036667;-0,008583
5,038333;-0,008583
5,04;-0,008583
5,041667;-0,008583
5,043333;-0,008583
5,045;-0,008583
5,046667;-0,008583
5,048333;-0,008583
5,05;-0,008583
5,051667;-0,008583
5,053333;-0,008583
5,055;-0,008583
5,056667;-0,008583
5,058333;-0,008583
5,06;-0,008583
5,061667;-0,008583
5,063333;-0,008583
5,065;-0,008583
5,066667;-0,008583
5,068333;-0,005722
5,07;-0,005722
5,071667;-0,005722
5,073333;-0,005722
5,075;-0,005722
5,076667;-0,005722
5,078333;-0,005722
5,08;-0,008583
5,081667;-0,008583
5,083333;-0,008583
5,085;-0,008583
5,086667;-0,008583
5,088333;-0,008583
5,09;-0,008583
5,091667;-0,008583
5,093333;-0,008583
5,095;-0,008583
5,096667;-0,008583
5,098333;-0,008583
5,1;-0,005722
5,101667;-0,005722
5,103333;-0,005722
5,105;-0,008583
5,106667;-0,008583
5,108333;-0,008583
5,11;-0,008583
5,111667;-0,008583
5,113333;-0,008583
5,115;-0,008583
5,116667;-0,008583
5,118333;-0,008583
5,12;-0,008583
5,121667;-0,008583
5,123333;-0,008583
5,125;-0,008583
5,126667;-0,008583
5,128333;-0,008583
5,13;-0,008583
5,131667;-0,008583
5,133333;-0,008583
5,135;-0,008583
5,136667;-0,008583
5,138333;-0,008583
5,14;-0,008583
5,141667;-0,008583
5,143333;-0,008583
5,145;-0,008583
5,146667;-0,008583
5,148333;-0,008583
5,15;-0,008583
5,151667;-0,008583
5,153333;-0,008583
5,155;-0,008583
5,156667;-0,008583
5,158333;-0,008583
5,16;-0,008583
5,161667;-0,008583
5,163333;-0,008583
5,165;-0,008583
5,166667;-0,008583
5,168333;-0,008583
5,17;-0,008583
5,171667;-0,008583
5,173333;-0,008583
5,175;-0,008583
5,176667;-0,008583
5,178333;-0,008583
5,18;-0,008583
5,181667;-0,008583
5,183333;-0,008583
5,185;-0,005722
5,186667;-0,005722
5,188333;-0,005722
5,19;-0,005722
5,191667;-0,005722
5,193333;-0,005722
5,195;-0,005722
5,196667;-0,005722
5,198333;-0,005722
5,2;-0,005722
5,201667;-0,005722
5,203333;-0,005722
5,205;-0,005722
5,206667;-0,005722
5,208333;-0,005722
5,21;-0,005722
5,211667;-0,005722
5,213333;-0,005722
5,215;-0,005722
5,216667;-0,005722
5,218333;-0,005722
5,22;-0,005722
5,221667;-0,005722
5,223333;-0,005722
5,225;-0,005722
5,226667;-0,005722
5,228333;-0,005722
5,23;-0,005722
5,231667;-0,005722
5,233333;-0,005722
5,235;-0,005722
5,236667;-0,005722
5,238333;-0,005722
5,24;-0,005722
5,241667;-0,005722
5,243333;-0,005722
5,245;-0,005722
5,246667;-0,005722
5,248333;-0,005722
5,25;-0,005722
5,251667;-0,005722
5,253333;-0,005722
5,255;-0,005722
5,256667;-0,005722
5,258333;-0,005722
5,26;-0,005722
5,261667;-0,005722
5,263333;-0,005722
5,265;-0,005722
5,266667;-0,005722
5,268333;-0,005722
5,27;-0,005722
5,271667;-0,005722
5,273333;-0,005722
5,275;-0,005722
5,276667;-0,005722
5,278333;-0,005722
5,28;-0,005722
5,281667;-0,005722
5,283333;-0,005722
5,285;-0,005722
5,286667;-0,005722
5,288333;-0,005722
5,29;-0,005722
5,291667;-0,005722
5,293333;-0,005722
5,295;-0,005722
5,296667;-0,005722
5,298333;-0,005722
5,3;-0,005722
5,301667;-0,005722
5,303333;-0,005722
5,305;-0,005722
5,306667;-0,005722
5,308333;-0,005722
5,31;-0,005722
5,311667;-0,005722
5,313333;-0,005722
5,315;-0,005722
5,316667;-0,005722
5,318333;-0,005722
5,32;-0,005722
5,321667;-0,005722
5,323333;-0,005722
5,325;-0,005722
5,326667;-0,005722
5,328333;-0,005722
5,33;-0,005722
5,331667;-0,005722
5,333333;-0,005722
5,335;-0,005722
5,336667;-0,005722
5,338333;-0,005722
5,34;-0,005722
5,341667;-0,005722
5,343333;-0,005722
5,345;-0,005722
5,346667;-0,005722
5,348333;-0,005722
5,35;-0,005722
5,351667;-0,005722
5,353333;-0,005722
5,355;-0,005722
5,356667;-0,005722
5,358333;-0,005722
5,36;-0,005722
5,361667;-0,005722
5,363333;-0,005722
5,365;-0,005722
5,366667;-0,005722
5,368333;-0,005722
5,37;-0,005722
5,371667;-0,005722
5,373333;-0,005722
5,375;-0,005722
5,376667;-0,005722
5,378333;-0,005722
5,38;-0,005722
5,381667;-0,005722
5,383333;-0,005722
5,385;-0,005722
5,386667;-0,005722
5,388333;-0,005722
5,39;-0,005722
5,391667;-0,005722
5,393333;-0,005722
5,395;-0,005722
5,396667;-0,005722
5,398333;-0,005722
5,4;-0,005722
5,401667;-0,005722
5,403333;-0,005722
5,405;-0,005722
5,406667;-0,005722
5,408333;-0,005722
5,41;-0,005722
5,411667;-0,005722
5,413333;-0,005722
5,415;-0,005722
5,416667;-0,005722
5,418333;-0,005722
5,42;-0,005722
5,421667;-0,005722
5,423333;-0,005722
5,425;-0,005722
5,426667;-0,005722
5,428333;-0,005722
5,43;-0,005722
5,431667;-0,005722
5,433333;-0,005722
5,435;-0,005722
5,436667;-0,005722
5,438333;-0,005722
5,44;-0,005722
5,441667;-0,005722
5,443333;-0,005722
5,445;-0,005722
5,446667;-0,005722
5,448333;-0,005722
5,45;-0,005722
5,451667;-0,005722
5,453333;-0,005722
5,455;-0,005722
5,456667;-0,005722
5,458333;-0,005722
5,46;-0,005722
5,461667;-0,005722
5,463333;-0,005722
5,465;-0,005722
5,466667;-0,005722
5,468333;-0,005722
5,47;-0,005722
5,471667;-0,005722
5,473333;-0,005722
5,475;-0,005722
5,476667;-0,005722
5,478333;-0,002861
5,48;-0,002861
5,481667;-0,002861
5,483333;-0,002861
5,485;-0,002861
5,486667;-0,002861
5,488333;-0,002861
5,49;-0,002861
5,491667;-0,002861
5,493333;-0,002861
5,495;-0,002861
5,496667;-0,002861
5,498333;-0,002861
5,5;-0,002861
5,501667;-0,002861
5,503333;-0,002861
5,505;-0,002861
5,506667;-0,002861
5,508333;-0,002861
5,51;-0,002861
5,511667;-0,002861
5,513333;-0,002861
5,515;-0,002861
5,516667;-0,002861
5,518333;-0,002861
5,52;-0,002861
5,521667;-0,002861
5,523333;-0,002861
5,525;-0,002861
5,526667;-0,002861
5,528333;-0,002861
5,53;-0,002861
5,531667;-0,002861
5,533333;-0,002861
5,535;-0,002861
5,536667;-0,002861
5,538333;-0,002861
5,54;-0,002861
5,541667;-0,002861
5,543333;-0,002861
5,545;-0,002861
5,546667;-0,002861
5,548333;-0,002861
5,55;-0,002861
5,551667;-0,002861
5,553333;-0,005722
5,555;-0,005722
5,556667;-0,005722
5,558333;-0,005722
5,56;-0,005722
5,561667;-0,005722
5,563333;-0,005722
5,565;-0,005722
5,566667;-0,005722
5,568333;-0,005722
5,57;-0,005722
5,571667;-0,005722
5,573333;-0,005722
5,575;-0,005722
5,576667;-0,005722
5,578333;-0,005722
5,58;-0,005722
5,581667;-0,005722
5,583333;-0,005722
5,585;-0,005722
5,586667;-0,005722
5,588333;-0,005722
5,59;-0,005722
5,591667;-0,005722
5,593333;-0,005722
5,595;-0,005722
5,596667;-0,005722
5,598333;-0,005722
5,6;-0,005722
5,601667;-0,005722
5,603333;-0,005722
5,605;-0,005722
5,606667;-0,005722
5,608333;-0,005722
5,61;-0,005722
5,611667;-0,005722
5,613333;-0,005722
5,615;-0,005722
5,616667;-0,005722
5,618333;-0,005722
5,62;-0,005722
5,621667;-0,005722
5,623333;-0,005722
5,625;-0,005722
5,626667;-0,005722
5,628333;-0,005722
5,63;-0,005722
5,631667;-0,005722
5,633333;-0,005722
5,635;-0,005722
5,636667;-0,005722
5,638333;-0,005722
5,64;-0,005722
5,641667;-0,005722
5,643333;-0,005722
5,645;-0,005722
5,646667;-0,005722
5,648333;-0,005722
5,65;-0,005722
5,651667;-0,005722
5,653333;-0,005722
5,655;-0,005722
5,656667;-0,005722
5,658333;-0,005722
5,66;-0,005722
5,661667;-0,002861
5,663333;-0,002861
5,665;-0,002861
5,666667;-0,002861
5,668333;-0,002861
5,67;-0,002861
5,671667;-0,002861
5,673333;-0,005722
5,675;-0,005722
5,676667;-0,005722
5,678333;-0,005722
5,68;-0,005722
5,681667;-0,005722
5,683333;-0,005722
5,685;-0,005722
5,686667;-0,005722
5,688333;-0,005722
5,69;-0,005722
5,691667;-0,005722
5,693333;-0,005722
5,695;-0,005722
5,696667;-0,005722
5,698333;-0,005722
5,7;-0,005722
5,701667;-0,005722
5,703333;-0,005722
5,705;-0,005722
5,706667;-0,005722
5,708333;-0,005722
5,71;-0,005722
5,711667;-0,005722
5,713333;-0,005722
5,715;-0,005722
5,716667;-0,005722
5,718333;-0,005722
5,72;-0,005722
5,721667;-0,005722
5,723333;-0,005722
5,725;-0,005722
5,726667;-0,005722
5,728333;-0,005722
5,73;-0,005722
5,731667;-0,005722
5,733333;-0,005722
5,735;-0,005722
5,736667;-0,005722
5,738333;-0,005722
5,74;-0,005722
5,741667;-0,005722
5,743333;-0,005722
5,745;-0,005722
5,746667;-0,005722
5,748333;-0,005722
5,75;-0,005722
5,751667;-0,005722
5,753333;-0,005722
5,755;-0,005722
5,756667;-0,005722
5,758333;-0,005722
5,76;-0,005722
5,761667;-0,005722
5,763333;-0,005722
5,765;-0,005722
5,766667;-0,005722
5,768333;-0,005722
5,77;-0,005722
5,771667;-0,005722
5,773333;-0,005722
5,775;-0,005722
5,776667;-0,005722
5,778333;-0,005722
5,78;-0,005722
5,781667;-0,005722
5,783333;-0,005722
5,785;-0,005722
5,786667;-0,005722
5,788333;-0,005722
5,79;-0,005722
5,791667;-0,005722
5,793333;-0,005722
5,795;-0,005722
5,796667;-0,005722
5,798333;-0,005722
5,8;-0,005722
5,801667;-0,005722
5,803333;-0,005722
5,805;-0,005722
5,806667;-0,005722
5,808333;-0,005722
5,81;-0,005722
5,811667;-0,005722
5,813333;-0,005722
5,815;-0,005722
5,816667;-0,005722
5,818333;-0,005722
5,82;-0,005722
5,821667;-0,005722
5,823333;-0,005722
5,825;-0,005722
5,826667;-0,005722
5,828333;-0,005722
5,83;-0,005722
5,831667;-0,005722
5,833333;-0,005722
5,835;-0,005722
5,836667;-0,005722
5,838333;-0,005722
5,84;-0,005722
5,841667;-0,005722
5,843333;-0,005722
5,845;-0,005722
5,846667;-0,005722
5,848333;-0,005722
5,85;-0,005722
5,851667;-0,005722
5,853333;-0,005722
5,855;-0,005722
5,856667;-0,005722
5,858333;-0,005722
5,86;-0,005722
5,861667;-0,005722
5,863333;-0,005722
5,865;-0,005722
5,866667;-0,005722
5,868333;-0,005722
5,87;-0,005722
5,871667;-0,005722
5,873333;-0,005722
5,875;-0,005722
5,876667;-0,005722
5,878333;-0,005722
5,88;-0,005722
5,881667;-0,005722
5,883333;-0,005722
5,885;-0,005722
5,886667;-0,005722
5,888333;-0,005722
5,89;-0,005722
5,891667;-0,005722
5,893333;-0,005722
5,895;-0,005722
5,896667;-0,005722
5,898333;-0,005722
5,9;-0,005722
5,901667;-0,005722
5,903333;-0,005722
5,905;-0,005722
5,906667;-0,005722
5,908333;-0,005722
5,91;-0,005722
5,911667;-0,005722
5,913333;-0,005722
5,915;-0,005722
5,916667;-0,005722
5,918333;-0,005722
5,92;-0,005722
5,921667;-0,005722
5,923333;-0,005722
5,925;-0,005722
5,926667;-0,005722
5,928333;-0,008583
5,93;-0,008583
5,931667;-0,008583
5,933333;-0,008583
5,935;-0,008583
5,936667;-0,008583
5,938333;-0,008583
5,94;-0,008583
5,941667;-0,008583
5,943333;-0,008583
5,945;-0,008583
5,946667;-0,008583
5,948333;-0,008583
5,95;-0,008583
5,951667;-0,008583
5,953333;-0,008583
5,955;-0,005722
5,956667;-0,005722
5,958333;-0,005722
5,96;-0,008583
5,961667;-0,008583
5,963333;-0,008583
5,965;-0,008583
5,966667;-0,008583
5,968333;-0,008583
5,97;-0,008583
5,971667;-0,008583
5,973333;-0,008583
5,975;-0,008583
5,976667;-0,008583
5,978333;-0,005722
5,98;-0,005722
5,981667;-0,005722
5,983333;-0,005722
5,985;-0,005722
5,986667;-0,005722
5,988333;-0,005722
5,99;-0,005722
5,991667;-0,005722
5,993333;-0,005722
5,995;-0,005722
5,996667;-0,005722
5,998333;-0,005722
6;-0,005722
6,001667;-0,005722
6,003333;-0,005722
6,005;-0,005722
6,006667;-0,005722
6,008333;-0,005722
6,01;-0,005722
6,011667;-0,005722
6,013333;-0,005722
6,015;-0,005722
6,016667;-0,005722
6,018333;-0,005722
6,02;-0,005722
6,021667;-0,005722
6,023333;-0,005722
6,025;-0,005722
6,026667;-0,005722
6,028333;-0,005722
6,03;-0,005722
6,031667;-0,005722
6,033333;-0,005722
6,035;-0,005722
6,036667;-0,005722
6,038333;-0,005722
6,04;-0,005722
6,041667;-0,005722
6,043333;-0,005722
6,045;-0,005722
6,046667;-0,005722
6,048333;-0,005722
6,05;-0,005722
6,051667;-0,005722
6,053333;-0,005722
6,055;-0,005722
6,056667;-0,005722
6,058333;-0,005722
6,06;-0,005722
6,061667;-0,005722
6,063333;-0,005722
6,065;-0,005722
6,066667;-0,005722
6,068333;-0,005722
6,07;-0,005722
6,071667;-0,005722
6,073333;-0,005722
6,075;-0,005722
6,076667;-0,005722
6,078333;-0,005722
6,08;-0,005722
6,081667;-0,005722
6,083333;-0,005722
6,085;-0,005722
6,086667;-0,005722
6,088333;-0,005722
6,09;-0,005722
6,091667;-0,005722
6,093333;-0,005722
6,095;-0,005722
6,096667;-0,005722
6,098333;-0,005722
6,1;-0,008583
6,101667;-0,005722
6,103333;-0,005722
6,105;-0,005722
6,106667;-0,005722
6,108333;-0,005722
6,11;-0,005722
6,111667;-0,005722
6,113333;-0,005722
6,115;-0,005722
6,116667;-0,005722
6,118333;-0,005722
6,12;-0,005722
6,121667;-0,005722
6,123333;-0,005722
6,125;-0,005722
6,126667;-0,005722
6,128333;-0,005722
6,13;-0,005722
6,131667;-0,008583
6,133333;-0,008583
6,135;-0,008583
6,136667;-0,008583
6,138333;-0,005722
6,14;-0,005722
6,141667;-0,005722
6,143333;-0,005722
6,145;-0,005722
6,146667;-0,005722
6,148333;-0,005722
6,15;-0,005722
6,151667;-0,005722
6,153333;-0,005722
6,155;-0,005722
6,156667;-0,005722
6,158333;-0,005722
6,16;-0,005722
6,161667;-0,005722
6,163333;-0,005722
6,165;-0,005722
6,166667;-0,005722
6,168333;-0,005722
6,17;-0,005722
6,171667;-0,005722
6,173333;-0,005722
6,175;-0,005722
6,176667;-0,005722
6,178333;-0,005722
6,18;-0,005722
6,181667;-0,005722
6,183333;-0,005722
6,185;-0,005722
6,186667;-0,005722
6,188333;-0,008583
6,19;-0,008583
6,191667;-0,008583
6,193333;-0,008583
6,195;-0,008583
6,196667;-0,008583
6,198333;-0,008583
6,2;-0,008583
6,201667;-0,008583
6,203333;-0,008583
6,205;-0,008583
6,206667;-0,008583
6,208333;-0,008583
6,21;-0,008583
6,211667;-0,008583
6,213333;-0,008583
6,215;-0,008583
6,216667;-0,008583
6,218333;-0,008583
6,22;-0,008583
6,221667;-0,008583
6,223333;-0,008583
6,225;-0,008583
6,226667;-0,008583
6,228333;-0,008583
6,23;-0,008583
6,231667;-0,008583
6,233333;-0,008583
6,235;-0,008583
6,236667;-0,008583
6,238333;-0,008583
6,24;-0,008583
6,241667;-0,008583
6,243333;-0,008583
6,245;-0,008583
6,246667;-0,008583
6,248333;-0,008583
6,25;-0,008583
6,251667;-0,008583
6,253333;-0,008583
6,255;-0,008583
6,256667;-0,008583
6,258333;-0,008583
6,26;-0,008583
6,261667;-0,008583
6,263333;-0,008583
6,265;-0,008583
6,266667;-0,008583
6,268333;-0,008583
6,27;-0,008583
6,271667;-0,008583
6,273333;-0,005722
6,275;-0,005722
6,276667;-0,005722
6,278333;-0,005722
6,28;-0,005722
6,281667;-0,005722
6,283333;-0,005722
6,285;-0,005722
6,286667;-0,005722
6,288333;-0,005722
6,29;-0,005722
6,291667;-0,005722
6,293333;-0,005722
6,295;-0,005722
6,296667;-0,005722
6,298333;-0,005722
6,3;-0,005722
6,301667;-0,005722
6,303333;-0,005722
6,305;-0,005722
6,306667;-0,005722
6,308333;-0,005722
6,31;-0,005722
6,311667;-0,005722
6,313333;-0,005722
6,315;-0,005722
6,316667;-0,005722
6,318333;-0,005722
6,32;-0,005722
6,321667;-0,005722
6,323333;-0,005722
6,325;-0,005722
6,326667;-0,005722
6,328333;-0,005722
6,33;-0,005722
6,331667;-0,005722
6,333333;-0,005722
6,335;-0,005722
6,336667;-0,005722
6,338333;-0,005722
6,34;-0,005722
6,341667;-0,005722
6,343333;-0,005722
6,345;-0,005722
6,346667;-0,005722
6,348333;-0,005722
6,35;-0,005722
6,351667;-0,005722
6,353333;-0,005722
6,355;-0,005722
6,356667;-0,005722
6,358333;-0,005722
6,36;-0,005722
6,361667;-0,005722
6,363333;-0,005722
6,365;-0,005722
6,366667;-0,005722
6,368333;-0,005722
6,37;-0,005722
6,371667;-0,005722
6,373333;-0,005722
6,375;-0,005722
6,376667;-0,005722
6,378333;-0,005722
6,38;-0,005722
6,381667;-0,005722
6,383333;-0,005722
6,385;-0,005722
6,386667;-0,005722
6,388333;-0,005722
6,39;-0,005722
6,391667;-0,005722
6,393333;-0,005722
6,395;-0,005722
6,396667;-0,005722
6,398333;-0,005722
6,4;-0,005722
6,401667;-0,005722
6,403333;-0,005722
6,405;-0,005722
6,406667;-0,005722
6,408333;-0,005722
6,41;-0,005722
6,411667;-0,005722
6,413333;-0,005722
6,415;-0,005722
6,416667;-0,005722
6,418333;-0,005722
6,42;-0,005722
6,421667;-0,005722
6,423333;-0,005722
6,425;-0,005722
6,426667;-0,005722
6,428333;-0,005722
6,43;-0,005722
6,431667;-0,005722
6,433333;-0,005722
6,435;-0,005722
6,436667;-0,005722
6,438333;-0,005722
6,44;-0,005722
6,441667;-0,005722
6,443333;-0,005722
6,445;-0,005722
6,446667;-0,005722
6,448333;-0,005722
6,45;-0,005722
6,451667;-0,005722
6,453333;-0,005722
6,455;-0,005722
6,456667;-0,005722
6,458333;-0,005722
6,46;-0,005722
6,461667;-0,005722
6,463333;-0,005722
6,465;-0,005722
6,466667;-0,005722
6,468333;-0,005722
6,47;-0,005722
6,471667;-0,005722
6,473333;-0,005722
6,475;-0,005722
6,476667;-0,005722
6,478333;-0,005722
6,48;-0,005722
6,481667;-0,005722
6,483333;-0,005722
6,485;-0,005722
6,486667;-0,005722
6,488333;-0,005722
6,49;-0,005722
6,491667;-0,005722
6,493333;-0,005722
6,495;-0,005722
6,496667;-0,005722
6,498333;-0,005722
6,5;-0,005722
6,501667;-0,005722
6,503333;-0,005722
6,505;-0,005722
6,506667;-0,005722
6,508333;-0,005722
6,51;-0,005722
6,511667;-0,005722
6,513333;-0,005722
6,515;-0,005722
6,516667;-0,005722
6,518333;-0,005722
6,52;-0,005722
6,521667;-0,005722
6,523333;-0,005722
6,525;-0,005722
6,526667;-0,005722
6,528333;-0,005722
6,53;-0,005722
6,531667;-0,005722
6,533333;-0,005722
6,535;-0,005722
6,536667;-0,005722
6,538333;-0,005722
6,54;-0,005722
6,541667;-0,005722
6,543333;-0,005722
6,545;-0,005722
6,546667;-0,005722
6,548333;-0,005722
6,55;-0,005722
6,551667;-0,005722
6,553333;-0,005722
6,555;-0,005722
6,556667;-0,005722
6,558333;-0,005722
6,56;-0,005722
6,561667;-0,005722
6,563333;-0,005722
6,565;-0,005722
6,566667;-0,005722
6,568333;-0,005722
6,57;-0,005722
6,571667;-0,005722
6,573333;-0,005722
6,575;-0,005722
6,576667;-0,005722
6,578333;-0,005722
6,58;-0,005722
6,581667;-0,005722
6,583333;-0,005722
6,585;-0,005722
6,586667;-0,005722
6,588333;-0,005722
6,59;-0,005722
6,591667;-0,005722
6,593333;-0,005722
6,595;-0,005722
6,596667;-0,005722
6,598333;-0,005722
6,6;-0,005722
6,601667;-0,005722
6,603333;-0,005722
6,605;-0,005722
6,606667;-0,005722
6,608333;-0,005722
6,61;-0,005722
6,611667;-0,005722
6,613333;-0,005722
6,615;-0,005722
6,616667;-0,005722
6,618333;-0,005722
6,62;-0,005722
6,621667;-0,005722
6,623333;-0,005722
6,625;-0,005722
6,626667;-0,005722
6,628333;-0,005722
6,63;-0,005722
6,631667;-0,005722
6,633333;-0,005722
6,635;-0,005722
6,636667;-0,005722
6,638333;-0,005722
6,64;-0,005722
6,641667;-0,005722
6,643333;-0,005722
6,645;-0,005722
6,646667;-0,005722
6,648333;-0,005722
6,65;-0,005722
6,651667;-0,005722
6,653333;-0,005722
6,655;-0,005722
6,656667;-0,005722
6,658333;-0,005722
6,66;-0,005722
6,661667;-0,005722
6,663333;-0,005722
6,665;-0,005722
6,666667;-0,005722
6,668333;-0,005722
6,67;-0,005722
6,671667;-0,005722
6,673333;-0,005722
6,675;-0,005722
6,676667;-0,005722
6,678333;-0,005722
6,68;-0,005722
6,681667;-0,005722
6,683333;-0,005722
6,685;-0,005722
6,686667;-0,005722
6,688333;-0,005722
6,69;-0,005722
6,691667;-0,005722
6,693333;-0,005722
6,695;-0,005722
6,696667;-0,005722
6,698333;-0,005722
6,7;-0,005722
6,701667;-0,005722
6,703333;-0,005722
6,705;-0,005722
6,706667;-0,005722
6,708333;-0,005722
6,71;-0,005722
6,711667;-0,005722
6,713333;-0,005722
6,715;-0,005722
6,716667;-0,005722
6,718333;-0,005722
6,72;-0,005722
6,721667;-0,005722
6,723333;-0,005722
6,725;-0,005722
6,726667;-0,005722
6,728333;-0,005722
6,73;-0,005722
6,731667;-0,005722
6,733333;-0,005722
6,735;-0,005722
6,736667;-0,005722
6,738333;-0,005722
6,74;-0,005722
6,741667;-0,005722
6,743333;-0,005722
6,745;-0,005722
6,746667;-0,005722
6,748333;-0,005722
6,75;-0,005722
6,751667;-0,005722
6,753333;-0,005722
6,755;-0,005722
6,756667;-0,005722
6,758333;-0,005722
6,76;-0,005722
6,761667;-0,005722
6,763333;-0,005722
6,765;-0,005722
6,766667;-0,005722
6,768333;-0,005722
6,77;-0,005722
6,771667;-0,005722
6,773333;-0,005722
6,775;-0,005722
6,776667;-0,005722
6,778333;-0,005722
6,78;-0,005722
6,781667;-0,005722
6,783333;-0,005722
6,785;-0,005722
6,786667;-0,005722
6,788333;-0,005722
6,79;-0,005722
6,791667;-0,005722
6,793333;-0,005722
6,795;-0,005722
6,796667;-0,005722
6,798333;-0,005722
6,8;-0,005722
6,801667;-0,005722
6,803333;-0,005722
6,805;-0,005722
6,806667;-0,005722
6,808333;-0,005722
6,81;-0,005722
6,811667;-0,005722
6,813333;-0,005722
6,815;-0,005722
6,816667;-0,005722
6,818333;-0,005722
6,82;-0,005722
6,821667;-0,005722
6,823333;-0,005722
6,825;-0,005722
6,826667;-0,005722
6,828333;-0,005722
6,83;-0,005722
6,831667;-0,005722
6,833333;-0,005722
6,835;-0,005722
6,836667;-0,005722
6,838333;-0,005722
6,84;-0,005722
6,841667;-0,005722
6,843333;-0,005722
6,845;-0,005722
6,846667;-0,005722
6,848333;-0,005722
6,85;-0,005722
6,851667;-0,005722
6,853333;-0,005722
6,855;-0,005722
6,856667;-0,005722
6,858333;-0,005722
6,86;-0,005722
6,861667;-0,005722
6,863333;-0,005722
6,865;-0,005722
6,866667;-0,005722
6,868333;-0,005722
6,87;-0,005722
6,871667;-0,005722
6,873333;-0,005722
6,875;-0,005722
6,876667;-0,005722
6,878333;-0,005722
6,88;-0,005722
6,881667;-0,005722
6,883333;-0,005722
6,885;-0,005722
6,886667;-0,005722
6,888333;-0,005722
6,89;-0,005722
6,891667;-0,005722
6,893333;-0,005722
6,895;-0,005722
6,896667;-0,005722
6,898333;-0,005722
6,9;-0,005722
6,901667;-0,005722
6,903333;-0,005722
6,905;-0,005722
6,906667;-0,005722
6,908333;-0,005722
6,91;-0,005722
6,911667;-0,005722
6,913333;-0,005722
6,915;-0,005722
6,916667;-0,005722
6,918333;-0,005722
6,92;-0,005722
6,921667;-0,005722
6,923333;-0,005722
6,925;-0,005722
6,926667;-0,005722
6,928333;-0,005722
6,93;-0,005722
6,931667;-0,005722
6,933333;-0,005722
6,935;-0,005722
6,936667;-0,005722
6,938333;-0,005722
6,94;-0,005722
6,941667;-0,005722
6,943333;-0,005722
6,945;-0,005722
6,946667;-0,005722
6,948333;-0,005722
6,95;-0,005722
6,951667;-0,005722
6,953333;-0,005722
6,955;-0,005722
6,956667;-0,005722
6,958333;-0,005722
6,96;-0,005722
6,961667;-0,005722
6,963333;-0,005722
6,965;-0,005722
6,966667;-0,005722
6,968333;-0,005722
6,97;-0,005722
6,971667;-0,005722
6,973333;-0,005722
6,975;-0,005722
6,976667;-0,005722
6,978333;-0,005722
6,98;-0,005722
6,981667;-0,005722
6,983333;-0,005722
6,985;-0,005722
6,986667;-0,005722
6,988333;-0,005722
6,99;-0,005722
6,991667;-0,005722
6,993333;-0,005722
6,995;-0,005722
6,996667;-0,005722
6,998333;-0,005722
7;-0,005722
7,001667;-0,005722
7,003333;-0,005722
7,005;-0,005722
7,006667;-0,005722
7,008333;-0,005722
7,01;-0,005722
7,011667;-0,005722
7,013333;-0,005722
7,015;-0,005722
7,016667;-0,005722
7,018333;-0,005722
7,02;-0,005722
7,021667;-0,005722
7,023333;-0,005722
7,025;-0,005722
7,026667;-0,005722
7,028333;-0,005722
7,03;-0,005722
7,031667;-0,005722
7,033333;-0,005722
7,035;-0,005722
7,036667;-0,005722
7,038333;-0,005722
7,04;-0,005722
7,041667;-0,005722
7,043333;-0,005722
7,045;-0,005722
7,046667;-0,005722
7,048333;-0,005722
7,05;-0,005722
7,051667;-0,005722
7,053333;-0,005722
7,055;-0,005722
7,056667;-0,005722
7,058333;-0,005722
7,06;-0,005722
7,061667;-0,005722
7,063333;-0,002861
7,065;-0,002861
7,066667;-0,002861
7,068333;-0,002861
7,07;-0,002861
7,071667;-0,002861
7,073333;-0,002861
7,075;-0,002861
7,076667;-0,002861
7,078333;-0,002861
7,08;-0,002861
7,081667;-0,002861
7,083333;-0,002861
7,085;-0,002861
7,086667;-0,002861
7,088333;-0,002861
7,09;-0,002861
7,091667;-0,002861
7,093333;-0,002861
7,095;-0,002861
7,096667;-0,002861
7,098333;-0,002861
7,1;-0,002861
7,101667;-0,002861
7,103333;-0,002861
7,105;-0,002861
7,106667;-0,002861
7,108333;-0,002861
7,11;-0,002861
7,111667;-0,002861
7,113333;-0,002861
7,115;-0,002861
7,116667;0
7,118333;0
7,12;0
7,121667;0
7,123333;0
7,125;0
7,126667;0
7,128333;0
7,13;0
7,131667;0
7,133333;0
7,135;0
7,136667;0
7,138333;0
7,14;0,002861
7,141667;0,002861
7,143333;0,002861
7,145;0,002861
7,146667;0,002861
7,148333;0,002861
7,15;0,002861
7,151667;0,005722
7,153333;0,005722
7,155;0,005722
7,156667;0,005722
7,158333;0,005722
7,16;0,005722
7,161667;0,008583
7,163333;0,008583
7,165;0,008583
7,166667;0,008583
7,168333;0,011444
7,17;0,011444
7,171667;0,011444
7,173333;0,014305
7,175;0,014305
7,176667;0,014305
7,178333;0,017166
7,18;0,017166
7,181667;0,020027
7,183333;0,020027
7,185;0,022888
7,186667;0,022888
7,188333;0,025749
7,19;0,025749
7,191667;0,02861
7,193333;0,031471
7,195;0,031471
7,196667;0,034332
7,198333;0,037193
7,2;0,040054
7,201667;0,042915
7,203333;0,045776
7,205;0,048637
7,206667;0,051498
7,208333;0,054359
7,21;0,05722
7,211667;0,062943
7,213333;0,065804
7,215;0,071526
7,216667;0,074387
7,218333;0,080109
7,22;0,085831
7,221667;0,091553
7,223333;0,097275
7,225;0,102997
7,226667;0,11158
7,228333;0,117302
7,23;0,125885
7,231667;0,134468
7,233333;0,143051
7,235;0,151634
7,236667;0,163078
7,238333;0,174522
7,24;0,185967
7,241667;0,197411
7,243333;0,208855
7,245;0,22316
7,246667;0,237465
7,248333;0,254631
7,25;0,271797
7,251667;0,288963
7,253333;0,30899
7,255;0,329018
7,256667;0,349045
7,258333;0,371933
7,26;0,397682
7,261667;0,423431
7,263333;0,449181
7,265;0,480652
7,266667;0,512123
7,268333;0,543594
7,27;0,580788
7,271667;0,617981
7,273333;0,658035
7,275;0,69809
7,276667;0,743866
7,278333;0,789642
7,28;0,841141
7,281667;0,892639
7,283333;0,94986
7,285;1,009941
7,286667;1,072884
7,288333;1,138687
7,29;1,207352
7,291667;1,281738
7,293333;1,358986
7,295;1,527786
7,296667;1,616478
7,298333;1,616478
7,3;1,713753
7,301667;1,813889
7,303333;1,919747
7,305;2,028465
7,306667;2,145767
7,308333;2,268791
7,31;2,394676
7,311667;2,529144
7,313333;2,669335
7,315;2,815247
7,316667;2,969742
7,318333;3,129959
7,32;3,295899
7,321667;3,470421
7,323333;3,653527
7,325;3,842354
7,326667;4,039765
7,328333;4,245758
7,33;4,460335
7,331667;4,683495
7,333333;4,915238
7,335;5,155564
7,336667;5,404473
7,338333;5,661965
7,34;5,930901
7,341667;6,20842
7,343333;6,497384
7,345;6,792069
7,346667;7,101059
7,348333;7,418633
7,35;7,747651
7,351667;8,085251
7,353333;8,437157
7,355;8,797646
7,356667;9,166718
7,358333;9,550095
7,36;9,944916
7,361667;10,351182
7,363333;10,768891
7,365;11,195183
7,366667;11,635781
7,368333;12,087823
7,37;12,554169
7,371667;13,029099
7,373333;13,518334
7,375;14,019013
7,376667;14,531136
7,378333;15,054704
7,38;15,592576
7,381667;16,139031
7,383333;16,702653
7,385;17,274858
7,386667;17,861367
7,388333;18,459321
7,39;19,068719
7,391667;19,689561
7,393333;20,324708
7,395;20,971299
7,396667;21,629335
7,398333;22,298814
7,4;22,982599
7,401667;23,674966
7,403333;24,381639
7,405;25,096895
7,406667;25,826456
7,408333;26,567461
7,41;27,317049
7,411667;28,080942
7,413333;28,853418
7,415;29,637338
7,416667;30,432703
7,418333;31,23665
7,42;32,052042
7,421667;32,878878
7,423333;33,714296
7,425;34,558298
7,426667;35,413744
7,428333;37,147524
7,43;37,147524
7,431667;38,028719
7,433333;38,921359
7,435;39,816859
7,436667;40,723803
7,438333;41,63933
7,44;42,56058
7,441667;43,487551
7,443333;44,423106
7,445;45,364383
7,446667;46,311381
7,448333;47,266963
7,45;48,225406
7,451667;49,18957
7,453333;50,156596
7,455;51,129344
7,456667;52,107814
7,458333;53,089145
7,46;54,073337
7,461667;55,06039
7,463333;56,050304
7,465;57,043079
7,466667;58,038715
7,468333;59,034351
7,47;60,029987
7,471667;61,028484
7,473333;62,02412
7,475;63,019756
7,476667;64,018253
7,478333;65,011028
7,48;66,003803
7,481667;66,996578
7,483333;67,983631
7,485;68,967823
7,486667;69,949154
7,488333;70,927624
7,49;71,900372
7,491667;72,867398
7,493333;73,828702
7,495;74,787144
7,496667;75,737004
7,498333;76,678281
7,5;77,613835
7,501667;78,540807
7,503333;79,459195
7,505;80,369
7,506667;81,267362
7,508333;82,15714
7,51;83,035474
7,511667;83,902364
7,513333;84,75781
7,515;85,601812
7,516667;86,431508
7,518333;87,2469
7,52;88,047987
7,521667;88,834768
7,523333;89,607244
7,525;90,365415
7,526667;91,103559
7,528333;91,827398
7,53;92,53121
7,531667;93,220716
7,533333;93,890196
7,535;94,539648
7,536667;95,169073
7,538333;95,778471
7,54;96,367842
7,541667;96,937185
7,543333;97,483641
7,545;98,010069
7,546667;98,510748
7,548333;98,9914
7,55;99,446303
7,551667;99,878317
7,553333;100,287443
7,555;101,028448
7,556667;101,363188
7,558333;101,669318
7,56;101,952559
7,561667;102,210051
7,563333;102,210051
7,565;102,438933
7,566667;102,642065
7,568333;102,819449
7,57;102,971083
7,571667;103,094107
7,573333;103,188521
7,575;103,260046
7,576667;103,302962
7,578333;103,317267
7,58;103,305823
7,581667;103,26863
7,583333;103,205687
7,585;103,114134
7,586667;102,996832
7,588333;102,85092
7,59;102,68212
7,591667;102,484709
7,593333;102,26441
7,595;102,018362
7,596667;101,746565
7,598333;101,449019
7,6;101,128584
7,601667;100,785261
7,603333;100,416189
7,605;100,02709
7,606667;99,612242
7,608333;99,177366
7,61;98,722464
7,611667;98,244673
7,613333;97,746855
7,615;97,22901
7,616667;96,691137
7,618333;96,133238
7,62;95,561033
7,621667;94,968801
7,623333;94,359404
7,625;93,732839
7,626667;93,089109
7,628333;92,431074
7,63;91,758733
7,631667;91,074949
7,633333;90,373998
7,635;89,661604
7,636667;88,937765
7,638333;88,202482
7,64;87,455755
7,641667;86,697584
7,643333;85,927968
7,645;85,152631
7,646667;84,36585
7,648333;83,573346
7,65;82,77226
7,651667;81,96259
7,653333;81,147199
7,655;80,328946
7,656667;79,50211
7,658333;78,672414
7,66;77,836995
7,661667;76,998715
7,663333;76,157574
7,665;75,313573
7,666667;74,46671
7,668333;73,616986
7,67;72,767262
7,671667;71,917538
7,673333;71,064953
7,675;70,215229
7,676667;69,365506
7,678333;68,515782
7,68;67,666058
7,681667;66,819195
7,683333;65,975193
7,685;65,131191
7,686667;64,292912
7,688333;63,454632
7,69;62,622074
7,691667;61,792377
7,693333;60,965542
7,695;60,141567
7,696667;59,326175
7,698333;58,513645
7,7;57,703975
7,701667;56,902889
7,703333;56,104663
7,705;55,315021
7,706667;54,52824
7,708333;53,750041
7,71;52,977565
7,711667;52,210811
7,713333;51,45264
7,715;50,700191
7,716667;49,953464
7,718333;49,21532
7,72;48,482898
7,721667;47,759059
7,723333;47,040942
7,725;46,331408
7,726667;45,627597
7,728333;44,935229
7,73;44,248584
7,731667;43,570521
7,733333;42,901042
7,735;42,237284
7,736667;41,58211
7,738333;40,935519
7,74;40,297511
7,741667;39,668086
7,743333;39,044383
7,745;38,432124
7,746667;37,825587
7,748333;37,224772
7,75;36,635401
7,751667;36,054613
7,753333;35,479548
7,755;34,913065
7,756667;34,352305
7,758333;33,802988
7,76;33,259394
7,761667;32,724382
7,763333;32,197954
7,765;31,677248
7,766667;31,165125
7,768333;30,658724
7,77;30,160906
7,771667;29,671671
7,773333;29,188158
7,775;28,713228
7,776667;28,246881
7,778333;27,783396
7,78;27,331354
7,781667;26,885034
7,783333;26,444437
7,785;26,009561
7,786667;25,583269
7,788333;25,165559
7,79;24,750711
7,791667;24,344446
7,793333;23,943902
7,795;23,551942
7,796667;23,165704
7,798333;22,782327
7,8;22,410394
7,801667;22,041322
7,803333;21,677972
7,805;21,320344
7,806667;20,971299
7,808333;20,625116
7,81;20,287515
7,811667;19,952775
7,813333;19,623758
7,815;19,300462
7,816667;18,982888
7,818333;18,671037
7,82;18,364907
7,821667;18,061639
7,823333;17,764093
7,825;17,472268
7,826667;17,186166
7,828333;16,902925
7,83;16,625405
7,831667;16,353608
7,833333;16,084672
7,835;15,821458
7,836667;15,561105
7,838333;15,306474
7,84;15,057565
7,841667;14,811517
7,843333;14,56833
7,845;14,330865
7,846667;14,096261
7,848333;13,867379
7,85;13,641358
7,851667;13,418198
7,853333;13,200761
7,855;12,986184
7,856667;12,774468
7,858333;12,568475
7,86;12,365342
7,861667;12,16507
7,863333;11,96766
7,865;11,77311
7,866667;11,584283
7,868333;11,395455
7,87;11,032105
7,871667;10,854722
7,873333;10,680199
7,875;10,508538
7,876667;10,339738
7,878333;10,339738
7,88;10,013581
7,881667;9,853364
7,883333;9,853364
7,885;9,696007
7,886667;9,541512
7,888333;9,389878
7,89;9,241105
7,891667;9,092331
7,893333;8,94928
7,895;8,80909
7,896667;8,6689
7,898333;8,531571
7,9;8,399964
7,901667;8,265496
7,903333;8,13675
7,905;8,008004
7,906667;7,88498
7,908333;7,761956
7,91;7,638932
7,911667;7,52163
7,913333;7,404328
7,915;7,289887
7,916667;7,178307
7,918333;7,066727
7,92;6,958008
7,921667;6,85215
7,923333;6,643296
7,925;6,643296
7,926667;6,540299
7,928333;6,440163
7,93;6,342888
7,931667;6,245613
7,933333;6,056786
7,935;5,965233
7,936667;5,876541
7,938333;5,78785
7,94;5,702019
7,941667;5,702019
7,943333;5,616188
7,945;5,530358
7,946667;5,447388
7,948333;5,367279
7,95;5,287171
7,951667;5,207062
7,953333;5,129814
7,955;5,055428
7,956667;4,981041
7,958333;4,906655
7,96;4,835129
7,961667;4,763603
7,963333;4,694939
7,965;4,626274
7,966667;4,55761
7,968333;4,491806
7,97;4,426003
7,971667;4,36306
7,973333;4,300118
7,975;4,237175
7,976667;4,177094
7,978333;4,117012
7,98;4,056931
7,981667;3,99971
7,983333;3,94249
7,985;3,885269
7,986667;3,83091
7,988333;3,776551
7,99;3,725052
7,991667;3,670693
7,993333;3,619194
7,995;3,570557
7,996667;3,519058
7,998333;3,470421
8;3,421784
8,001667;3,376007
8,003333;3,32737
8,005;3,238678
8,006667;3,238678
8,008333;3,192902
8,01;3,149986
8,011667;3,107071
8,013333;3,064156
8,015;2,981186
8,016667;2,941132
8,018333;2,901077
8,02;2,863884
8,021667;2,82383
8,023333;2,82383
8,025;2,786637
8,026667;2,749443
8,028333;2,71225
8,03;2,677918
8,031667;2,640724
8,033333;2,606392
8,035;2,57206
8,036667;2,537728
8,038333;2,506256
8,04;2,471924
8,041667;2,440453
8,043333;2,408981
8,045;2,37751
8,046667;2,3489
8,048333;2,317429
8,05;2,288818
8,051667;2,260208
8,053333;2,228737
8,055;2,202988
8,056667;2,174378
8,058333;2,145767
8,06;2,120018
8,061667;2,094269
8,063333;2,065659
8,065;2,039909
8,066667;2,017021
8,068333;1,991272
8,07;1,965523
8,071667;1,942635
8,073333;1,919747
8,075;1,893997
8,076667;1,871109
8,078333;1,848221
8,08;1,825333
8,081667;1,805306
8,083333;1,782417
8,085;1,76239
8,086667;1,739502
8,088333;1,719475
8,09;1,699448
8,091667;1,67656
8,093333;1,659393
8,095;1,639366
8,096667;1,619339
8,098333;1,602173
8,1;1,582146
8,101667;1,56498
8,103333;1,544952
8,105;1,527786
8,106667;1,493454
8,108333;1,476288
8,11;1,459122
8,111667;1,441956
8,113333;1,441956
8,115;1,427651
8,116667;1,410484
8,118333;1,396179
8,12;1,379013
8,121667;1,364708
8,123333;1,347542
8,125;1,333237
8,126667;1,318932
8,128333;1,304627
8,13;1,290321
8,131667;1,276016
8,133333;1,261711
8,135;1,250267
8,136667;1,235962
8,138333;1,221657
8,14;1,210213
8,141667;1,195908
8,143333;1,184464
8,145;1,170158
8,146667;1,158714
8,148333;1,14727
8,15;1,135826
8,151667;1,124382
8,153333;1,110077
8,155;1,098633
8,156667;1,087189
8,158333;1,075745
8,16;1,067162
8,161667;1,055718
8,163333;1,044273
8,165;1,032829
8,166667;1,024246
8,168333;1,012802
8,17;1,001358
8,171667;0,992775
8,173333;0,984192
8,175;0,972748
8,176667;0,964165
8,178333;0,952721
8,18;0,944138
8,181667;0,935555
8,183333;0,926971
8,185;0,918388
8,186667;0,909805
8,188333;0,901222
8,19;0,892639
8,191667;0,884056
8,193333;0,875473
8,195;0,86689
8,196667;0,858307
8,198333;0,849724
8,2;0,832558
8,201667;0,823975
8,203333;0,818253
8,205;0,818253
8,206667;0,80967
8,208333;0,801086
8,21;0,795364
8,211667;0,786781
8,213333;0,781059
8,215;0,772476
8,216667;0,766754
8,218333;0,758171
8,22;0,752449
8,221667;0,743866
8,223333;0,738144
8,225;0,732422
8,226667;0,7267
8,228333;0,718117
8,23;0,712395
8,231667;0,706673
8,233333;0,700951
8,235;0,695229
8,236667;0,686646
8,238333;0,680924
8,24;0,675201
8,241667;0,669479
8,243333;0,663757
8,245;0,658035
8,246667;0,652313
8,248333;0,646591
8,25;0,640869
8,251667;0,635147
8,253333;0,629425
8,255;0,626564
8,256667;0,620842
8,258333;0,61512
8,26;0,609398
8,261667;0,603676
8,263333;0,600815
8,265;0,595093
8,266667;0,589371
8,268333;0,58651
8,27;0,580788
8,271667;0,575066
8,273333;0,572205
8,275;0,566483
8,276667;0,560761
8,278333;0,5579
8,28;0,552177
8,281667;0,549316
8,283333;0,543594
8,285;0,540733
8,286667;0,535011
8,288333;0,53215
8,29;0,526428
8,291667;0,523567
8,293333;0,517845
8,295;0,514984
8,296667;0,512123
8,298333;0,506401
8,3;0,50354
8,301667;0,500679
8,303333;0,494957
8,305;0,492096
8,306667;0,489235
8,308333;0,483513
8,31;0,480652
8,311667;0,477791
8,313333;0,47493
8,315;0,472069
8,316667;0,469208
8,318333;0,463486
8,32;0,460625
8,321667;0,457764
8,323333;0,454903
8,325;0,452042
8,326667;0,449181
8,328333;0,44632
8,33;0,440598
8,331667;0,437737
8,333333;0,434876
8,335;0,429153
8,336667;0,426292
8,338333;0,423431
8,34;0,42057
8,341667;0,417709
8,343333;0,417709
8,345;0,414848
8,346667;0,411987
8,348333;0,409126
8,35;0,406265
8,351667;0,403404
8,353333;0,400543
8,355;0,397682
8,356667;0,394821
8,358333;0,39196
8,36;0,389099
8,361667;0,386238
8,363333;0,386238
8,365;0,383377
8,366667;0,380516
8,368333;0,377655
8,37;0,374794
8,371667;0,371933
8,373333;0,369072
8,375;0,369072
8,376667;0,366211
8,378333;0,36335
8,38;0,360489
8,381667;0,357628
8,383333;0,354767
8,385;0,354767
8,386667;0,351906
8,388333;0,349045
8,39;0,346184
8,391667;0,346184
8,393333;0,343323
8,395;0,340462
8,396667;0,337601
8,398333;0,337601
8,4;0,33474
8,401667;0,331879
8,403333;0,329018
8,405;0,329018
8,406667;0,326157
8,408333;0,323296
8,41;0,323296
8,411667;0,320435
8,413333;0,317574
8,415;0,317574
8,416667;0,314713
8,418333;0,311852
8,42;0,311852
8,421667;0,30899
8,423333;0,306129
8,425;0,306129
8,426667;0,303268
8,428333;0,303268
8,43;0,300407
8,431667;0,297546
8,433333;0,297546
8,435;0,294685
8,436667;0,291824
8,438333;0,291824
8,44;0,288963
8,441667;0,288963
8,443333;0,286102
8,445;0,286102
8,446667;0,283241
8,448333;0,28038
8,45;0,277519
8,451667;0,277519
8,453333;0,277519
8,455;0,274658
8,456667;0,274658
8,458333;0,271797
8,46;0,271797
8,461667;0,268936
8,463333;0,268936
8,465;0,266075
8,466667;0,266075
8,468333;0,263214
8,47;0,263214
8,471667;0,260353
8,473333;0,260353
8,475;0,257492
8,476667;0,257492
8,478333;0,254631
8,48;0,254631
8,481667;0,25177
8,483333;0,25177
8,485;0,248909
8,486667;0,248909
8,488333;0,246048
8,49;0,246048
8,491667;0,246048
8,493333;0,243187
8,495;0,243187
8,496667;0,240326
8,498333;0,240326
8,5;0,237465
8,501667;0,237465
8,503333;0,234604
8,505;0,234604
8,506667;0,234604
8,508333;0,231743
8,51;0,231743
8,511667;0,228882
8,513333;0,228882
8,515;0,228882
8,516667;0,226021
8,518333;0,226021
8,52;0,22316
8,521667;0,22316
8,523333;0,220299
8,525;0,220299
8,526667;0,217438
8,528333;0,217438
8,53;0,217438
8,531667;0,217438
8,533333;0,214577
8,535;0,214577
8,536667;0,214577
8,538333;0,211716
8,54;0,211716
8,541667;0,211716
8,543333;0,208855
8,545;0,208855
8,546667;0,208855
8,548333;0,205994
8,55;0,205994
8,551667;0,203133
8,553333;0,203133
8,555;0,203133
8,556667;0,200272
8,558333;0,200272
8,56;0,200272
8,561667;0,197411
8,563333;0,197411
8,565;0,197411
8,566667;0,19455
8,568333;0,19455
8,57;0,19455
8,571667;0,19455
8,573333;0,191689
8,575;0,191689
8,576667;0,191689
8,578333;0,188828
8,58;0,188828
8,581667;0,188828
8,583333;0,185967
8,585;0,185967
8,586667;0,185967
8,588333;0,183105
8,59;0,183105
8,591667;0,183105
8,593333;0,183105
8,595;0,180244
8,596667;0,180244
8,598333;0,180244
8,6;0,180244
8,601667;0,177383
8,603333;0,177383
8,605;0,174522
8,606667;0,174522
8,608333;0,174522
8,61;0,174522
8,611667;0,171661
8,613333;0,171661
8,615;0,171661
8,616667;0,171661
8,618333;0,171661
8,62;0,1688
8,621667;0,1688
8,623333;0,1688
8,625;0,165939
8,626667;0,165939
8,628333;0,165939
8,63;0,165939
8,631667;0,163078
8,633333;0,163078
8,635;0,163078
8,636667;0,163078
8,638333;0,160217
8,64;0,160217
8,641667;0,160217
8,643333;0,160217
8,645;0,157356
8,646667;0,157356
8,648333;0,157356
8,65;0,157356
8,651667;0,157356
8,653333;0,157356
8,655;0,154495
8,656667;0,154495
8,658333;0,154495
8,66;0,154495
8,661667;0,151634
8,663333;0,151634
8,665;0,151634
8,666667;0,151634
8,668333;0,151634
8,67;0,148773
8,671667;0,148773
8,673333;0,148773
8,675;0,148773
8,676667;0,145912
8,678333;0,145912
8,68;0,145912
8,681667;0,145912
8,683333;0,145912
8,685;0,143051
8,686667;0,143051
8,688333;0,143051
8,69;0,143051
8,691667;0,143051
8,693333;0,14019
8,695;0,14019
8,696667;0,14019
8,698333;0,14019
8,7;0,14019
8,701667;0,137329
8,703333;0,137329
8,705;0,137329
8,706667;0,137329
8,708333;0,137329
8,71;0,137329
8,711667;0,137329
8,713333;0,134468
8,715;0,134468
8,716667;0,134468
8,718333;0,134468
8,72;0,134468
8,721667;0,134468
8,723333;0,134468
8,725;0,131607
8,726667;0,131607
8,728333;0,131607
8,73;0,131607
8,731667;0,131607
8,733333;0,131607
8,735;0,128746
8,736667;0,128746
8,738333;0,128746
8,74;0,128746
8,741667;0,128746
8,743333;0,125885
8,745;0,125885
8,746667;0,125885
8,748333;0,125885
8,75;0,125885
8,751667;0,125885
8,753333;0,125885
8,755;0,123024
8,756667;0,123024
8,758333;0,123024
8,76;0,123024
8,761667;0,123024
8,763333;0,123024
8,765;0,123024
8,766667;0,120163
8,768333;0,120163
8,77;0,120163
8,771667;0,120163
8,773333;0,120163
8,775;0,117302
8,776667;0,117302
8,778333;0,117302
8,78;0,117302
8,781667;0,117302
8,783333;0,117302
8,785;0,117302
8,786667;0,117302
8,788333;0,117302
8,79;0,114441
8,791667;0,114441
8,793333;0,114441
8,795;0,114441
8,796667;0,114441
8,798333;0,114441
8,8;0,114441
8,801667;0,11158
8,803333;0,11158
8,805;0,11158
8,806667;0,11158
8,808333;0,11158
8,81;0,108719
8,811667;0,108719
8,813333;0,108719
8,815;0,108719
8,816667;0,108719
8,818333;0,108719
8,82;0,108719
8,821667;0,108719
8,823333;0,105858
8,825;0,105858
8,826667;0,105858
8,828333;0,105858
8,83;0,105858
8,831667;0,105858
8,833333;0,105858
8,835;0,102997
8,836667;0,102997
8,838333;0,102997
8,84;0,102997
8,841667;0,102997
8,843333;0,102997
8,845;0,102997
8,846667;0,102997
8,848333;0,102997
8,85;0,100136
8,851667;0,100136
8,853333;0,100136
8,855;0,100136
8,856667;0,100136
8,858333;0,100136
8,86;0,100136
8,861667;0,100136
8,863333;0,100136
8,865;0,100136
8,866667;0,097275
8,868333;0,097275
8,87;0,097275
8,871667;0,097275
8,873333;0,097275
8,875;0,097275
8,876667;0,097275
8,878333;0,097275
8,88;0,097275
8,881667;0,097275
8,883333;0,094414
8,885;0,094414
8,886667;0,094414
8,888333;0,094414
8,89;0,094414
8,891667;0,094414
8,893333;0,094414
8,895;0,094414
8,896667;0,091553
8,898333;0,091553
8,9;0,091553
8,901667;0,091553
8,903333;0,091553
8,905;0,091553
8,906667;0,091553
8,908333;0,091553
8,91;0,091553
8,911667;0,088692
8,913333;0,088692
8,915;0,088692
8,916667;0,088692
8,918333;0,088692
8,92;0,088692
8,921667;0,088692
8,923333;0,088692
8,925;0,088692
8,926667;0,088692
8,928333;0,088692
8,93;0,088692
8,931667;0,085831
8,933333;0,085831
8,935;0,085831
8,936667;0,085831
8,938333;0,085831
8,94;0,085831
8,941667;0,085831
8,943333;0,085831
8,945;0,085831
8,946667;0,085831
8,948333;0,085831
8,95;0,085831
8,951667;0,08297
8,953333;0,08297
8,955;0,08297
8,956667;0,08297
8,958333;0,08297
8,96;0,08297
8,961667;0,08297
8,963333;0,08297
8,965;0,08297
8,966667;0,08297
8,968333;0,080109
8,97;0,080109
8,971667;0,080109
8,973333;0,080109
8,975;0,080109
8,976667;0,080109
8,978333;0,080109
8,98;0,077248
8,981667;0,077248
8,983333;0,077248
8,985;0,077248
8,986667;0,077248
8,988333;0,077248
8,99;0,077248
8,991667;0,077248
8,993333;0,077248
8,995;0,077248
8,996667;0,077248
8,998333;0,077248
9;0,077248
9,001667;0,077248
9,003333;0,074387
9,005;0,074387
9,006667;0,074387
9,008333;0,074387
9,01;0,074387
9,011667;0,074387
9,013333;0,074387
9,015;0,074387
9,016667;0,074387
9,018333;0,074387
9,02;0,074387
9,021667;0,071526
9,023333;0,071526
9,025;0,071526
9,026667;0,071526
9,028333;0,071526
9,03;0,071526
9,031667;0,071526
9,033333;0,071526
9,035;0,071526
9,036667;0,071526
9,038333;0,071526
9,04;0,068665
9,041667;0,068665
9,043333;0,068665
9,045;0,068665
9,046667;0,068665
9,048333;0,068665
9,05;0,068665
9,051667;0,068665
9,053333;0,068665
9,055;0,068665
9,056667;0,068665
9,058333;0,068665
9,06;0,065804
9,061667;0,065804
9,063333;0,065804
9,065;0,065804
9,066667;0,065804
9,068333;0,065804
9,07;0,065804
9,071667;0,065804
9,073333;0,065804
9,075;0,065804
9,076667;0,065804
9,078333;0,065804
9,08;0,062943
9,081667;0,062943
9,083333;0,062943
9,085;0,062943
9,086667;0,062943
9,088333;0,062943
9,09;0,062943
9,091667;0,062943
9,093333;0,062943
9,095;0,062943
9,096667;0,062943
9,098333;0,062943
9,1;0,062943
9,101667;0,060081
9,103333;0,060081
9,105;0,060081
9,106667;0,060081
9,108333;0,060081
9,11;0,060081
9,111667;0,060081
9,113333;0,060081
9,115;0,060081
9,116667;0,060081
9,118333;0,060081
9,12;0,060081
9,121667;0,060081
9,123333;0,060081
9,125;0,060081
9,126667;0,060081
9,128333;0,05722
9,13;0,05722
9,131667;0,05722
9,133333;0,05722
9,135;0,05722
9,136667;0,05722
9,138333;0,05722
9,14;0,05722
9,141667;0,05722
9,143333;0,05722
9,145;0,05722
9,146667;0,05722
9,148333;0,05722
9,15;0,05722
9,151667;0,05722
9,153333;0,05722
9,155;0,05722
9,156667;0,05722
9,158333;0,05722
9,16;0,05722
9,161667;0,054359
9,163333;0,054359
9,165;0,054359
9,166667;0,054359
9,168333;0,054359
9,17;0,054359
9,171667;0,054359
9,173333;0,054359
9,175;0,054359
9,176667;0,054359
9,178333;0,054359
9,18;0,054359
9,181667;0,054359
9,183333;0,054359
9,185;0,054359
9,186667;0,051498
9,188333;0,051498
9,19;0,051498
9,191667;0,051498
9,193333;0,051498
9,195;0,051498
9,196667;0,051498
9,198333;0,051498
9,2;0,051498
9,201667;0,051498
9,203333;0,051498
9,205;0,051498
9,206667;0,051498
9,208333;0,051498
9,21;0,051498
9,211667;0,051498
9,213333;0,048637
9,215;0,048637
9,216667;0,048637
9,218333;0,048637
9,22;0,048637
9,221667;0,048637
9,223333;0,048637
9,225;0,048637
9,226667;0,048637
9,228333;0,048637
9,23;0,048637
9,231667;0,048637
9,233333;0,048637
9,235;0,048637
9,236667;0,048637
9,238333;0,048637
9,24;0,048637
9,241667;0,048637
9,243333;0,048637
9,245;0,045776
9,246667;0,045776
9,248333;0,045776
9,25;0,045776
9,251667;0,045776
9,253333;0,045776
9,255;0,045776
9,256667;0,045776
9,258333;0,045776
9,26;0,045776
9,261667;0,045776
9,263333;0,045776
9,265;0,045776
9,266667;0,045776
9,268333;0,045776
9,27;0,045776
9,271667;0,045776
9,273333;0,045776
9,275;0,045776
9,276667;0,045776
9,278333;0,045776
9,28;0,045776
9,281667;0,042915
9,283333;0,042915
9,285;0,042915
9,286667;0,042915
9,288333;0,042915
9,29;0,042915
9,291667;0,042915
9,293333;0,042915
9,295;0,042915
9,296667;0,042915
9,298333;0,042915
9,3;0,042915
9,301667;0,042915
9,303333;0,042915
9,305;0,042915
9,306667;0,042915
9,308333;0,042915
9,31;0,042915
9,311667;0,042915
9,313333;0,042915
9,315;0,042915
9,316667;0,042915
9,318333;0,042915
9,32;0,042915
9,321667;0,042915
9,323333;0,042915
9,325;0,040054
9,326667;0,040054
9,328333;0,040054
9,33;0,040054
9,331667;0,040054
9,333333;0,040054
9,335;0,040054
9,336667;0,040054
9,338333;0,040054
9,34;0,040054
9,341667;0,040054
9,343333;0,040054
9,345;0,040054
9,346667;0,040054
9,348333;0,040054
9,35;0,040054
9,351667;0,040054
9,353333;0,040054
9,355;0,037193
9,356667;0,037193
9,358333;0,037193
9,36;0,037193
9,361667;0,037193
9,363333;0,037193
9,365;0,037193
9,366667;0,037193
9,368333;0,037193
9,37;0,037193
9,371667;0,037193
9,373333;0,037193
9,375;0,037193
9,376667;0,037193
9,378333;0,037193
9,38;0,037193
9,381667;0,037193
9,383333;0,037193
9,385;0,037193
9,386667;0,034332
9,388333;0,034332
9,39;0,034332
9,391667;0,034332
9,393333;0,034332
9,395;0,034332
9,396667;0,034332
9,398333;0,034332
9,4;0,034332
9,401667;0,034332
9,403333;0,034332
9,405;0,034332
9,406667;0,034332
9,408333;0,034332
9,41;0,034332
9,411667;0,034332
9,413333;0,034332
9,415;0,034332
9,416667;0,034332
9,418333;0,034332
9,42;0,034332
9,421667;0,034332
9,423333;0,034332
9,425;0,034332
9,426667;0,034332
9,428333;0,034332
9,43;0,034332
9,431667;0,034332
9,433333;0,034332
9,435;0,034332
9,436667;0,031471
9,438333;0,031471
9,44;0,031471
9,441667;0,031471
9,443333;0,031471
9,445;0,031471
9,446667;0,031471
9,448333;0,031471
9,45;0,031471
9,451667;0,031471
9,453333;0,031471
9,455;0,031471
9,456667;0,031471
9,458333;0,031471
9,46;0,031471
9,461667;0,031471
9,463333;0,031471
9,465;0,031471
9,466667;0,031471
9,468333;0,031471
9,47;0,031471
9,471667;0,031471
9,473333;0,031471
9,475;0,031471
9,476667;0,031471
9,478333;0,031471
9,48;0,031471
9,481667;0,031471
9,483333;0,031471
9,485;0,031471
9,486667;0,031471
9,488333;0,031471
9,49;0,031471
9,491667;0,031471
9,493333;0,031471
9,495;0,031471
9,496667;0,031471
9,498333;0,02861
9,5;0,02861
9,501667;0,02861
9,503333;0,02861
9,505;0,02861
9,506667;0,02861
9,508333;0,02861
9,51;0,02861
9,511667;0,02861
9,513333;0,02861
9,515;0,02861
9,516667;0,02861
9,518333;0,02861
9,52;0,02861
9,521667;0,02861
9,523333;0,02861
9,525;0,02861
9,526667;0,02861
9,528333;0,02861
9,53;0,02861
9,531667;0,02861
9,533333;0,02861
9,535;0,025749
9,536667;0,025749
9,538333;0,025749
9,54;0,025749
9,541667;0,025749
9,543333;0,025749
9,545;0,025749
9,546667;0,025749
9,548333;0,025749
9,55;0,025749
9,551667;0,025749
9,553333;0,025749
9,555;0,025749
9,556667;0,025749
9,558333;0,025749
9,56;0,025749
9,561667;0,025749
9,563333;0,025749
9,565;0,025749
9,566667;0,025749
9,568333;0,025749
9,57;0,025749
9,571667;0,025749
9,573333;0,025749
9,575;0,025749
9,576667;0,025749
9,578333;0,025749
9,58;0,025749
9,581667;0,025749
9,583333;0,025749
9,585;0,025749
9,586667;0,025749
9,588333;0,025749
9,59;0,025749
9,591667;0,025749
9,593333;0,025749
9,595;0,025749
9,596667;0,025749
9,598333;0,025749
9,6;0,025749
9,601667;0,025749
9,603333;0,025749
9,605;0,025749
9,606667;0,025749
9,608333;0,025749
9,61;0,025749
9,611667;0,025749
9,613333;0,025749
9,615;0,025749
9,616667;0,025749
9,618333;0,025749
9,62;0,025749
9,621667;0,025749
9,623333;0,025749
9,625;0,025749
9,626667;0,025749
9,628333;0,022888
9,63;0,022888
9,631667;0,022888
9,633333;0,022888
9,635;0,022888
9,636667;0,022888
9,638333;0,022888
9,64;0,022888
9,641667;0,022888
9,643333;0,022888
9,645;0,022888
9,646667;0,022888
9,648333;0,025749
9,65;0,025749
9,651667;0,025749
9,653333;0,025749
9,655;0,022888
9,656667;0,022888
9,658333;0,022888
9,66;0,022888
9,661667;0,022888
9,663333;0,022888
9,665;0,022888
9,666667;0,022888
9,668333;0,022888
9,67;0,022888
9,671667;0,022888
9,673333;0,022888
9,675;0,022888
9,676667;0,022888
9,678333;0,022888
9,68;0,022888
9,681667;0,022888
9,683333;0,022888
9,685;0,022888
9,686667;0,022888
9,688333;0,022888
9,69;0,022888
9,691667;0,022888
9,693333;0,022888
9,695;0,022888
9,696667;0,022888
9,698333;0,022888
9,7;0,022888
9,701667;0,022888
9,703333;0,022888
9,705;0,022888
9,706667;0,022888
9,708333;0,022888
9,71;0,022888
9,711667;0,022888
9,713333;0,022888
9,715;0,022888
9,716667;0,022888
9,718333;0,022888
9,72;0,022888
9,721667;0,022888
9,723333;0,022888
9,725;0,022888
9,726667;0,022888
9,728333;0,022888
9,73;0,022888
9,731667;0,022888
9,733333;0,022888
9,735;0,022888
9,736667;0,022888
9,738333;0,022888
9,74;0,022888
9,741667;0,022888
9,743333;0,022888
9,745;0,022888
9,746667;0,022888
9,748333;0,022888
9,75;0,022888
9,751667;0,022888
9,753333;0,022888
9,755;0,022888
9,756667;0,022888
9,758333;0,022888
9,76;0,022888
9,761667;0,022888
9,763333;0,022888
9,765;0,022888
9,766667;0,022888
9,768333;0,022888
9,77;0,022888
9,771667;0,022888
9,773333;0,022888
9,775;0,022888
9,776667;0,022888
9,778333;0,022888
9,78;0,022888
9,781667;0,022888
9,783333;0,022888
9,785;0,022888
9,786667;0,022888
9,788333;0,022888
9,79;0,022888
9,791667;0,022888
9,793333;0,020027
9,795;0,020027
9,796667;0,020027
9,798333;0,020027
9,8;0,020027
9,801667;0,020027
9,803333;0,020027
9,805;0,020027
9,806667;0,020027
9,808333;0,020027
9,81;0,020027
9,811667;0,020027
9,813333;0,020027
9,815;0,020027
9,816667;0,020027
9,818333;0,020027
9,82;0,020027
9,821667;0,020027
9,823333;0,020027
9,825;0,020027
9,826667;0,020027
9,828333;0,020027
9,83;0,020027
9,831667;0,017166
9,833333;0,017166
9,835;0,017166
9,836667;0,017166
9,838333;0,017166
9,84;0,017166
9,841667;0,017166
9,843333;0,017166
9,845;0,017166
9,846667;0,017166
9,848333;0,017166
9,85;0,017166
9,851667;0,017166
9,853333;0,017166
9,855;0,017166
9,856667;0,017166
9,858333;0,017166
9,86;0,017166
9,861667;0,017166
9,863333;0,017166
9,865;0,017166
9,866667;0,017166
9,868333;0,017166
9,87;0,017166
9,871667;0,017166
9,873333;0,017166
9,875;0,017166
9,876667;0,017166
9,878333;0,017166
9,88;0,017166
9,881667;0,017166
9,883333;0,017166
9,885;0,017166
9,886667;0,017166
9,888333;0,017166
9,89;0,017166
9,891667;0,017166
9,893333;0,017166
9,895;0,017166
9,896667;0,017166
9,898333;0,017166
9,9;0,017166
9,901667;0,017166
9,903333;0,017166
9,905;0,017166
9,906667;0,017166
9,908333;0,017166
9,91;0,017166
9,911667;0,017166
9,913333;0,017166
9,915;0,017166
9,916667;0,017166
9,918333;0,017166
9,92;0,017166
9,921667;0,017166
9,923333;0,017166
9,925;0,017166
9,926667;0,017166
9,928333;0,017166
9,93;0,017166
9,931667;0,017166
9,933333;0,017166
9,935;0,017166
9,936667;0,017166
9,938333;0,017166
9,94;0,017166
9,941667;0,017166
9,943333;0,017166
9,945;0,017166
9,946667;0,017166
9,948333;0,017166
9,95;0,017166
9,951667;0,017166
9,953333;0,017166
9,955;0,017166
9,956667;0,017166
9,958333;0,017166
9,96;0,017166
9,961667;0,017166
9,963333;0,017166
9,965;0,017166
9,966667;0,017166
9,968333;0,017166
9,97;0,017166
9,971667;0,017166
9,973333;0,017166
9,975;0,017166
9,976667;0,017166
9,978333;0,017166
9,98;0,017166
9,981667;0,017166
9,983333;0,017166
9,985;0,017166
9,986667;0,017166
9,988333;0,017166
9,99;0,014305
9,991667;0,014305
9,993333;0,014305
9,995;0,014305
9,996667;0,017166
9,998333;0,017166
10;0,014305
10,001667;0,014305
10,003333;0,014305
10,005;0,014305
10,006667;0,014305
10,008333;0,014305
10,01;0,014305
10,011667;0,014305
10,013333;0,014305
10,015;0,014305
10,016667;0,017166
10,018333;0,017166
10,02;0,017166
10,021667;0,017166
10,023333;0,017166
10,025;0,014305
10,026667;0,014305
10,028333;0,014305
10,03;0,017166
10,031667;0,017166
10,033333;0,017166
10,035;0,017166
10,036667;0,017166
10,038333;0,017166
10,04;0,017166
10,041667;0,017166
10,043333;0,017166
10,045;0,017166
10,046667;0,017166
10,048333;0,017166
10,05;0,017166
10,051667;0,014305
10,053333;0,014305
10,055;0,014305
10,056667;0,014305
10,058333;0,014305
10,06;0,014305
10,061667;0,014305
10,063333;0,014305
10,065;0,014305
10,066667;0,014305
10,068333;0,014305
10,07;0,014305
10,071667;0,014305
10,073333;0,014305
10,075;0,014305
10,076667;0,014305
10,078333;0,014305
10,08;0,014305
10,081667;0,014305
10,083333;0,014305
10,085;0,014305
10,086667;0,014305
10,088333;0,014305
10,09;0,014305
10,091667;0,014305
10,093333;0,014305
10,095;0,014305
10,096667;0,014305
10,098333;0,014305
10,1;0,014305
10,101667;0,014305
10,103333;0,014305
10,105;0,014305
10,106667;0,014305
10,108333;0,014305
10,11;0,014305
10,111667;0,014305
10,113333;0,014305
10,115;0,014305
10,116667;0,014305
10,118333;0,014305
10,12;0,014305
10,121667;0,014305
10,123333;0,014305
10,125;0,014305
10,126667;0,014305
10,128333;0,014305
10,13;0,014305
10,131667;0,014305
10,133333;0,014305
10,135;0,014305
10,136667;0,014305
10,138333;0,014305
10,14;0,014305
10,141667;0,014305
10,143333;0,014305
10,145;0,014305
10,146667;0,014305
10,148333;0,014305
10,15;0,014305
10,151667;0,014305
10,153333;0,014305
10,155;0,014305
10,156667;0,014305
10,158333;0,014305
10,16;0,014305
10,161667;0,011444
10,163333;0,011444
10,165;0,011444
10,166667;0,014305
10,168333;0,014305
10,17;0,014305
10,171667;0,014305
10,173333;0,014305
10,175;0,014305
10,176667;0,014305
10,178333;0,014305
10,18;0,014305
10,181667;0,014305
10,183333;0,014305
10,185;0,014305
10,186667;0,014305
10,188333;0,014305
10,19;0,014305
10,191667;0,014305
10,193333;0,014305
10,195;0,014305
10,196667;0,014305
10,198333;0,014305
10,2;0,014305
10,201667;0,014305
10,203333;0,014305
10,205;0,014305
10,206667;0,014305
10,208333;0,014305
10,21;0,014305
10,211667;0,014305
10,213333;0,014305
10,215;0,014305
10,216667;0,014305
10,218333;0,014305
10,22;0,014305
10,221667;0,014305
10,223333;0,014305
10,225;0,014305
10,226667;0,014305
10,228333;0,014305
10,23;0,014305
10,231667;0,014305
10,233333;0,014305
10,235;0,014305
10,236667;0,014305
10,238333;0,014305
10,24;0,014305
10,241667;0,014305
10,243333;0,014305
10,245;0,014305
10,246667;0,014305
10,248333;0,014305
10,25;0,014305
10,251667;0,014305
10,253333;0,014305
10,255;0,014305
10,256667;0,014305
10,258333;0,014305
10,26;0,014305
10,261667;0,014305
10,263333;0,014305
10,265;0,014305
10,266667;0,014305
10,268333;0,014305
10,27;0,014305
10,271667;0,014305
10,273333;0,014305
10,275;0,014305
10,276667;0,014305
10,278333;0,014305
10,28;0,017166
10,281667;0,017166
10,283333;0,017166
10,285;0,017166
10,286667;0,017166
10,288333;0,017166
10,29;0,017166
10,291667;0,017166
10,293333;0,017166
10,295;0,017166
10,296667;0,017166
10,298333;0,017166
10,3;0,017166
10,301667;0,017166
10,303333;0,017166
10,305;0,017166
10,306667;0,017166
10,308333;0,017166
10,31;0,017166
10,311667;0,017166
10,313333;0,017166
10,315;0,020027
10,316667;0,020027
10,318333;0,020027
10,32;0,020027
10,321667;0,020027
10,323333;0,020027
10,325;0,020027
10,326667;0,020027
10,328333;0,020027
10,33;0,020027
10,331667;0,020027
10,333333;0,020027
10,335;0,020027
10,336667;0,020027
10,338333;0,020027
10,34;0,022888
10,341667;0,022888
10,343333;0,022888
10,345;0,022888
10,346667;0,022888
10,348333;0,022888
10,35;0,022888
10,351667;0,022888
10,353333;0,022888
10,355;0,022888
10,356667;0,022888
10,358333;0,022888
10,36;0,022888
10,361667;0,022888
10,363333;0,022888
10,365;0,022888
10,366667;0,025749
10,368333;0,025749
10,37;0,025749
10,371667;0,025749
10,373333;0,025749
10,375;0,025749
10,376667;0,025749
10,378333;0,025749
10,38;0,025749
10,381667;0,025749
10,383333;0,025749
10,385;0,025749
10,386667;0,025749
10,388333;0,025749
10,39;0,025749
10,391667;0,025749
10,393333;0,02861
10,395;0,02861
10,396667;0,02861
10,398333;0,02861
10,4;0,02861
10,401667;0,02861
10,403333;0,02861
10,405;0,02861
10,406667;0,02861
10,408333;0,02861
10,41;0,02861
10,411667;0,02861
10,413333;0,02861
10,415;0,02861
10,416667;0,02861
10,418333;0,02861
10,42;0,02861
10,421667;0,02861
10,423333;0,02861
10,425;0,02861
10,426667;0,02861
10,428333;0,02861
10,43;0,02861
10,431667;0,02861
10,433333;0,02861
10,435;0,02861
10,436667;0,02861
10,438333;0,02861
10,44;0,02861
10,441667;0,02861
10,443333;0,02861
10,445;0,02861
10,446667;0,031471
10,448333;0,031471
10,45;0,031471
10,451667;0,031471
10,453333;0,031471
10,455;0,031471
10,456667;0,031471
10,458333;0,031471
10,46;0,031471
10,461667;0,031471
10,463333;0,031471
10,465;0,031471
10,466667;0,031471
10,468333;0,031471
10,47;0,031471
10,471667;0,031471
10,473333;0,031471
10,475;0,02861
10,476667;0,02861
10,478333;0,02861
10,48;0,02861
10,481667;0,02861
10,483333;0,02861
10,485;0,02861
10,486667;0,02861
10,488333;0,02861
10,49;0,02861
10,491667;0,02861
10,493333;0,02861
10,495;0,02861
10,496667;0,02861
10,498333;0,02861
10,5;0,02861
10,501667;0,02861
10,503333;0,02861
10,505;0,02861
10,506667;0,02861
10,508333;0,02861
10,51;0,02861
10,511667;0,02861
10,513333;0,02861
10,515;0,02861
10,516667;0,02861
10,518333;0,02861
10,52;0,02861
10,521667;0,02861
10,523333;0,02861
10,525;0,02861
10,526667;0,02861
10,528333;0,02861
10,53;0,02861
10,531667;0,02861
10,533333;0,02861
10,535;0,02861
10,536667;0,02861
10,538333;0,02861
10,54;0,02861
10,541667;0,02861
10,543333;0,02861
10,545;0,02861
10,546667;0,02861
10,548333;0,02861
10,55;0,02861
10,551667;0,02861
10,553333;0,02861
10,555;0,02861
10,556667;0,02861
10,558333;0,02861
10,56;0,02861
10,561667;0,025749
10,563333;0,025749
10,565;0,025749
10,566667;0,025749
10,568333;0,025749
10,57;0,025749
10,571667;0,025749
10,573333;0,025749
10,575;0,025749
10,576667;0,025749
10,578333;0,025749
10,58;0,025749
10,581667;0,025749
10,583333;0,025749
10,585;0,025749
10,586667;0,025749
10,588333;0,025749
10,59;0,025749
10,591667;0,025749
10,593333;0,025749
10,595;0,025749
10,596667;0,025749
10,598333;0,025749
10,6;0,025749
10,601667;0,025749
10,603333;0,025749
10,605;0,025749
10,606667;0,025749
10,608333;0,022888
10,61;0,022888
10,611667;0,022888
10,613333;0,022888
10,615;0,022888
10,616667;0,022888
10,618333;0,022888
10,62;0,022888
10,621667;0,022888
10,623333;0,022888
10,625;0,022888
10,626667;0,022888
10,628333;0,022888
10,63;0,022888
10,631667;0,022888
10,633333;0,022888
10,635;0,022888
10,636667;0,022888
10,638333;0,022888
10,64;0,022888
10,641667;0,020027
10,643333;0,020027
10,645;0,020027
10,646667;0,020027
10,648333;0,020027
10,65;0,020027
10,651667;0,020027
10,653333;0,020027
10,655;0,020027
10,656667;0,020027
10,658333;0,020027
10,66;0,020027
10,661667;0,020027
10,663333;0,020027
10,665;0,020027
10,666667;0,020027
10,668333;0,020027
10,67;0,020027
10,671667;0,017166
10,673333;0,017166
10,675;0,017166
10,676667;0,017166
10,678333;0,017166
10,68;0,017166
10,681667;0,017166
10,683333;0,017166
10,685;0,017166
10,686667;0,017166
10,688333;0,017166
10,69;0,017166
10,691667;0,017166
10,693333;0,017166
10,695;0,017166
10,696667;0,017166
10,698333;0,017166
10,7;0,017166
10,701667;0,017166
10,703333;0,014305
10,705;0,014305
10,706667;0,014305
10,708333;0,014305
10,71;0,014305
10,711667;0,014305
10,713333;0,014305
10,715;0,014305
10,716667;0,014305
10,718333;0,014305
10,72;0,014305
10,721667;0,014305
10,723333;0,014305
10,725;0,014305
10,726667;0,014305
10,728333;0,014305
10,73;0,014305
10,731667;0,014305
10,733333;0,014305
10,735;0,014305
10,736667;0,014305
10,738333;0,014305
10,74;0,014305
10,741667;0,014305
10,743333;0,011444
10,745;0,011444
10,746667;0,011444
10,748333;0,011444
10,75;0,011444
10,751667;0,011444
10,753333;0,011444
10,755;0,011444
10,756667;0,011444
10,758333;0,011444
10,76;0,011444
10,761667;0,011444
10,763333;0,011444
10,765;0,011444
10,766667;0,011444
10,768333;0,011444
10,77;0,011444
10,771667;0,011444
10,773333;0,011444
10,775;0,011444
10,776667;0,011444
10,778333;0,011444
10,78;0,011444
10,781667;0,011444
10,783333;0,011444
10,785;0,008583
10,786667;0,008583
10,788333;0,008583
10,79;0,008583
10,791667;0,008583
10,793333;0,008583
10,795;0,008583
10,796667;0,008583
10,798333;0,008583
10,8;0,008583
10,801667;0,008583
10,803333;0,008583
10,805;0,008583
10,806667;0,008583
10,808333;0,008583
10,81;0,008583
10,811667;0,008583
10,813333;0,008583
10,815;0,008583
10,816667;0,008583
10,818333;0,008583
10,82;0,008583
10,821667;0,008583
10,823333;0,008583
10,825;0,008583
10,826667;0,008583
10,828333;0,008583
10,83;0,008583
10,831667;0,008583
10,833333;0,008583
10,835;0,008583
10,836667;0,005722
10,838333;0,005722
10,84;0,005722
10,841667;0,005722
10,843333;0,005722
10,845;0,005722
10,846667;0,005722
10,848333;0,005722
10,85;0,005722
10,851667;0,005722
10,853333;0,005722
10,855;0,005722
10,856667;0,005722
10,858333;0,005722
10,86;0,005722
10,861667;0,005722
10,863333;0,005722
10,865;0,005722
10,866667;0,005722
10,868333;0,005722
10,87;0,005722
10,871667;0,005722
10,873333;0,005722
10,875;0,005722
10,876667;0,005722
10,878333;0,005722
10,88;0,005722
10,881667;0,005722
10,883333;0,005722
10,885;0,005722
10,886667;0,005722
10,888333;0,005722
10,89;0,005722
10,891667;0,005722
10,893333;0,005722
10,895;0,005722
10,896667;0,005722
10,898333;0,005722
10,9;0,005722
10,901667;0,005722
10,903333;0,005722
10,905;0,005722
10,906667;0,005722
10,908333;0,005722
10,91;0,005722
10,911667;0,005722
10,913333;0,005722
10,915;0,005722
10,916667;0,005722
10,918333;0,005722
10,92;0,005722
10,921667;0,005722
10,923333;0,005722
10,925;0,002861
10,926667;0,002861
10,928333;0,002861
10,93;0,002861
10,931667;0,002861
10,933333;0,002861
10,935;0,002861
10,936667;0,002861
10,938333;0,002861
10,94;0,002861
10,941667;0,002861
10,943333;0,002861
10,945;0,002861
10,946667;0,002861
10,948333;0,002861
10,95;0,002861
10,951667;0,002861
10,953333;0,002861
10,955;0,002861
10,956667;0,002861
10,958333;0,005722
10,96;0,002861
10,961667;0,002861
10,963333;0,002861
10,965;0,002861
10,966667;0,002861
10,968333;0,002861
10,97;0,002861
10,971667;0,002861
10,973333;0,002861
10,975;0,002861
10,976667;0,002861
10,978333;0,002861
10,98;0,002861
10,981667;0,002861
10,983333;0,002861
10,985;0,002861
10,986667;0,002861
10,988333;0,002861
10,99;0,002861
10,991667;0,002861
10,993333;0,002861
10,995;0,002861
10,996667;0,002861
10,998333;0,002861
11;0,002861
11,001667;0,002861
11,003333;0,002861
11,005;0,002861
11,006667;0,002861
11,008333;0,002861
11,01;0,002861
11,011667;0,002861
11,013333;0,002861
11,015;0,002861
11,016667;0,002861
11,018333;0,002861
11,02;0,002861
11,021667;0,002861
11,023333;0,002861
11,025;0,002861
11,026667;0,002861
11,028333;0,002861
11,03;0,002861
11,031667;0,002861
11,033333;0,002861
11,035;0,002861
11,036667;0,002861
11,038333;0,002861
11,04;0,002861
11,041667;0,002861
11,043333;0,002861
11,045;0,002861
11,046667;0,002861
11,048333;0,002861
11,05;0,002861
11,051667;0,002861
11,053333;0
11,055;0
11,056667;0
11,058333;0
11,06;0
11,061667;0
11,063333;0
11,065;0
11,066667;0
11,068333;0
11,07;0
11,071667;0
11,073333;0
11,075;0
11,076667;0
11,078333;0
11,08;0
11,081667;0
11,083333;0
11,085;0
11,086667;0
11,088333;0
11,09;0
11,091667;0
11,093333;0
11,095;0
11,096667;0
11,098333;0
11,1;0
11,101667;0
11,103333;0
11,105;0
11,106667;0
11,108333;0
11,11;0
11,111667;0
11,113333;0
11,115;0
11,116667;0
11,118333;0
11,12;0
11,121667;0
11,123333;0
11,125;0
11,126667;0
11,128333;0
11,13;0
11,131667;0
11,133333;0
11,135;0
11,136667;0
11,138333;0
11,14;0
11,141667;0
11,143333;0
11,145;0
11,146667;0
11,148333;0
11,15;0
11,151667;0
11,153333;0
11,155;0
11,156667;0
11,158333;0
11,16;0
11,161667;0
11,163333;0
11,165;0
11,166667;0
11,168333;0
11,17;0
11,171667;0
11,173333;0
11,175;0
11,176667;0
11,178333;0
11,18;0
11,181667;0
11,183333;0
11,185;0
11,186667;0
11,188333;0
11,19;0
11,191667;0
11,193333;0
11,195;0
11,196667;0
11,198333;0
11,2;0
11,201667;0
11,203333;0
11,205;0
11,206667;0
11,208333;0
11,21;0
11,211667;0
11,213333;0
11,215;0
11,216667;0
11,218333;0
11,22;0
11,221667;0
11,223333;0
11,225;0
11,226667;0
11,228333;0
11,23;0
11,231667;0
11,233333;0,002861
11,235;0,002861
11,236667;0,002861
11,238333;0,002861
11,24;0,002861
11,241667;0,002861
11,243333;0,002861
11,245;0,002861
11,246667;0,002861
11,248333;0,002861
11,25;0,002861
11,251667;0,002861
11,253333;0,002861
11,255;0,002861
11,256667;0,002861
11,258333;0,002861
11,26;0,002861
11,261667;0,002861
11,263333;0,002861
11,265;0,002861
11,266667;0,002861
11,268333;0
11,27;0
11,271667;0
11,273333;0
11,275;0
11,276667;0
11,278333;0
11,28;0
11,281667;0
11,283333;0
11,285;0
11,286667;0
11,288333;0
11,29;0
11,291667;0
11,293333;0
11,295;0
11,296667;0
11,298333;0
11,3;0
11,301667;0
11,303333;0
11,305;0
11,306667;0
11,308333;0
11,31;0
11,311667;0
11,313333;0
11,315;0
11,316667;0
11,318333;0
11,32;0
11,321667;0
11,323333;0
11,325;0
11,326667;0
11,328333;0
11,33;0
11,331667;0
11,333333;0
11,335;0
11,336667;0
11,338333;0
11,34;0
11,341667;0
11,343333;0
11,345;0
11,346667;0
11,348333;0
11,35;0
11,351667;0
11,353333;0
11,355;0
11,356667;0
11,358333;0
11,36;0
11,361667;0
11,363333;0
11,365;0
11,366667;0
11,368333;0
11,37;0
11,371667;0
11,373333;0
11,375;0
11,376667;0
11,378333;0
11,38;0
11,381667;0
11,383333;0
11,385;0
11,386667;0
11,388333;0
11,39;0
11,391667;0
11,393333;0
11,395;0
11,396667;0
11,398333;0
11,4;0
11,401667;0
11,403333;0
11,405;0
11,406667;0
11,408333;0
11,41;0
11,411667;-0,002861
11,413333;-0,002861
11,415;-0,002861
11,416667;-0,002861
11,418333;-0,002861
11,42;-0,002861
11,421667;-0,002861
11,423333;-0,002861
11,425;-0,002861
11,426667;-0,002861
11,428333;-0,002861
11,43;-0,002861
11,431667;-0,002861
11,433333;-0,002861
11,435;-0,002861
11,436667;-0,002861
11,438333;-0,002861
11,44;-0,002861
11,441667;-0,002861
11,443333;-0,002861
11,445;-0,002861
11,446667;-0,002861
11,448333;-0,002861
11,45;-0,002861
11,451667;-0,002861
11,453333;-0,002861
11,455;-0,002861
11,456667;-0,002861
11,458333;-0,002861
11,46;-0,002861
11,461667;-0,002861
11,463333;-0,002861
11,465;-0,002861
11,466667;-0,002861
11,468333;-0,002861
11,47;-0,002861
11,471667;-0,002861
11,473333;-0,002861
11,475;-0,002861
11,476667;0
11,478333;0
11,48;0
11,481667;0
11,483333;0
11,485;0
11,486667;0
11,488333;0
11,49;0
11,491667;0
11,493333;0
11,495;0
11,496667;0
11,498333;0
11,5;0
11,501667;0
11,503333;0
11,505;0
11,506667;0
11,508333;0
11,51;0
11,511667;0
11,513333;0
11,515;0
11,516667;0
11,518333;0
11,52;0
11,521667;0
11,523333;0
11,525;0
11,526667;0
11,528333;0
11,53;0
11,531667;0
11,533333;0
11,535;0
11,536667;0
11,538333;0
11,54;0
11,541667;0
11,543333;0
11,545;0
11,546667;0
11,548333;0
11,55;0
11,551667;0
11,553333;0
11,555;0
11,556667;0
11,558333;0
11,56;0
11,561667;0
11,563333;0
11,565;0
11,566667;0
11,568333;0
11,57;0
11,571667;0
11,573333;0
11,575;0
11,576667;0
11,578333;0
11,58;0
11,581667;0
11,583333;0
11,585;0
11,586667;0
11,588333;0
11,59;0
11,591667;0
11,593333;0
11,595;0
11,596667;0
11,598333;0
11,6;0
11,601667;0
11,603333;0
11,605;0
11,606667;0
11,608333;0
11,61;0
11,611667;0
11,613333;0
11,615;0
11,616667;0
11,618333;0
11,62;0
11,621667;0
11,623333;0
11,625;0
11,626667;0
11,628333;0
11,63;0
11,631667;0
11,633333;0
11,635;0
11,636667;0
11,638333;0
11,64;0
11,641667;0
11,643333;0
11,645;0
11,646667;0
11,648333;0
11,65;0
11,651667;0
11,653333;0
11,655;0
11,656667;0
11,658333;0
11,66;0
11,661667;0
11,663333;0
11,665;0
11,666667;0
11,668333;0
11,67;0
11,671667;0
11,673333;0
11,675;0
11,676667;0
11,678333;0
11,68;0
11,681667;0
11,683333;0
11,685;0
11,686667;0
11,688333;0
11,69;0
11,691667;0
11,693333;0
11,695;0
11,696667;0
11,698333;0
11,7;0
11,701667;0
11,703333;0
11,705;0
11,706667;0
11,708333;0
11,71;0
11,711667;0
11,713333;0
11,715;0
11,716667;0
11,718333;0
11,72;0
11,721667;0
11,723333;0
11,725;0
11,726667;0
11,728333;0
11,73;0
11,731667;0
11,733333;0
11,735;0
11,736667;0
11,738333;0
11,74;0
11,741667;0
11,743333;0
11,745;0
11,746667;0
11,748333;0
11,75;0
11,751667;0
11,753333;0
11,755;0
11,756667;0
11,758333;0
11,76;0
11,761667;0
11,763333;0
11,765;0
11,766667;0
11,768333;0
11,77;0
11,771667;0
11,773333;0
11,775;0
11,776667;0
11,778333;0
11,78;0
11,781667;0
11,783333;0
11,785;0
11,786667;0
11,788333;0
11,79;0
11,791667;0
11,793333;0
11,795;0
11,796667;0
11,798333;0
11,8;0
11,801667;0
11,803333;0
11,805;0
11,806667;0
11,808333;0
11,81;0
11,811667;0
11,813333;0
11,815;0
11,816667;0
11,818333;0
11,82;0
11,821667;0
11,823333;0
11,825;0
11,826667;0
11,828333;0
11,83;0
11,831667;0
11,833333;0
11,835;0
11,836667;0
11,838333;0
11,84;0
11,841667;0
11,843333;0
11,845;0
11,846667;0
11,848333;0
11,85;0
11,851667;0
11,853333;0
11,855;0
11,856667;0
11,858333;0
11,86;0
11,861667;0
11,863333;0
11,865;0
11,866667;0
11,868333;0
11,87;0
11,871667;0
11,873333;0
11,875;0
11,876667;0
11,878333;0
11,88;0
11,881667;0
11,883333;0
11,885;0
11,886667;0
11,888333;0
11,89;0
11,891667;0
11,893333;0
11,895;0
11,896667;0
11,898333;0
11,9;0
11,901667;0
11,903333;0
11,905;0
11,906667;0
11,908333;0
11,91;0
11,911667;0
11,913333;0
11,915;0
11,916667;-0,002861
11,918333;-0,002861
11,92;-0,002861
11,921667;-0,002861
11,923333;-0,002861
11,925;-0,002861
11,926667;-0,002861
11,928333;-0,002861
11,93;-0,002861
11,931667;-0,002861
11,933333;-0,002861
11,935;-0,002861
11,936667;-0,002861
11,938333;-0,002861
11,94;-0,002861
11,941667;0
11,943333;0
11,945;0
11,946667;0
11,948333;0
11,95;0
11,951667;0
11,953333;0
11,955;0
11,956667;0
11,958333;0
11,96;0
11,961667;0
11,963333;0
11,965;0
11,966667;0
11,968333;0
11,97;0
11,971667;0
11,973333;0
11,975;0
11,976667;0
11,978333;0
11,98;0
11,981667;0
11,983333;0
11,985;0
11,986667;-0,002861
11,988333;-0,002861
11,99;-0,002861
11,991667;-0,002861
11,993333;-0,002861
11,995;-0,002861
11,996667;-0,002861
11,998333;-0,002861
12;-0,002861
12,001667;-0,002861
12,003333;-0,002861
12,005;-0,002861
12,006667;-0,002861
12,008333;-0,002861
12,01;-0,002861
12,011667;-0,002861
12,013333;-0,002861
12,015;-0,002861
12,016667;-0,002861
12,018333;-0,002861
12,02;-0,002861
12,021667;-0,002861
12,023333;-0,002861
12,025;-0,002861
12,026667;-0,002861
12,028333;-0,002861
12,03;-0,002861
12,031667;-0,002861
12,033333;-0,002861
12,035;-0,002861
12,036667;-0,002861
12,038333;-0,002861
12,04;-0,002861
12,041667;-0,002861
12,043333;-0,002861
12,045;-0,002861
12,046667;-0,002861
12,048333;-0,002861
12,05;-0,002861
12,051667;-0,002861
12,053333;-0,002861
12,055;-0,002861
12,056667;-0,002861
12,058333;-0,002861
12,06;0
12,061667;0
12,063333;0
12,065;0
12,066667;0
12,068333;0
12,07;0
12,071667;0
12,073333;0
12,075;0
12,076667;0
12,078333;0
12,08;0
12,081667;0
12,083333;0
12,085;0
12,086667;0
12,088333;-0,002861
12,09;-0,002861
12,091667;-0,002861
12,093333;-0,002861
12,095;-0,002861
12,096667;-0,002861
12,098333;-0,002861
12,1;-0,002861
12,101667;-0,002861
12,103333;-0,002861
12,105;-0,002861
12,106667;-0,002861
12,108333;-0,002861
12,11;-0,002861
12,111667;-0,002861
12,113333;-0,002861
12,115;-0,002861
12,116667;-0,002861
12,118333;-0,002861
12,12;-0,002861
12,121667;-0,002861
12,123333;-0,002861
12,125;-0,002861
12,126667;-0,002861
12,128333;-0,002861
12,13;-0,002861
12,131667;-0,002861
12,133333;-0,002861
12,135;-0,002861
12,136667;-0,002861
12,138333;-0,002861
12,14;-0,002861
12,141667;-0,002861
12,143333;-0,002861
12,145;-0,002861
12,146667;-0,002861
12,148333;-0,002861
12,15;-0,002861
12,151667;-0,002861
12,153333;-0,002861
12,155;-0,002861
12,156667;-0,002861
12,158333;-0,002861
12,16;-0,002861
12,161667;-0,002861
12,163333;-0,002861
12,165;-0,002861
12,166667;-0,002861
12,168333;-0,002861
12,17;-0,002861
12,171667;-0,002861
12,173333;-0,002861
12,175;-0,002861
12,176667;-0,002861
12,178333;-0,002861
12,18;-0,002861
12,181667;-0,002861
12,183333;-0,002861
12,185;-0,002861
12,186667;-0,002861
12,188333;-0,002861
12,19;-0,002861
12,191667;-0,002861
12,193333;-0,002861
12,195;-0,002861
12,196667;-0,002861
12,198333;-0,002861
12,2;-0,002861
12,201667;-0,002861
12,203333;-0,002861
12,205;-0,002861
12,206667;-0,002861
12,208333;-0,002861
12,21;-0,002861
12,211667;-0,002861
12,213333;-0,002861
12,215;-0,002861
12,216667;-0,002861
12,218333;-0,002861
12,22;-0,002861
12,221667;-0,002861
12,223333;-0,002861
12,225;-0,002861
12,226667;-0,002861
12,228333;-0,002861
12,23;-0,002861
12,231667;-0,002861
12,233333;-0,002861
12,235;-0,002861
12,236667;-0,002861
12,238333;-0,002861
12,24;-0,002861
12,241667;-0,002861
12,243333;-0,002861
12,245;-0,002861
12,246667;-0,002861
12,248333;-0,002861
12,25;-0,002861
12,251667;-0,002861
12,253333;-0,002861
12,255;-0,002861
12,256667;-0,002861
12,258333;-0,002861
12,26;-0,002861
12,261667;-0,002861
12,263333;-0,002861
12,265;-0,002861
12,266667;-0,002861
12,268333;-0,002861
12,27;-0,002861
12,271667;-0,002861
12,273333;-0,002861
12,275;-0,002861
12,276667;-0,002861
12,278333;-0,002861
12,28;-0,002861
12,281667;-0,002861
12,283333;-0,002861
12,285;-0,002861
12,286667;-0,002861
12,288333;-0,002861
12,29;-0,002861
12,291667;-0,002861
12,293333;-0,002861
12,295;-0,002861
12,296667;-0,002861
12,298333;-0,002861
12,3;-0,002861
12,301667;-0,002861
12,303333;-0,002861
12,305;-0,002861
12,306667;-0,002861
12,308333;-0,002861
12,31;-0,002861
12,311667;-0,002861
12,313333;-0,002861
12,315;-0,002861
12,316667;-0,002861
12,318333;-0,002861
12,32;-0,002861
12,321667;-0,002861
12,323333;-0,002861
12,325;-0,002861
12,326667;-0,002861
12,328333;-0,002861
12,33;-0,002861
12,331667;-0,002861
12,333333;-0,002861
12,335;-0,002861
12,336667;-0,002861
12,338333;-0,002861
12,34;-0,002861
12,341667;-0,002861
12,343333;-0,002861
12,345;-0,002861
12,346667;-0,002861
12,348333;-0,002861
12,35;-0,002861
12,351667;-0,002861
12,353333;-0,002861
12,355;-0,002861
12,356667;-0,002861
12,358333;-0,002861
12,36;-0,002861
12,361667;-0,002861
12,363333;-0,002861
12,365;-0,002861
12,366667;-0,002861
12,368333;-0,002861
12,37;-0,002861
12,371667;-0,002861
12,373333;-0,002861
12,375;-0,002861
12,376667;-0,002861
12,378333;-0,002861
12,38;-0,002861
12,381667;-0,002861
12,383333;-0,002861
12,385;-0,002861
12,386667;-0,002861
12,388333;-0,002861
12,39;-0,002861
12,391667;-0,002861
12,393333;-0,002861
12,395;-0,002861
12,396667;-0,002861
12,398333;-0,002861
12,4;-0,002861
12,401667;-0,002861
12,403333;-0,002861
12,405;-0,002861
12,406667;-0,002861
12,408333;-0,002861
12,41;-0,002861
12,411667;-0,002861
12,413333;-0,002861
12,415;-0,002861
12,416667;-0,002861
12,418333;-0,002861
12,42;-0,002861
12,421667;-0,002861
12,423333;-0,002861
12,425;-0,002861
12,426667;-0,002861
12,428333;-0,002861
12,43;-0,002861
12,431667;-0,002861
12,433333;-0,002861
12,435;-0,002861
12,436667;-0,002861
12,438333;0
12,44;0
12,441667;0
12,443333;0
12,445;0
12,446667;0
12,448333;0
12,45;0
12,451667;0
12,453333;0
12,455;0
12,456667;0
12,458333;0
12,46;0
12,461667;0
12,463333;0
12,465;-0,002861
12,466667;-0,002861
12,468333;-0,002861
12,47;-0,002861
12,471667;-0,002861
12,473333;-0,002861
12,475;-0,002861
12,476667;-0,002861
12,478333;-0,002861
12,48;-0,002861
12,481667;-0,002861
12,483333;-0,002861
12,485;-0,002861
12,486667;-0,002861
12,488333;-0,002861
12,49;-0,002861
12,491667;0
12,493333;0
12,495;0
12,496667;0
12,498333;0
12,5;0
12,501667;0
12,503333;0
12,505;0
12,506667;0
12,508333;0
12,51;0
12,511667;0
12,513333;0
12,515;0
12,516667;0
12,518333;0
12,52;0
12,521667;0
12,523333;0
12,525;0
12,526667;0
12,528333;0
12,53;0
12,531667;0
12,533333;0
12,535;0
12,536667;0
12,538333;0
12,54;0
12,541667;0
12,543333;0
12,545;0
12,546667;0
12,548333;0
12,55;0
12,551667;0
12,553333;0
12,555;0
12,556667;0
12,558333;0
12,56;0
12,561667;0
12,563333;0
12,565;0
12,566667;0
12,568333;0
12,57;0
12,571667;0
12,573333;0
12,575;0
12,576667;0
12,578333;0
12,58;0
12,581667;0
12,583333;0
12,585;0
12,586667;0
12,588333;0
12,59;0
12,591667;0
12,593333;0
12,595;0
12,596667;-0,002861
12,598333;-0,002861
12,6;-0,002861
12,601667;-0,002861
12,603333;-0,002861
12,605;-0,002861
12,606667;-0,002861
12,608333;-0,002861
12,61;-0,002861
12,611667;-0,002861
12,613333;-0,002861
12,615;-0,002861
12,616667;-0,002861
12,618333;-0,002861
12,62;-0,002861
12,621667;-0,002861
12,623333;-0,002861
12,625;-0,002861
12,626667;-0,002861
12,628333;-0,002861
12,63;-0,002861
12,631667;-0,002861
12,633333;-0,002861
12,635;-0,002861
12,636667;-0,002861
12,638333;-0,002861
12,64;-0,002861
12,641667;-0,002861
12,643333;-0,002861
12,645;-0,002861
12,646667;-0,002861
12,648333;-0,002861
12,65;-0,002861
12,651667;-0,002861
12,653333;-0,002861
12,655;-0,002861
12,656667;-0,002861
12,658333;-0,002861
12,66;-0,002861
12,661667;-0,002861
12,663333;-0,002861
12,665;-0,002861
12,666667;-0,002861
12,668333;-0,002861
12,67;-0,002861
12,671667;-0,002861
12,673333;-0,002861
12,675;-0,002861
12,676667;-0,002861
12,678333;-0,002861
12,68;-0,002861
12,681667;-0,002861
12,683333;-0,002861
12,685;-0,002861
12,686667;-0,002861
12,688333;-0,002861
12,69;-0,002861
12,691667;-0,002861
12,693333;-0,002861
12,695;-0,002861
12,696667;-0,002861
12,698333;-0,002861
12,7;-0,002861
12,701667;-0,002861
12,703333;-0,002861
12,705;-0,002861
12,706667;-0,002861
12,708333;-0,002861
12,71;-0,002861
12,711667;-0,002861
12,713333;-0,002861
12,715;-0,002861
12,716667;-0,002861
12,718333;-0,002861
12,72;-0,002861
12,721667;-0,002861
12,723333;-0,002861
12,725;-0,002861
12,726667;-0,002861
12,728333;-0,002861
12,73;-0,002861
12,731667;-0,002861
12,733333;-0,002861
12,735;-0,002861
12,736667;-0,002861
12,738333;-0,002861
12,74;-0,002861
12,741667;-0,002861
12,743333;-0,002861
12,745;-0,002861
12,746667;-0,002861
12,748333;-0,002861
12,75;-0,002861
12,751667;-0,002861
12,753333;-0,002861
12,755;-0,002861
12,756667;-0,002861
12,758333;-0,002861
12,76;-0,002861
12,761667;-0,002861
12,763333;-0,002861
12,765;-0,002861
12,766667;-0,002861
12,768333;-0,002861
12,77;-0,002861
12,771667;-0,002861
12,773333;-0,002861
12,775;-0,002861
12,776667;-0,002861
12,778333;-0,002861
12,78;-0,002861
12,781667;-0,002861
12,783333;-0,002861
12,785;-0,002861
12,786667;-0,002861
12,788333;-0,002861
12,79;-0,002861
12,791667;-0,002861
12,793333;-0,002861
12,795;-0,002861
12,796667;-0,002861
12,798333;-0,002861
12,8;-0,002861
12,801667;-0,002861
12,803333;-0,002861
12,805;-0,002861
12,806667;-0,002861
12,808333;-0,002861
12,81;-0,002861
12,811667;-0,002861
12,813333;-0,002861
12,815;-0,002861
12,816667;-0,002861
12,818333;-0,002861
12,82;-0,002861
12,821667;-0,002861
12,823333;-0,002861
12,825;-0,002861
12,826667;-0,002861
12,828333;-0,002861
12,83;-0,002861
12,831667;-0,002861
12,833333;-0,002861
12,835;-0,002861
12,836667;-0,002861
12,838333;-0,002861
12,84;-0,002861
12,841667;-0,002861
12,843333;-0,002861
12,845;-0,002861
12,846667;-0,002861
12,848333;-0,002861
12,85;-0,002861
12,851667;-0,002861
12,853333;-0,002861
12,855;-0,002861
12,856667;-0,002861
12,858333;-0,002861
12,86;-0,002861
12,861667;-0,002861
12,863333;-0,002861
12,865;-0,002861
12,866667;-0,002861
12,868333;-0,002861
12,87;-0,002861
12,871667;-0,002861
12,873333;-0,002861
12,875;-0,002861
12,876667;-0,002861
12,878333;-0,002861
12,88;-0,002861
12,881667;-0,002861
12,883333;-0,002861
12,885;-0,002861
12,886667;-0,002861
12,888333;-0,002861
12,89;-0,002861
12,891667;-0,002861
12,893333;-0,002861
12,895;-0,002861
12,896667;-0,002861
12,898333;-0,002861
12,9;-0,002861
12,901667;-0,002861
12,903333;-0,002861
12,905;-0,002861
12,906667;-0,002861
12,908333;-0,002861
12,91;-0,002861
12,911667;-0,002861
12,913333;-0,002861
12,915;-0,002861
12,916667;-0,002861
12,918333;-0,002861
12,92;-0,002861
12,921667;-0,002861
12,923333;-0,002861
12,925;-0,002861
12,926667;-0,002861
12,928333;-0,002861
12,93;-0,002861
12,931667;-0,002861
12,933333;-0,002861
12,935;-0,002861
12,936667;-0,002861
12,938333;-0,002861
12,94;-0,002861
12,941667;-0,002861
12,943333;-0,002861
12,945;-0,002861
12,946667;-0,002861
12,948333;-0,002861
12,95;-0,002861
12,951667;-0,002861
12,953333;-0,002861
12,955;-0,002861
12,956667;-0,002861
12,958333;-0,002861
12,96;-0,002861
12,961667;-0,002861
12,963333;-0,002861
12,965;-0,002861
12,966667;-0,002861
12,968333;-0,002861
12,97;-0,002861
12,971667;-0,002861
12,973333;-0,002861
12,975;-0,002861
12,976667;-0,002861
12,978333;-0,002861
12,98;-0,002861
12,981667;-0,002861
12,983333;-0,002861
12,985;-0,002861
12,986667;-0,002861
12,988333;-0,002861
12,99;-0,002861
12,991667;-0,002861
12,993333;-0,002861
12,995;-0,002861
12,996667;-0,002861
12,998333;-0,002861
13;-0,002861
13,001667;-0,002861
13,003333;-0,002861
13,005;-0,002861
13,006667;-0,002861
13,008333;-0,002861
13,01;-0,002861
13,011667;-0,002861
13,013333;-0,002861
13,015;-0,002861
13,016667;-0,002861
13,018333;-0,002861
13,02;-0,002861
13,021667;-0,002861
13,023333;-0,002861
13,025;-0,002861
13,026667;-0,002861
13,028333;-0,005722
13,03;-0,005722
13,031667;-0,005722
13,033333;-0,005722
13,035;-0,005722
13,036667;-0,005722
13,038333;-0,005722
13,04;-0,005722
13,041667;-0,005722
13,043333;-0,002861
13,045;-0,002861
13,046667;-0,002861
13,048333;-0,002861
13,05;-0,002861
13,051667;-0,002861
13,053333;-0,002861
13,055;-0,002861
13,056667;-0,002861
13,058333;-0,002861
13,06;-0,002861
13,061667;-0,002861
13,063333;-0,002861
13,065;-0,002861
13,066667;-0,002861
13,068333;-0,002861
13,07;-0,002861
13,071667;-0,002861
13,073333;-0,002861
13,075;-0,002861
13,076667;-0,002861
13,078333;-0,002861
13,08;-0,002861
13,081667;-0,002861
13,083333;-0,002861
13,085;-0,002861
13,086667;-0,002861
13,088333;-0,002861
13,09;-0,002861
13,091667;-0,002861
13,093333;-0,002861
13,095;-0,002861
13,096667;-0,002861
13,098333;-0,002861
13,1;-0,002861
13,101667;-0,002861
13,103333;-0,002861
13,105;-0,002861
13,106667;-0,002861
13,108333;-0,002861
13,11;-0,002861
13,111667;-0,002861
13,113333;-0,002861
13,115;-0,002861
13,116667;-0,002861
13,118333;-0,002861
13,12;-0,002861
13,121667;-0,002861
13,123333;-0,002861
13,125;-0,002861
13,126667;-0,002861
13,128333;-0,002861
13,13;-0,002861
13,131667;-0,002861
13,133333;-0,002861
13,135;-0,002861
13,136667;-0,002861
13,138333;-0,002861
13,14;-0,002861
13,141667;-0,002861
13,143333;-0,002861
13,145;-0,002861
13,146667;-0,002861
13,148333;-0,002861
13,15;-0,002861
13,151667;-0,002861
13,153333;-0,002861
13,155;-0,002861
13,156667;-0,002861
13,158333;-0,002861
13,16;-0,002861
13,161667;-0,002861
13,163333;-0,002861
13,165;-0,002861
13,166667;-0,002861
13,168333;-0,002861
13,17;-0,002861
13,171667;-0,002861
13,173333;-0,002861
13,175;-0,002861
13,176667;-0,002861
13,178333;-0,002861
13,18;-0,002861
13,181667;-0,002861
13,183333;-0,002861
13,185;-0,002861
13,186667;-0,002861
13,188333;-0,002861
13,19;-0,002861
13,191667;-0,002861
13,193333;-0,002861
13,195;-0,002861
13,196667;-0,002861
13,198333;-0,002861
13,2;-0,002861
13,201667;-0,002861
13,203333;-0,002861
13,205;-0,002861
13,206667;-0,002861
13,208333;-0,002861
13,21;0
13,211667;0
13,213333;0
13,215;0
13,216667;0
13,218333;0
13,22;0
13,221667;-0,002861
13,223333;-0,002861
13,225;-0,002861
13,226667;-0,002861
13,228333;-0,002861
13,23;0
13,231667;0
13,233333;0
13,235;0
13,236667;0
13,238333;0
13,24;0
13,241667;0
13,243333;0
13,245;0
13,246667;0
13,248333;0
13,25;0
13,251667;0
13,253333;0
13,255;0
13,256667;0
13,258333;0
13,26;0
13,261667;0
13,263333;0
13,265;0
13,266667;0
13,268333;0
13,27;0
13,271667;0
13,273333;0
13,275;0
13,276667;0
13,278333;0
13,28;0
13,281667;0
13,283333;0
13,285;0
13,286667;0
13,288333;0
13,29;0
13,291667;0
13,293333;0
13,295;0
13,296667;0
13,298333;0
13,3;0
13,301667;0
13,303333;0
13,305;0
13,306667;0
13,308333;0
13,31;0
13,311667;0,002861
13,313333;0,002861
13,315;0,002861
13,316667;0,002861
13,318333;0,002861
13,32;0,002861
13,321667;0,002861
13,323333;0,002861
13,325;0,002861
13,326667;0,002861
13,328333;0,002861
13,33;0,002861
13,331667;0,002861
13,333333;0,002861
13,335;0,002861
13,336667;0,002861
13,338333;0,002861
13,34;0,002861
13,341667;0,002861
13,343333;0,002861
13,345;0,002861
13,346667;0,005722
13,348333;0,005722
13,35;0,005722
13,351667;0,005722
13,353333;0,005722
13,355;0,005722
13,356667;0,005722
13,358333;0,005722
13,36;0,005722
13,361667;0,005722
13,363333;0,005722
13,365;0,005722
13,366667;0,005722
13,368333;0,005722
13,37;0,005722
13,371667;0,005722
13,373333;0,005722
13,375;0,005722
13,376667;0,008583
13,378333;0,008583
13,38;0,008583
13,381667;0,008583
13,383333;0,008583
13,385;0,008583
13,386667;0,008583
13,388333;0,008583
13,39;0,008583
13,391667;0,008583
13,393333;0,008583
13,395;0,011444
13,396667;0,011444
13,398333;0,011444
13,4;0,011444
13,401667;0,011444
13,403333;0,011444
13,405;0,011444
13,406667;0,011444
13,408333;0,011444
13,41;0,014305
13,411667;0,014305
13,413333;0,014305
13,415;0,014305
13,416667;0,014305
13,418333;0,014305
13,42;0,014305
13,421667;0,014305
13,423333;0,014305
13,425;0,017166
13,426667;0,017166
13,428333;0,017166
13,43;0,017166
13,431667;0,017166
13,433333;0,017166
13,435;0,017166
13,436667;0,017166
13,438333;0,017166
13,44;0,020027
13,441667;0,020027
13,443333;0,020027
13,445;0,020027
13,446667;0,020027
13,448333;0,020027
13,45;0,020027
13,451667;0,022888
13,453333;0,022888
13,455;0,022888
13,456667;0,022888
13,458333;0,022888
13,46;0,022888
13,461667;0,025749
13,463333;0,025749
13,465;0,025749
13,466667;0,025749
13,468333;0,025749
13,47;0,025749
13,471667;0,025749
13,473333;0,025749
13,475;0,02861
13,476667;0,02861
13,478333;0,02861
13,48;0,02861
13,481667;0,02861
13,483333;0,031471
13,485;0,031471
13,486667;0,031471
13,488333;0,031471
13,49;0,031471
13,491667;0,031471
13,493333;0,034332
13,495;0,034332
13,496667;0,034332
13,498333;0,034332
13,5;0,034332
13,501667;0,034332
13,503333;0,034332
13,505;0,034332
13,506667;0,037193
13,508333;0,037193
13,51;0,037193
13,511667;0,037193
13,513333;0,037193
13,515;0,037193
13,516667;0,037193
13,518333;0,040054
13,52;0,040054
13,521667;0,040054
13,523333;0,040054
13,525;0,040054
13,526667;0,040054
13,528333;0,040054
13,53;0,040054
13,531667;0,042915
13,533333;0,042915
13,535;0,042915
13,536667;0,042915
13,538333;0,042915
13,54;0,042915
13,541667;0,042915
13,543333;0,045776
13,545;0,045776
13,546667;0,045776
13,548333;0,045776
13,55;0,045776
13,551667;0,045776
13,553333;0,045776
13,555;0,045776
13,556667;0,048637
13,558333;0,048637
13,56;0,048637
13,561667;0,048637
13,563333;0,048637
13,565;0,048637
13,566667;0,048637
13,568333;0,048637
13,57;0,048637
13,571667;0,048637
13,573333;0,048637
13,575;0,048637
13,576667;0,051498
13,578333;0,051498
13,58;0,051498
13,581667;0,051498
13,583333;0,051498
13,585;0,051498
13,586667;0,051498
13,588333;0,051498
13,59;0,051498
13,591667;0,051498
13,593333;0,051498
13,595;0,051498
13,596667;0,051498
13,598333;0,051498
13,6;0,054359
13,601667;0,054359
13,603333;0,054359
13,605;0,054359
13,606667;0,054359
13,608333;0,054359
13,61;0,054359
13,611667;0,054359
13,613333;0,054359
13,615;0,054359
13,616667;0,054359
13,618333;0,054359
13,62;0,054359
13,621667;0,054359
13,623333;0,054359
13,625;0,054359
13,626667;0,054359
13,628333;0,05722
13,63;0,05722
13,631667;0,05722
13,633333;0,05722
13,635;0,05722
13,636667;0,05722
13,638333;0,05722
13,64;0,05722
13,641667;0,05722
13,643333;0,05722
13,645;0,05722
13,646667;0,05722
13,648333;0,05722
13,65;0,05722
13,651667;0,05722
13,653333;0,05722
13,655;0,05722
13,656667;0,05722
13,658333;0,05722
13,66;0,05722
13,661667;0,05722
13,663333;0,054359
13,665;0,054359
13,666667;0,054359
13,668333;0,054359
13,67;0,054359
13,671667;0,054359
13,673333;0,054359
13,675;0,054359
13,676667;0,054359
13,678333;0,054359
13,68;0,054359
13,681667;0,054359
13,683333;0,054359
13,685;0,054359
13,686667;0,054359
13,688333;0,054359
13,69;0,054359
13,691667;0,054359
13,693333;0,054359
13,695;0,054359
13,696667;0,054359
13,698333;0,054359
13,7;0,051498
13,701667;0,051498
13,703333;0,051498
13,705;0,051498
13,706667;0,051498
13,708333;0,051498
13,71;0,051498
13,711667;0,051498
13,713333;0,051498
13,715;0,051498
13,716667;0,051498
13,718333;0,051498
13,72;0,051498
13,721667;0,051498
13,723333;0,051498
13,725;0,051498
13,726667;0,051498
13,728333;0,051498
13,73;0,051498
13,731667;0,051498
13,733333;0,051498
13,735;0,048637
13,736667;0,048637
13,738333;0,048637
13,74;0,048637
13,741667;0,048637
13,743333;0,048637
13,745;0,048637
13,746667;0,045776
13,748333;0,045776
13,75;0,045776
13,751667;0,045776
13,753333;0,045776
13,755;0,045776
13,756667;0,045776
13,758333;0,042915
13,76;0,042915
13,761667;0,042915
13,763333;0,042915
13,765;0,042915
13,766667;0,042915
13,768333;0,042915
13,77;0,042915
13,771667;0,040054
13,773333;0,040054
13,775;0,040054
13,776667;0,040054
13,778333;0,040054
13,78;0,040054
13,781667;0,040054
13,783333;0,040054
13,785;0,040054
13,786667;0,040054
13,788333;0,037193
13,79;0,037193
13,791667;0,037193
13,793333;0,037193
13,795;0,037193
13,796667;0,037193
13,798333;0,037193
13,8;0,037193
13,801667;0,037193
13,803333;0,037193
13,805;0,034332
13,806667;0,034332
13,808333;0,034332
13,81;0,034332
13,811667;0,034332
13,813333;0,034332
13,815;0,034332
13,816667;0,034332
13,818333;0,034332
13,82;0,034332
13,821667;0,034332
13,823333;0,034332
13,825;0,034332
13,826667;0,031471
13,828333;0,031471
13,83;0,031471
13,831667;0,031471
13,833333;0,031471
13,835;0,031471
13,836667;0,031471
13,838333;0,031471
13,84;0,031471
13,841667;0,031471
13,843333;0,02861
13,845;0,02861
13,846667;0,02861
13,848333;0,02861
13,85;0,02861
13,851667;0,02861
13,853333;0,02861
13,855;0,025749
13,856667;0,025749
13,858333;0,025749
13,86;0,025749
13,861667;0,025749
13,863333;0,025749
13,865;0,025749
13,866667;0,025749
13,868333;0,025749
13,87;0,022888
13,871667;0,022888
13,873333;0,022888
13,875;0,022888
13,876667;0,022888
13,878333;0,022888
13,88;0,022888
13,881667;0,022888
13,883333;0,022888
13,885;0,022888
13,886667;0,022888
13,888333;0,022888
13,89;0,022888
13,891667;0,020027
13,893333;0,020027
13,895;0,020027
13,896667;0,020027
13,898333;0,020027
13,9;0,020027
13,901667;0,020027
13,903333;0,020027
13,905;0,020027
13,906667;0,020027
13,908333;0,020027
13,91;0,020027
13,911667;0,020027
13,913333;0,020027
13,915;0,017166
13,916667;0,017166
13,918333;0,017166
13,92;0,017166
13,921667;0,017166
13,923333;0,017166
13,925;0,017166
13,926667;0,017166
13,928333;0,017166
13,93;0,017166
13,931667;0,017166
13,933333;0,014305
13,935;0,014305
13,936667;0,014305
13,938333;0,014305
13,94;0,014305
13,941667;0,014305
13,943333;0,014305
13,945;0,014305
13,946667;0,014305
13,948333;0,014305
13,95;0,014305
13,951667;0,011444
13,953333;0,011444
13,955;0,011444
13,956667;0,011444
13,958333;0,011444
13,96;0,011444
13,961667;0,011444
13,963333;0,011444
13,965;0,011444
13,966667;0,011444
13,968333;0,011444
13,97;0,011444
13,971667;0,011444
13,973333;0,011444
13,975;0,011444
13,976667;0,011444
13,978333;0,011444
13,98;0,011444
13,981667;0,011444
13,983333;0,011444
13,985;0,011444
13,986667;0,008583
13,988333;0,008583
13,99;0,008583
13,991667;0,008583
13,993333;0,008583
13,995;0,008583
13,996667;0,008583
13,998333;0,008583
14;0,008583
14,001667;0,008583
14,003333;0,008583
14,005;0,008583
14,006667;0,008583
14,008333;0,008583
14,01;0,008583
14,011667;0,008583
14,013333;0,008583
14,015;0,008583
14,016667;0,008583
14,018333;0,008583
14,02;0,005722
14,021667;0,005722
14,023333;0,005722
14,025;0,005722
14,026667;0,005722
14,028333;0,005722
14,03;0,005722
14,031667;0,005722
14,033333;0,005722
14,035;0,005722
14,036667;0,005722
14,038333;0,005722
14,04;0,005722
14,041667;0,005722
14,043333;0,005722
14,045;0,005722
14,046667;0,005722
14,048333;0,005722
14,05;0,005722
14,051667;0,005722
14,053333;0,005722
14,055;0,005722
14,056667;0,005722
14,058333;0,005722
14,06;0,005722
14,061667;0,005722
14,063333;0,005722
14,065;0,005722
14,066667;0,005722
14,068333;0,005722
14,07;0,002861
14,071667;0,002861
14,073333;0,002861
14,075;0,002861
14,076667;0,002861
14,078333;0,002861
14,08;0,002861
14,081667;0,002861
14,083333;0,002861
14,085;0,002861
14,086667;0,002861
14,088333;0,002861
14,09;0,002861
14,091667;0,002861
14,093333;0,002861
14,095;0,002861
14,096667;0,002861
14,098333;0,002861
14,1;0,002861
14,101667;0,002861
14,103333;0,002861
14,105;0,002861
14,106667;0,002861
14,108333;0,002861
14,11;0,002861
14,111667;0,002861
14,113333;0,002861
14,115;0,002861
14,116667;0,002861
14,118333;0,002861
14,12;0,002861
14,121667;0,002861
14,123333;0,002861
14,125;0,002861
14,126667;0,002861
14,128333;0,002861
14,13;0,002861
14,131667;0,002861
14,133333;0,002861
14,135;0,002861
14,136667;0,002861
14,138333;0,002861
14,14;0
14,141667;0
14,143333;0
14,145;0
14,146667;0
14,148333;0
14,15;0
14,151667;0
14,153333;0
14,155;0
14,156667;0
14,158333;0
14,16;0
14,161667;0
14,163333;0
14,165;0
14,166667;0
14,168333;0
14,17;0
14,171667;0
14,173333;0
14,175;0
14,176667;0
14,178333;0
14,18;0
14,181667;0
14,183333;0
14,185;0
14,186667;0
14,188333;0
14,19;0
14,191667;0
14,193333;0
14,195;0
14,196667;0
14,198333;0
14,2;0
14,201667;0
14,203333;0
14,205;0
14,206667;0
14,208333;0
14,21;0
14,211667;0
14,213333;0
14,215;0
14,216667;0
14,218333;0
14,22;0
14,221667;0
14,223333;0
14,225;0
14,226667;0
14,228333;0
14,23;0
14,231667;0
14,233333;0
14,235;0
14,236667;0
14,238333;0
14,24;0
14,241667;0
14,243333;0
14,245;0
14,246667;0
14,248333;0
14,25;0
14,251667;0
14,253333;0
14,255;0
14,256667;0
14,258333;0
14,26;0
14,261667;0
14,263333;0
14,265;0
14,266667;0
14,268333;0
14,27;0
14,271667;0
14,273333;0
14,275;0
14,276667;0
14,278333;0
14,28;-0,002861
14,281667;-0,002861
14,283333;-0,002861
14,285;-0,002861
14,286667;-0,002861
14,288333;-0,002861
14,29;-0,002861
14,291667;-0,002861
14,293333;-0,002861
14,295;-0,002861
14,296667;-0,002861
14,298333;-0,002861
14,3;-0,002861
14,301667;-0,002861
14,303333;-0,002861
14,305;-0,002861
14,306667;-0,002861
14,308333;-0,002861
14,31;-0,002861
14,311667;-0,002861
14,313333;-0,002861
14,315;-0,002861
14,316667;-0,002861
14,318333;-0,002861
14,32;-0,002861
14,321667;-0,002861
14,323333;0
14,325;0
14,326667;0
14,328333;0
14,33;0
14,331667;0
14,333333;0
14,335;0
14,336667;0
14,338333;0
14,34;-0,002861
14,341667;-0,002861
14,343333;-0,002861
14,345;-0,002861
14,346667;0
14,348333;0
14,35;0
14,351667;0
14,353333;0
14,355;0
14,356667;0
14,358333;0
14,36;0
14,361667;0
14,363333;0
14,365;0
14,366667;0
14,368333;0
14,37;0
14,371667;0
14,373333;0
14,375;0
14,376667;0
14,378333;0
14,38;0
14,381667;0
14,383333;0
14,385;-0,002861
14,386667;-0,002861
14,388333;-0,002861
14,39;-0,002861
14,391667;-0,002861
14,393333;-0,002861
14,395;-0,002861
14,396667;-0,002861
14,398333;-0,002861
14,4;-0,002861
14,401667;-0,002861
14,403333;-0,002861
14,405;-0,002861
14,406667;-0,002861
14,408333;-0,002861
14,41;-0,002861
14,411667;-0,002861
14,413333;-0,002861
14,415;-0,002861
14,416667;-0,002861
14,418333;-0,002861
14,42;-0,002861
14,421667;-0,002861
14,423333;-0,002861
14,425;-0,002861
14,426667;-0,002861
14,428333;-0,002861
14,43;-0,002861
14,431667;-0,002861
14,433333;-0,002861
14,435;-0,002861
14,436667;-0,002861
14,438333;-0,002861
14,44;-0,002861
14,441667;-0,002861
14,443333;-0,002861
14,445;-0,002861
14,446667;-0,002861
14,448333;-0,002861
14,45;-0,002861
14,451667;-0,002861
14,453333;-0,002861
14,455;-0,002861
14,456667;-0,002861
14,458333;-0,002861
14,46;-0,002861
14,461667;-0,002861
14,463333;-0,002861
14,465;-0,002861
14,466667;-0,002861
14,468333;-0,002861
14,47;-0,002861
14,471667;-0,002861
14,473333;-0,002861
14,475;-0,002861
14,476667;-0,002861
14,478333;-0,002861
14,48;-0,002861
14,481667;-0,002861
14,483333;-0,002861
14,485;-0,002861
14,486667;-0,002861
14,488333;-0,002861
14,49;-0,002861
14,491667;-0,002861
14,493333;-0,002861
14,495;-0,002861
14,496667;-0,002861
14,498333;0
14,5;0
14,501667;0
14,503333;0
14,505;0
14,506667;0
14,508333;-0,002861
14,51;-0,002861
14,511667;-0,002861
14,513333;-0,002861
14,515;-0,002861
14,516667;-0,002861
14,518333;-0,002861
14,52;-0,002861
14,521667;-0,002861
14,523333;-0,002861
14,525;-0,002861
14,526667;-0,002861
14,528333;-0,002861
14,53;-0,002861
14,531667;-0,002861
14,533333;-0,002861
14,535;-0,002861
14,536667;-0,002861
14,538333;-0,002861
14,54;-0,002861
14,541667;-0,002861
14,543333;-0,002861
14,545;-0,002861
14,546667;-0,002861
14,548333;-0,002861
14,55;-0,002861
14,551667;-0,002861
14,553333;-0,002861
14,555;-0,002861
14,556667;-0,002861
14,558333;-0,002861
14,56;-0,002861
14,561667;-0,002861
14,563333;-0,002861
14,565;-0,002861
14,566667;-0,002861
14,568333;-0,002861
14,57;-0,002861
14,571667;-0,002861
14,573333;-0,002861
14,575;-0,002861
14,576667;-0,002861
14,578333;-0,002861
14,58;-0,002861
14,581667;-0,002861
14,583333;-0,002861
14,585;-0,002861
14,586667;-0,002861
14,588333;-0,002861
14,59;-0,002861
14,591667;-0,002861
14,593333;-0,002861
14,595;-0,002861
14,596667;-0,002861
14,598333;-0,002861
14,6;-0,002861
14,601667;-0,002861
14,603333;-0,002861
14,605;-0,002861
14,606667;-0,002861
14,608333;-0,002861
14,61;-0,002861
14,611667;-0,002861
14,613333;-0,002861
14,615;-0,002861
14,616667;0
14,618333;0
14,62;0
14,621667;0
14,623333;0
14,625;0
14,626667;0
14,628333;0
14,63;0
14,631667;0
14,633333;0
14,635;0
14,636667;0
14,638333;0
14,64;0
14,641667;0
14,643333;0
14,645;0
14,646667;0
14,648333;0
14,65;0
14,651667;0
14,653333;0
14,655;0
14,656667;0
14,658333;0
14,66;0
14,661667;0
14,663333;0
14,665;0
14,666667;0
14,668333;0
14,67;0
14,671667;0
14,673333;0
14,675;0
14,676667;0
14,678333;0
14,68;0
14,681667;0
14,683333;0
14,685;0
14,686667;0
14,688333;0
14,69;0
14,691667;0
14,693333;0
14,695;0
14,696667;0
14,698333;0
14,7;0
14,701667;0
14,703333;0
14,705;0
14,706667;0
14,708333;0
14,71;0
14,711667;0
14,713333;0
14,715;0
14,716667;0
14,718333;0
14,72;0
14,721667;0
14,723333;0
14,725;0
14,726667;0
14,728333;0
14,73;0
14,731667;0
14,733333;0
14,735;0
14,736667;0
14,738333;0
14,74;0
14,741667;0
14,743333;0
14,745;0
14,746667;0
14,748333;0
14,75;0
14,751667;0
14,753333;0
14,755;0
14,756667;0
14,758333;0
14,76;0
14,761667;0
14,763333;0
14,765;0
14,766667;0
14,768333;0
14,77;0
14,771667;0
14,773333;0
14,775;0
14,776667;0
14,778333;0
14,78;0
14,781667;0
14,783333;0
14,785;0
14,786667;0
14,788333;0
14,79;0
14,791667;0
14,793333;0
14,795;0
14,796667;0
14,798333;0
14,8;0
14,801667;0
14,803333;0
14,805;0
14,806667;0
14,808333;0
14,81;0
14,811667;0
14,813333;0
14,815;0
14,816667;0
14,818333;0
14,82;0
14,821667;0
14,823333;0
14,825;0
14,826667;0
14,828333;0
14,83;0
14,831667;0
14,833333;0
14,835;0
14,836667;0
14,838333;0
14,84;0
14,841667;0
14,843333;0
14,845;0
14,846667;0
14,848333;0
14,85;0
14,851667;0
14,853333;0
14,855;0
14,856667;0
14,858333;0
14,86;0
14,861667;0
14,863333;0
14,865;0
14,866667;0
14,868333;0
14,87;0
14,871667;0
14,873333;0
14,875;0
14,876667;0
14,878333;0
14,88;0
14,881667;0
14,883333;0
14,885;0
14,886667;-0,002861
14,888333;-0,002861
14,89;-0,002861
14,891667;-0,002861
14,893333;-0,002861
14,895;-0,002861
14,896667;-0,002861
14,898333;-0,002861
14,9;-0,002861
14,901667;-0,002861
14,903333;-0,002861
14,905;-0,002861
14,906667;-0,002861
14,908333;-0,002861
14,91;-0,002861
14,911667;-0,002861
14,913333;-0,002861
14,915;-0,002861
14,916667;-0,002861
14,918333;-0,002861
14,92;-0,002861
14,921667;-0,002861
14,923333;-0,002861
14,925;-0,002861
14,926667;-0,002861
14,928333;-0,002861
14,93;-0,002861
14,931667;-0,002861
14,933333;-0,002861
14,935;-0,002861
14,936667;-0,002861
14,938333;-0,002861
14,94;-0,002861
14,941667;-0,002861
14,943333;-0,002861
14,945;-0,002861
14,946667;-0,002861
14,948333;-0,002861
14,95;-0,002861
14,951667;-0,002861
14,953333;-0,002861
14,955;-0,002861
14,956667;-0,002861
14,958333;-0,002861
14,96;-0,002861
14,961667;-0,002861
14,963333;-0,002861
14,965;-0,002861
14,966667;-0,002861
14,968333;-0,002861
14,97;-0,002861
14,971667;-0,002861
14,973333;-0,002861
14,975;-0,002861
14,976667;-0,002861
14,978333;-0,002861
14,98;-0,002861
14,981667;-0,002861
14,983333;-0,002861
14,985;-0,002861
14,986667;-0,002861
14,988333;-0,002861
14,99;-0,005722
14,991667;-0,005722
14,993333;-0,005722
14,995;-0,005722
14,996667;-0,005722
14,998333;-0,005722
15;-0,005722
15,001667;-0,005722
15,003333;-0,005722
15,005;-0,005722
15,006667;-0,005722
15,008333;-0,005722
15,01;-0,005722
15,011667;-0,005722
15,013333;-0,005722
15,015;-0,005722
15,016667;-0,005722
15,018333;-0,005722
15,02;-0,005722
15,021667;-0,005722
15,023333;-0,005722
15,025;-0,005722
15,026667;-0,005722
15,028333;-0,005722
15,03;-0,005722
15,031667;-0,005722
15,033333;-0,005722
15,035;-0,005722
15,036667;-0,005722
15,038333;-0,005722
15,04;-0,005722
15,041667;-0,005722
15,043333;-0,005722
15,045;-0,005722
15,046667;-0,005722
15,048333;-0,005722
15,05;-0,005722
15,051667;-0,005722
15,053333;-0,005722
15,055;-0,005722
15,056667;-0,005722
15,058333;-0,005722
15,06;-0,005722
15,061667;-0,005722
15,063333;-0,005722
15,065;-0,005722
15,066667;-0,005722
15,068333;-0,005722
15,07;-0,005722
15,071667;-0,005722
15,073333;-0,005722
15,075;-0,005722
15,076667;-0,005722
15,078333;-0,005722
15,08;-0,005722
15,081667;-0,005722
15,083333;-0,005722
15,085;-0,008583
15,086667;-0,008583
15,088333;-0,008583
15,09;-0,008583
15,091667;-0,008583
15,093333;-0,008583
15,095;-0,008583
15,096667;-0,008583
15,098333;-0,008583
15,1;-0,008583
15,101667;-0,008583
15,103333;-0,008583
15,105;-0,008583
15,106667;-0,008583
15,108333;-0,008583
15,11;-0,008583
15,111667;-0,005722
15,113333;-0,005722
15,115;-0,005722
15,116667;-0,005722
15,118333;-0,005722
15,12;-0,005722
15,121667;-0,008583
15,123333;-0,008583
15,125;-0,008583
15,126667;-0,008583
15,128333;-0,008583
15,13;-0,008583
15,131667;-0,008583
15,133333;-0,008583
15,135;-0,008583
15,136667;-0,008583
15,138333;-0,008583
15,14;-0,008583
15,141667;-0,008583
15,143333;-0,008583
15,145;-0,008583
15,146667;-0,008583
15,148333;-0,008583
15,15;-0,008583
15,151667;-0,008583
15,153333;-0,008583
15,155;-0,008583
15,156667;-0,008583
15,158333;-0,008583
15,16;-0,008583
15,161667;-0,008583
15,163333;-0,008583
15,165;-0,008583
15,166667;-0,008583
15,168333;-0,008583
15,17;-0,008583
15,171667;-0,008583
15,173333;-0,008583
15,175;-0,008583
15,176667;-0,008583
15,178333;-0,008583
15,18;-0,008583
15,181667;-0,008583
15,183333;-0,008583
15,185;-0,008583
15,186667;-0,008583
15,188333;-0,008583
15,19;-0,008583
15,191667;-0,008583
15,193333;-0,008583
15,195;-0,008583
15,196667;-0,008583
15,198333;-0,008583
15,2;-0,008583
15,201667;-0,008583
15,203333;-0,008583
15,205;-0,008583
15,206667;-0,008583
15,208333;-0,008583
15,21;-0,008583
15,211667;-0,008583
15,213333;-0,008583
15,215;-0,008583
15,216667;-0,008583
15,218333;-0,008583
15,22;-0,008583
15,221667;-0,008583
15,223333;-0,008583
15,225;-0,008583
15,226667;-0,008583
15,228333;-0,008583
15,23;-0,008583
15,231667;-0,008583
15,233333;-0,008583
15,235;-0,008583
15,236667;-0,008583
15,238333;-0,008583
15,24;-0,008583
15,241667;-0,008583
15,243333;-0,008583
15,245;-0,008583
15,246667;-0,008583
15,248333;-0,008583
15,25;-0,008583
15,251667;-0,008583
15,253333;-0,008583
15,255;-0,008583
15,256667;-0,008583
15,258333;-0,008583
15,26;-0,008583
15,261667;-0,008583
15,263333;-0,008583
15,265;-0,008583
15,266667;-0,008583
15,268333;-0,008583
15,27;-0,008583
15,271667;-0,008583
15,273333;-0,008583
15,275;-0,008583
15,276667;-0,008583
15,278333;-0,008583
15,28;-0,008583
15,281667;-0,008583
15,283333;-0,008583
15,285;-0,008583
15,286667;-0,008583
15,288333;-0,008583
15,29;-0,008583
15,291667;-0,008583
15,293333;-0,008583
15,295;-0,008583
15,296667;-0,008583
15,298333;-0,008583
15,3;-0,008583
15,301667;-0,008583
15,303333;-0,008583
15,305;-0,008583
15,306667;-0,008583
15,308333;-0,008583
15,31;-0,008583
15,311667;-0,008583
15,313333;-0,008583
15,315;-0,008583
15,316667;-0,008583
15,318333;-0,008583
15,32;-0,008583
15,321667;-0,008583
15,323333;-0,008583
15,325;-0,008583
15,326667;-0,008583
15,328333;-0,008583
15,33;-0,008583
15,331667;-0,008583
15,333333;-0,008583
15,335;-0,008583
15,336667;-0,008583
15,338333;-0,008583
15,34;-0,008583
15,341667;-0,008583
15,343333;-0,008583
15,345;-0,008583
15,346667;-0,008583
15,348333;-0,008583
15,35;-0,008583
15,351667;-0,008583
15,353333;-0,008583
15,355;-0,008583
15,356667;-0,008583
15,358333;-0,008583
15,36;-0,008583
15,361667;-0,008583
15,363333;-0,008583
15,365;-0,008583
15,366667;-0,008583
15,368333;-0,008583
15,37;-0,008583
15,371667;-0,008583
15,373333;-0,008583
15,375;-0,008583
15,376667;-0,008583
15,378333;-0,008583
15,38;-0,008583
15,381667;-0,008583
15,383333;-0,008583
15,385;-0,008583
15,386667;-0,008583
15,388333;-0,008583
15,39;-0,008583
15,391667;-0,008583
15,393333;-0,008583
15,395;-0,008583
15,396667;-0,008583
15,398333;-0,008583
15,4;-0,008583
15,401667;-0,008583
15,403333;-0,008583
15,405;-0,008583
15,406667;-0,008583
15,408333;-0,008583
15,41;-0,005722
15,411667;-0,005722
15,413333;-0,005722
15,415;-0,005722
15,416667;-0,005722
15,418333;-0,005722
15,42;-0,005722
15,421667;-0,005722
15,423333;-0,005722
15,425;-0,005722
15,426667;-0,005722
15,428333;-0,005722
15,43;-0,005722
15,431667;-0,005722
15,433333;-0,005722
15,435;-0,005722
15,436667;-0,005722
15,438333;-0,005722
15,44;-0,005722
15,441667;-0,005722
15,443333;-0,005722
15,445;-0,005722
15,446667;-0,005722
15,448333;-0,005722
15,45;-0,005722
15,451667;-0,005722
15,453333;-0,005722
15,455;-0,005722
15,456667;-0,005722
15,458333;-0,005722
15,46;-0,005722
15,461667;-0,005722
15,463333;-0,005722
15,465;-0,005722
15,466667;-0,005722
15,468333;-0,005722
15,47;-0,005722
15,471667;-0,005722
15,473333;-0,005722
15,475;-0,005722
15,476667;-0,005722
15,478333;-0,008583
15,48;-0,008583
15,481667;-0,005722
15,483333;-0,005722
15,485;-0,005722
15,486667;-0,005722
15,488333;-0,005722
15,49;-0,005722
15,491667;-0,005722
15,493333;-0,005722
15,495;-0,005722
15,496667;-0,005722
15,498333;-0,008583
15,5;-0,008583
15,501667;-0,008583
15,503333;-0,008583
15,505;-0,008583
15,506667;-0,008583
15,508333;-0,008583
15,51;-0,008583
15,511667;-0,008583
15,513333;-0,008583
15,515;-0,008583
15,516667;-0,008583
15,518333;-0,008583
15,52;-0,008583
15,521667;-0,008583
15,523333;-0,008583
15,525;-0,008583
15,526667;-0,008583
15,528333;-0,008583
15,53;-0,008583
15,531667;-0,008583
15,533333;-0,008583
15,535;-0,008583
15,536667;-0,008583
15,538333;-0,008583
15,54;-0,008583
15,541667;-0,008583
15,543333;-0,005722
15,545;-0,005722
15,546667;-0,005722
15,548333;-0,005722
15,55;-0,005722
15,551667;-0,005722
15,553333;-0,008583
15,555;-0,008583
15,556667;-0,008583
15,558333;-0,008583
15,56;-0,008583
15,561667;-0,008583
15,563333;-0,008583
15,565;-0,008583
15,566667;-0,008583
15,568333;-0,008583
15,57;-0,008583
15,571667;-0,005722
15,573333;-0,005722
15,575;-0,005722
15,576667;-0,005722
15,578333;-0,005722
15,58;-0,005722
15,581667;-0,005722
15,583333;-0,005722
15,585;-0,005722
15,586667;-0,008583
15,588333;-0,008583
15,59;-0,008583
15,591667;-0,008583
15,593333;-0,008583
15,595;-0,008583
15,596667;-0,008583
15,598333;-0,008583
15,6;-0,008583
15,601667;-0,008583
15,603333;-0,008583
15,605;-0,008583
15,606667;-0,008583
15,608333;-0,008583
15,61;-0,008583
15,611667;-0,008583
15,613333;-0,008583
15,615;-0,008583
15,616667;-0,008583
15,618333;-0,008583
15,62;-0,008583
15,621667;-0,008583
15,623333;-0,008583
15,625;-0,008583
15,626667;-0,008583
15,628333;-0,008583
15,63;-0,008583
15,631667;-0,008583
15,633333;-0,008583
15,635;-0,008583
15,636667;-0,008583
15,638333;-0,008583
15,64;-0,008583
15,641667;-0,008583
15,643333;-0,008583
15,645;-0,008583
15,646667;-0,008583
15,648333;-0,008583
15,65;-0,008583
15,651667;-0,008583
15,653333;-0,008583
15,655;-0,008583
15,656667;-0,008583
15,658333;-0,008583
15,66;-0,008583
15,661667;-0,008583
15,663333;-0,008583
15,665;-0,008583
15,666667;-0,008583
15,668333;-0,008583
15,67;-0,008583
15,671667;-0,008583
15,673333;-0,008583
15,675;-0,008583
15,676667;-0,008583
15,678333;-0,008583
15,68;-0,008583
15,681667;-0,008583
15,683333;-0,008583
15,685;-0,008583
15,686667;-0,008583
15,688333;-0,008583
15,69;-0,008583
15,691667;-0,008583
15,693333;-0,008583
15,695;-0,008583
15,696667;-0,008583
15,698333;-0,008583
15,7;-0,008583
15,701667;-0,008583
15,703333;-0,008583
15,705;-0,008583
15,706667;-0,008583
15,708333;-0,008583
15,71;-0,008583
15,711667;-0,008583
15,713333;-0,008583
15,715;-0,008583
15,716667;-0,008583
15,718333;-0,008583
15,72;-0,008583
15,721667;-0,008583
15,723333;-0,008583
15,725;-0,008583
15,726667;-0,008583
15,728333;-0,008583
15,73;-0,008583
15,731667;-0,008583
15,733333;-0,008583
15,735;-0,008583
15,736667;-0,008583
15,738333;-0,008583
15,74;-0,008583
15,741667;-0,008583
15,743333;-0,008583
15,745;-0,008583
15,746667;-0,008583
15,748333;-0,008583
15,75;-0,008583
15,751667;-0,008583
15,753333;-0,008583
15,755;-0,008583
15,756667;-0,008583
15,758333;-0,008583
15,76;-0,008583
15,761667;-0,008583
15,763333;-0,008583
15,765;-0,008583
15,766667;-0,008583
15,768333;-0,008583
15,77;-0,008583
15,771667;-0,008583
15,773333;-0,008583
15,775;-0,008583
15,776667;-0,008583
15,778333;-0,008583
15,78;-0,008583
15,781667;-0,008583
15,783333;-0,008583
15,785;-0,008583
15,786667;-0,008583
15,788333;-0,008583
15,79;-0,008583
15,791667;-0,008583
15,793333;-0,008583
15,795;-0,008583
15,796667;-0,008583
15,798333;-0,008583
15,8;-0,008583
15,801667;-0,008583
15,803333;-0,008583
15,805;-0,008583
15,806667;-0,008583
15,808333;-0,008583
15,81;-0,008583
15,811667;-0,008583
15,813333;-0,008583
15,815;-0,008583
15,816667;-0,008583
15,818333;-0,008583
15,82;-0,008583
15,821667;-0,008583
15,823333;-0,008583
15,825;-0,008583
15,826667;-0,008583
15,828333;-0,008583
15,83;-0,008583
15,831667;-0,008583
15,833333;-0,008583
15,835;-0,008583
15,836667;-0,008583
15,838333;-0,008583
15,84;-0,008583
15,841667;-0,008583
15,843333;-0,008583
15,845;-0,008583
15,846667;-0,008583
15,848333;-0,008583
15,85;-0,008583
15,851667;-0,008583
15,853333;-0,008583
15,855;-0,008583
15,856667;-0,008583
15,858333;-0,008583
15,86;-0,008583
15,861667;-0,008583
15,863333;-0,008583
15,865;-0,008583
15,866667;-0,008583
15,868333;-0,008583
15,87;-0,008583
15,871667;-0,008583
15,873333;-0,008583
15,875;-0,008583
15,876667;-0,008583
15,878333;-0,008583
15,88;-0,008583
15,881667;-0,008583
15,883333;-0,008583
15,885;-0,008583
15,886667;-0,008583
15,888333;-0,008583
15,89;-0,008583
15,891667;-0,008583
15,893333;-0,008583
15,895;-0,008583
15,896667;-0,008583
15,898333;-0,008583
15,9;-0,008583
15,901667;-0,008583
15,903333;-0,008583
15,905;-0,008583
15,906667;-0,008583
15,908333;-0,008583
15,91;-0,008583
15,911667;-0,008583
15,913333;-0,008583
15,915;-0,008583
15,916667;-0,008583
15,918333;-0,008583
15,92;-0,008583
15,921667;-0,008583
15,923333;-0,008583
15,925;-0,008583
15,926667;-0,008583
15,928333;-0,008583
15,93;-0,008583
15,931667;-0,008583
15,933333;-0,008583
15,935;-0,008583
15,936667;-0,008583
15,938333;-0,008583
15,94;-0,008583
15,941667;-0,008583
15,943333;-0,008583
15,945;-0,008583
15,946667;-0,008583
15,948333;-0,008583
15,95;-0,008583
15,951667;-0,008583
15,953333;-0,008583
15,955;-0,008583
15,956667;-0,008583
15,958333;-0,008583
15,96;-0,008583
15,961667;-0,008583
15,963333;-0,008583
15,965;-0,008583
15,966667;-0,008583
15,968333;-0,008583
15,97;-0,008583
15,971667;-0,008583
15,973333;-0,008583
15,975;-0,008583
15,976667;-0,008583
15,978333;-0,008583
15,98;-0,008583
15,981667;-0,008583
15,983333;-0,008583
15,985;-0,008583
15,986667;-0,008583
15,988333;-0,008583
15,99;-0,008583
15,991667;-0,008583
15,993333;-0,008583
15,995;-0,005722
15,996667;-0,005722
15,998333;-0,005722
16;-0,005722
16,001667;-0,005722
16,003333;-0,005722
16,005;-0,005722
16,006667;-0,005722
16,008333;-0,005722
16,01;-0,005722
16,011667;-0,005722
16,013333;-0,005722
16,015;-0,005722
16,016667;-0,005722
16,018333;-0,005722
16,02;-0,005722
16,021667;-0,005722
16,023333;-0,005722
16,025;-0,005722
16,026667;-0,005722
16,028333;-0,005722
16,03;-0,005722
16,031667;-0,005722
16,033333;-0,005722
16,035;-0,005722
16,036667;-0,005722
16,038333;-0,005722
16,04;-0,005722
16,041667;-0,005722
16,043333;-0,005722
16,045;-0,005722
16,046667;-0,005722
16,048333;-0,005722
16,05;-0,005722
16,051667;-0,005722
16,053333;-0,005722
16,055;-0,005722
16,056667;-0,005722
16,058333;-0,005722
16,06;-0,005722
16,061667;-0,005722
16,063333;-0,005722
16,065;-0,005722
16,066667;-0,005722
16,068333;-0,005722
16,07;-0,005722
16,071667;-0,005722
16,073333;-0,005722
16,075;-0,005722
16,076667;-0,005722
16,078333;-0,005722
16,08;-0,005722
16,081667;-0,005722
16,083333;-0,005722
16,085;-0,005722
16,086667;-0,005722
16,088333;-0,005722
16,09;-0,005722
16,091667;-0,005722
16,093333;-0,005722
16,095;-0,005722
16,096667;-0,008583
16,098333;-0,008583
16,1;-0,008583
16,101667;-0,008583
16,103333;-0,008583
16,105;-0,008583
16,106667;-0,008583
16,108333;-0,008583
16,11;-0,008583
16,111667;-0,008583
16,113333;-0,008583
16,115;-0,008583
16,116667;-0,008583
16,118333;-0,008583
16,12;-0,008583
16,121667;-0,008583
16,123333;-0,008583
16,125;-0,008583
16,126667;-0,008583
16,128333;-0,008583
16,13;-0,008583
16,131667;-0,008583
16,133333;-0,008583
16,135;-0,008583
16,136667;-0,008583
16,138333;-0,008583
16,14;-0,008583
16,141667;-0,008583
16,143333;-0,008583
16,145;-0,008583
16,146667;-0,008583
16,148333;-0,008583
16,15;-0,008583
16,151667;-0,008583
16,153333;-0,008583
16,155;-0,008583
16,156667;-0,008583
16,158333;-0,008583
16,16;-0,008583
16,161667;-0,008583
16,163333;-0,008583
16,165;-0,008583
16,166667;-0,008583
16,168333;-0,008583
16,17;-0,008583
16,171667;-0,008583
16,173333;-0,008583
16,175;-0,008583
16,176667;-0,008583
16,178333;-0,008583
16,18;-0,008583
16,181667;-0,008583
16,183333;-0,008583
16,185;-0,008583
16,186667;-0,008583
16,188333;-0,005722
16,19;-0,005722
16,191667;-0,005722
16,193333;-0,005722
16,195;-0,005722
16,196667;-0,005722
16,198333;-0,005722
16,2;-0,005722
16,201667;-0,005722
16,203333;-0,008583
16,205;-0,008583
16,206667;-0,008583
16,208333;-0,008583
16,21;-0,008583
16,211667;-0,008583
16,213333;-0,008583
16,215;-0,008583
16,216667;-0,008583
16,218333;-0,008583
16,22;-0,008583
16,221667;-0,005722
16,223333;-0,005722
16,225;-0,005722
16,226667;-0,005722
16,228333;-0,005722
16,23;-0,005722
16,231667;-0,005722
16,233333;-0,005722
16,235;-0,005722
16,236667;-0,005722
16,238333;-0,005722
16,24;-0,005722
16,241667;-0,005722
16,243333;-0,005722
16,245;-0,005722
16,246667;-0,005722
16,248333;-0,005722
16,25;-0,005722
16,251667;-0,005722
16,253333;-0,005722
16,255;-0,005722
16,256667;-0,005722
16,258333;-0,005722
16,26;-0,005722
16,261667;-0,005722
16,263333;-0,005722
16,265;-0,005722
16,266667;-0,005722
16,268333;-0,005722
16,27;-0,005722
16,271667;-0,005722
16,273333;-0,005722
16,275;-0,005722
16,276667;-0,005722
16,278333;-0,005722
16,28;-0,005722
16,281667;-0,005722
16,283333;-0,005722
16,285;-0,005722
16,286667;-0,005722
16,288333;-0,005722
16,29;-0,005722
16,291667;-0,005722
16,293333;-0,005722
16,295;-0,005722
16,296667;-0,005722
16,298333;-0,005722
16,3;-0,005722
16,301667;-0,005722
16,303333;-0,005722
16,305;-0,005722
16,306667;-0,005722
16,308333;-0,005722
16,31;-0,005722
16,311667;-0,005722
16,313333;-0,002861
16,315;-0,002861
16,316667;-0,002861
16,318333;-0,002861
16,32;-0,002861
16,321667;-0,002861
16,323333;-0,002861
16,325;-0,002861
16,326667;-0,002861
16,328333;-0,002861
16,33;-0,002861
16,331667;-0,002861
16,333333;-0,002861
16,335;-0,002861
16,336667;0
16,338333;0
16,34;0
16,341667;0
16,343333;0
16,345;0
16,346667;0
16,348333;0
16,35;0
16,351667;0
16,353333;0
16,355;0
16,356667;0
16,358333;0,002861
16,36;0,002861
16,361667;0,002861
16,363333;0,002861
16,365;0,002861
16,366667;0,002861
16,368333;0,002861
16,37;0,002861
16,371667;0,002861
16,373333;0,002861
16,375;0,002861
16,376667;0,002861
16,378333;0,002861
16,38;0,002861
16,381667;0,002861
16,383333;0,002861
16,385;0,002861
16,386667;0,002861
16,388333;0,002861
16,39;0,005722
16,391667;0,005722
16,393333;0,005722
16,395;0,005722
16,396667;0,005722
16,398333;0,005722
16,4;0,005722
16,401667;0,005722
16,403333;0,005722
16,405;0,005722
16,406667;0,005722
16,408333;0,005722
16,41;0,008583
16,411667;0,008583
16,413333;0,008583
16,415;0,008583
16,416667;0,008583
16,418333;0,008583
16,42;0,008583
16,421667;0,008583
16,423333;0,008583
16,425;0,008583
16,426667;0,011444
16,428333;0,011444
16,43;0,011444
16,431667;0,011444
16,433333;0,011444
16,435;0,011444
16,436667;0,011444
16,438333;0,011444
16,44;0,014305
16,441667;0,014305
16,443333;0,014305
16,445;0,014305
16,446667;0,014305
16,448333;0,017166
16,45;0,017166
16,451667;0,017166
16,453333;0,017166
16,455;0,017166
16,456667;0,020027
16,458333;0,020027
16,46;0,020027
16,461667;0,020027
16,463333;0,020027
16,465;0,022888
16,466667;0,022888
16,468333;0,022888
16,47;0,022888
16,471667;0,022888
16,473333;0,025749
16,475;0,025749
16,476667;0,025749
16,478333;0,02861
16,48;0,02861
16,481667;0,02861
16,483333;0,031471
16,485;0,031471
16,486667;0,031471
16,488333;0,034332
16,49;0,034332
16,491667;0,034332
16,493333;0,034332
16,495;0,037193
16,496667;0,037193
16,498333;0,037193
16,5;0,040054
16,501667;0,040054
16,503333;0,042915
16,505;0,042915
16,506667;0,042915
16,508333;0,042915
16,51;0,045776
16,511667;0,045776
16,513333;0,048637
16,515;0,048637
16,516667;0,051498
16,518333;0,051498
16,52;0,051498
16,521667;0,054359
16,523333;0,054359
16,525;0,05722
16,526667;0,05722
16,528333;0,060081
16,53;0,060081
16,531667;0,062943
16,533333;0,062943
16,535;0,065804
16,536667;0,065804
16,538333;0,068665
16,54;0,068665
16,541667;0,071526
16,543333;0,074387
16,545;0,074387
16,546667;0,077248
16,548333;0,080109
16,55;0,080109
16,551667;0,08297
16,553333;0,085831
16,555;0,085831
16,556667;0,088692
16,558333;0,091553
16,56;0,094414
16,561667;0,094414
16,563333;0,097275
16,565;0,100136
16,566667;0,102997
16,568333;0,105858
16,57;0,108719
16,571667;0,108719
16,573333;0,11158
16,575;0,114441
16,576667;0,117302
16,578333;0,120163
16,58;0,123024
16,581667;0,125885
16,583333;0,128746
16,585;0,131607
16,586667;0,134468
16,588333;0,137329
16,59;0,143051
16,591667;0,145912
16,593333;0,148773
16,595;0,151634
16,596667;0,154495
16,598333;0,157356
16,6;0,163078
16,601667;0,165939
16,603333;0,1688
16,605;0,174522
16,606667;0,177383
16,608333;0,183105
16,61;0,185967
16,611667;0,191689
16,613333;0,19455
16,615;0,200272
16,616667;0,203133
16,618333;0,208855
16,62;0,211716
16,621667;0,217438
16,623333;0,22316
16,625;0,226021
16,626667;0,231743
16,628333;0,237465
16,63;0,243187
16,631667;0,248909
16,633333;0,254631
16,635;0,257492
16,636667;0,263214
16,638333;0,268936
16,64;0,274658
16,641667;0,28038
16,643333;0,286102
16,645;0,291824
16,646667;0,297546
16,648333;0,306129
16,65;0,311852
16,651667;0,317574
16,653333;0,323296
16,655;0,331879
16,656667;0,337601
16,658333;0,343323
16,66;0,351906
16,661667;0,357628
16,663333;0,366211
16,665;0,371933
16,666667;0,380516
16,668333;0,386238
16,67;0,394821
16,671667;0,403404
16,673333;0,409126
16,675;0,417709
16,676667;0,426292
16,678333;0,434876
16,68;0,443459
16,681667;0,452042
16,683333;0,460625
16,685;0,469208
16,686667;0,477791
16,688333;0,486374
16,69;0,494957
16,691667;0,50354
16,693333;0,512123
16,695;0,520706
16,696667;0,53215
16,698333;0,540733
16,7;0,549316
16,701667;0,5579
16,703333;0,569344
16,705;0,577927
16,706667;0,589371
16,708333;0,597954
16,71;0,606537
16,711667;0,617981
16,713333;0,626564
16,715;0,638008
16,716667;0,649452
16,718333;0,658035
16,72;0,669479
16,721667;0,680924
16,723333;0,692368
16,725;0,700951
16,726667;0,712395
16,728333;0,723839
16,73;0,735283
16,731667;0,746727
16,733333;0,758171
16,735;0,769615
16,736667;0,781059
16,738333;0,792503
16,74;0,803947
16,741667;0,815392
16,743333;0,826836
16,745;0,83828
16,746667;0,849724
16,748333;0,864029
16,75;0,875473
16,751667;0,898361
16,753333;0,909805
16,755;0,909805
16,756667;0,92411
16,758333;0,935555
16,76;0,946999
16,761667;0,961304
16,763333;0,972748
16,765;0,984192
16,766667;0,998497
16,768333;1,009941
16,77;1,021385
16,771667;1,03569
16,773333;1,047134
16,775;1,058579
16,776667;1,072884
16,778333;1,084328
16,78;1,098633
16,781667;1,110077
16,783333;1,121521
16,785;1,135826
16,786667;1,14727
16,788333;1,161575
16,79;1,175881
16,791667;1,187325
16,793333;1,20163
16,795;1,213074
16,796667;1,227379
16,798333;1,238823
16,8;1,253128
16,801667;1,264572
16,803333;1,276016
16,805;1,290321
16,806667;1,301766
16,808333;1,316071
16,81;1,327515
16,811667;1,34182
16,813333;1,353264
16,815;1,367569
16,816667;1,379013
16,818333;1,390457
16,82;1,404762
16,821667;1,416206
16,823333;1,430512
16,825;1,441956
16,826667;1,4534
16,828333;1,467705
16,83;1,479149
16,831667;1,490593
16,833333;1,502037
16,835;1,513481
16,836667;1,527786
16,838333;1,53923
16,84;1,550675
16,841667;1,562119
16,843333;1,573563
16,845;1,585007
16,846667;1,596451
16,848333;1,607895
16,85;1,619339
16,851667;1,627922
16,853333;1,65081
16,855;1,662254
16,856667;1,673699
16,858333;1,673699
16,86;1,682282
16,861667;1,693726
16,863333;1,70517
16,865;1,713753
16,866667;1,725197
16,868333;1,736641
16,87;1,745224
16,871667;1,756668
16,873333;1,765251
16,875;1,773834
16,876667;1,785278
16,878333;1,793861
16,88;1,802445
16,881667;1,811028
16,883333;1,819611
16,885;1,828194
16,886667;1,836777
16,888333;1,84536
16,89;1,853943
16,891667;1,862526
16,893333;1,871109
16,895;1,879692
16,896667;1,888275
16,898333;1,893997
16,9;1,90258
16,901667;1,908302
16,903333;1,916885
16,905;1,922608
16,906667;1,931191
16,908333;1,936913
16,91;1,945496
16,911667;1,951218
16,913333;1,95694
16,915;1,962662
16,916667;1,968384
16,918333;1,974106
16,92;1,979828
16,921667;1,98555
16,923333;1,991272
16,925;1,996994
16,926667;1,999855
16,928333;2,005577
16,93;2,011299
16,931667;2,01416
16,933333;2,019882
16,935;2,022743
16,936667;2,025604
16,938333;2,031326
16,94;2,034187
16,941667;2,037048
16,943333;2,039909
16,945;2,042771
16,946667;2,045632
16,948333;2,048493
16,95;2,051354
16,951667;2,054215
16,953333;2,057076
16,955;2,057076
16,956667;2,059937
16,958333;2,059937
16,96;2,062798
16,961667;2,062798
16,963333;2,065659
16,965;2,065659
16,966667;2,065659
16,968333;2,06852
16,97;2,06852
16,971667;2,06852
16,973333;2,06852
16,975;2,06852
16,976667;2,06852
16,978333;2,06852
16,98;2,06852
16,981667;2,065659
16,983333;2,065659
16,985;2,065659
16,986667;2,065659
16,988333;2,062798
16,99;2,062798
16,991667;2,059937
16,993333;2,059937
16,995;2,057076
16,996667;2,054215
16,998333;2,051354
17;2,051354
17,001667;2,048493
17,003333;2,045632
17,005;2,042771
17,006667;2,039909
17,008333;2,034187
17,01;2,031326
17,011667;2,028465
17,013333;2,025604
17,015;2,019882
17,016667;2,017021
17,018333;2,01416
17,02;2,008438
17,021667;2,005577
17,023333;1,999855
17,025;1,994133
17,026667;1,991272
17,028333;1,98555
17,03;1,979828
17,031667;1,974106
17,033333;1,968384
17,035;1,965523
17,036667;1,959801
17,038333;1,954079
17,04;1,948357
17,041667;1,939774
17,043333;1,934052
17,045;1,92833
17,046667;1,922608
17,048333;1,916885
17,05;1,90258
17,051667;1,896858
17,053333;1,896858
17,055;1,891136
17,056667;1,882553
17,058333;1,876831
17,06;1,868248
17,061667;1,862526
17,063333;1,853943
17,065;1,848221
17,066667;1,839638
17,068333;1,833916
17,07;1,825333
17,071667;1,81675
17,073333;1,811028
17,075;1,802445
17,076667;1,793861
17,078333;1,785278
17,08;1,779556
17,081667;1,770973
17,083333;1,753807
17,085;1,745224
17,086667;1,736641
17,088333;1,736641
17,09;1,728058
17,091667;1,719475
17,093333;1,702309
17,095;1,693726
17,096667;1,685143
17,098333;1,67656
17,1;1,667976
17,101667;1,667976
17,103333;1,656532
17,105;1,647949
17,106667;1,639366
17,108333;1,630783
17,11;1,6222
17,111667;1,613617
17,113333;1,605034
17,115;1,59359
17,116667;1,585007
17,118333;1,576424
17,12;1,567841
17,121667;1,559258
17,123333;1,547814
17,125;1,53923
17,126667;1,530647
17,128333;1,522064
17,13;1,513481
17,131667;1,502037
17,133333;1,493454
17,135;1,484871
17,136667;1,473427
17,138333;1,464844
17,14;1,4534
17,141667;1,444817
17,143333;1,436234
17,145;1,427651
17,146667;1,416206
17,148333;1,407623
17,15;1,39904
17,151667;1,387596
17,153333;1,379013
17,155;1,37043
17,156667;1,350403
17,158333;1,338959
17,16;1,330376
17,161667;1,321793
17,163333;1,310349
17,165;1,310349
17,166667;1,293182
17,168333;1,281738
17,17;1,273155
17,171667;1,264572
17,173333;1,253128
17,175;1,244545
17,176667;1,244545
17,178333;1,235962
17,18;1,227379
17,181667;1,215935
17,183333;1,207352
17,185;1,198769
17,186667;1,190186
17,188333;1,178742
17,19;1,170158
17,191667;1,161575
17,193333;1,152992
17,195;1,144409
17,196667;1,132965
17,198333;1,124382
17,2;1,115799
17,201667;1,107216
17,203333;1,098633
17,205;1,09005
17,206667;1,078606
17,208333;1,070023
17,21;1,06144
17,211667;1,052857
17,213333;1,044273
17,215;1,03569
17,216667;1,027107
17,218333;1,018524
17,22;1,009941
17,221667;1,001358
17,223333;0,992775
17,225;0,984192
17,226667;0,975609
17,228333;0,967026
17,23;0,958443
17,231667;0,94986
17,233333;0,941277
17,235;0,932694
17,236667;0,92411
17,238333;0,915527
17,24;0,909805
17,241667;0,901222
17,243333;0,892639
17,245;0,884056
17,246667;0,875473
17,248333;0,861168
17,25;0,852585
17,251667;0,852585
17,253333;0,844002
17,255;0,83828
17,256667;0,829697
17,258333;0,815392
17,26;0,806809
17,261667;0,798225
17,263333;0,792503
17,265;0,78392
17,266667;0,778198
17,268333;0,778198
17,27;0,769615
17,271667;0,763893
17,273333;0,75531
17,275;0,749588
17,276667;0,741005
17,278333;0,735283
17,28;0,7267
17,281667;0,720978
17,283333;0,715256
17,285;0,706673
17,286667;0,700951
17,288333;0,695229
17,29;0,686646
17,291667;0,680924
17,293333;0,675201
17,295;0,666618
17,296667;0,660896
17,298333;0,655174
17,3;0,649452
17,301667;0,640869
17,303333;0,635147
17,305;0,629425
17,306667;0,623703
17,308333;0,617981
17,31;0,612259
17,311667;0,606537
17,313333;0,600815
17,315;0,595093
17,316667;0,58651
17,318333;0,580788
17,32;0,575066
17,321667;0,569344
17,323333;0,563622
17,325;0,5579
17,326667;0,552177
17,328333;0,546455
17,33;0,540733
17,331667;0,537872
17,333333;0,53215
17,335;0,526428
17,336667;0,520706
17,338333;0,514984
17,34;0,509262
17,341667;0,50354
17,343333;0,500679
17,345;0,494957
17,346667;0,489235
17,348333;0,483513
17,35;0,477791
17,351667;0,469208
17,353333;0,463486
17,355;0,460625
17,356667;0,454903
17,358333;0,454903
17,36;0,449181
17,361667;0,440598
17,363333;0,434876
17,365;0,434876
17,366667;0,432014
17,368333;0,426292
17,37;0,423431
17,371667;0,417709
17,373333;0,409126
17,375;0,409126
17,376667;0,406265
17,378333;0,400543
17,38;0,394821
17,381667;0,39196
17,383333;0,389099
17,385;0,380516
17,386667;0,374794
17,388333;0,371933
17,39;0,369072
17,391667;0,36335
17,393333;0,360489
17,395;0,360489
17,396667;0,357628
17,398333;0,354767
17,4;0,349045
17,401667;0,346184
17,403333;0,343323
17,405;0,337601
17,406667;0,33474
17,408333;0,331879
17,41;0,329018
17,411667;0,323296
17,413333;0,320435
17,415;0,317574
17,416667;0,314713
17,418333;0,311852
17,42;0,30899
17,421667;0,306129
17,423333;0,300407
17,425;0,297546
17,426667;0,294685
17,428333;0,291824
17,43;0,288963
17,431667;0,286102
17,433333;0,283241
17,435;0,28038
17,436667;0,277519
17,438333;0,274658
17,44;0,271797
17,441667;0,268936
17,443333;0,266075
17,445;0,263214
17,446667;0,260353
17,448333;0,257492
17,45;0,254631
17,451667;0,25177
17,453333;0,248909
17,455;0,246048
17,456667;0,243187
17,458333;0,240326
17,46;0,240326
17,461667;0,237465
17,463333;0,234604
17,465;0,231743
17,466667;0,228882
17,468333;0,226021
17,47;0,226021
17,471667;0,22316
17,473333;0,220299
17,475;0,217438
17,476667;0,214577
17,478333;0,214577
17,48;0,211716
17,481667;0,208855
17,483333;0,205994
17,485;0,205994
17,486667;0,203133
17,488333;0,200272
17,49;0,197411
17,491667;0,197411
17,493333;0,19455
17,495;0,191689
17,496667;0,191689
17,498333;0,188828
17,5;0,185967
17,501667;0,183105
17,503333;0,183105
17,505;0,180244
17,506667;0,180244
17,508333;0,174522
17,51;0,174522
17,511667;0,174522
17,513333;0,171661
17,515;0,171661
17,516667;0,1688
17,518333;0,165939
17,52;0,165939
17,521667;0,163078
17,523333;0,163078
17,525;0,160217
17,526667;0,157356
17,528333;0,157356
17,53;0,154495
17,531667;0,154495
17,533333;0,151634
17,535;0,151634
17,536667;0,148773
17,538333;0,145912
17,54;0,145912
17,541667;0,143051
17,543333;0,143051
17,545;0,14019
17,546667;0,14019
17,548333;0,137329
17,55;0,137329
17,551667;0,134468
17,553333;0,134468
17,555;0,131607
17,556667;0,131607
17,558333;0,128746
17,56;0,128746
17,561667;0,125885
17,563333;0,125885
17,565;0,123024
17,566667;0,123024
17,568333;0,120163
17,57;0,120163
17,571667;0,120163
17,573333;0,117302
17,575;0,117302
17,576667;0,114441
17,578333;0,114441
17,58;0,114441
17,581667;0,11158
17,583333;0,11158
17,585;0,108719
17,586667;0,108719
17,588333;0,108719
17,59;0,105858
17,591667;0,105858
17,593333;0,105858
17,595;0,102997
17,596667;0,102997
17,598333;0,102997
17,6;0,100136
17,601667;0,100136
17,603333;0,100136
17,605;0,097275
17,606667;0,097275
17,608333;0,097275
17,61;0,094414
17,611667;0,094414
17,613333;0,094414
17,615;0,091553
17,616667;0,091553
17,618333;0,091553
17,62;0,088692
17,621667;0,088692
17,623333;0,088692
17,625;0,085831
17,626667;0,085831
17,628333;0,085831
17,63;0,085831
17,631667;0,085831
17,633333;0,08297
17,635;0,08297
17,636667;0,08297
17,638333;0,080109
17,64;0,080109
17,641667;0,080109
17,643333;0,077248
17,645;0,077248
17,646667;0,077248
17,648333;0,077248
17,65;0,077248
17,651667;0,074387
17,653333;0,074387
17,655;0,074387
17,656667;0,074387
17,658333;0,074387
17,66;0,071526
17,661667;0,071526
17,663333;0,071526
17,665;0,071526
17,666667;0,071526
17,668333;0,068665
17,67;0,068665
17,671667;0,068665
17,673333;0,068665
17,675;0,068665
17,676667;0,065804
17,678333;0,065804
17,68;0,065804
17,681667;0,065804
17,683333;0,065804
17,685;0,065804
17,686667;0,062943
17,688333;0,062943
17,69;0,062943
17,691667;0,062943
17,693333;0,062943
17,695;0,062943
17,696667;0,062943
17,698333;0,060081
17,7;0,060081
17,701667;0,060081
17,703333;0,060081
17,705;0,060081
17,706667;0,05722
17,708333;0,05722
17,71;0,05722
17,711667;0,05722
17,713333;0,05722
17,715;0,05722
17,716667;0,05722
17,718333;0,05722
17,72;0,05722
17,721667;0,05722
17,723333;0,054359
17,725;0,054359
17,726667;0,054359
17,728333;0,054359
17,73;0,054359
17,731667;0,054359
17,733333;0,054359
17,735;0,054359
17,736667;0,054359
17,738333;0,054359
17,74;0,054359
17,741667;0,054359
17,743333;0,054359
17,745;0,054359
17,746667;0,054359
17,748333;0,054359
17,75;0,054359
17,751667;0,054359
17,753333;0,051498
17,755;0,051498
17,756667;0,051498
17,758333;0,051498
17,76;0,051498
17,761667;0,051498
17,763333;0,051498
17,765;0,051498
17,766667;0,051498
17,768333;0,051498
17,77;0,051498
17,771667;0,051498
17,773333;0,051498
17,775;0,051498
17,776667;0,051498
17,778333;0,051498
17,78;0,051498
17,781667;0,051498
17,783333;0,051498
17,785;0,051498
17,786667;0,051498
17,788333;0,051498
17,79;0,051498
17,791667;0,051498
17,793333;0,051498
17,795;0,051498
17,796667;0,051498
17,798333;0,051498
17,8;0,051498
17,801667;0,051498
17,803333;0,051498
17,805;0,054359
17,806667;0,054359
17,808333;0,054359
17,81;0,054359
17,811667;0,054359
17,813333;0,054359
17,815;0,054359
17,816667;0,054359
17,818333;0,054359
17,82;0,054359
17,821667;0,054359
17,823333;0,054359
17,825;0,05722
17,826667;0,05722
17,828333;0,05722
17,83;0,05722
17,831667;0,05722
17,833333;0,05722
17,835;0,05722
17,836667;0,05722
17,838333;0,060081
17,84;0,060081
17,841667;0,060081
17,843333;0,060081
17,845;0,060081
17,846667;0,060081
17,848333;0,062943
17,85;0,062943
17,851667;0,062943
17,853333;0,062943
17,855;0,062943
17,856667;0,062943
17,858333;0,062943
17,86;0,065804
17,861667;0,065804
17,863333;0,065804
17,865;0,065804
17,866667;0,068665
17,868333;0,068665
17,87;0,068665
17,871667;0,068665
17,873333;0,071526
17,875;0,071526
17,876667;0,071526
17,878333;0,071526
17,88;0,074387
17,881667;0,074387
17,883333;0,074387
17,885;0,077248
17,886667;0,077248
17,888333;0,080109
17,89;0,080109
17,891667;0,08297
17,893333;0,08297
17,895;0,08297
17,896667;0,085831
17,898333;0,085831
17,9;0,085831
17,901667;0,088692
17,903333;0,088692
17,905;0,091553
17,906667;0,091553
17,908333;0,094414
17,91;0,094414
17,911667;0,097275
17,913333;0,097275
17,915;0,100136
17,916667;0,100136
17,918333;0,102997
17,92;0,102997
17,921667;0,105858
17,923333;0,105858
17,925;0,108719
17,926667;0,11158
17,928333;0,11158
17,93;0,114441
17,931667;0,117302
17,933333;0,117302
17,935;0,120163
17,936667;0,123024
17,938333;0,125885
17,94;0,125885
17,941667;0,128746
17,943333;0,131607
17,945;0,131607
17,946667;0,134468
17,948333;0,137329
17,95;0,14019
17,951667;0,143051
17,953333;0,145912
17,955;0,148773
17,956667;0,151634
17,958333;0,154495
17,96;0,154495
17,961667;0,157356
17,963333;0,160217
17,965;0,163078
17,966667;0,165939
17,968333;0,1688
17,97;0,171661
17,971667;0,177383
17,973333;0,180244
17,975;0,185967
17,976667;0,188828
17,978333;0,19455
17,98;0,197411
17,981667;0,200272
17,983333;0,205994
17,985;0,205994
17,986667;0,208855
17,988333;0,211716
17,99;0,217438
17,991667;0,220299
17,993333;0,22316
17,995;0,228882
17,996667;0,231743
17,998333;0,237465
18;0,240326
18,001667;0,246048
18,003333;0,248909
18,005;0,254631
18,006667;0,257492
18,008333;0,263214
18,01;0,268936
18,011667;0,271797
18,013333;0,277519
18,015;0,283241
18,016667;0,288963
18,018333;0,291824
18,02;0,297546
18,021667;0,303268
18,023333;0,30899
18,025;0,314713
18,026667;0,320435
18,028333;0,326157
18,03;0,331879
18,031667;0,337601
18,033333;0,343323
18,035;0,349045
18,036667;0,357628
18,038333;0,36335
18,04;0,369072
18,041667;0,377655
18,043333;0,383377
18,045;0,389099
18,046667;0,397682
18,048333;0,403404
18,05;0,411987
18,051667;0,417709
18,053333;0,426292
18,055;0,432014
18,056667;0,440598
18,058333;0,449181
18,06;0,454903
18,061667;0,463486
18,063333;0,472069
18,065;0,480652
18,066667;0,489235
18,068333;0,497818
18,07;0,506401
18,071667;0,514984
18,073333;0,523567
18,075;0,53215
18,076667;0,540733
18,078333;0,549316
18,08;0,5579
18,081667;0,569344
18,083333;0,577927
18,085;0,58651
18,086667;0,597954
18,088333;0,606537
18,09;0,617981
18,091667;0,626564
18,093333;0,638008
18,095;0,646591
18,096667;0,658035
18,098333;0,666618
18,1;0,678062
18,101667;0,689507
18,103333;0,69809
18,105;0,709534
18,106667;0,720978
18,108333;0,732422
18,11;0,743866
18,111667;0,75531
18,113333;0,766754
18,115;0,778198
18,116667;0,789642
18,118333;0,801086
18,12;0,812531
18,121667;0,823975
18,123333;0,83828
18,125;0,849724
18,126667;0,861168
18,128333;0,872612
18,13;0,886917
18,131667;0,898361
18,133333;0,912666
18,135;0,92411
18,136667;0,938416
18,138333;0,94986
18,14;0,964165
18,141667;0,975609
18,143333;0,989914
18,145;1,001358
18,146667;1,015663
18,148333;1,029968
18,15;1,041412
18,151667;1,055718
18,153333;1,070023
18,155;1,081467
18,156667;1,095772
18,158333;1,110077
18,16;1,138687
18,161667;1,138687
18,163333;1,152992
18,165;1,167297
18,166667;1,181603
18,168333;1,193047
18,17;1,207352
18,171667;1,221657
18,173333;1,235962
18,175;1,250267
18,176667;1,267433
18,178333;1,281738
18,18;1,296043
18,181667;1,310349
18,183333;1,324654
18,185;1,338959
18,186667;1,353264
18,188333;1,367569
18,19;1,381874
18,191667;1,396179
18,193333;1,413345
18,195;1,427651
18,196667;1,441956
18,198333;1,456261
18,2;1,470566
18,201667;1,484871
18,203333;1,502037
18,205;1,516342
18,206667;1,530647
18,208333;1,544952
18,21;1,559258
18,211667;1,576424
18,213333;1,590729
18,215;1,605034
18,216667;1,619339
18,218333;1,633644
18,22;1,65081
18,221667;1,665115
18,223333;1,679421
18,225;1,693726
18,226667;1,708031
18,228333;1,722336
18,23;1,736641
18,231667;1,750946
18,233333;1,765251
18,235;1,779556
18,236667;1,793861
18,238333;1,808167
18,24;1,822472
18,241667;1,836777
18,243333;1,865387
18,245;1,865387
18,246667;1,879692
18,248333;1,893997
18,25;1,908302
18,251667;1,922608
18,253333;1,934052
18,255;1,948357
18,256667;1,962662
18,258333;1,974106
18,26;1,988411
18,261667;2,002716
18,263333;2,01416
18,265;2,028465
18,266667;2,039909
18,268333;2,054215
18,27;2,065659
18,271667;2,077103
18,273333;2,091408
18,275;2,102852
18,276667;2,114296
18,278333;2,12574
18,28;2,140045
18,281667;2,151489
18,283333;2,162933
18,285;2,174378
18,286667;2,197266
18,288333;2,197266
18,29;2,20871
18,291667;2,217293
18,293333;2,228737
18,295;2,240181
18,296667;2,251625
18,298333;2,260208
18,3;2,271652
18,301667;2,283096
18,303333;2,29168
18,305;2,300263
18,306667;2,311707
18,308333;2,331734
18,31;2,340317
18,311667;2,3489
18,313333;2,3489
18,315;2,357483
18,316667;2,366066
18,318333;2,374649
18,32;2,383232
18,321667;2,391815
18,323333;2,400398
18,325;2,408981
18,326667;2,414704
18,328333;2,423287
18,33;2,43187
18,331667;2,437592
18,333333;2,446175
18,335;2,451897
18,336667;2,457619
18,338333;2,466202
18,34;2,471924
18,341667;2,477646
18,343333;2,483368
18,345;2,48909
18,346667;2,494812
18,348333;2,500534
18,35;2,506256
18,351667;2,509117
18,353333;2,514839
18,355;2,520561
18,356667;2,523422
18,358333;2,529144
18,36;2,532005
18,361667;2,537728
18,363333;2,540589
18,365;2,54345
18,366667;2,546311
18,368333;2,549172
18,37;2,552033
18,371667;2,554894
18,373333;2,557755
18,375;2,560616
18,376667;2,563477
18,378333;2,563477
18,38;2,569199
18,381667;2,569199
18,383333;2,569199
18,385;2,57206
18,386667;2,57206
18,388333;2,57206
18,39;2,574921
18,391667;2,574921
18,393333;2,574921
18,395;2,574921
18,396667;2,574921
18,398333;2,574921
18,4;2,574921
18,401667;2,574921
18,403333;2,57206
18,405;2,57206
18,406667;2,57206
18,408333;2,569199
18,41;2,569199
18,411667;2,566338
18,413333;2,563477
18,415;2,563477
18,416667;2,560616
18,418333;2,557755
18,42;2,554894
18,421667;2,549172
18,423333;2,546311
18,425;2,54345
18,426667;2,54345
18,428333;2,540589
18,43;2,537728
18,431667;2,534866
18,433333;2,529144
18,435;2,526283
18,436667;2,520561
18,438333;2,5177
18,44;2,511978
18,441667;2,509117
18,443333;2,503395
18,445;2,497673
18,446667;2,494812
18,448333;2,48909
18,45;2,483368
18,451667;2,477646
18,453333;2,471924
18,455;2,466202
18,456667;2,46048
18,458333;2,454758
18,46;2,449036
18,461667;2,440453
18,463333;2,434731
18,465;2,429009
18,466667;2,423287
18,468333;2,414704
18,47;2,408981
18,471667;2,403259
18,473333;2,394676
18,475;2,388954
18,476667;2,380371
18,478333;2,371788
18,48;2,366066
18,481667;2,357483
18,483333;2,3489
18,485;2,340317
18,486667;2,334595
18,488333;2,326012
18,49;2,317429
18,491667;2,308846
18,493333;2,300263
18,495;2,29168
18,496667;2,283096
18,498333;2,274513
18,5;2,26593
18,501667;2,257347
18,503333;2,245903
18,505;2,23732
18,506667;2,228737
18,508333;2,220154
18,51;2,20871
18,511667;2,200127
18,513333;2,191544
18,515;2,1801
18,516667;2,171517
18,518333;2,162933
18,52;2,151489
18,521667;2,142906
18,523333;2,131462
18,525;2,122879
18,526667;2,111435
18,528333;2,102852
18,53;2,091408
18,531667;2,079964
18,533333;2,071381
18,535;2,059937
18,536667;2,051354
18,538333;2,039909
18,54;2,028465
18,541667;2,017021
18,543333;2,008438
18,545;1,996994
18,546667;1,98555
18,548333;1,974106
18,55;1,965523
18,551667;1,954079
18,553333;1,942635
18,555;1,931191
18,556667;1,919747
18,558333;1,911163
18,56;1,899719
18,561667;1,888275
18,563333;1,876831
18,565;1,865387
18,566667;1,853943
18,568333;1,842499
18,57;1,831055
18,571667;1,822472
18,573333;1,811028
18,575;1,799584
18,576667;1,788139
18,578333;1,776695
18,58;1,765251
18,581667;1,753807
18,583333;1,742363
18,585;1,730919
18,586667;1,719475
18,588333;1,710892
18,59;1,699448
18,591667;1,688004
18,593333;1,67656
18,595;1,665115
18,596667;1,653671
18,598333;1,642227
18,6;1,630783
18,601667;1,619339
18,603333;1,607895
18,605;1,596451
18,606667;1,587868
18,608333;1,576424
18,61;1,56498
18,611667;1,553536
18,613333;1,542091
18,615;1,530647
18,616667;1,51062
18,618333;1,499176
18,62;1,499176
18,621667;1,487732
18,623333;1,476288
18,625;1,467705
18,626667;1,456261
18,628333;1,444817
18,63;1,433373
18,631667;1,42479
18,633333;1,413345
18,635;1,401901
18,636667;1,393318
18,638333;1,381874
18,64;1,37043
18,641667;1,361847
18,643333;1,350403
18,645;1,338959
18,646667;1,330376
18,648333;1,318932
18,65;1,310349
18,651667;1,298904
18,653333;1,28746
18,655;1,278877
18,656667;1,267433
18,658333;1,25885
18,66;1,247406
18,661667;1,238823
18,663333;1,227379
18,665;1,218796
18,666667;1,207352
18,668333;1,198769
18,67;1,187325
18,671667;1,178742
18,673333;1,167297
18,675;1,158714
18,676667;1,150131
18,678333;1,138687
18,68;1,130104
18,681667;1,121521
18,683333;1,110077
18,685;1,101494
18,686667;1,092911
18,688333;1,081467
18,69;1,072884
18,691667;1,064301
18,693333;1,055718
18,695;1,047134
18,696667;1,038551
18,698333;1,027107
18,7;1,018524
18,701667;1,009941
18,703333;1,001358
18,705;0,992775
18,706667;0,984192
18,708333;0,975609
18,71;0,967026
18,711667;0,958443
18,713333;0,94986
18,715;0,941277
18,716667;0,932694
18,718333;0,92411
18,72;0,915527
18,721667;0,906944
18,723333;0,898361
18,725;0,892639
18,726667;0,884056
18,728333;0,875473
18,73;0,86689
18,731667;0,858307
18,733333;0,852585
18,735;0,844002
18,736667;0,835419
18,738333;0,826836
18,74;0,812531
18,741667;0,803947
18,743333;0,803947
18,745;0,795364
18,746667;0,789642
18,748333;0,781059
18,75;0,775337
18,751667;0,766754
18,753333;0,761032
18,755;0,752449
18,756667;0,746727
18,758333;0,738144
18,76;0,732422
18,761667;0,723839
18,763333;0,718117
18,765;0,712395
18,766667;0,703812
18,768333;0,69809
18,77;0,692368
18,771667;0,683785
18,773333;0,678062
18,775;0,67234
18,776667;0,666618
18,778333;0,658035
18,78;0,652313
18,781667;0,646591
18,783333;0,640869
18,785;0,635147
18,786667;0,626564
18,788333;0,620842
18,79;0,61512
18,791667;0,609398
18,793333;0,603676
18,795;0,597954
18,796667;0,592232
18,798333;0,58651
18,8;0,580788
18,801667;0,572205
18,803333;0,566483
18,805;0,560761
18,806667;0,5579
18,808333;0,552177
18,81;0,546455
18,811667;0,540733
18,813333;0,535011
18,815;0,529289
18,816667;0,523567
18,818333;0,517845
18,82;0,514984
18,821667;0,509262
18,823333;0,50354
18,825;0,497818
18,826667;0,494957
18,828333;0,489235
18,83;0,483513
18,831667;0,477791
18,833333;0,47493
18,835;0,469208
18,836667;0,463486
18,838333;0,457764
18,84;0,454903
18,841667;0,449181
18,843333;0,44632
18,845;0,440598
18,846667;0,434876
18,848333;0,432014
18,85;0,426292
18,851667;0,423431
18,853333;0,417709
18,855;0,414848
18,856667;0,409126
18,858333;0,406265
18,86;0,400543
18,861667;0,397682
18,863333;0,394821
18,865;0,389099
18,866667;0,386238
18,868333;0,380516
18,87;0,377655
18,871667;0,374794
18,873333;0,371933
18,875;0,366211
18,876667;0,36335
18,878333;0,360489
18,88;0,354767
18,881667;0,351906
18,883333;0,349045
18,885;0,343323
18,886667;0,340462
18,888333;0,337601
18,89;0,33474
18,891667;0,331879
18,893333;0,326157
18,895;0,323296
18,896667;0,320435
18,898333;0,317574
18,9;0,314713
18,901667;0,311852
18,903333;0,30899
18,905;0,303268
18,906667;0,300407
18,908333;0,297546
18,91;0,294685
18,911667;0,291824
18,913333;0,288963
18,915;0,286102
18,916667;0,283241
18,918333;0,28038
18,92;0,277519
18,921667;0,274658
18,923333;0,271797
18,925;0,268936
18,926667;0,266075
18,928333;0,263214
18,93;0,260353
18,931667;0,257492
18,933333;0,254631
18,935;0,25177
18,936667;0,248909
18,938333;0,246048
18,94;0,246048
18,941667;0,243187
18,943333;0,240326
18,945;0,237465
18,946667;0,234604
18,948333;0,231743
18,95;0,228882
18,951667;0,226021
18,953333;0,226021
18,955;0,22316
18,956667;0,220299
18,958333;0,217438
18,96;0,217438
18,961667;0,214577
18,963333;0,211716
18,965;0,208855
18,966667;0,208855
18,968333;0,205994
18,97;0,203133
18,971667;0,200272
18,973333;0,200272
18,975;0,197411
18,976667;0,19455
18,978333;0,188828
18,98;0,188828
18,981667;0,188828
18,983333;0,185967
18,985;0,183105
18,986667;0,180244
18,988333;0,177383
18,99;0,174522
18,991667;0,174522
18,993333;0,171661
18,995;0,1688
18,996667;0,1688
18,998333;0,1688
19;0,165939
19,001667;0,163078
19,003333;0,163078
19,005;0,160217
19,006667;0,160217
19,008333;0,157356
19,01;0,154495
19,011667;0,154495
19,013333;0,151634
19,015;0,148773
19,016667;0,148773
19,018333;0,145912
19,02;0,145912
19,021667;0,143051
19,023333;0,143051
19,025;0,14019
19,026667;0,14019
19,028333;0,137329
19,03;0,137329
19,031667;0,134468
19,033333;0,134468
19,035;0,131607
19,036667;0,131607
19,038333;0,128746
19,04;0,128746
19,041667;0,125885
19,043333;0,125885
19,045;0,123024
19,046667;0,123024
19,048333;0,120163
19,05;0,120163
19,051667;0,120163
19,053333;0,117302
19,055;0,117302
19,056667;0,114441
19,058333;0,114441
19,06;0,11158
19,061667;0,11158
19,063333;0,108719
19,065;0,108719
19,066667;0,105858
19,068333;0,105858
19,07;0,102997
19,071667;0,102997
19,073333;0,100136
19,075;0,100136
19,076667;0,100136
19,078333;0,100136
19,08;0,097275
19,081667;0,097275
19,083333;0,097275
19,085;0,094414
19,086667;0,094414
19,088333;0,094414
19,09;0,091553
19,091667;0,091553
19,093333;0,091553
19,095;0,088692
19,096667;0,088692
19,098333;0,088692
19,1;0,085831
19,101667;0,085831
19,103333;0,085831
19,105;0,08297
19,106667;0,08297
19,108333;0,08297
19,11;0,080109
19,111667;0,080109
19,113333;0,077248
19,115;0,077248
19,116667;0,077248
19,118333;0,077248
19,12;0,074387
19,121667;0,074387
19,123333;0,074387
19,125;0,071526
19,126667;0,071526
19,128333;0,071526
19,13;0,071526
19,131667;0,071526
19,133333;0,068665
19,135;0,068665
19,136667;0,068665
19,138333;0,068665
19,14;0,065804
19,141667;0,065804
19,143333;0,065804
19,145;0,065804
19,146667;0,062943
19,148333;0,062943
19,15;0,062943
19,151667;0,062943
19,153333;0,062943
19,155;0,060081
19,156667;0,060081
19,158333;0,060081
19,16;0,060081
19,161667;0,05722
19,163333;0,05722
19,165;0,05722
19,166667;0,05722
19,168333;0,05722
19,17;0,054359
19,171667;0,054359
19,173333;0,054359
19,175;0,054359
19,176667;0,051498
19,178333;0,051498
19,18;0,051498
19,181667;0,051498
19,183333;0,051498
19,185;0,048637
19,186667;0,048637
19,188333;0,048637
19,19;0,048637
19,191667;0,048637
19,193333;0,045776
19,195;0,045776
19,196667;0,045776
19,198333;0,045776
19,2;0,045776
19,201667;0,042915
19,203333;0,042915
19,205;0,042915
19,206667;0,042915
19,208333;0,040054
19,21;0,040054
19,211667;0,040054
19,213333;0,040054
19,215;0,040054
19,216667;0,040054
19,218333;0,040054
19,22;0,037193
19,221667;0,037193
19,223333;0,037193
19,225;0,037193
19,226667;0,037193
19,228333;0,037193
19,23;0,037193
19,231667;0,037193
19,233333;0,034332
19,235;0,034332
19,236667;0,034332
19,238333;0,034332
19,24;0,034332
19,241667;0,031471
19,243333;0,031471
19,245;0,031471
19,246667;0,031471
19,248333;0,031471
19,25;0,031471
19,251667;0,031471
19,253333;0,031471
19,255;0,031471
19,256667;0,02861
19,258333;0,02861
19,26;0,02861
19,261667;0,02861
19,263333;0,02861
19,265;0,02861
19,266667;0,02861
19,268333;0,025749
19,27;0,025749
19,271667;0,025749
19,273333;0,025749
19,275;0,025749
19,276667;0,025749
19,278333;0,025749
19,28;0,025749
19,281667;0,025749
19,283333;0,022888
19,285;0,022888
19,286667;0,022888
19,288333;0,022888
19,29;0,022888
19,291667;0,022888
19,293333;0,022888
19,295;0,022888
19,296667;0,022888
19,298333;0,020027
19,3;0,020027
19,301667;0,020027
19,303333;0,020027
19,305;0,020027
19,306667;0,020027
19,308333;0,020027
19,31;0,020027
19,311667;0,020027
19,313333;0,020027
19,315;0,020027
19,316667;0,020027
19,318333;0,017166
19,32;0,017166
19,321667;0,017166
19,323333;0,017166
19,325;0,017166
19,326667;0,017166
19,328333;0,017166
19,33;0,017166
19,331667;0,017166
19,333333;0,014305
19,335;0,014305
19,336667;0,014305
19,338333;0,014305
19,34;0,014305
19,341667;0,014305
19,343333;0,014305
19,345;0,014305
19,346667;0,014305
19,348333;0,014305
19,35;0,014305
19,351667;0,014305
19,353333;0,011444
19,355;0,011444
19,356667;0,011444
19,358333;0,011444
19,36;0,011444
19,361667;0,011444
19,363333;0,011444
19,365;0,011444
19,366667;0,011444
19,368333;0,011444
19,37;0,011444
19,371667;0,011444
19,373333;0,011444
19,375;0,008583
19,376667;0,008583
19,378333;0,008583
19,38;0,008583
19,381667;0,008583
19,383333;0,008583
19,385;0,008583
19,386667;0,008583
19,388333;0,008583
19,39;0,008583
19,391667;0,008583
19,393333;0,008583
19,395;0,008583
19,396667;0,008583
19,398333;0,008583
19,4;0,008583
19,401667;0,008583
19,403333;0,008583
19,405;0,008583
19,406667;0,008583
19,408333;0,008583
19,41;0,008583
19,411667;0,008583
19,413333;0,008583
19,415;0,008583
19,416667;0,008583
19,418333;0,008583
19,42;0,008583
19,421667;0,008583
19,423333;0,008583
19,425;0,008583
19,426667;0,005722
19,428333;0,005722
19,43;0,005722
19,431667;0,005722
19,433333;0,005722
19,435;0,005722
19,436667;0,005722
19,438333;0,005722
19,44;0,005722
19,441667;0,005722
19,443333;0,005722
19,445;0,005722
19,446667;0,005722
19,448333;0,005722
19,45;0,005722
19,451667;0,005722
19,453333;0,005722
19,455;0,005722
19,456667;0,005722
19,458333;0,005722
19,46;0,005722
19,461667;0,005722
19,463333;0,002861
19,465;0,002861
19,466667;0,002861
19,468333;0,002861
19,47;0,002861
19,471667;0,002861
19,473333;0,002861
19,475;0,002861
19,476667;0,002861
19,478333;0,002861
19,48;0,002861
19,481667;0,002861
19,483333;0,002861
19,485;0,002861
19,486667;0,002861
19,488333;0,002861
19,49;0,002861
19,491667;0,002861
19,493333;0,002861
19,495;0,002861
19,496667;0,002861
19,498333;0
19,5;0
19,501667;0
19,503333;0
19,505;0
19,506667;0
19,508333;0
19,51;0
19,511667;0
19,513333;0
19,515;0
19,516667;0
19,518333;0
19,52;0
19,521667;0
19,523333;0
19,525;0
19,526667;0
19,528333;0
19,53;0
19,531667;0
19,533333;0
19,535;0
19,536667;0
19,538333;0
19,54;0
19,541667;0
19,543333;0
19,545;0
19,546667;0
19,548333;0
19,55;0
19,551667;0
19,553333;0
19,555;0
19,556667;0
19,558333;0
19,56;0
19,561667;0
19,563333;0
19,565;0
19,566667;0
19,568333;0
19,57;0
19,571667;0
19,573333;0
19,575;0
19,576667;0
19,578333;0
19,58;-0,002861
19,581667;-0,002861
19,583333;-0,002861
19,585;-0,002861
19,586667;-0,002861
19,588333;-0,002861
19,59;-0,002861
19,591667;-0,002861
19,593333;-0,002861
19,595;-0,002861
19,596667;-0,002861
19,598333;-0,002861
19,6;-0,002861
19,601667;-0,002861
19,603333;-0,002861
19,605;-0,002861
19,606667;-0,002861
19,608333;-0,002861
19,61;-0,002861
19,611667;-0,002861
19,613333;-0,002861
19,615;-0,002861
19,616667;-0,002861
19,618333;-0,002861
19,62;-0,002861
19,621667;-0,002861
19,623333;-0,002861
19,625;-0,002861
19,626667;-0,002861
19,628333;-0,002861
19,63;-0,002861
19,631667;-0,002861
19,633333;-0,002861
19,635;-0,002861
19,636667;-0,002861
19,638333;-0,002861
19,64;-0,002861
19,641667;-0,002861
19,643333;-0,002861
19,645;-0,002861
19,646667;-0,002861
19,648333;-0,002861
19,65;-0,002861
19,651667;-0,002861
19,653333;-0,002861
19,655;-0,002861
19,656667;-0,002861
19,658333;-0,002861
19,66;-0,002861
19,661667;-0,002861
19,663333;-0,002861
19,665;-0,002861
19,666667;-0,002861
19,668333;-0,002861
19,67;-0,002861
19,671667;-0,002861
19,673333;-0,002861
19,675;-0,002861
19,676667;-0,002861
19,678333;-0,002861
19,68;-0,002861
19,681667;-0,002861
19,683333;-0,002861
19,685;-0,002861
19,686667;-0,002861
19,688333;-0,002861
19,69;-0,002861
19,691667;-0,002861
19,693333;-0,002861
19,695;-0,002861
19,696667;-0,002861
19,698333;-0,002861
19,7;-0,002861
19,701667;-0,002861
19,703333;-0,002861
19,705;-0,002861
19,706667;-0,002861
19,708333;-0,002861
19,71;-0,002861
19,711667;-0,002861
19,713333;-0,002861
19,715;-0,002861
19,716667;-0,002861
19,718333;-0,002861
19,72;-0,002861
19,721667;-0,002861
19,723333;-0,002861
19,725;-0,002861
19,726667;-0,002861
19,728333;-0,002861
19,73;-0,002861
19,731667;-0,002861
19,733333;-0,002861
19,735;-0,002861
19,736667;-0,002861
19,738333;-0,002861
19,74;-0,002861
19,741667;-0,002861
19,743333;-0,002861
19,745;-0,002861
19,746667;-0,002861
19,748333;-0,002861
19,75;-0,002861
19,751667;-0,002861
19,753333;-0,002861
19,755;-0,002861
19,756667;-0,002861
19,758333;-0,002861
19,76;-0,002861
19,761667;-0,002861
19,763333;-0,002861
19,765;-0,002861
19,766667;-0,002861
19,768333;-0,002861
19,77;-0,002861
19,771667;-0,002861
19,773333;-0,002861
19,775;-0,002861
19,776667;-0,002861
19,778333;-0,002861
19,78;-0,002861
19,781667;-0,002861
19,783333;-0,002861
19,785;-0,002861
19,786667;-0,002861
19,788333;-0,005722
19,79;-0,005722
19,791667;-0,005722
19,793333;-0,005722
19,795;-0,005722
19,796667;-0,005722
19,798333;-0,002861
19,8;-0,002861
19,801667;-0,002861
19,803333;-0,002861
19,805;-0,002861
19,806667;-0,002861
19,808333;-0,002861
19,81;-0,002861
19,811667;-0,002861
19,813333;-0,002861
19,815;-0,002861
19,816667;-0,002861
19,818333;-0,002861
19,82;-0,002861
19,821667;-0,002861
19,823333;-0,002861
19,825;-0,002861
19,826667;-0,002861
19,828333;-0,005722
19,83;-0,005722
19,831667;-0,005722
19,833333;-0,005722
19,835;-0,005722
19,836667;-0,005722
19,838333;-0,005722
19,84;-0,005722
19,841667;-0,005722
19,843333;-0,005722
19,845;-0,005722
19,846667;-0,005722
19,848333;-0,005722
19,85;-0,005722
19,851667;-0,005722
19,853333;-0,005722
19,855;-0,005722
19,856667;-0,005722
19,858333;-0,005722
19,86;-0,005722
19,861667;-0,005722
19,863333;-0,005722
19,865;-0,005722
19,866667;-0,005722
19,868333;-0,005722
19,87;-0,005722
19,871667;-0,005722
19,873333;-0,005722
19,875;-0,005722
19,876667;-0,005722
19,878333;-0,005722
19,88;-0,008583
19,881667;-0,008583
19,883333;-0,008583
19,885;-0,008583
19,886667;-0,008583
19,888333;-0,008583
19,89;-0,008583
19,891667;-0,008583
19,893333;-0,008583
19,895;-0,008583
19,896667;-0,008583
19,898333;-0,008583
19,9;-0,008583
19,901667;-0,008583
19,903333;-0,008583
19,905;-0,008583
19,906667;-0,008583
19,908333;-0,008583
19,91;-0,008583
19,911667;-0,008583
19,913333;-0,008583
19,915;-0,008583
19,916667;-0,008583
19,918333;-0,008583
19,92;-0,008583
19,921667;-0,008583
19,923333;-0,008583
19,925;-0,008583
19,926667;-0,008583
19,928333;-0,008583
19,93;-0,008583
19,931667;-0,008583
19,933333;-0,008583
19,935;-0,008583
19,936667;-0,008583
19,938333;-0,008583
19,94;-0,008583
19,941667;-0,008583
19,943333;-0,008583
19,945;-0,008583
19,946667;-0,008583
19,948333;-0,008583
19,95;-0,008583
19,951667;-0,008583
19,953333;-0,008583
19,955;-0,008583
19,956667;-0,008583
19,958333;-0,008583
19,96;-0,008583
19,961667;-0,008583
19,963333;-0,008583
19,965;-0,008583
19,966667;-0,008583
19,968333;-0,008583
19,97;-0,008583
19,971667;-0,008583
19,973333;-0,008583
19,975;-0,008583
19,976667;-0,008583
19,978333;-0,008583
19,98;-0,008583
19,981667;-0,008583
19,983333;-0,008583
19,985;-0,008583
19,986667;-0,008583
19,988333;-0,008583
19,99;-0,008583
19,991667;-0,008583
19,993333;-0,008583
19,995;-0,008583
19,996667;-0,008583
19,998333;-0,008583
20;-0,008583
20,001667;-0,008583
20,003333;-0,008583
20,005;-0,008583
20,006667;-0,008583
20,008333;-0,008583
20,01;-0,008583
20,011667;-0,008583
20,013333;-0,008583
20,015;-0,008583
20,016667;-0,008583
20,018333;-0,008583
20,02;-0,008583
20,021667;-0,008583
20,023333;-0,008583
20,025;-0,008583
20,026667;-0,008583
20,028333;-0,008583
20,03;-0,008583
20,031667;-0,008583
20,033333;-0,008583
20,035;-0,008583
20,036667;-0,008583
20,038333;-0,008583
20,04;-0,008583
20,041667;-0,008583
20,043333;-0,008583
20,045;-0,008583
20,046667;-0,008583
20,048333;-0,008583
20,05;-0,008583
20,051667;-0,008583
20,053333;-0,008583
20,055;-0,008583
20,056667;-0,008583
20,058333;-0,008583
20,06;-0,008583
20,061667;-0,008583
20,063333;-0,008583
20,065;-0,008583
20,066667;-0,008583
20,068333;-0,008583
20,07;-0,008583
20,071667;-0,008583
20,073333;-0,008583
20,075;-0,008583
20,076667;-0,008583
20,078333;-0,008583
20,08;-0,008583
20,081667;-0,008583
20,083333;-0,008583
20,085;-0,008583
20,086667;-0,008583
20,088333;-0,008583
20,09;-0,008583
20,091667;-0,008583
20,093333;-0,008583
20,095;-0,008583
20,096667;-0,008583
20,098333;-0,008583
20,1;-0,008583
20,101667;-0,008583
20,103333;-0,008583
20,105;-0,008583
20,106667;-0,011444
20,108333;-0,011444
20,11;-0,011444
20,111667;-0,011444
20,113333;-0,011444
20,115;-0,011444
20,116667;-0,011444
20,118333;-0,008583
20,12;-0,011444
20,121667;-0,011444
20,123333;-0,011444
20,125;-0,011444
20,126667;-0,011444
20,128333;-0,011444
20,13;-0,011444
20,131667;-0,011444
20,133333;-0,011444
20,135;-0,011444
20,136667;-0,011444
20,138333;-0,011444
20,14;-0,011444
20,141667;-0,011444
20,143333;-0,011444
20,145;-0,011444
20,146667;-0,011444
20,148333;-0,011444
20,15;-0,011444
20,151667;-0,011444
20,153333;-0,011444
20,155;-0,011444
20,156667;-0,011444
20,158333;-0,011444
20,16;-0,011444
20,161667;-0,011444
20,163333;-0,011444
20,165;-0,011444
20,166667;-0,011444
20,168333;-0,011444
20,17;-0,011444
20,171667;-0,011444
20,173333;-0,011444
20,175;-0,011444
20,176667;-0,011444
20,178333;-0,011444
20,18;-0,011444
20,181667;-0,008583
20,183333;-0,011444
20,185;-0,011444
20,186667;-0,011444
20,188333;-0,011444
20,19;-0,011444
20,191667;-0,011444
20,193333;-0,011444
20,195;-0,011444
20,196667;-0,011444
20,198333;-0,011444
20,2;-0,011444
20,201667;-0,011444
20,203333;-0,011444
20,205;-0,011444
20,206667;-0,011444
20,208333;-0,008583
20,21;-0,008583
20,211667;-0,008583
20,213333;-0,008583
20,215;-0,008583
20,216667;-0,008583
20,218333;-0,011444
20,22;-0,011444
20,221667;-0,011444
20,223333;-0,011444
20,225;-0,011444
20,226667;-0,011444
20,228333;-0,011444
20,23;-0,011444
20,231667;-0,011444
20,233333;-0,011444
20,235;-0,011444
20,236667;-0,011444
20,238333;-0,011444
20,24;-0,011444
20,241667;-0,011444
20,243333;-0,011444
20,245;-0,011444
20,246667;-0,011444
20,248333;-0,011444
20,25;-0,011444
20,251667;-0,011444
20,253333;-0,011444
20,255;-0,011444
20,256667;-0,011444
20,258333;-0,011444
20,26;-0,011444
20,261667;-0,011444
20,263333;-0,011444
20,265;-0,011444
20,266667;-0,011444
20,268333;-0,011444
20,27;-0,011444
20,271667;-0,011444
20,273333;-0,011444
20,275;-0,011444
20,276667;-0,011444
20,278333;-0,011444
20,28;-0,011444
20,281667;-0,011444
20,283333;-0,011444
20,285;-0,011444
20,286667;-0,011444
20,288333;-0,011444
20,29;-0,011444
20,291667;-0,011444
20,293333;-0,011444
20,295;-0,011444
20,296667;-0,011444
20,298333;-0,011444
20,3;-0,011444
20,301667;-0,011444
20,303333;-0,011444
20,305;-0,011444
20,306667;-0,011444
20,308333;-0,011444
20,31;-0,011444
20,311667;-0,011444
20,313333;-0,011444
20,315;-0,011444
20,316667;-0,011444
20,318333;-0,011444
20,32;-0,011444
20,321667;-0,011444
20,323333;-0,011444
20,325;-0,011444
20,326667;-0,011444
20,328333;-0,011444
20,33;-0,011444
20,331667;-0,011444
20,333333;-0,011444
20,335;-0,011444
20,336667;-0,011444
20,338333;-0,011444
20,34;-0,011444
20,341667;-0,011444
20,343333;-0,011444
20,345;-0,011444
20,346667;-0,011444
20,348333;-0,011444
20,35;-0,011444
20,351667;-0,011444
20,353333;-0,011444
20,355;-0,011444
20,356667;-0,011444
20,358333;-0,011444
20,36;-0,011444
20,361667;-0,011444
20,363333;-0,014305
20,365;-0,014305
20,366667;-0,014305
20,368333;-0,014305
20,37;-0,014305
20,371667;-0,014305
20,373333;-0,014305
20,375;-0,014305
20,376667;-0,014305
20,378333;-0,014305
20,38;-0,014305
20,381667;-0,014305
20,383333;-0,014305
20,385;-0,014305
20,386667;-0,014305
20,388333;-0,014305
20,39;-0,014305
20,391667;-0,014305
20,393333;-0,014305
20,395;-0,014305
20,396667;-0,014305
20,398333;-0,014305
20,4;-0,014305
20,401667;-0,014305
20,403333;-0,014305
20,405;-0,014305
20,406667;-0,014305
20,408333;-0,014305
20,41;-0,014305
20,411667;-0,014305
20,413333;-0,014305
20,415;-0,014305
20,416667;-0,014305
20,418333;-0,014305
20,42;-0,014305
20,421667;-0,014305
20,423333;-0,014305
20,425;-0,014305
20,426667;-0,014305
20,428333;-0,014305
20,43;-0,014305
20,431667;-0,014305
20,433333;-0,014305
20,435;-0,014305
20,436667;-0,014305
20,438333;-0,014305
20,44;-0,014305
20,441667;-0,014305
20,443333;-0,014305
20,445;-0,014305
20,446667;-0,014305
20,448333;-0,014305
20,45;-0,014305
20,451667;-0,014305
20,453333;-0,014305
20,455;-0,014305
20,456667;-0,014305
20,458333;-0,014305
20,46;-0,014305
20,461667;-0,014305
20,463333;-0,014305
20,465;-0,014305
20,466667;-0,014305
20,468333;-0,014305
20,47;-0,014305
20,471667;-0,014305
20,473333;-0,014305
20,475;-0,014305
20,476667;-0,014305
20,478333;-0,014305
20,48;-0,014305
20,481667;-0,014305
20,483333;-0,014305
20,485;-0,014305
20,486667;-0,014305
20,488333;-0,014305
20,49;-0,014305
20,491667;-0,014305
20,493333;-0,014305
20,495;-0,014305
20,496667;-0,014305
20,498333;-0,014305
20,5;-0,014305
20,501667;-0,014305
20,503333;-0,014305
20,505;-0,014305
20,506667;-0,014305
20,508333;-0,014305
20,51;-0,014305
20,511667;-0,014305
20,513333;-0,014305
20,515;-0,014305
20,516667;-0,014305
20,518333;-0,014305
20,52;-0,014305
20,521667;-0,014305
20,523333;-0,014305
20,525;-0,014305
20,526667;-0,014305
20,528333;-0,014305
20,53;-0,014305
20,531667;-0,014305
20,533333;-0,014305
20,535;-0,014305
20,536667;-0,014305
20,538333;-0,014305
20,54;-0,014305
20,541667;-0,014305
20,543333;-0,014305
20,545;-0,014305
20,546667;-0,014305
20,548333;-0,014305
20,55;-0,014305
20,551667;-0,014305
20,553333;-0,014305
20,555;-0,014305
20,556667;-0,014305
20,558333;-0,014305
20,56;-0,014305
20,561667;-0,014305
20,563333;-0,014305
20,565;-0,014305
20,566667;-0,014305
20,568333;-0,014305
20,57;-0,014305
20,571667;-0,014305
20,573333;-0,014305
20,575;-0,014305
20,576667;-0,014305
20,578333;-0,017166
20,58;-0,017166
20,581667;-0,017166
20,583333;-0,017166
20,585;-0,017166
20,586667;-0,017166
20,588333;-0,017166
20,59;-0,014305
20,591667;-0,014305
20,593333;-0,014305
20,595;-0,014305
20,596667;-0,014305
20,598333;-0,014305
20,6;-0,014305
20,601667;-0,014305
20,603333;-0,014305
20,605;-0,014305
20,606667;-0,014305
20,608333;-0,014305
20,61;-0,014305
20,611667;-0,014305
20,613333;-0,014305
20,615;-0,014305
20,616667;-0,014305
20,618333;-0,014305
20,62;-0,014305
20,621667;-0,014305
20,623333;-0,014305
20,625;-0,014305
20,626667;-0,014305
20,628333;-0,014305
20,63;-0,014305
20,631667;-0,017166
20,633333;-0,017166
20,635;-0,017166
20,636667;-0,017166
20,638333;-0,017166
20,64;-0,017166
20,641667;-0,017166
20,643333;-0,017166
20,645;-0,017166
20,646667;-0,017166
20,648333;-0,017166
20,65;-0,017166
20,651667;-0,017166
20,653333;-0,017166
20,655;-0,017166
20,656667;-0,017166
20,658333;-0,017166
20,66;-0,017166
20,661667;-0,017166
20,663333;-0,017166
20,665;-0,017166
20,666667;-0,017166
20,668333;-0,017166
20,67;-0,017166
20,671667;-0,017166
20,673333;-0,017166
20,675;-0,017166
20,676667;-0,017166
20,678333;-0,017166
20,68;-0,017166
20,681667;-0,017166
20,683333;-0,017166
20,685;-0,017166
20,686667;-0,017166
20,688333;-0,017166
20,69;-0,017166
20,691667;-0,017166
20,693333;-0,017166
20,695;-0,017166
20,696667;-0,017166
20,698333;-0,017166
20,7;-0,017166
20,701667;-0,017166
20,703333;-0,017166
20,705;-0,017166
20,706667;-0,017166
20,708333;-0,017166
20,71;-0,017166
20,711667;-0,017166
20,713333;-0,017166
20,715;-0,017166
20,716667;-0,017166
20,718333;-0,017166
20,72;-0,017166
20,721667;-0,017166
20,723333;-0,017166
20,725;-0,017166
20,726667;-0,017166
20,728333;-0,017166
20,73;-0,017166
20,731667;-0,017166
20,733333;-0,017166
20,735;-0,017166
20,736667;-0,017166
20,738333;-0,017166
20,74;-0,017166
20,741667;-0,017166
20,743333;-0,017166
20,745;-0,017166
20,746667;-0,017166
20,748333;-0,017166
20,75;-0,017166
20,751667;-0,017166
20,753333;-0,017166
20,755;-0,017166
20,756667;-0,017166
20,758333;-0,017166
20,76;-0,017166
20,761667;-0,017166
20,763333;-0,017166
20,765;-0,017166
20,766667;-0,017166
20,768333;-0,017166
20,77;-0,017166
20,771667;-0,017166
20,773333;-0,017166
20,775;-0,017166
20,776667;-0,017166
20,778333;-0,017166
20,78;-0,017166
20,781667;-0,017166
20,783333;-0,017166
20,785;-0,017166
20,786667;-0,017166
20,788333;-0,017166
20,79;-0,017166
20,791667;-0,017166
20,793333;-0,017166
20,795;-0,017166
20,796667;-0,017166
20,798333;-0,017166
20,8;-0,017166
20,801667;-0,017166
20,803333;-0,017166
20,805;-0,017166
20,806667;-0,017166
20,808333;-0,017166
20,81;-0,017166
20,811667;-0,017166
20,813333;-0,017166
20,815;-0,017166
20,816667;-0,017166
20,818333;-0,017166
20,82;-0,017166
20,821667;-0,017166
20,823333;-0,017166
20,825;-0,017166
20,826667;-0,017166
20,828333;-0,017166
20,83;-0,017166
20,831667;-0,017166
20,833333;-0,017166
20,835;-0,017166
20,836667;-0,017166
20,838333;-0,017166
20,84;-0,017166
20,841667;-0,017166
20,843333;-0,017166
20,845;-0,017166
20,846667;-0,017166
20,848333;-0,017166
20,85;-0,017166
20,851667;-0,017166
20,853333;-0,017166
20,855;-0,017166
20,856667;-0,017166
20,858333;-0,017166
20,86;-0,017166
20,861667;-0,017166
20,863333;-0,017166
20,865;-0,017166
20,866667;-0,017166
20,868333;-0,017166
20,87;-0,017166
20,871667;-0,017166
20,873333;-0,017166
20,875;-0,017166
20,876667;-0,017166
20,878333;-0,017166
20,88;-0,017166
20,881667;-0,017166
20,883333;-0,017166
20,885;-0,017166
20,886667;-0,017166
20,888333;-0,017166
20,89;-0,017166
20,891667;-0,017166
20,893333;-0,017166
20,895;-0,017166
20,896667;-0,017166
20,898333;-0,017166
20,9;-0,017166
20,901667;-0,017166
20,903333;-0,017166
20,905;-0,017166
20,906667;-0,014305
20,908333;-0,014305
20,91;-0,014305
20,911667;-0,014305
20,913333;-0,014305
20,915;-0,014305
20,916667;-0,014305
20,918333;-0,014305
20,92;-0,014305
20,921667;-0,014305
20,923333;-0,014305
20,925;-0,014305
20,926667;-0,011444
20,928333;-0,011444
20,93;-0,011444
20,931667;-0,011444
20,933333;-0,011444
20,935;-0,011444
20,936667;-0,011444
20,938333;-0,011444
20,94;-0,011444
20,941667;-0,011444
20,943333;-0,011444
20,945;-0,011444
20,946667;-0,011444
20,948333;-0,011444
20,95;-0,011444
20,951667;-0,011444
20,953333;-0,011444
20,955;-0,011444
20,956667;-0,011444
20,958333;-0,011444
20,96;-0,011444
20,961667;-0,011444
20,963333;-0,008583
20,965;-0,008583
20,966667;-0,008583
20,968333;-0,008583
20,97;-0,008583
20,971667;-0,008583
20,973333;-0,008583
20,975;-0,008583
20,976667;-0,008583
20,978333;-0,008583
20,98;-0,005722
20,981667;-0,005722
20,983333;-0,005722
20,985;-0,005722
20,986667;-0,005722
20,988333;-0,005722
20,99;-0,005722
20,991667;-0,005722
20,993333;-0,002861
20,995;-0,002861
20,996667;-0,002861
20,998333;-0,002861
21;-0,002861
21,001667;-0,002861
21,003333;-0,002861
21,005;0
21,006667;0
21,008333;0
21,01;0
21,011667;0
21,013333;0,002861
21,015;0,002861
21,016667;0,002861
21,018333;0,002861
21,02;0,005722
21,021667;0,005722
21,023333;0,005722
21,025;0,005722
21,026667;0,005722
21,028333;0,005722
21,03;0,008583
21,031667;0,008583
21,033333;0,008583
21,035;0,008583
21,036667;0,008583
21,038333;0,011444
21,04;0,011444
21,041667;0,011444
21,043333;0,011444
21,045;0,014305
21,046667;0,014305
21,048333;0,014305
21,05;0,014305
21,051667;0,017166
21,053333;0,017166
21,055;0,017166
21,056667;0,017166
21,058333;0,020027
21,06;0,020027
21,061667;0,020027
21,063333;0,020027
21,065;0,022888
21,066667;0,022888
21,068333;0,022888
21,07;0,025749
21,071667;0,025749
21,073333;0,025749
21,075;0,02861
21,076667;0,02861
21,078333;0,02861
21,08;0,031471
21,081667;0,031471
21,083333;0,031471
21,085;0,034332
21,086667;0,034332
21,088333;0,034332
21,09;0,037193
21,091667;0,037193
21,093333;0,040054
21,095;0,040054
21,096667;0,040054
21,098333;0,040054
21,1;0,042915
21,101667;0,042915
21,103333;0,045776
21,105;0,045776
21,106667;0,048637
21,108333;0,048637
21,11;0,051498
21,111667;0,051498
21,113333;0,054359
21,115;0,054359
21,116667;0,054359
21,118333;0,05722
21,12;0,05722
21,121667;0,060081
21,123333;0,060081
21,125;0,062943
21,126667;0,062943
21,128333;0,065804
21,13;0,065804
21,131667;0,068665
21,133333;0,068665
21,135;0,071526
21,136667;0,074387
21,138333;0,074387
21,14;0,077248
21,141667;0,080109
21,143333;0,080109
21,145;0,08297
21,146667;0,08297
21,148333;0,085831
21,15;0,088692
21,151667;0,088692
21,153333;0,091553
21,155;0,094414
21,156667;0,094414
21,158333;0,097275
21,16;0,100136
21,161667;0,102997
21,163333;0,102997
21,165;0,105858
21,166667;0,108719
21,168333;0,11158
21,17;0,11158
21,171667;0,114441
21,173333;0,117302
21,175;0,120163
21,176667;0,123024
21,178333;0,123024
21,18;0,125885
21,181667;0,128746
21,183333;0,131607
21,185;0,134468
21,186667;0,14019
21,188333;0,143051
21,19;0,145912
21,191667;0,148773
21,193333;0,151634
21,195;0,154495
21,196667;0,154495
21,198333;0,157356
21,2;0,160217
21,201667;0,163078
21,203333;0,165939
21,205;0,171661
21,206667;0,174522
21,208333;0,177383
21,21;0,180244
21,211667;0,183105
21,213333;0,188828
21,215;0,191689
21,216667;0,19455
21,218333;0,197411
21,22;0,203133
21,221667;0,205994
21,223333;0,208855
21,225;0,211716
21,226667;0,217438
21,228333;0,220299
21,23;0,226021
21,231667;0,228882
21,233333;0,234604
21,235;0,237465
21,236667;0,243187
21,238333;0,246048
21,24;0,25177
21,241667;0,254631
21,243333;0,260353
21,245;0,266075
21,246667;0,268936
21,248333;0,274658
21,25;0,277519
21,251667;0,283241
21,253333;0,288963
21,255;0,291824
21,256667;0,297546
21,258333;0,303268
21,26;0,30899
21,261667;0,314713
21,263333;0,317574
21,265;0,323296
21,266667;0,329018
21,268333;0,33474
21,27;0,346184
21,271667;0,346184
21,273333;0,351906
21,275;0,357628
21,276667;0,366211
21,278333;0,371933
21,28;0,377655
21,281667;0,383377
21,283333;0,389099
21,285;0,394821
21,286667;0,400543
21,288333;0,409126
21,29;0,414848
21,291667;0,42057
21,293333;0,429153
21,295;0,434876
21,296667;0,440598
21,298333;0,449181
21,3;0,454903
21,301667;0,463486
21,303333;0,469208
21,305;0,477791
21,306667;0,483513
21,308333;0,492096
21,31;0,497818
21,311667;0,506401
21,313333;0,514984
21,315;0,520706
21,316667;0,529289
21,318333;0,537872
21,32;0,543594
21,321667;0,552177
21,323333;0,560761
21,325;0,569344
21,326667;0,577927
21,328333;0,58651
21,33;0,595093
21,331667;0,603676
21,333333;0,612259
21,335;0,620842
21,336667;0,629425
21,338333;0,638008
21,34;0,646591
21,341667;0,655174
21,343333;0,663757
21,345;0,67234
21,346667;0,683785
21,348333;0,692368
21,35;0,700951
21,351667;0,720978
21,353333;0,729561
21,355;0,729561
21,356667;0,741005
21,358333;0,749588
21,36;0,761032
21,361667;0,769615
21,363333;0,778198
21,365;0,789642
21,366667;0,798225
21,368333;0,80967
21,37;0,818253
21,371667;0,829697
21,373333;0,841141
21,375;0,852585
21,376667;0,861168
21,378333;0,872612
21,38;0,884056
21,381667;0,8955
21,383333;0,904083
21,385;0,915527
21,386667;0,926971
21,388333;0,938416
21,39;0,94986
21,391667;0,961304
21,393333;0,972748
21,395;0,984192
21,396667;0,995636
21,398333;1,00708
21,4;1,018524
21,401667;1,029968
21,403333;1,041412
21,405;1,052857
21,406667;1,064301
21,408333;1,075745
21,41;1,087189
21,411667;1,101494
21,413333;1,112938
21,415;1,124382
21,416667;1,135826
21,418333;1,14727
21,42;1,161575
21,421667;1,173019
21,423333;1,184464
21,425;1,198769
21,426667;1,210213
21,428333;1,221657
21,43;1,235962
21,431667;1,247406
21,433333;1,25885
21,435;1,273155
21,436667;1,284599
21,438333;1,296043
21,44;1,310349
21,441667;1,321793
21,443333;1,336098
21,445;1,347542
21,446667;1,358986
21,448333;1,373291
21,45;1,384735
21,451667;1,39904
21,453333;1,410484
21,455;1,42479
21,456667;1,436234
21,458333;1,450539
21,46;1,461983
21,461667;1,476288
21,463333;1,487732
21,465;1,513481
21,466667;1,527786
21,468333;1,542091
21,47;1,553536
21,471667;1,553536
21,473333;1,567841
21,475;1,579285
21,476667;1,59359
21,478333;1,607895
21,48;1,619339
21,481667;1,633644
21,483333;1,645088
21,485;1,659393
21,486667;1,670838
21,488333;1,685143
21,49;1,696587
21,491667;1,710892
21,493333;1,725197
21,495;1,736641
21,496667;1,76239
21,498333;1,776695
21,5;1,788139
21,501667;1,788139
21,503333;1,799584
21,505;1,813889
21,506667;1,825333
21,508333;1,839638
21,51;1,851082
21,511667;1,862526
21,513333;1,876831
21,515;1,888275
21,516667;1,899719
21,518333;1,911163
21,52;1,925469
21,521667;1,936913
21,523333;1,948357
21,525;1,959801
21,526667;1,974106
21,528333;1,996994
21,53;2,008438
21,531667;2,019882
21,533333;2,034187
21,535;2,034187
21,536667;2,045632
21,538333;2,057076
21,54;2,06852
21,541667;2,079964
21,543333;2,088547
21,545;2,099991
21,546667;2,111435
21,548333;2,122879
21,55;2,134323
21,551667;2,145767
21,553333;2,157211
21,555;2,168656
21,556667;2,177239
21,558333;2,188683
21,56;2,200127
21,561667;2,20871
21,563333;2,220154
21,565;2,228737
21,566667;2,240181
21,568333;2,248764
21,57;2,268791
21,571667;2,268791
21,573333;2,280235
21,575;2,288818
21,576667;2,297402
21,578333;2,308846
21,58;2,326012
21,581667;2,334595
21,583333;2,343178
21,585;2,354622
21,586667;2,354622
21,588333;2,363205
21,59;2,371788
21,591667;2,380371
21,593333;2,388954
21,595;2,397537
21,596667;2,40612
21,598333;2,411842
21,6;2,420426
21,601667;2,429009
21,603333;2,437592
21,605;2,443314
21,606667;2,451897
21,608333;2,457619
21,61;2,466202
21,611667;2,471924
21,613333;2,480507
21,615;2,486229
21,616667;2,491951
21,618333;2,500534
21,62;2,506256
21,621667;2,511978
21,623333;2,5177
21,625;2,526283
21,626667;2,532005
21,628333;2,537728
21,63;2,54345
21,631667;2,549172
21,633333;2,552033
21,635;2,557755
21,636667;2,563477
21,638333;2,569199
21,64;2,57206
21,641667;2,577782
21,643333;2,583504
21,645;2,586365
21,646667;2,592087
21,648333;2,594948
21,65;2,597809
21,651667;2,603531
21,653333;2,606392
21,655;2,609253
21,656667;2,614975
21,658333;2,617836
21,66;2,620697
21,661667;2,626419
21,663333;2,626419
21,665;2,62928
21,666667;2,632141
21,668333;2,632141
21,67;2,635002
21,671667;2,640724
21,673333;2,640724
21,675;2,643585
21,676667;2,646446
21,678333;2,646446
21,68;2,646446
21,681667;2,646446
21,683333;2,649307
21,685;2,649307
21,686667;2,652168
21,688333;2,652168
21,69;2,652168
21,691667;2,652168
21,693333;2,652168
21,695;2,652168
21,696667;2,652168
21,698333;2,652168
21,7;2,652168
21,701667;2,652168
21,703333;2,652168
21,705;2,652168
21,706667;2,649307
21,708333;2,649307
21,71;2,646446
21,711667;2,646446
21,713333;2,643585
21,715;2,643585
21,716667;2,640724
21,718333;2,640724
21,72;2,637863
21,721667;2,635002
21,723333;2,635002
21,725;2,632141
21,726667;2,62928
21,728333;2,626419
21,73;2,623558
21,731667;2,620697
21,733333;2,617836
21,735;2,614975
21,736667;2,612114
21,738333;2,609253
21,74;2,603531
21,741667;2,60067
21,743333;2,597809
21,745;2,594948
21,746667;2,589226
21,748333;2,586365
21,75;2,580643
21,751667;2,577782
21,753333;2,57206
21,755;2,569199
21,756667;2,560616
21,758333;2,560616
21,76;2,554894
21,761667;2,549172
21,763333;2,54345
21,765;2,540589
21,766667;2,534866
21,768333;2,529144
21,77;2,523422
21,771667;2,5177
21,773333;2,511978
21,775;2,506256
21,776667;2,500534
21,778333;2,494812
21,78;2,486229
21,781667;2,480507
21,783333;2,474785
21,785;2,469063
21,786667;2,46048
21,788333;2,454758
21,79;2,449036
21,791667;2,443314
21,793333;2,434731
21,795;2,429009
21,796667;2,420426
21,798333;2,40612
21,8;2,400398
21,801667;2,400398
21,803333;2,391815
21,805;2,386093
21,806667;2,37751
21,808333;2,363205
21,81;2,354622
21,811667;2,346039
21,813333;2,340317
21,815;2,331734
21,816667;2,323151
21,818333;2,314568
21,82;2,305985
21,821667;2,305985
21,823333;2,300263
21,825;2,29168
21,826667;2,283096
21,828333;2,274513
21,83;2,257347
21,831667;2,248764
21,833333;2,248764
21,835;2,240181
21,836667;2,231598
21,838333;2,223015
21,84;2,214432
21,841667;2,205849
21,843333;2,197266
21,845;2,188683
21,846667;2,177239
21,848333;2,168656
21,85;2,160072
21,851667;2,151489
21,853333;2,134323
21,855;2,122879
21,856667;2,114296
21,858333;2,105713
21,86;2,105713
21,861667;2,094269
21,863333;2,085686
21,865;2,077103
21,866667;2,065659
21,868333;2,057076
21,87;2,048493
21,871667;2,037048
21,873333;2,028465
21,875;2,017021
21,876667;2,008438
21,878333;1,999855
21,88;1,988411
21,881667;1,979828
21,883333;1,968384
21,885;1,948357
21,886667;1,948357
21,888333;1,939774
21,89;1,931191
21,891667;1,919747
21,893333;1,911163
21,895;1,891136
21,896667;1,879692
21,898333;1,879692
21,9;1,871109
21,901667;1,859665
21,903333;1,851082
21,905;1,839638
21,906667;1,831055
21,908333;1,819611
21,91;1,811028
21,911667;1,799584
21,913333;1,788139
21,915;1,779556
21,916667;1,768112
21,918333;1,759529
21,92;1,748085
21,921667;1,739502
21,923333;1,730919
21,925;1,719475
21,926667;1,710892
21,928333;1,699448
21,93;1,690865
21,931667;1,679421
21,933333;1,670838
21,935;1,659393
21,936667;1,639366
21,938333;1,627922
21,94;1,619339
21,941667;1,619339
21,943333;1,607895
21,945;1,599312
21,946667;1,590729
21,948333;1,579285
21,95;1,570702
21,951667;1,559258
21,953333;1,550675
21,955;1,53923
21,956667;1,530647
21,958333;1,519203
21,96;1,51062
21,961667;1,499176
21,963333;1,490593
21,965;1,479149
21,966667;1,470566
21,968333;1,459122
21,97;1,450539
21,971667;1,441956
21,973333;1,430512
21,975;1,421928
21,976667;1,410484
21,978333;1,401901
21,98;1,393318
21,981667;1,381874
21,983333;1,373291
21,985;1,364708
21,986667;1,356125
21,988333;1,344681
21,99;1,336098
21,991667;1,327515
21,993333;1,316071
21,995;1,307488
21,996667;1,298904
21,998333;1,28746
22;1,278877
22,001667;1,270294
22,003333;1,261711
22,005;1,250267
22,006667;1,241684
22,008333;1,233101
22,01;1,224518
22,011667;1,215935
22,013333;1,207352
22,015;1,195908
22,016667;1,187325
22,018333;1,178742
22,02;1,170158
22,021667;1,161575
22,023333;1,152992
22,025;1,144409
22,026667;1,135826
22,028333;1,127243
22,03;1,11866
22,031667;1,110077
22,033333;1,101494
22,035;1,092911
22,036667;1,084328
22,038333;1,075745
22,04;1,067162
22,041667;1,058579
22,043333;1,049995
22,045;1,041412
22,046667;1,032829
22,048333;1,024246
22,05;1,018524
22,051667;1,009941
22,053333;1,001358
22,055;0,992775
22,056667;0,984192
22,058333;0,975609
22,06;0,969887
22,061667;0,961304
22,063333;0,952721
22,065;0,944138
22,066667;0,938416
22,068333;0,929833
22,07;0,921249
22,071667;0,915527
22,073333;0,906944
22,075;0,898361
22,076667;0,892639
22,078333;0,884056
22,08;0,875473
22,081667;0,869751
22,083333;0,852585
22,085;0,852585
22,086667;0,846863
22,088333;0,83828
22,09;0,832558
22,091667;0,823975
22,093333;0,818253
22,095;0,80967
22,096667;0,803947
22,098333;0,795364
22,1;0,789642
22,101667;0,781059
22,103333;0,775337
22,105;0,769615
22,106667;0,761032
22,108333;0,75531
22,11;0,746727
22,111667;0,741005
22,113333;0,732422
22,115;0,7267
22,116667;0,720978
22,118333;0,712395
22,12;0,706673
22,121667;0,700951
22,123333;0,695229
22,125;0,686646
22,126667;0,680924
22,128333;0,675201
22,13;0,669479
22,131667;0,663757
22,133333;0,655174
22,135;0,649452
22,136667;0,64373
22,138333;0,638008
22,14;0,632286
22,141667;0,626564
22,143333;0,620842
22,145;0,61512
22,146667;0,609398
22,148333;0,603676
22,15;0,597954
22,151667;0,592232
22,153333;0,58651
22,155;0,580788
22,156667;0,575066
22,158333;0,569344
22,16;0,563622
22,161667;0,5579
22,163333;0,552177
22,165;0,546455
22,166667;0,540733
22,168333;0,535011
22,17;0,53215
22,171667;0,526428
22,173333;0,520706
22,175;0,514984
22,176667;0,509262
22,178333;0,506401
22,18;0,500679
22,181667;0,494957
22,183333;0,489235
22,185;0,486374
22,186667;0,480652
22,188333;0,47493
22,19;0,469208
22,191667;0,466347
22,193333;0,460625
22,195;0,454903
22,196667;0,452042
22,198333;0,44632
22,2;0,440598
22,201667;0,437737
22,203333;0,432014
22,205;0,429153
22,206667;0,423431
22,208333;0,417709
22,21;0,414848
22,211667;0,409126
22,213333;0,406265
22,215;0,400543
22,216667;0,39196
22,218333;0,389099
22,22;0,389099
22,221667;0,383377
22,223333;0,380516
22,225;0,374794
22,226667;0,366211
22,228333;0,36335
22,23;0,360489
22,231667;0,354767
22,233333;0,351906
22,235;0,349045
22,236667;0,349045
22,238333;0,343323
22,24;0,340462
22,241667;0,337601
22,243333;0,331879
22,245;0,329018
22,246667;0,326157
22,248333;0,323296
22,25;0,320435
22,251667;0,314713
22,253333;0,311852
22,255;0,30899
22,256667;0,306129
22,258333;0,300407
22,26;0,297546
22,261667;0,294685
22,263333;0,291824
22,265;0,288963
22,266667;0,286102
22,268333;0,28038
22,27;0,277519
22,271667;0,274658
22,273333;0,271797
22,275;0,268936
22,276667;0,266075
22,278333;0,260353
22,28;0,257492
22,281667;0,254631
22,283333;0,25177
22,285;0,248909
22,286667;0,246048
22,288333;0,243187
22,29;0,240326
22,291667;0,237465
22,293333;0,234604
22,295;0,231743
22,296667;0,228882
22,298333;0,226021
22,3;0,22316
22,301667;0,220299
22,303333;0,217438
22,305;0,214577
22,306667;0,211716
22,308333;0,211716
22,31;0,208855
22,311667;0,205994
22,313333;0,203133
22,315;0,200272
22,316667;0,197411
22,318333;0,19455
22,32;0,191689
22,321667;0,188828
22,323333;0,188828
22,325;0,185967
22,326667;0,183105
22,328333;0,180244
22,33;0,177383
22,331667;0,174522
22,333333;0,174522
22,335;0,171661
22,336667;0,1688
22,338333;0,165939
22,34;0,160217
22,341667;0,160217
22,343333;0,160217
22,345;0,157356
22,346667;0,154495
22,348333;0,151634
22,35;0,151634
22,351667;0,148773
22,353333;0,145912
22,355;0,143051
22,356667;0,143051
22,358333;0,14019
22,36;0,137329
22,361667;0,137329
22,363333;0,134468
22,365;0,131607
22,366667;0,131607
22,368333;0,128746
22,37;0,125885
22,371667;0,125885
22,373333;0,123024
22,375;0,120163
22,376667;0,120163
22,378333;0,117302
22,38;0,117302
22,381667;0,114441
22,383333;0,11158
22,385;0,11158
22,386667;0,108719
22,388333;0,108719
22,39;0,105858
22,391667;0,105858
22,393333;0,102997
22,395;0,100136
22,396667;0,100136
22,398333;0,097275
22,4;0,097275
22,401667;0,094414
22,403333;0,094414
22,405;0,091553
22,406667;0,091553
22,408333;0,088692
22,41;0,088692
22,411667;0,085831
22,413333;0,085831
22,415;0,08297
22,416667;0,08297
22,418333;0,080109
22,42;0,080109
22,421667;0,077248
22,423333;0,077248
22,425;0,074387
22,426667;0,074387
22,428333;0,071526
22,43;0,071526
22,431667;0,068665
22,433333;0,068665
22,435;0,068665
22,436667;0,065804
22,438333;0,065804
22,44;0,065804
22,441667;0,065804
22,443333;0,062943
22,445;0,062943
22,446667;0,060081
22,448333;0,060081
22,45;0,060081
22,451667;0,05722
22,453333;0,05722
22,455;0,054359
22,456667;0,054359
22,458333;0,054359
22,46;0,051498
22,461667;0,051498
22,463333;0,051498
22,465;0,048637
22,466667;0,048637
22,468333;0,048637
22,47;0,045776
22,471667;0,045776
22,473333;0,045776
22,475;0,045776
22,476667;0,042915
22,478333;0,042915
22,48;0,042915
22,481667;0,040054
22,483333;0,040054
22,485;0,040054
22,486667;0,037193
22,488333;0,037193
22,49;0,037193
22,491667;0,034332
22,493333;0,034332
22,495;0,034332
22,496667;0,031471
22,498333;0,031471
22,5;0,031471
22,501667;0,02861
22,503333;0,02861
22,505;0,02861
22,506667;0,02861
22,508333;0,02861
22,51;0,025749
22,511667;0,025749
22,513333;0,025749
22,515;0,025749
22,516667;0,022888
22,518333;0,022888
22,52;0,022888
22,521667;0,022888
22,523333;0,022888
22,525;0,020027
22,526667;0,020027
22,528333;0,020027
22,53;0,020027
22,531667;0,017166
22,533333;0,017166
22,535;0,017166
22,536667;0,017166
22,538333;0,014305
22,54;0,014305
22,541667;0,014305
22,543333;0,014305
22,545;0,014305
22,546667;0,014305
22,548333;0,011444
22,55;0,011444
22,551667;0,011444
22,553333;0,011444
22,555;0,011444
22,556667;0,011444
22,558333;0,011444
22,56;0,008583
22,561667;0,008583
22,563333;0,008583
22,565;0,008583
22,566667;0,008583
22,568333;0,008583
22,57;0,008583
22,571667;0,005722
22,573333;0,005722
22,575;0,005722
22,576667;0,005722
22,578333;0,005722
22,58;0,005722
22,581667;0,005722
22,583333;0,002861
22,585;0,002861
22,586667;0,002861
22,588333;0,002861
22,59;0,002861
22,591667;0
22,593333;0
22,595;0
22,596667;0
22,598333;0
22,6;0
22,601667;0
22,603333;0
22,605;0
22,606667;0
22,608333;0
22,61;0
22,611667;-0,002861
22,613333;-0,002861
22,615;-0,002861
22,616667;-0,002861
22,618333;-0,002861
22,62;-0,002861
22,621667;-0,002861
22,623333;-0,002861
22,625;-0,002861
22,626667;-0,005722
22,628333;-0,005722
22,63;-0,005722
22,631667;-0,005722
22,633333;-0,005722
22,635;-0,005722
22,636667;-0,005722
22,638333;-0,005722
22,64;-0,005722
22,641667;-0,005722
22,643333;-0,005722
22,645;-0,005722
22,646667;-0,005722
22,648333;-0,005722
22,65;-0,008583
22,651667;-0,008583
22,653333;-0,008583
22,655;-0,008583
22,656667;-0,008583
22,658333;-0,008583
22,66;-0,008583
22,661667;-0,008583
22,663333;-0,008583
22,665;-0,008583
22,666667;-0,008583
22,668333;-0,008583
22,67;-0,008583
22,671667;-0,008583
22,673333;-0,008583
22,675;-0,008583
22,676667;-0,008583
22,678333;-0,008583
22,68;-0,008583
22,681667;-0,011444
22,683333;-0,011444
22,685;-0,011444
22,686667;-0,011444
22,688333;-0,011444
22,69;-0,011444
22,691667;-0,011444
22,693333;-0,011444
22,695;-0,011444
22,696667;-0,011444
22,698333;-0,011444
22,7;-0,011444
22,701667;-0,011444
22,703333;-0,011444
22,705;-0,011444
22,706667;-0,014305
22,708333;-0,014305
22,71;-0,014305
22,711667;-0,014305
22,713333;-0,014305
22,715;-0,014305
22,716667;-0,014305
22,718333;-0,014305
22,72;-0,014305
22,721667;-0,014305
22,723333;-0,014305
22,725;-0,014305
22,726667;-0,014305
22,728333;-0,014305
22,73;-0,014305
22,731667;-0,014305
22,733333;-0,014305
22,735;-0,014305
22,736667;-0,014305
22,738333;-0,014305
22,74;-0,014305
22,741667;-0,014305
22,743333;-0,014305
22,745;-0,014305
22,746667;-0,014305
22,748333;-0,014305
22,75;-0,014305
22,751667;-0,014305
22,753333;-0,014305
22,755;-0,014305
22,756667;-0,014305
22,758333;-0,014305
22,76;-0,014305
22,761667;-0,014305
22,763333;-0,014305
22,765;-0,014305
22,766667;-0,014305
22,768333;-0,014305
22,77;-0,014305
22,771667;-0,014305
22,773333;-0,014305
22,775;-0,014305
22,776667;-0,014305
22,778333;-0,014305
22,78;-0,014305
22,781667;-0,014305
22,783333;-0,014305
22,785;-0,014305
22,786667;-0,014305
22,788333;-0,014305
22,79;-0,014305
22,791667;-0,014305
22,793333;-0,014305
22,795;-0,014305
22,796667;-0,014305
22,798333;-0,014305
22,8;-0,014305
22,801667;-0,014305
22,803333;-0,014305
22,805;-0,017166
22,806667;-0,017166
22,808333;-0,017166
22,81;-0,017166
22,811667;-0,017166
22,813333;-0,017166
22,815;-0,017166
22,816667;-0,017166
22,818333;-0,017166
22,82;-0,017166
22,821667;-0,017166
22,823333;-0,017166
22,825;-0,017166
22,826667;-0,017166
22,828333;-0,017166
22,83;-0,017166
22,831667;-0,017166
22,833333;-0,017166
22,835;-0,017166
22,836667;-0,017166
22,838333;-0,017166
22,84;-0,017166
22,841667;-0,017166
22,843333;-0,017166
22,845;-0,017166
22,846667;-0,017166
22,848333;-0,017166
22,85;-0,017166
22,851667;-0,017166
22,853333;-0,017166
22,855;-0,017166
22,856667;-0,017166
22,858333;-0,017166
22,86;-0,017166
22,861667;-0,017166
22,863333;-0,017166
22,865;-0,017166
22,866667;-0,017166
22,868333;-0,017166
22,87;-0,017166
22,871667;-0,017166
22,873333;-0,017166
22,875;-0,017166
22,876667;-0,017166
22,878333;-0,017166
22,88;-0,017166
22,881667;-0,017166
22,883333;-0,017166
22,885;-0,017166
22,886667;-0,017166
22,888333;-0,017166
22,89;-0,017166
22,891667;-0,020027
22,893333;-0,020027
22,895;-0,020027
22,896667;-0,020027
22,898333;-0,020027
22,9;-0,020027
22,901667;-0,020027
22,903333;-0,020027
22,905;-0,020027
22,906667;-0,020027
22,908333;-0,020027
22,91;-0,020027
22,911667;-0,020027
22,913333;-0,020027
22,915;-0,020027
22,916667;-0,020027
22,918333;-0,020027
22,92;-0,020027
22,921667;-0,020027
22,923333;-0,020027
22,925;-0,020027
22,926667;-0,020027
22,928333;-0,020027
22,93;-0,020027
22,931667;-0,020027
22,933333;-0,020027
22,935;-0,020027
22,936667;-0,020027
22,938333;-0,020027
22,94;-0,020027
22,941667;-0,020027
22,943333;-0,020027
22,945;-0,020027
22,946667;-0,020027
22,948333;-0,020027
22,95;-0,020027
22,951667;-0,020027
22,953333;-0,020027
22,955;-0,020027
22,956667;-0,020027
22,958333;-0,020027
22,96;-0,020027
22,961667;-0,020027
22,963333;-0,020027
22,965;-0,020027
22,966667;-0,020027
22,968333;-0,020027
22,97;-0,020027
22,971667;-0,020027
22,973333;-0,020027
22,975;-0,020027
22,976667;-0,020027
22,978333;-0,020027
22,98;-0,020027
22,981667;-0,020027
22,983333;-0,020027
22,985;-0,020027
22,986667;-0,020027
22,988333;-0,020027
22,99;-0,020027
22,991667;-0,020027
22,993333;-0,020027
22,995;-0,020027
22,996667;-0,020027
22,998333;-0,020027
23;-0,020027
23,001667;-0,020027
23,003333;-0,020027
23,005;-0,020027
23,006667;-0,020027
23,008333;-0,020027
23,01;-0,020027
23,011667;-0,020027
23,013333;-0,020027
23,015;-0,020027
23,016667;-0,020027
23,018333;-0,020027
23,02;-0,020027
23,021667;-0,020027
23,023333;-0,020027
23,025;-0,020027
23,026667;-0,020027
23,028333;-0,020027
23,03;-0,020027
23,031667;-0,020027
23,033333;-0,020027
23,035;-0,020027
23,036667;-0,020027
23,038333;-0,020027
23,04;-0,020027
23,041667;-0,020027
23,043333;-0,020027
23,045;-0,020027
23,046667;-0,020027
23,048333;-0,020027
23,05;-0,020027
23,051667;-0,020027
23,053333;-0,020027
23,055;-0,020027
23,056667;-0,020027
23,058333;-0,020027
23,06;-0,020027
23,061667;-0,020027
23,063333;-0,020027
23,065;-0,020027
23,066667;-0,020027
23,068333;-0,020027
23,07;-0,020027
23,071667;-0,020027
23,073333;-0,020027
23,075;-0,020027
23,076667;-0,020027
23,078333;-0,020027
23,08;-0,020027
23,081667;-0,020027
23,083333;-0,020027
23,085;-0,020027
23,086667;-0,020027
23,088333;-0,020027
23,09;-0,020027
23,091667;-0,020027
23,093333;-0,020027
23,095;-0,020027
23,096667;-0,020027
23,098333;-0,020027
23,1;-0,020027
23,101667;-0,020027
23,103333;-0,020027
23,105;-0,020027
23,106667;-0,020027
23,108333;-0,020027
23,11;-0,020027
23,111667;-0,020027
23,113333;-0,020027
23,115;-0,020027
23,116667;-0,020027
23,118333;-0,020027
23,12;-0,020027
23,121667;-0,020027
23,123333;-0,020027
23,125;-0,020027
23,126667;-0,020027
23,128333;-0,020027
23,13;-0,020027
23,131667;-0,020027
23,133333;-0,020027
23,135;-0,020027
23,136667;-0,020027
23,138333;-0,020027
23,14;-0,020027
23,141667;-0,020027
23,143333;-0,020027
23,145;-0,020027
23,146667;-0,020027
23,148333;-0,020027
23,15;-0,020027
23,151667;-0,020027
23,153333;-0,020027
23,155;-0,020027
23,156667;-0,020027
23,158333;-0,020027
23,16;-0,020027
23,161667;-0,020027
23,163333;-0,020027
23,165;-0,020027
23,166667;-0,020027
23,168333;-0,020027
23,17;-0,020027
23,171667;-0,020027
23,173333;-0,020027
23,175;-0,020027
23,176667;-0,020027
23,178333;-0,020027
23,18;-0,020027
23,181667;-0,020027
23,183333;-0,020027
23,185;-0,020027
23,186667;-0,020027
23,188333;-0,020027
23,19;-0,020027
23,191667;-0,020027
23,193333;-0,020027
23,195;-0,020027
23,196667;-0,020027
23,198333;-0,020027
23,2;-0,020027
23,201667;-0,020027
23,203333;-0,020027
23,205;-0,020027
23,206667;-0,020027
23,208333;-0,020027
23,21;-0,020027
23,211667;-0,020027
23,213333;-0,020027
23,215;-0,020027
23,216667;-0,020027
23,218333;-0,020027
23,22;-0,020027
23,221667;-0,020027
23,223333;-0,020027
23,225;-0,020027
23,226667;-0,020027
23,228333;-0,020027
23,23;-0,020027
23,231667;-0,020027
23,233333;-0,020027
23,235;-0,020027
23,236667;-0,020027
23,238333;-0,020027
23,24;-0,020027
23,241667;-0,020027
23,243333;-0,020027
23,245;-0,020027
23,246667;-0,020027
23,248333;-0,020027
23,25;-0,020027
23,251667;-0,020027
23,253333;-0,020027
23,255;-0,020027
23,256667;-0,020027
23,258333;-0,020027
23,26;-0,020027
23,261667;-0,020027
23,263333;-0,020027
23,265;-0,020027
23,266667;-0,020027
23,268333;-0,020027
23,27;-0,020027
23,271667;-0,020027
23,273333;-0,020027
23,275;-0,020027
23,276667;-0,020027
23,278333;-0,020027
23,28;-0,020027
23,281667;-0,020027
23,283333;-0,020027
23,285;-0,020027
23,286667;-0,020027
23,288333;-0,020027
23,29;-0,020027
23,291667;-0,020027
23,293333;-0,020027
23,295;-0,020027
23,296667;-0,022888
23,298333;-0,022888
23,3;-0,022888
23,301667;-0,022888
23,303333;-0,022888
23,305;-0,022888
23,306667;-0,022888
23,308333;-0,022888
23,31;-0,022888
23,311667;-0,022888
23,313333;-0,022888
23,315;-0,022888
23,316667;-0,022888
23,318333;-0,022888
23,32;-0,022888
23,321667;-0,022888
23,323333;-0,022888
23,325;-0,022888
23,326667;-0,022888
23,328333;-0,022888
23,33;-0,022888
23,331667;-0,022888
23,333333;-0,022888
23,335;-0,022888
23,336667;-0,022888
23,338333;-0,022888
23,34;-0,022888
23,341667;-0,022888
23,343333;-0,022888
23,345;-0,022888
23,346667;-0,022888
23,348333;-0,022888
23,35;-0,022888
23,351667;-0,022888
23,353333;-0,022888
23,355;-0,022888
23,356667;-0,022888
23,358333;-0,022888
23,36;-0,022888
23,361667;-0,022888
23,363333;-0,022888
23,365;-0,022888
23,366667;-0,022888
23,368333;-0,022888
23,37;-0,022888
23,371667;-0,022888
23,373333;-0,022888
23,375;-0,022888
23,376667;-0,022888
23,378333;-0,022888
23,38;-0,022888
23,381667;-0,022888
23,383333;-0,022888
23,385;-0,022888
23,386667;-0,022888
23,388333;-0,022888
23,39;-0,022888
23,391667;-0,022888
23,393333;-0,022888
23,395;-0,022888
23,396667;-0,022888
23,398333;-0,022888
23,4;-0,022888
23,401667;-0,022888
23,403333;-0,022888
23,405;-0,022888
23,406667;-0,022888
23,408333;-0,022888
23,41;-0,022888
23,411667;-0,022888
23,413333;-0,022888
23,415;-0,022888
23,416667;-0,022888
23,418333;-0,022888
23,42;-0,022888
23,421667;-0,022888
23,423333;-0,022888
23,425;-0,022888
23,426667;-0,022888
23,428333;-0,022888
23,43;-0,022888
23,431667;-0,022888
23,433333;-0,022888
23,435;-0,022888
23,436667;-0,022888
23,438333;-0,022888
23,44;-0,020027
23,441667;-0,020027
23,443333;-0,020027
23,445;-0,020027
23,446667;-0,020027
23,448333;-0,020027
23,45;-0,022888
23,451667;-0,022888
23,453333;-0,022888
23,455;-0,022888
23,456667;-0,022888
23,458333;-0,022888
23,46;-0,022888
23,461667;-0,022888
23,463333;-0,022888
23,465;-0,022888
23,466667;-0,022888
23,468333;-0,022888
23,47;-0,022888
23,471667;-0,022888
23,473333;-0,022888
23,475;-0,022888
23,476667;-0,022888
23,478333;-0,022888
23,48;-0,022888
23,481667;-0,022888
23,483333;-0,022888
23,485;-0,022888
23,486667;-0,022888
23,488333;-0,022888
23,49;-0,022888
23,491667;-0,022888
23,493333;-0,022888
23,495;-0,022888
23,496667;-0,022888
23,498333;-0,022888
23,5;-0,022888
23,501667;-0,022888
23,503333;-0,022888
23,505;-0,022888
23,506667;-0,022888
23,508333;-0,022888
23,51;-0,022888
23,511667;-0,022888
23,513333;-0,020027
23,515;-0,020027
23,516667;-0,020027
23,518333;-0,020027
23,52;-0,020027
23,521667;-0,020027
23,523333;-0,020027
23,525;-0,020027
23,526667;-0,020027
23,528333;-0,020027
23,53;-0,022888
23,531667;-0,022888
23,533333;-0,022888
23,535;-0,022888
23,536667;-0,022888
23,538333;-0,022888
23,54;-0,022888
23,541667;-0,022888
23,543333;-0,022888
23,545;-0,022888
23,546667;-0,022888
23,548333;-0,022888
23,55;-0,022888
23,551667;-0,022888
23,553333;-0,022888
23,555;-0,022888
23,556667;-0,020027
23,558333;-0,020027
23,56;-0,020027
23,561667;-0,020027
23,563333;-0,020027
23,565;-0,020027
23,566667;-0,020027
23,568333;-0,020027
23,57;-0,022888
23,571667;-0,022888
23,573333;-0,022888
23,575;-0,022888
23,576667;-0,022888
23,578333;-0,022888
23,58;-0,022888
23,581667;-0,022888
23,583333;-0,022888
23,585;-0,022888
23,586667;-0,022888
23,588333;-0,022888
23,59;-0,022888
23,591667;-0,022888
23,593333;-0,022888
23,595;-0,022888
23,596667;-0,022888
23,598333;-0,022888
23,6;-0,022888
23,601667;-0,022888
23,603333;-0,022888
23,605;-0,022888
23,606667;-0,022888
23,608333;-0,022888
23,61;-0,022888
23,611667;-0,022888
23,613333;-0,022888
23,615;-0,022888
23,616667;-0,022888
23,618333;-0,022888
23,62;-0,022888
23,621667;-0,022888
23,623333;-0,022888
23,625;-0,022888
23,626667;-0,022888
23,628333;-0,022888
23,63;-0,022888
23,631667;-0,022888
23,633333;-0,022888
23,635;-0,022888
23,636667;-0,022888
23,638333;-0,022888
23,64;-0,022888
23,641667;-0,022888
23,643333;-0,022888
23,645;-0,022888
23,646667;-0,022888
23,648333;-0,022888
23,65;-0,022888
23,651667;-0,022888
23,653333;-0,022888
23,655;-0,022888
23,656667;-0,022888
23,658333;-0,022888
23,66;-0,022888
23,661667;-0,022888
23,663333;-0,022888
23,665;-0,022888
23,666667;-0,022888
23,668333;-0,022888
23,67;-0,022888
23,671667;-0,022888
23,673333;-0,022888
23,675;-0,022888
23,676667;-0,022888
23,678333;-0,022888
23,68;-0,022888
23,681667;-0,022888
23,683333;-0,022888
23,685;-0,022888
23,686667;-0,022888
23,688333;-0,022888
23,69;-0,022888
23,691667;-0,022888
23,693333;-0,022888
23,695;-0,022888
23,696667;-0,022888
23,698333;-0,022888
23,7;-0,022888
23,701667;-0,022888
23,703333;-0,022888
23,705;-0,022888
23,706667;-0,022888
23,708333;-0,022888
23,71;-0,020027
23,711667;-0,020027
23,713333;-0,020027
23,715;-0,020027
23,716667;-0,020027
23,718333;-0,020027
23,72;-0,020027
23,721667;-0,020027
23,723333;-0,020027
23,725;-0,020027
23,726667;-0,020027
23,728333;-0,022888
23,73;-0,022888
23,731667;-0,022888
23,733333;-0,022888
23,735;-0,022888
23,736667;-0,022888
23,738333;-0,022888
23,74;-0,022888
23,741667;-0,022888
23,743333;-0,022888
23,745;-0,022888
23,746667;-0,022888
23,748333;-0,022888
23,75;-0,022888
23,751667;-0,022888
23,753333;-0,022888
23,755;-0,022888
23,756667;-0,022888
23,758333;-0,022888
23,76;-0,022888
23,761667;-0,022888
23,763333;-0,022888
23,765;-0,022888
23,766667;-0,022888
23,768333;-0,022888
23,77;-0,022888
23,771667;-0,022888
23,773333;-0,022888
23,775;-0,022888
23,776667;-0,022888
23,778333;-0,022888
23,78;-0,022888
23,781667;-0,022888
23,783333;-0,022888
23,785;-0,022888
23,786667;-0,022888
23,788333;-0,022888
23,79;-0,022888
23,791667;-0,022888
23,793333;-0,022888
23,795;-0,022888
23,796667;-0,022888
23,798333;-0,022888
23,8;-0,022888
23,801667;-0,022888
23,803333;-0,022888
23,805;-0,022888
23,806667;-0,022888
23,808333;-0,022888
23,81;-0,022888
23,811667;-0,022888
23,813333;-0,022888
23,815;-0,022888
23,816667;-0,022888
23,818333;-0,022888
23,82;-0,022888
23,821667;-0,022888
23,823333;-0,022888
23,825;-0,022888
23,826667;-0,022888
23,828333;-0,022888
23,83;-0,022888
23,831667;-0,022888
23,833333;-0,022888
23,835;-0,022888
23,836667;-0,022888
23,838333;-0,022888
23,84;-0,022888
23,841667;-0,022888
23,843333;-0,022888
23,845;-0,022888
23,846667;-0,022888
23,848333;-0,022888
23,85;-0,022888
23,851667;-0,022888
23,853333;-0,022888
23,855;-0,022888
23,856667;-0,022888
23,858333;-0,022888
23,86;-0,022888
23,861667;-0,022888
23,863333;-0,022888
23,865;-0,022888
23,866667;-0,022888
23,868333;-0,022888
23,87;-0,022888
23,871667;-0,022888
23,873333;-0,022888
23,875;-0,022888
23,876667;-0,022888
23,878333;-0,022888
23,88;-0,022888
23,881667;-0,022888
23,883333;-0,022888
23,885;-0,022888
23,886667;-0,022888
23,888333;-0,022888
23,89;-0,022888
23,891667;-0,022888
23,893333;-0,022888
23,895;-0,022888
23,896667;-0,022888
23,898333;-0,022888
23,9;-0,022888
23,901667;-0,022888
23,903333;-0,022888
23,905;-0,022888
23,906667;-0,022888
23,908333;-0,022888
23,91;-0,022888
23,911667;-0,022888
23,913333;-0,022888
23,915;-0,022888
23,916667;-0,022888
23,918333;-0,022888
23,92;-0,022888
23,921667;-0,022888
23,923333;-0,022888
23,925;-0,022888
23,926667;-0,022888
23,928333;-0,022888
23,93;-0,022888
23,931667;-0,022888
23,933333;-0,022888
23,935;-0,022888
23,936667;-0,022888
23,938333;-0,022888
23,94;-0,022888
23,941667;-0,022888
23,943333;-0,022888
23,945;-0,022888
23,946667;-0,022888
23,948333;-0,022888
23,95;-0,022888
23,951667;-0,022888
23,953333;-0,022888
23,955;-0,022888
23,956667;-0,022888
23,958333;-0,022888
23,96;-0,022888
23,961667;-0,022888
23,963333;-0,022888
23,965;-0,022888
23,966667;-0,022888
23,968333;-0,022888
23,97;-0,022888
23,971667;-0,022888
23,973333;-0,022888
23,975;-0,022888
23,976667;-0,022888
23,978333;-0,022888
23,98;-0,022888
23,981667;-0,022888
23,983333;-0,022888
23,985;-0,022888
23,986667;-0,022888
23,988333;-0,022888
23,99;-0,022888
23,991667;-0,022888
23,993333;-0,022888
23,995;-0,022888
23,996667;-0,022888
23,998333;-0,022888
24;-0,022888
24,001667;-0,022888
24,003333;-0,022888
24,005;-0,022888
24,006667;-0,022888
24,008333;-0,022888
24,01;-0,022888
24,011667;-0,022888
24,013333;-0,022888
24,015;-0,022888
24,016667;-0,022888
24,018333;-0,022888
24,02;-0,022888
24,021667;-0,022888
24,023333;-0,022888
24,025;-0,022888
24,026667;-0,022888
24,028333;-0,022888
24,03;-0,022888
24,031667;-0,022888
24,033333;-0,022888
24,035;-0,022888
24,036667;-0,022888
24,038333;-0,022888
24,04;-0,022888
24,041667;-0,022888
24,043333;-0,022888
24,045;-0,022888
24,046667;-0,022888
24,048333;-0,022888
24,05;-0,022888
24,051667;-0,022888
24,053333;-0,022888
24,055;-0,022888
24,056667;-0,022888
24,058333;-0,025749
24,06;-0,025749
24,061667;-0,025749
24,063333;-0,025749
24,065;-0,025749
24,066667;-0,025749
24,068333;-0,025749
24,07;-0,025749
24,071667;-0,025749
24,073333;-0,025749
24,075;-0,025749
24,076667;-0,025749
24,078333;-0,025749
24,08;-0,025749
24,081667;-0,025749
24,083333;-0,025749
24,085;-0,025749
24,086667;-0,025749
24,088333;-0,025749
24,09;-0,022888
24,091667;-0,022888
24,093333;-0,022888
24,095;-0,022888
24,096667;-0,022888
24,098333;-0,022888
24,1;-0,022888
24,101667;-0,022888
24,103333;-0,022888
24,105;-0,022888
24,106667;-0,022888
24,108333;-0,022888
24,11;-0,022888
24,111667;-0,022888
24,113333;-0,022888
24,115;-0,022888
24,116667;-0,022888
24,118333;-0,022888
24,12;-0,022888
24,121667;-0,022888
24,123333;-0,022888
24,125;-0,022888
24,126667;-0,022888
24,128333;-0,022888
24,13;-0,022888
24,131667;-0,022888
24,133333;-0,022888
24,135;-0,022888
24,136667;-0,022888
24,138333;-0,022888
24,14;-0,022888
24,141667;-0,022888
24,143333;-0,022888
24,145;-0,022888
24,146667;-0,022888
24,148333;-0,022888
24,15;-0,022888
24,151667;-0,022888
24,153333;-0,022888
24,155;-0,022888
24,156667;-0,022888
24,158333;-0,022888
24,16;-0,022888
24,161667;-0,022888
24,163333;-0,022888
24,165;-0,022888
24,166667;-0,022888
24,168333;-0,022888
24,17;-0,022888
24,171667;-0,022888
24,173333;-0,022888
24,175;-0,022888
24,176667;-0,022888
24,178333;-0,022888
24,18;-0,022888
24,181667;-0,022888
24,183333;-0,022888
24,185;-0,022888
24,186667;-0,022888
24,188333;-0,022888
24,19;-0,022888
24,191667;-0,022888
24,193333;-0,022888
24,195;-0,022888
24,196667;-0,022888
24,198333;-0,022888
24,2;-0,022888
24,201667;-0,022888
24,203333;-0,022888
24,205;-0,022888
24,206667;-0,022888
24,208333;-0,022888
24,21;-0,022888
24,211667;-0,022888
24,213333;-0,022888
24,215;-0,022888
24,216667;-0,022888
24,218333;-0,022888
24,22;-0,022888
24,221667;-0,022888
24,223333;-0,022888
24,225;-0,022888
24,226667;-0,022888
24,228333;-0,022888
24,23;-0,022888
24,231667;-0,022888
24,233333;-0,022888
24,235;-0,022888
24,236667;-0,022888
24,238333;-0,022888
24,24;-0,022888
24,241667;-0,022888
24,243333;-0,022888
24,245;-0,022888
24,246667;-0,022888
24,248333;-0,022888
24,25;-0,022888
24,251667;-0,022888
24,253333;-0,022888
24,255;-0,025749
24,256667;-0,025749
24,258333;-0,025749
24,26;-0,025749
24,261667;-0,025749
24,263333;-0,025749
24,265;-0,025749
24,266667;-0,025749
24,268333;-0,025749
24,27;-0,025749
24,271667;-0,025749
24,273333;-0,025749
24,275;-0,025749
24,276667;-0,025749
24,278333;-0,025749
24,28;-0,025749
24,281667;-0,025749
24,283333;-0,025749
24,285;-0,025749
24,286667;-0,025749
24,288333;-0,025749
24,29;-0,025749
24,291667;-0,025749
24,293333;-0,025749
24,295;-0,025749
24,296667;-0,025749
24,298333;-0,025749
24,3;-0,025749
24,301667;-0,025749
24,303333;-0,025749
24,305;-0,025749
24,306667;-0,025749
24,308333;-0,025749
24,31;-0,025749
24,311667;-0,025749
24,313333;-0,025749
24,315;-0,025749
24,316667;-0,025749
24,318333;-0,025749
24,32;-0,025749
24,321667;-0,025749
24,323333;-0,025749
24,325;-0,025749
24,326667;-0,025749
24,328333;-0,025749
24,33;-0,025749
24,331667;-0,022888
24,333333;-0,022888
24,335;-0,022888
24,336667;-0,022888
24,338333;-0,022888
24,34;-0,025749
24,341667;-0,025749
24,343333;-0,025749
24,345;-0,025749
24,346667;-0,025749
24,348333;-0,025749
24,35;-0,025749
24,351667;-0,025749
24,353333;-0,022888
24,355;-0,022888
24,356667;-0,022888
24,358333;-0,022888
24,36;-0,022888
24,361667;-0,022888
24,363333;-0,022888
24,365;-0,022888
24,366667;-0,022888
24,368333;-0,025749
24,37;-0,025749
24,371667;-0,025749
24,373333;-0,022888
24,375;-0,022888
24,376667;-0,022888
24,378333;-0,022888
24,38;-0,022888
24,381667;-0,022888
24,383333;-0,022888
24,385;-0,022888
24,386667;-0,022888
24,388333;-0,025749
24,39;-0,025749
24,391667;-0,025749
24,393333;-0,025749
24,395;-0,025749
24,396667;-0,025749
24,398333;-0,025749
24,4;-0,025749
24,401667;-0,025749
24,403333;-0,025749
24,405;-0,025749
24,406667;-0,022888
24,408333;-0,022888
24,41;-0,022888
24,411667;-0,022888
24,413333;-0,022888
24,415;-0,022888
24,416667;-0,022888
24,418333;-0,022888
24,42;-0,022888
24,421667;-0,022888
24,423333;-0,022888
24,425;-0,022888
24,426667;-0,022888
24,428333;-0,022888
24,43;-0,022888
24,431667;-0,022888
24,433333;-0,022888
24,435;-0,022888
24,436667;-0,022888
24,438333;-0,022888
24,44;-0,022888
24,441667;-0,022888
24,443333;-0,022888
24,445;-0,022888
24,446667;-0,022888
24,448333;-0,022888
24,45;-0,022888
24,451667;-0,022888
24,453333;-0,022888
24,455;-0,022888
24,456667;-0,022888
24,458333;-0,022888
24,46;-0,022888
24,461667;-0,022888
24,463333;-0,022888
24,465;-0,022888
24,466667;-0,022888
24,468333;-0,022888
24,47;-0,022888
24,471667;-0,022888
24,473333;-0,022888
24,475;-0,022888
24,476667;-0,022888
24,478333;-0,022888
24,48;-0,022888
24,481667;-0,022888
24,483333;-0,022888
24,485;-0,022888
24,486667;-0,022888
24,488333;-0,022888
24,49;-0,022888
24,491667;-0,022888
24,493333;-0,022888
24,495;-0,022888
24,496667;-0,022888
24,498333;-0,022888
24,5;-0,022888
24,501667;-0,022888
24,503333;-0,022888
24,505;-0,022888
24,506667;-0,022888
24,508333;-0,022888
24,51;-0,022888
24,511667;-0,022888
24,513333;-0,022888
24,515;-0,022888
24,516667;-0,022888
24,518333;-0,022888
24,52;-0,022888
24,521667;-0,022888
24,523333;-0,022888
24,525;-0,022888
24,526667;-0,022888
24,528333;-0,022888
24,53;-0,022888
24,531667;-0,022888
24,533333;-0,022888
24,535;-0,022888
24,536667;-0,022888
24,538333;-0,022888
24,54;-0,022888
24,541667;-0,022888
24,543333;-0,022888
24,545;-0,022888
24,546667;-0,022888
24,548333;-0,022888
24,55;-0,022888
24,551667;-0,022888
24,553333;-0,022888
24,555;-0,022888
24,556667;-0,022888
24,558333;-0,022888
24,56;-0,022888
24,561667;-0,022888
24,563333;-0,022888
24,565;-0,022888
24,566667;-0,022888
24,568333;-0,022888
24,57;-0,022888
24,571667;-0,022888
24,573333;-0,022888
24,575;-0,022888
24,576667;-0,022888
24,578333;-0,022888
24,58;-0,022888
24,581667;-0,022888
24,583333;-0,022888
24,585;-0,022888
24,586667;-0,022888
24,588333;-0,022888
24,59;-0,022888
24,591667;-0,022888
24,593333;-0,022888
24,595;-0,022888
24,596667;-0,022888
24,598333;-0,022888
24,6;-0,022888
24,601667;-0,022888
24,603333;-0,022888
24,605;-0,022888
24,606667;-0,022888
24,608333;-0,022888
24,61;-0,022888
24,611667;-0,022888
24,613333;-0,022888
24,615;-0,022888
24,616667;-0,022888
24,618333;-0,022888
24,62;-0,022888
24,621667;-0,022888
24,623333;-0,022888
24,625;-0,022888
24,626667;-0,022888
24,628333;-0,022888
24,63;-0,022888
24,631667;-0,022888
24,633333;-0,022888
24,635;-0,022888
24,636667;-0,022888
24,638333;-0,022888
24,64;-0,022888
24,641667;-0,022888
24,643333;-0,022888
24,645;-0,022888
24,646667;-0,022888
24,648333;-0,022888
24,65;-0,022888
24,651667;-0,022888
24,653333;-0,022888
24,655;-0,022888
24,656667;-0,022888
24,658333;-0,022888
24,66;-0,022888
24,661667;-0,022888
24,663333;-0,022888
24,665;-0,022888
24,666667;-0,022888
24,668333;-0,022888
24,67;-0,022888
24,671667;-0,022888
24,673333;-0,022888
24,675;-0,022888
24,676667;-0,022888
24,678333;-0,022888
24,68;-0,022888
24,681667;-0,022888
24,683333;-0,022888
24,685;-0,022888
24,686667;-0,022888
24,688333;-0,022888
24,69;-0,022888
24,691667;-0,022888
24,693333;-0,022888
24,695;-0,022888
24,696667;-0,022888
24,698333;-0,022888
24,7;-0,022888
24,701667;-0,022888
24,703333;-0,022888
24,705;-0,022888
24,706667;-0,022888
24,708333;-0,022888
24,71;-0,022888
24,711667;-0,022888
24,713333;-0,022888
24,715;-0,022888
24,716667;-0,022888
24,718333;-0,022888
24,72;-0,022888
24,721667;-0,022888
24,723333;-0,022888
24,725;-0,022888
24,726667;-0,022888
24,728333;-0,022888
24,73;-0,022888
24,731667;-0,022888
24,733333;-0,022888
24,735;-0,022888
24,736667;-0,022888
24,738333;-0,022888
24,74;-0,022888
24,741667;-0,022888
24,743333;-0,022888
24,745;-0,022888
24,746667;-0,022888
24,748333;-0,022888
24,75;-0,022888
24,751667;-0,022888
24,753333;-0,022888
24,755;-0,022888
24,756667;-0,022888
24,758333;-0,022888
24,76;-0,022888
24,761667;-0,022888
24,763333;-0,022888
24,765;-0,022888
24,766667;-0,022888
24,768333;-0,022888
24,77;-0,022888
24,771667;-0,022888
24,773333;-0,022888
24,775;-0,022888
24,776667;-0,022888
24,778333;-0,022888
24,78;-0,022888
24,781667;-0,022888
24,783333;-0,022888
24,785;-0,022888
24,786667;-0,022888
24,788333;-0,022888
24,79;-0,022888
24,791667;-0,022888
24,793333;-0,022888
24,795;-0,022888
24,796667;-0,022888
24,798333;-0,022888
24,8;-0,022888
24,801667;-0,022888
24,803333;-0,022888
24,805;-0,022888
24,806667;-0,022888
24,808333;-0,022888
24,81;-0,022888
24,811667;-0,022888
24,813333;-0,022888
24,815;-0,022888
24,816667;-0,022888
24,818333;-0,022888
24,82;-0,022888
24,821667;-0,022888
24,823333;-0,022888
24,825;-0,022888
24,826667;-0,022888
24,828333;-0,022888
24,83;-0,022888
24,831667;-0,022888
24,833333;-0,022888
24,835;-0,022888
24,836667;-0,022888
24,838333;-0,022888
24,84;-0,022888
24,841667;-0,022888
24,843333;-0,022888
24,845;-0,022888
24,846667;-0,022888
24,848333;-0,022888
24,85;-0,022888
24,851667;-0,022888
24,853333;-0,022888
24,855;-0,022888
24,856667;-0,022888
24,858333;-0,022888
24,86;-0,022888
24,861667;-0,022888
24,863333;-0,022888
24,865;-0,022888
24,866667;-0,022888
24,868333;-0,022888
24,87;-0,022888
24,871667;-0,022888
24,873333;-0,022888
24,875;-0,022888
24,876667;-0,022888
24,878333;-0,022888
24,88;-0,022888
24,881667;-0,022888
24,883333;-0,022888
24,885;-0,022888
24,886667;-0,022888
24,888333;-0,022888
24,89;-0,022888
24,891667;-0,022888
24,893333;-0,022888
24,895;-0,022888
24,896667;-0,022888
24,898333;-0,022888
24,9;-0,022888
24,901667;-0,022888
24,903333;-0,022888
24,905;-0,022888
24,906667;-0,022888
24,908333;-0,022888
24,91;-0,022888
24,911667;-0,022888
24,913333;-0,022888
24,915;-0,022888
24,916667;-0,022888
24,918333;-0,022888
24,92;-0,022888
24,921667;-0,022888
24,923333;-0,022888
24,925;-0,022888
24,926667;-0,022888
24,928333;-0,022888
24,93;-0,022888
24,931667;-0,022888
24,933333;-0,022888
24,935;-0,022888
24,936667;-0,022888
24,938333;-0,022888
24,94;-0,022888
24,941667;-0,022888
24,943333;-0,022888
24,945;-0,022888
24,946667;-0,022888
24,948333;-0,022888
24,95;-0,022888
24,951667;-0,022888
24,953333;-0,022888
24,955;-0,022888
24,956667;-0,022888
24,958333;-0,025749
24,96;-0,025749
24,961667;-0,025749
24,963333;-0,025749
24,965;-0,025749
24,966667;-0,025749
24,968333;-0,025749
24,97;-0,022888
24,971667;-0,022888
24,973333;-0,025749
24,975;-0,025749
24,976667;-0,025749
24,978333;-0,025749
24,98;-0,025749
24,981667;-0,025749
24,983333;-0,025749
24,985;-0,025749
24,986667;-0,025749
24,988333;-0,025749
24,99;-0,025749
24,991667;-0,025749
24,993333;-0,022888
24,995;-0,022888
24,996667;-0,022888
24,998333;-0,022888
25;-0,022888
25,001667;-0,022888
25,003333;-0,022888
25,005;-0,022888
25,006667;-0,022888
25,008333;-0,022888
25,01;-0,022888
25,011667;-0,022888
25,013333;-0,022888
25,015;-0,022888
25,016667;-0,022888
25,018333;-0,022888
25,02;-0,022888
25,021667;-0,022888
25,023333;-0,022888
25,025;-0,022888
25,026667;-0,022888
25,028333;-0,022888
25,03;-0,022888
25,031667;-0,022888
25,033333;-0,022888
25,035;-0,022888
25,036667;-0,022888
25,038333;-0,022888
25,04;-0,022888
25,041667;-0,022888
25,043333;-0,022888
25,045;-0,022888
25,046667;-0,022888
25,048333;-0,022888
25,05;-0,022888
25,051667;-0,022888
25,053333;-0,022888
25,055;-0,022888
25,056667;-0,022888
25,058333;-0,022888
25,06;-0,022888
25,061667;-0,022888
25,063333;-0,022888
25,065;-0,022888
25,066667;-0,022888
25,068333;-0,022888
25,07;-0,022888
25,071667;-0,022888
25,073333;-0,022888
25,075;-0,022888
25,076667;-0,022888
25,078333;-0,022888
25,08;-0,022888
25,081667;-0,022888
25,083333;-0,022888
25,085;-0,022888
25,086667;-0,022888
25,088333;-0,022888
25,09;-0,022888
25,091667;-0,022888
25,093333;-0,022888
25,095;-0,022888
25,096667;-0,022888
25,098333;-0,022888
25,1;-0,022888
25,101667;-0,022888
25,103333;-0,022888
25,105;-0,022888
25,106667;-0,022888
25,108333;-0,022888
25,11;-0,022888
25,111667;-0,022888
25,113333;-0,022888
25,115;-0,022888
25,116667;-0,022888
25,118333;-0,022888
25,12;-0,022888
25,121667;-0,022888
25,123333;-0,022888
25,125;-0,022888
25,126667;-0,022888
25,128333;-0,022888
25,13;-0,022888
25,131667;-0,022888
25,133333;-0,022888
25,135;-0,022888
25,136667;-0,022888
25,138333;-0,022888
25,14;-0,022888
25,141667;-0,025749
25,143333;-0,025749
25,145;-0,025749
25,146667;-0,025749
25,148333;-0,025749
25,15;-0,025749
25,151667;-0,025749
25,153333;-0,025749
25,155;-0,025749
25,156667;-0,025749
25,158333;-0,025749
25,16;-0,025749
25,161667;-0,025749
25,163333;-0,025749
25,165;-0,025749
25,166667;-0,025749
25,168333;-0,025749
25,17;-0,025749
25,171667;-0,025749
25,173333;-0,025749
25,175;-0,025749
25,176667;-0,025749
25,178333;-0,025749
25,18;-0,025749
25,181667;-0,025749
25,183333;-0,025749
25,185;-0,025749
25,186667;-0,025749
25,188333;-0,025749
25,19;-0,025749
25,191667;-0,025749
25,193333;-0,025749
25,195;-0,025749
25,196667;-0,025749
25,198333;-0,025749
25,2;-0,025749
25,201667;-0,025749
25,203333;-0,025749
25,205;-0,025749
25,206667;-0,025749
25,208333;-0,025749
25,21;-0,025749
25,211667;-0,025749
25,213333;-0,025749
25,215;-0,025749
25,216667;-0,025749
25,218333;-0,025749
25,22;-0,025749
25,221667;-0,025749
25,223333;-0,025749
25,225;-0,025749
25,226667;-0,025749
25,228333;-0,025749
25,23;-0,025749
25,231667;-0,025749
25,233333;-0,025749
25,235;-0,025749
25,236667;-0,025749
25,238333;-0,025749
25,24;-0,025749
25,241667;-0,025749
25,243333;-0,025749
25,245;-0,025749
25,246667;-0,025749
25,248333;-0,025749
25,25;-0,025749
25,251667;-0,025749
25,253333;-0,025749
25,255;-0,025749
25,256667;-0,022888
25,258333;-0,022888
25,26;-0,022888
25,261667;-0,022888
25,263333;-0,022888
25,265;-0,022888
25,266667;-0,022888
25,268333;-0,022888
25,27;-0,022888
25,271667;-0,022888
25,273333;-0,022888
25,275;-0,022888
25,276667;-0,022888
25,278333;-0,022888
25,28;-0,022888
25,281667;-0,022888
25,283333;-0,022888
25,285;-0,022888
25,286667;-0,022888
25,288333;-0,022888
25,29;-0,022888
25,291667;-0,022888
25,293333;-0,022888
25,295;-0,022888
25,296667;-0,022888
25,298333;-0,022888
25,3;-0,022888
25,301667;-0,022888
25,303333;-0,022888
25,305;-0,022888
25,306667;-0,022888
25,308333;-0,022888
25,31;-0,022888
25,311667;-0,022888
25,313333;-0,022888
25,315;-0,022888
25,316667;-0,022888
25,318333;-0,022888
25,32;-0,022888
25,321667;-0,022888
25,323333;-0,022888
25,325;-0,022888
25,326667;-0,022888
25,328333;-0,022888
25,33;-0,022888
25,331667;-0,022888
25,333333;-0,022888
25,335;-0,022888
25,336667;-0,022888
25,338333;-0,022888
25,34;-0,022888
25,341667;-0,022888
25,343333;-0,022888
25,345;-0,022888
25,346667;-0,022888
25,348333;-0,022888
25,35;-0,022888
25,351667;-0,022888
25,353333;-0,022888
25,355;-0,022888
25,356667;-0,022888
25,358333;-0,022888
25,36;-0,022888
25,361667;-0,022888
25,363333;-0,022888
25,365;-0,022888
25,366667;-0,022888
25,368333;-0,022888
25,37;-0,022888
25,371667;-0,022888
25,373333;-0,020027
25,375;-0,020027
25,376667;-0,020027
25,378333;-0,020027
25,38;-0,020027
25,381667;-0,020027
25,383333;-0,020027
25,385;-0,020027
25,386667;-0,020027
25,388333;-0,020027
25,39;-0,020027
25,391667;-0,020027
25,393333;-0,020027
25,395;-0,020027
25,396667;-0,020027
25,398333;-0,020027
25,4;-0,020027
25,401667;-0,020027
25,403333;-0,020027
25,405;-0,020027
25,406667;-0,020027
25,408333;-0,020027
25,41;-0,020027
25,411667;-0,020027
25,413333;-0,020027
25,415;-0,020027
25,416667;-0,020027
25,418333;-0,020027
25,42;-0,020027
25,421667;-0,020027
25,423333;-0,020027
25,425;-0,020027
25,426667;-0,020027
25,428333;-0,020027
25,43;-0,020027
25,431667;-0,020027
25,433333;-0,020027
25,435;-0,020027
25,436667;-0,020027
25,438333;-0,020027
25,44;-0,020027
25,441667;-0,022888
25,443333;-0,020027
25,445;-0,020027
25,446667;-0,020027
25,448333;-0,020027
25,45;-0,020027
25,451667;-0,020027
25,453333;-0,020027
25,455;-0,020027
25,456667;-0,020027
25,458333;-0,020027
25,46;-0,020027
25,461667;-0,020027
25,463333;-0,020027
25,465;-0,020027
25,466667;-0,020027
25,468333;-0,020027
25,47;-0,020027
25,471667;-0,020027
25,473333;-0,020027
25,475;-0,020027
25,476667;-0,020027
25,478333;-0,020027
25,48;-0,020027
25,481667;-0,020027
25,483333;-0,020027
25,485;-0,020027
25,486667;-0,020027
25,488333;-0,020027
25,49;-0,020027
25,491667;-0,020027
25,493333;-0,020027
25,495;-0,020027
25,496667;-0,020027
25,498333;-0,020027
25,5;-0,020027
25,501667;-0,020027
25,503333;-0,020027
25,505;-0,020027
25,506667;-0,020027
25,508333;-0,020027
25,51;-0,020027
25,511667;-0,020027
25,513333;-0,020027
25,515;-0,020027
25,516667;-0,020027
25,518333;-0,022888
25,52;-0,022888
25,521667;-0,022888
25,523333;-0,022888
25,525;-0,022888
25,526667;-0,022888
25,528333;-0,022888
25,53;-0,022888
25,531667;-0,022888
25,533333;-0,022888
25,535;-0,022888
25,536667;-0,022888
25,538333;-0,022888
25,54;-0,022888
25,541667;-0,022888
25,543333;-0,022888
25,545;-0,022888
25,546667;-0,022888
25,548333;-0,022888
25,55;-0,022888
25,551667;-0,022888
25,553333;-0,020027
25,555;-0,020027
25,556667;-0,020027
25,558333;-0,020027
25,56;-0,020027
25,561667;-0,020027
25,563333;-0,020027
25,565;-0,020027
25,566667;-0,020027
25,568333;-0,020027
25,57;-0,020027
25,571667;-0,020027
25,573333;-0,020027
25,575;-0,020027
25,576667;-0,020027
25,578333;-0,020027
25,58;-0,020027
25,581667;-0,020027
25,583333;-0,020027
25,585;-0,020027
25,586667;-0,020027
25,588333;-0,020027
25,59;-0,020027
25,591667;-0,020027
25,593333;-0,020027
25,595;-0,020027
25,596667;-0,020027
25,598333;-0,020027
25,6;-0,020027
25,601667;-0,020027
25,603333;-0,020027
25,605;-0,020027
25,606667;-0,020027
25,608333;-0,020027
25,61;-0,020027
25,611667;-0,020027
25,613333;-0,020027
25,615;-0,020027
25,616667;-0,020027
25,618333;-0,020027
25,62;-0,020027
25,621667;-0,020027
25,623333;-0,020027
25,625;-0,020027
25,626667;-0,020027
25,628333;-0,020027
25,63;-0,020027
25,631667;-0,020027
25,633333;-0,020027
25,635;-0,020027
25,636667;-0,017166
25,638333;-0,017166
25,64;-0,017166
25,641667;-0,017166
25,643333;-0,017166
25,645;-0,017166
25,646667;-0,017166
25,648333;-0,017166
25,65;-0,017166
25,651667;-0,017166
25,653333;-0,017166
25,655;-0,017166
25,656667;-0,017166
25,658333;-0,017166
25,66;-0,017166
25,661667;-0,017166
25,663333;-0,017166
25,665;-0,017166
25,666667;-0,017166
25,668333;-0,017166
25,67;-0,017166
25,671667;-0,017166
25,673333;-0,017166
25,675;-0,017166
25,676667;-0,017166
25,678333;-0,017166
25,68;-0,017166
25,681667;-0,017166
25,683333;-0,017166
25,685;-0,017166
25,686667;-0,017166
25,688333;-0,017166
25,69;-0,017166
25,691667;-0,017166
25,693333;-0,017166
25,695;-0,017166
25,696667;-0,017166
25,698333;-0,017166
25,7;-0,017166
25,701667;-0,017166
25,703333;-0,017166
25,705;-0,014305
25,706667;-0,014305
25,708333;-0,014305
25,71;-0,014305
25,711667;-0,014305
25,713333;-0,014305
25,715;-0,014305
25,716667;-0,014305
25,718333;-0,014305
25,72;-0,014305
25,721667;-0,014305
25,723333;-0,014305
25,725;-0,014305
25,726667;-0,014305
25,728333;-0,014305
25,73;-0,014305
25,731667;-0,014305
25,733333;-0,014305
25,735;-0,014305
25,736667;-0,014305
25,738333;-0,014305
25,74;-0,014305
25,741667;-0,014305
25,743333;-0,014305
25,745;-0,014305
25,746667;-0,011444
25,748333;-0,011444
25,75;-0,011444
25,751667;-0,011444
25,753333;-0,011444
25,755;-0,011444
25,756667;-0,011444
25,758333;-0,011444
25,76;-0,011444
25,761667;-0,011444
25,763333;-0,011444
25,765;-0,011444
25,766667;-0,011444
25,768333;-0,011444
25,77;-0,011444
25,771667;-0,008583
25,773333;-0,008583
25,775;-0,008583
25,776667;-0,008583
25,778333;-0,008583
25,78;-0,008583
25,781667;-0,008583
25,783333;-0,008583
25,785;-0,008583
25,786667;-0,008583
25,788333;-0,008583
25,79;-0,008583
25,791667;-0,008583
25,793333;-0,008583
25,795;-0,005722
25,796667;-0,005722
25,798333;-0,005722
25,8;-0,005722
25,801667;-0,005722
25,803333;-0,005722
25,805;-0,005722
25,806667;-0,005722
25,808333;-0,005722
25,81;-0,005722
25,811667;-0,005722
25,813333;-0,005722
25,815;-0,005722
25,816667;-0,002861
25,818333;-0,002861
25,82;-0,002861
25,821667;-0,002861
25,823333;-0,002861
25,825;-0,002861
25,826667;-0,002861
25,828333;-0,002861
25,83;-0,002861
25,831667;-0,002861
25,833333;-0,002861
25,835;-0,002861
25,836667;-0,002861
25,838333;-0,002861
25,84;0
25,841667;0
25,843333;0
25,845;0
25,846667;0
25,848333;0
25,85;0
25,851667;0
25,853333;0
25,855;0
25,856667;0
25,858333;0,002861
25,86;0,002861
25,861667;0,002861
25,863333;0,002861
25,865;0,002861
25,866667;0,002861
25,868333;0,002861
25,87;0,005722
25,871667;0,005722
25,873333;0,005722
25,875;0,005722
25,876667;0,005722
25,878333;0,005722
25,88;0,005722
25,881667;0,008583
25,883333;0,008583
25,885;0,008583
25,886667;0,008583
25,888333;0,008583
25,89;0,008583
25,891667;0,008583
25,893333;0,008583
25,895;0,008583
25,896667;0,008583
25,898333;0,011444
25,9;0,011444
25,901667;0,011444
25,903333;0,011444
25,905;0,011444
25,906667;0,011444
25,908333;0,011444
25,91;0,014305
25,911667;0,014305
25,913333;0,014305
25,915;0,014305
25,916667;0,014305
25,918333;0,014305
25,92;0,014305
25,921667;0,017166
25,923333;0,017166
25,925;0,017166
25,926667;0,017166
25,928333;0,017166
25,93;0,017166
25,931667;0,020027
25,933333;0,020027
25,935;0,020027
25,936667;0,020027
25,938333;0,020027
25,94;0,022888
25,941667;0,022888
25,943333;0,022888
25,945;0,022888
25,946667;0,022888
25,948333;0,022888
25,95;0,025749
25,951667;0,025749
25,953333;0,025749
25,955;0,025749
25,956667;0,025749
25,958333;0,025749
25,96;0,02861
25,961667;0,02861
25,963333;0,02861
25,965;0,02861
25,966667;0,02861
25,968333;0,031471
25,97;0,031471
25,971667;0,031471
25,973333;0,031471
25,975;0,031471
25,976667;0,034332
25,978333;0,034332
25,98;0,034332
25,981667;0,034332
25,983333;0,034332
25,985;0,037193
25,986667;0,037193
25,988333;0,037193
25,99;0,037193
25,991667;0,040054
25,993333;0,040054
25,995;0,040054
25,996667;0,042915
25,998333;0,042915
26;0,042915
26,001667;0,042915
26,003333;0,045776
26,005;0,045776
26,006667;0,045776
26,008333;0,048637
26,01;0,048637
26,011667;0,048637
26,013333;0,051498
26,015;0,051498
26,016667;0,051498
26,018333;0,054359
26,02;0,054359
26,021667;0,054359
26,023333;0,05722
26,025;0,05722
26,026667;0,05722
26,028333;0,060081
26,03;0,060081
26,031667;0,060081
26,033333;0,062943
26,035;0,062943
26,036667;0,065804
26,038333;0,065804
26,04;0,065804
26,041667;0,068665
26,043333;0,068665
26,045;0,068665
26,046667;0,071526
26,048333;0,071526
26,05;0,071526
26,051667;0,074387
26,053333;0,074387
26,055;0,074387
26,056667;0,077248
26,058333;0,077248
26,06;0,080109
26,061667;0,080109
26,063333;0,080109
26,065;0,08297
26,066667;0,085831
26,068333;0,085831
26,07;0,088692
26,071667;0,088692
26,073333;0,088692
26,075;0,091553
26,076667;0,091553
26,078333;0,091553
26,08;0,094414
26,081667;0,094414
26,083333;0,097275
26,085;0,097275
26,086667;0,100136
26,088333;0,100136
26,09;0,102997
26,091667;0,102997
26,093333;0,105858
26,095;0,105858
26,096667;0,108719
26,098333;0,108719
26,1;0,11158
26,101667;0,11158
26,103333;0,114441
26,105;0,114441
26,106667;0,117302
26,108333;0,117302
26,11;0,120163
26,111667;0,120163
26,113333;0,123024
26,115;0,123024
26,116667;0,125885
26,118333;0,128746
26,12;0,128746
26,121667;0,131607
26,123333;0,134468
26,125;0,134468
26,126667;0,137329
26,128333;0,14019
26,13;0,14019
26,131667;0,143051
26,133333;0,145912
26,135;0,145912
26,136667;0,148773
26,138333;0,151634
26,14;0,151634
26,141667;0,154495
26,143333;0,157356
26,145;0,160217
26,146667;0,160217
26,148333;0,163078
26,15;0,1688
26,151667;0,171661
26,153333;0,171661
26,155;0,171661
26,156667;0,174522
26,158333;0,177383
26,16;0,183105
26,161667;0,183105
26,163333;0,185967
26,165;0,188828
26,166667;0,191689
26,168333;0,191689
26,17;0,19455
26,171667;0,197411
26,173333;0,200272
26,175;0,203133
26,176667;0,205994
26,178333;0,208855
26,18;0,211716
26,181667;0,214577
26,183333;0,217438
26,185;0,220299
26,186667;0,220299
26,188333;0,22316
26,19;0,226021
26,191667;0,228882
26,193333;0,231743
26,195;0,234604
26,196667;0,240326
26,198333;0,243187
26,2;0,246048
26,201667;0,248909
26,203333;0,25177
26,205;0,254631
26,206667;0,257492
26,208333;0,260353
26,21;0,263214
26,211667;0,268936
26,213333;0,271797
26,215;0,274658
26,216667;0,277519
26,218333;0,283241
26,22;0,286102
26,221667;0,291824
26,223333;0,291824
26,225;0,297546
26,226667;0,300407
26,228333;0,303268
26,23;0,30899
26,231667;0,314713
26,233333;0,320435
26,235;0,320435
26,236667;0,323296
26,238333;0,326157
26,24;0,331879
26,241667;0,33474
26,243333;0,337601
26,245;0,343323
26,246667;0,346184
26,248333;0,351906
26,25;0,354767
26,251667;0,360489
26,253333;0,36335
26,255;0,369072
26,256667;0,371933
26,258333;0,377655
26,26;0,383377
26,261667;0,386238
26,263333;0,39196
26,265;0,394821
26,266667;0,400543
26,268333;0,406265
26,27;0,409126
26,271667;0,414848
26,273333;0,42057
26,275;0,423431
26,276667;0,429153
26,278333;0,434876
26,28;0,440598
26,281667;0,443459
26,283333;0,449181
26,285;0,454903
26,286667;0,460625
26,288333;0,463486
26,29;0,469208
26,291667;0,47493
26,293333;0,480652
26,295;0,486374
26,296667;0,492096
26,298333;0,497818
26,3;0,50354
26,301667;0,509262
26,303333;0,512123
26,305;0,517845
26,306667;0,523567
26,308333;0,529289
26,31;0,537872
26,311667;0,543594
26,313333;0,549316
26,315;0,560761
26,316667;0,560761
26,318333;0,566483
26,32;0,572205
26,321667;0,577927
26,323333;0,583649
26,325;0,589371
26,326667;0,597954
26,328333;0,603676
26,33;0,609398
26,331667;0,61512
26,333333;0,623703
26,335;0,629425
26,336667;0,635147
26,338333;0,640869
26,34;0,649452
26,341667;0,655174
26,343333;0,660896
26,345;0,669479
26,346667;0,675201
26,348333;0,683785
26,35;0,689507
26,351667;0,695229
26,353333;0,703812
26,355;0,709534
26,356667;0,718117
26,358333;0,723839
26,36;0,732422
26,361667;0,741005
26,363333;0,746727
26,365;0,75531
26,366667;0,761032
26,368333;0,769615
26,37;0,775337
26,371667;0,78392
26,373333;0,792503
26,375;0,798225
26,376667;0,806809
26,378333;0,815392
26,38;0,821114
26,381667;0,829697
26,383333;0,83828
26,385;0,846863
26,386667;0,852585
26,388333;0,861168
26,39;0,869751
26,391667;0,878334
26,393333;0,886917
26,395;0,892639
26,396667;0,901222
26,398333;0,909805
26,4;0,918388
26,401667;0,926971
26,403333;0,935555
26,405;0,944138
26,406667;0,952721
26,408333;0,961304
26,41;0,969887
26,411667;0,97847
26,413333;0,984192
26,415;0,992775
26,416667;1,001358
26,418333;1,009941
26,42;1,018524
26,421667;1,027107
26,423333;1,03569
26,425;1,044273
26,426667;1,052857
26,428333;1,064301
26,43;1,072884
26,431667;1,081467
26,433333;1,09005
26,435;1,098633
26,436667;1,107216
26,438333;1,115799
26,44;1,124382
26,441667;1,132965
26,443333;1,144409
26,445;1,152992
26,446667;1,161575
26,448333;1,170158
26,45;1,178742
26,451667;1,190186
26,453333;1,198769
26,455;1,207352
26,456667;1,215935
26,458333;1,227379
26,46;1,235962
26,461667;1,244545
26,463333;1,253128
26,465;1,264572
26,466667;1,273155
26,468333;1,281738
26,47;1,290321
26,471667;1,301766
26,473333;1,310349
26,475;1,318932
26,476667;1,327515
26,478333;1,338959
26,48;1,347542
26,481667;1,356125
26,483333;1,367569
26,485;1,376152
26,486667;1,384735
26,488333;1,396179
26,49;1,404762
26,491667;1,413345
26,493333;1,421928
26,495;1,433373
26,496667;1,441956
26,498333;1,450539
26,5;1,461983
26,501667;1,470566
26,503333;1,479149
26,505;1,490593
26,506667;1,499176
26,508333;1,507759
26,51;1,519203
26,511667;1,527786
26,513333;1,536369
26,515;1,547814
26,516667;1,556397
26,518333;1,56498
26,52;1,576424
26,521667;1,59359
26,523333;1,602173
26,525;1,613617
26,526667;1,6222
26,528333;1,6222
26,53;1,630783
26,531667;1,639366
26,533333;1,65081
26,535;1,659393
26,536667;1,667976
26,538333;1,67656
26,54;1,688004
26,541667;1,696587
26,543333;1,70517
26,545;1,713753
26,546667;1,725197
26,548333;1,73378
26,55;1,742363
26,551667;1,750946
26,553333;1,76239
26,555;1,770973
26,556667;1,779556
26,558333;1,788139
26,56;1,796723
26,561667;1,808167
26,563333;1,81675
26,565;1,825333
26,566667;1,833916
26,568333;1,842499
26,57;1,851082
26,571667;1,859665
26,573333;1,876831
26,575;1,888275
26,576667;1,896858
26,578333;1,896858
26,58;1,90258
26,581667;1,911163
26,583333;1,919747
26,585;1,92833
26,586667;1,936913
26,588333;1,945496
26,59;1,954079
26,591667;1,962662
26,593333;1,971245
26,595;1,979828
26,596667;1,988411
26,598333;1,994133
26,6;2,002716
26,601667;2,011299
26,603333;2,019882
26,605;2,028465
26,606667;2,034187
26,608333;2,042771
26,61;2,051354
26,611667;2,059937
26,613333;2,065659
26,615;2,074242
26,616667;2,082825
26,618333;2,088547
26,62;2,09713
26,621667;2,102852
26,623333;2,111435
26,625;2,120018
26,626667;2,12574
26,628333;2,134323
26,63;2,140045
26,631667;2,148628
26,633333;2,15435
26,635;2,168656
26,636667;2,174378
26,638333;2,182961
26,64;2,182961
26,641667;2,188683
26,643333;2,194405
26,645;2,202988
26,646667;2,20871
26,648333;2,214432
26,65;2,220154
26,651667;2,228737
26,653333;2,234459
26,655;2,240181
26,656667;2,245903
26,658333;2,251625
26,66;2,257347
26,661667;2,263069
26,663333;2,268791
26,665;2,274513
26,666667;2,280235
26,668333;2,285957
26,67;2,29168
26,671667;2,297402
26,673333;2,303124
26,675;2,308846
26,676667;2,314568
26,678333;2,32029
26,68;2,323151
26,681667;2,328873
26,683333;2,334595
26,685;2,340317
26,686667;2,343178
26,688333;2,3489
26,69;2,354622
26,691667;2,357483
26,693333;2,363205
26,695;2,366066
26,696667;2,371788
26,698333;2,374649
26,7;2,380371
26,701667;2,383232
26,703333;2,388954
26,705;2,391815
26,706667;2,400398
26,708333;2,400398
26,71;2,403259
26,711667;2,40612
26,713333;2,411842
26,715;2,414704
26,716667;2,420426
26,718333;2,423287
26,72;2,426148
26,721667;2,429009
26,723333;2,429009
26,725;2,43187
26,726667;2,434731
26,728333;2,437592
26,73;2,440453
26,731667;2,443314
26,733333;2,446175
26,735;2,446175
26,736667;2,449036
26,738333;2,451897
26,74;2,454758
26,741667;2,454758
26,743333;2,457619
26,745;2,46048
26,746667;2,46048
26,748333;2,463341
26,75;2,463341
26,751667;2,466202
26,753333;2,466202
26,755;2,469063
26,756667;2,469063
26,758333;2,471924
26,76;2,471924
26,761667;2,474785
26,763333;2,474785
26,765;2,474785
26,766667;2,474785
26,768333;2,477646
26,77;2,477646
26,771667;2,477646
26,773333;2,477646
26,775;2,477646
26,776667;2,477646
26,778333;2,477646
26,78;2,480507
26,781667;2,480507
26,783333;2,480507
26,785;2,480507
26,786667;2,480507
26,788333;2,477646
26,79;2,477646
26,791667;2,477646
26,793333;2,477646
26,795;2,477646
26,796667;2,477646
26,798333;2,474785
26,8;2,474785
26,801667;2,474785
26,803333;2,471924
26,805;2,471924
26,806667;2,469063
26,808333;2,469063
26,81;2,466202
26,811667;2,466202
26,813333;2,463341
26,815;2,463341
26,816667;2,46048
26,818333;2,46048
26,82;2,457619
26,821667;2,454758
26,823333;2,451897
26,825;2,451897
26,826667;2,449036
26,828333;2,446175
26,83;2,443314
26,831667;2,443314
26,833333;2,440453
26,835;2,437592
26,836667;2,434731
26,838333;2,43187
26,84;2,426148
26,841667;2,423287
26,843333;2,423287
26,845;2,420426
26,846667;2,417565
26,848333;2,414704
26,85;2,411842
26,851667;2,408981
26,853333;2,40612
26,855;2,400398
26,856667;2,397537
26,858333;2,394676
26,86;2,391815
26,861667;2,386093
26,863333;2,383232
26,865;2,380371
26,866667;2,374649
26,868333;2,371788
26,87;2,368927
26,871667;2,363205
26,873333;2,360344
26,875;2,354622
26,876667;2,351761
26,878333;2,346039
26,88;2,343178
26,881667;2,337456
26,883333;2,334595
26,885;2,328873
26,886667;2,323151
26,888333;2,32029
26,89;2,314568
26,891667;2,308846
26,893333;2,305985
26,895;2,300263
26,896667;2,294541
26,898333;2,288818
26,9;2,285957
26,901667;2,280235
26,903333;2,274513
26,905;2,268791
26,906667;2,263069
26,908333;2,257347
26,91;2,251625
26,911667;2,245903
26,913333;2,240181
26,915;2,234459
26,916667;2,231598
26,918333;2,225876
26,92;2,220154
26,921667;2,214432
26,923333;2,20871
26,925;2,202988
26,926667;2,197266
26,928333;2,191544
26,93;2,182961
26,931667;2,177239
26,933333;2,171517
26,935;2,165795
26,936667;2,160072
26,938333;2,15435
26,94;2,148628
26,941667;2,140045
26,943333;2,134323
26,945;2,128601
26,946667;2,122879
26,948333;2,114296
26,95;2,108574
26,951667;2,102852
26,953333;2,09713
26,955;2,088547
26,956667;2,082825
26,958333;2,077103
26,96;2,06852
26,961667;2,062798
26,963333;2,057076
26,965;2,042771
26,966667;2,042771
26,968333;2,034187
26,97;2,028465
26,971667;2,022743
26,973333;2,01416
26,975;2,002716
26,976667;1,994133
26,978333;1,988411
26,98;1,979828
26,981667;1,974106
26,983333;1,974106
26,985;1,965523
26,986667;1,959801
26,988333;1,951218
26,99;1,945496
26,991667;1,936913
26,993333;1,931191
26,995;1,922608
26,996667;1,916885
26,998333;1,908302
27;1,90258
27,001667;1,893997
27,003333;1,888275
27,005;1,879692
27,006667;1,87397
27,008333;1,865387
27,01;1,856804
27,011667;1,851082
27,013333;1,842499
27,015;1,836777
27,016667;1,828194
27,018333;1,819611
27,02;1,813889
27,021667;1,805306
27,023333;1,796723
27,025;1,791
27,026667;1,782417
27,028333;1,776695
27,03;1,768112
27,031667;1,759529
27,033333;1,753807
27,035;1,745224
27,036667;1,736641
27,038333;1,728058
27,04;1,722336
27,041667;1,713753
27,043333;1,708031
27,045;1,699448
27,046667;1,690865
27,048333;1,685143
27,05;1,67656
27,051667;1,667976
27,053333;1,659393
27,055;1,653671
27,056667;1,645088
27,058333;1,636505
27,06;1,630783
27,061667;1,6222
27,063333;1,613617
27,065;1,607895
27,066667;1,599312
27,068333;1,590729
27,07;1,585007
27,071667;1,576424
27,073333;1,567841
27,075;1,562119
27,076667;1,553536
27,078333;1,547814
27,08;1,53923
27,081667;1,530647
27,083333;1,524925
27,085;1,516342
27,086667;1,507759
27,088333;1,493454
27,09;1,493454
27,091667;1,484871
27,093333;1,479149
27,095;1,470566
27,096667;1,461983
27,098333;1,447678
27,1;1,439095
27,101667;1,433373
27,103333;1,42479
27,105;1,42479
27,106667;1,416206
27,108333;1,410484
27,11;1,401901
27,111667;1,393318
27,113333;1,387596
27,115;1,379013
27,116667;1,373291
27,118333;1,364708
27,12;1,350403
27,121667;1,350403
27,123333;1,34182
27,125;1,336098
27,126667;1,327515
27,128333;1,318932
27,13;1,31321
27,131667;1,304627
27,133333;1,298904
27,135;1,290321
27,136667;1,284599
27,138333;1,276016
27,14;1,270294
27,141667;1,261711
27,143333;1,253128
27,145;1,247406
27,146667;1,238823
27,148333;1,233101
27,15;1,227379
27,151667;1,218796
27,153333;1,213074
27,155;1,204491
27,156667;1,198769
27,158333;1,190186
27,16;1,184464
27,161667;1,170158
27,163333;1,161575
27,165;1,155853
27,166667;1,14727
27,168333;1,141548
27,17;1,132965
27,171667;1,132965
27,173333;1,127243
27,175;1,11866
27,176667;1,112938
27,178333;1,107216
27,18;1,098633
27,181667;1,092911
27,183333;1,087189
27,185;1,078606
27,186667;1,072884
27,188333;1,064301
27,19;1,058579
27,191667;1,052857
27,193333;1,044273
27,195;1,038551
27,196667;1,032829
27,198333;1,024246
27,2;1,018524
27,201667;1,012802
27,203333;1,004219
27,205;0,998497
27,206667;0,992775
27,208333;0,987053
27,21;0,97847
27,211667;0,972748
27,213333;0,967026
27,215;0,961304
27,216667;0,952721
27,218333;0,946999
27,22;0,941277
27,221667;0,935555
27,223333;0,929833
27,225;0,921249
27,226667;0,915527
27,228333;0,909805
27,23;0,904083
27,231667;0,898361
27,233333;0,892639
27,235;0,886917
27,236667;0,881195
27,238333;0,875473
27,24;0,869751
27,241667;0,864029
27,243333;0,858307
27,245;0,852585
27,246667;0,846863
27,248333;0,83828
27,25;0,832558
27,251667;0,826836
27,253333;0,821114
27,255;0,815392
27,256667;0,80967
27,258333;0,803947
27,26;0,801086
27,261667;0,795364
27,263333;0,789642
27,265;0,78392
27,266667;0,778198
27,268333;0,772476
27,27;0,766754
27,271667;0,761032
27,273333;0,75531
27,275;0,749588
27,276667;0,743866
27,278333;0,741005
27,28;0,735283
27,281667;0,729561
27,283333;0,723839
27,285;0,718117
27,286667;0,712395
27,288333;0,709534
27,29;0,703812
27,291667;0,69809
27,293333;0,692368
27,295;0,686646
27,296667;0,683785
27,298333;0,678062
27,3;0,67234
27,301667;0,669479
27,303333;0,663757
27,305;0,652313
27,306667;0,652313
27,308333;0,649452
27,31;0,64373
27,311667;0,638008
27,313333;0,635147
27,315;0,623703
27,316667;0,617981
27,318333;0,61512
27,32;0,609398
27,321667;0,609398
27,323333;0,606537
27,325;0,595093
27,326667;0,592232
27,328333;0,58651
27,33;0,583649
27,331667;0,577927
27,333333;0,572205
27,335;0,572205
27,336667;0,569344
27,338333;0,563622
27,34;0,560761
27,341667;0,555038
27,343333;0,552177
27,345;0,546455
27,346667;0,543594
27,348333;0,537872
27,35;0,535011
27,351667;0,529289
27,353333;0,526428
27,355;0,520706
27,356667;0,517845
27,358333;0,512123
27,36;0,509262
27,361667;0,506401
27,363333;0,500679
27,365;0,497818
27,366667;0,492096
27,368333;0,489235
27,37;0,483513
27,371667;0,480652
27,373333;0,477791
27,375;0,47493
27,376667;0,469208
27,378333;0,466347
27,38;0,460625
27,381667;0,457764
27,383333;0,454903
27,385;0,452042
27,386667;0,44632
27,388333;0,443459
27,39;0,440598
27,391667;0,437737
27,393333;0,432014
27,395;0,429153
27,396667;0,426292
27,398333;0,423431
27,4;0,417709
27,401667;0,414848
27,403333;0,411987
27,405;0,409126
27,406667;0,406265
27,408333;0,403404
27,41;0,397682
27,411667;0,394821
27,413333;0,39196
27,415;0,389099
27,416667;0,386238
27,418333;0,383377
27,42;0,380516
27,421667;0,377655
27,423333;0,374794
27,425;0,369072
27,426667;0,366211
27,428333;0,36335
27,43;0,360489
27,431667;0,357628
27,433333;0,354767
27,435;0,351906
27,436667;0,346184
27,438333;0,346184
27,44;0,343323
27,441667;0,340462
27,443333;0,337601
27,445;0,33474
27,446667;0,331879
27,448333;0,329018
27,45;0,326157
27,451667;0,323296
27,453333;0,320435
27,455;0,317574
27,456667;0,314713
27,458333;0,311852
27,46;0,30899
27,461667;0,30899
27,463333;0,306129
27,465;0,303268
27,466667;0,300407
27,468333;0,297546
27,47;0,294685
27,471667;0,291824
27,473333;0,288963
27,475;0,286102
27,476667;0,286102
27,478333;0,283241
27,48;0,28038
27,481667;0,277519
27,483333;0,274658
27,485;0,271797
27,486667;0,268936
27,488333;0,268936
27,49;0,266075
27,491667;0,263214
27,493333;0,260353
27,495;0,257492
27,496667;0,254631
27,498333;0,254631
27,5;0,25177
27,501667;0,248909
27,503333;0,246048
27,505;0,243187
27,506667;0,243187
27,508333;0,240326
27,51;0,237465
27,511667;0,237465
27,513333;0,234604
27,515;0,231743
27,516667;0,228882
27,518333;0,226021
27,52;0,22316
27,521667;0,22316
27,523333;0,220299
27,525;0,217438
27,526667;0,217438
27,528333;0,214577
27,53;0,211716
27,531667;0,211716
27,533333;0,208855
27,535;0,205994
27,536667;0,205994
27,538333;0,203133
27,54;0,203133
27,541667;0,200272
27,543333;0,197411
27,545;0,197411
27,546667;0,19455
27,548333;0,19455
27,55;0,191689
27,551667;0,191689
27,553333;0,188828
27,555;0,185967
27,556667;0,185967
27,558333;0,183105
27,56;0,183105
27,561667;0,180244
27,563333;0,177383
27,565;0,177383
27,566667;0,174522
27,568333;0,174522
27,57;0,171661
27,571667;0,171661
27,573333;0,1688
27,575;0,1688
27,576667;0,165939
27,578333;0,163078
27,58;0,163078
27,581667;0,160217
27,583333;0,160217
27,585;0,157356
27,586667;0,157356
27,588333;0,154495
27,59;0,154495
27,591667;0,151634
27,593333;0,151634
27,595;0,148773
27,596667;0,148773
27,598333;0,145912
27,6;0,145912
27,601667;0,143051
27,603333;0,14019
27,605;0,14019
27,606667;0,137329
27,608333;0,137329
27,61;0,137329
27,611667;0,137329
27,613333;0,134468
27,615;0,134468
27,616667;0,131607
27,618333;0,131607
27,62;0,128746
27,621667;0,128746
27,623333;0,125885
27,625;0,125885
27,626667;0,125885
27,628333;0,123024
27,63;0,123024
27,631667;0,120163
27,633333;0,120163
27,635;0,117302
27,636667;0,117302
27,638333;0,117302
27,64;0,114441
27,641667;0,114441
27,643333;0,11158
27,645;0,11158
27,646667;0,108719
27,648333;0,108719
27,65;0,108719
27,651667;0,105858
27,653333;0,105858
27,655;0,102997
27,656667;0,102997
27,658333;0,102997
27,66;0,100136
27,661667;0,100136
27,663333;0,097275
27,665;0,097275
27,666667;0,097275
27,668333;0,094414
27,67;0,094414
27,671667;0,094414
27,673333;0,091553
27,675;0,091553
27,676667;0,088692
27,678333;0,088692
27,68;0,088692
27,681667;0,085831
27,683333;0,085831
27,685;0,085831
27,686667;0,08297
27,688333;0,08297
27,69;0,08297
27,691667;0,080109
27,693333;0,080109
27,695;0,080109
27,696667;0,080109
27,698333;0,077248
27,7;0,077248
27,701667;0,077248
27,703333;0,074387
27,705;0,074387
27,706667;0,074387
27,708333;0,071526
27,71;0,071526
27,711667;0,071526
27,713333;0,068665
27,715;0,068665
27,716667;0,065804
27,718333;0,065804
27,72;0,065804
27,721667;0,065804
27,723333;0,065804
27,725;0,062943
27,726667;0,062943
27,728333;0,062943
27,73;0,062943
27,731667;0,062943
27,733333;0,060081
27,735;0,060081
27,736667;0,060081
27,738333;0,060081
27,74;0,060081
27,741667;0,05722
27,743333;0,05722
27,745;0,05722
27,746667;0,05722
27,748333;0,054359
27,75;0,054359
27,751667;0,054359
27,753333;0,054359
27,755;0,051498
27,756667;0,051498
27,758333;0,051498
27,76;0,051498
27,761667;0,051498
27,763333;0,048637
27,765;0,048637
27,766667;0,048637
27,768333;0,048637
27,77;0,045776
27,771667;0,045776
27,773333;0,045776
27,775;0,045776
27,776667;0,042915
27,778333;0,042915
27,78;0,042915
27,781667;0,042915
27,783333;0,042915
27,785;0,042915
27,786667;0,042915
27,788333;0,040054
27,79;0,040054
27,791667;0,040054
27,793333;0,040054
27,795;0,037193
27,796667;0,037193
27,798333;0,037193
27,8;0,037193
27,801667;0,037193
27,803333;0,034332
27,805;0,034332
27,806667;0,034332
27,808333;0,034332
27,81;0,034332
27,811667;0,031471
27,813333;0,031471
27,815;0,031471
27,816667;0,031471
27,818333;0,031471
27,82;0,031471
27,821667;0,02861
27,823333;0,02861
27,825;0,02861
27,826667;0,02861
27,828333;0,02861
27,83;0,02861
27,831667;0,02861
27,833333;0,02861
27,835;0,025749
27,836667;0,025749
27,838333;0,025749
27,84;0,025749
27,841667;0,025749
27,843333;0,025749
27,845;0,025749
27,846667;0,025749
27,848333;0,022888
27,85;0,022888
27,851667;0,022888
27,853333;0,022888
27,855;0,022888
27,856667;0,022888
27,858333;0,022888
27,86;0,020027
27,861667;0,020027
27,863333;0,020027
27,865;0,020027
27,866667;0,020027
27,868333;0,020027
27,87;0,020027
27,871667;0,017166
27,873333;0,017166
27,875;0,017166
27,876667;0,017166
27,878333;0,017166
27,88;0,017166
27,881667;0,017166
27,883333;0,014305
27,885;0,014305
27,886667;0,014305
27,888333;0,014305
27,89;0,014305
27,891667;0,014305
27,893333;0,014305
27,895;0,014305
27,896667;0,014305
27,898333;0,014305
27,9;0,011444
27,901667;0,011444
27,903333;0,011444
27,905;0,011444
27,906667;0,011444
27,908333;0,011444
27,91;0,011444
27,911667;0,011444
27,913333;0,011444
27,915;0,011444
27,916667;0,008583
27,918333;0,008583
27,92;0,008583
27,921667;0,008583
27,923333;0,008583
27,925;0,008583
27,926667;0,008583
27,928333;0,008583
27,93;0,008583
27,931667;0,008583
27,933333;0,008583
27,935;0,005722
27,936667;0,005722
27,938333;0,005722
27,94;0,005722
27,941667;0,005722
27,943333;0,005722
27,945;0,005722
27,946667;0,005722
27,948333;0,005722
27,95;0,005722
27,951667;0,005722
27,953333;0,005722
27,955;0,005722
27,956667;0,005722
27,958333;0,005722
27,96;0,005722
27,961667;0,002861
27,963333;0,002861
27,965;0,002861
27,966667;0,002861
27,968333;0,002861
27,97;0,002861
27,971667;0,002861
27,973333;0,002861
27,975;0,002861
27,976667;0,002861
27,978333;0,002861
27,98;0,002861
27,981667;0
27,983333;0
27,985;0
27,986667;0
27,988333;0
27,99;0
27,991667;0
27,993333;0
27,995;0
27,996667;0
27,998333;0
28;-0,002861
28,001667;-0,002861
28,003333;-0,002861
28,005;-0,002861
28,006667;-0,002861
28,008333;-0,002861
28,01;-0,002861
28,011667;-0,002861
28,013333;-0,002861
28,015;-0,002861
28,016667;-0,002861
28,018333;-0,002861
28,02;-0,002861
28,021667;-0,002861
28,023333;-0,002861
28,025;-0,002861
28,026667;-0,002861
28,028333;-0,002861
28,03;-0,002861
28,031667;-0,002861
28,033333;-0,005722
28,035;-0,005722
28,036667;-0,005722
28,038333;-0,005722
28,04;-0,005722
28,041667;-0,005722
28,043333;-0,005722
28,045;-0,005722
28,046667;-0,005722
28,048333;-0,005722
28,05;-0,005722
28,051667;-0,005722
28,053333;-0,005722
28,055;-0,005722
28,056667;-0,005722
28,058333;-0,005722
28,06;-0,005722
28,061667;-0,005722
28,063333;-0,008583
28,065;-0,008583
28,066667;-0,008583
28,068333;-0,008583
28,07;-0,008583
28,071667;-0,008583
28,073333;-0,008583
28,075;-0,008583
28,076667;-0,008583
28,078333;-0,008583
28,08;-0,008583
28,081667;-0,008583
28,083333;-0,008583
28,085;-0,008583
28,086667;-0,008583
28,088333;-0,008583
28,09;-0,008583
28,091667;-0,008583
28,093333;-0,008583
28,095;-0,008583
28,096667;-0,008583
28,098333;-0,008583
28,1;-0,008583
28,101667;-0,008583
28,103333;-0,008583
28,105;-0,008583
28,106667;-0,008583
28,108333;-0,011444
28,11;-0,011444
28,111667;-0,011444
28,113333;-0,011444
28,115;-0,011444
28,116667;-0,011444
28,118333;-0,011444
28,12;-0,011444
28,121667;-0,011444
28,123333;-0,011444
28,125;-0,011444
28,126667;-0,011444
28,128333;-0,011444
28,13;-0,011444
28,131667;-0,011444
28,133333;-0,011444
28,135;-0,011444
28,136667;-0,011444
28,138333;-0,011444
28,14;-0,011444
28,141667;-0,011444
28,143333;-0,014305
28,145;-0,014305
28,146667;-0,014305
28,148333;-0,014305
28,15;-0,014305
28,151667;-0,014305
28,153333;-0,014305
28,155;-0,014305
28,156667;-0,014305
28,158333;-0,014305
28,16;-0,014305
28,161667;-0,014305
28,163333;-0,014305
28,165;-0,014305
28,166667;-0,014305
28,168333;-0,014305
28,17;-0,014305
28,171667;-0,014305
28,173333;-0,014305
28,175;-0,014305
28,176667;-0,014305
28,178333;-0,014305
28,18;-0,014305
28,181667;-0,014305
28,183333;-0,014305
28,185;-0,014305
28,186667;-0,014305
28,188333;-0,014305
28,19;-0,014305
28,191667;-0,014305
28,193333;-0,014305
28,195;-0,014305
28,196667;-0,014305
28,198333;-0,014305
28,2;-0,014305
28,201667;-0,014305
28,203333;-0,014305
28,205;-0,014305
28,206667;-0,014305
28,208333;-0,014305
28,21;-0,014305
28,211667;-0,014305
28,213333;-0,014305
28,215;-0,014305
28,216667;-0,014305
28,218333;-0,014305
28,22;-0,014305
28,221667;-0,014305
28,223333;-0,014305
28,225;-0,014305
28,226667;-0,014305
28,228333;-0,014305
28,23;-0,014305
28,231667;-0,014305
28,233333;-0,014305
28,235;-0,014305
28,236667;-0,014305
28,238333;-0,014305
28,24;-0,014305
28,241667;-0,014305
28,243333;-0,014305
28,245;-0,014305
28,246667;-0,014305
28,248333;-0,014305
28,25;-0,014305
28,251667;-0,014305
28,253333;-0,014305
28,255;-0,014305
28,256667;-0,014305
28,258333;-0,014305
28,26;-0,014305
28,261667;-0,014305
28,263333;-0,014305
28,265;-0,014305
28,266667;-0,014305
28,268333;-0,014305
28,27;-0,014305
28,271667;-0,014305
28,273333;-0,014305
28,275;-0,014305
28,276667;-0,014305
28,278333;-0,014305
28,28;-0,014305
28,281667;-0,014305
28,283333;-0,014305
28,285;-0,014305
28,286667;-0,014305
28,288333;-0,014305
28,29;-0,014305
28,291667;-0,014305
28,293333;-0,014305
28,295;-0,017166
28,296667;-0,017166
28,298333;-0,017166
28,3;-0,017166
28,301667;-0,017166
28,303333;-0,017166
28,305;-0,017166
28,306667;-0,017166
28,308333;-0,017166
28,31;-0,017166
28,311667;-0,017166
28,313333;-0,017166
28,315;-0,017166
28,316667;-0,017166
28,318333;-0,017166
28,32;-0,017166
28,321667;-0,017166
28,323333;-0,017166
28,325;-0,017166
28,326667;-0,017166
28,328333;-0,017166
28,33;-0,017166
28,331667;-0,017166
28,333333;-0,017166
28,335;-0,017166
28,336667;-0,017166
28,338333;-0,017166
28,34;-0,017166
28,341667;-0,017166
28,343333;-0,017166
28,345;-0,017166
28,346667;-0,017166
28,348333;-0,017166
28,35;-0,017166
28,351667;-0,017166
28,353333;-0,017166
28,355;-0,017166
28,356667;-0,017166
28,358333;-0,017166
28,36;-0,017166
28,361667;-0,017166
28,363333;-0,017166
28,365;-0,017166
28,366667;-0,017166
28,368333;-0,017166
28,37;-0,017166
28,371667;-0,017166
28,373333;-0,017166
28,375;-0,017166
28,376667;-0,017166
28,378333;-0,017166
28,38;-0,017166
28,381667;-0,017166
28,383333;-0,017166
28,385;-0,017166
28,386667;-0,017166
28,388333;-0,017166
28,39;-0,017166
28,391667;-0,017166
28,393333;-0,017166
28,395;-0,017166
28,396667;-0,017166
28,398333;-0,017166
28,4;-0,017166
28,401667;-0,017166
28,403333;-0,017166
28,405;-0,017166
28,406667;-0,020027
28,408333;-0,020027
28,41;-0,020027
28,411667;-0,020027
28,413333;-0,020027
28,415;-0,020027
28,416667;-0,020027
28,418333;-0,020027
28,42;-0,020027
28,421667;-0,020027
28,423333;-0,020027
28,425;-0,020027
28,426667;-0,020027
28,428333;-0,020027
28,43;-0,020027
28,431667;-0,020027
28,433333;-0,020027
28,435;-0,020027
28,436667;-0,020027
28,438333;-0,020027
28,44;-0,020027
28,441667;-0,020027
28,443333;-0,020027
28,445;-0,020027
28,446667;-0,020027
28,448333;-0,020027
28,45;-0,020027
28,451667;-0,020027
28,453333;-0,020027
28,455;-0,020027
28,456667;-0,020027
28,458333;-0,020027
28,46;-0,020027
28,461667;-0,020027
28,463333;-0,020027
28,465;-0,020027
28,466667;-0,020027
28,468333;-0,020027
28,47;-0,020027
28,471667;-0,020027
28,473333;-0,020027
28,475;-0,020027
28,476667;-0,020027
28,478333;-0,020027
28,48;-0,020027
28,481667;-0,020027
28,483333;-0,020027
28,485;-0,020027
28,486667;-0,020027
28,488333;-0,020027
28,49;-0,020027
28,491667;-0,020027
28,493333;-0,020027
28,495;-0,020027
28,496667;-0,020027
28,498333;-0,020027
28,5;-0,020027
28,501667;-0,020027
28,503333;-0,020027
28,505;-0,020027
28,506667;-0,020027
28,508333;-0,020027
28,51;-0,020027
28,511667;-0,020027
28,513333;-0,020027
28,515;-0,020027
28,516667;-0,020027
28,518333;-0,020027
28,52;-0,020027
28,521667;-0,020027
28,523333;-0,020027
28,525;-0,020027
28,526667;-0,020027
28,528333;-0,020027
28,53;-0,020027
28,531667;-0,020027
28,533333;-0,020027
28,535;-0,020027
28,536667;-0,020027
28,538333;-0,020027
28,54;-0,020027
28,541667;-0,020027
28,543333;-0,020027
28,545;-0,020027
28,546667;-0,020027
28,548333;-0,020027
28,55;-0,020027
28,551667;-0,020027
28,553333;-0,020027
28,555;-0,020027
28,556667;-0,020027
28,558333;-0,020027
28,56;-0,020027
28,561667;-0,020027
28,563333;-0,020027
28,565;-0,020027
28,566667;-0,020027
28,568333;-0,020027
28,57;-0,020027
28,571667;-0,020027
28,573333;-0,020027
28,575;-0,020027
28,576667;-0,020027
28,578333;-0,020027
28,58;-0,020027
28,581667;-0,022888
28,583333;-0,022888
28,585;-0,022888
28,586667;-0,022888
28,588333;-0,022888
28,59;-0,022888
28,591667;-0,022888
28,593333;-0,022888
28,595;-0,022888
28,596667;-0,022888
28,598333;-0,022888
28,6;-0,022888
28,601667;-0,022888
28,603333;-0,022888
28,605;-0,022888
28,606667;-0,020027
28,608333;-0,020027
28,61;-0,020027
28,611667;-0,020027
28,613333;-0,020027
28,615;-0,020027
28,616667;-0,020027
28,618333;-0,020027
28,62;-0,020027
28,621667;-0,020027
28,623333;-0,020027
28,625;-0,020027
28,626667;-0,020027
28,628333;-0,020027
28,63;-0,020027
28,631667;-0,022888
28,633333;-0,022888
28,635;-0,022888
28,636667;-0,022888
28,638333;-0,022888
28,64;-0,022888
28,641667;-0,022888
28,643333;-0,022888
28,645;-0,022888
28,646667;-0,022888
28,648333;-0,022888
28,65;-0,022888
28,651667;-0,022888
28,653333;-0,022888
28,655;-0,022888
28,656667;-0,022888
28,658333;-0,022888
28,66;-0,022888
28,661667;-0,022888
28,663333;-0,022888
28,665;-0,022888
28,666667;-0,022888
28,668333;-0,022888
28,67;-0,022888
28,671667;-0,022888
28,673333;-0,020027
28,675;-0,020027
28,676667;-0,020027
28,678333;-0,020027
28,68;-0,020027
28,681667;-0,020027
28,683333;-0,020027
28,685;-0,020027
28,686667;-0,020027
28,688333;-0,020027
28,69;-0,022888
28,691667;-0,022888
28,693333;-0,022888
28,695;-0,022888
28,696667;-0,022888
28,698333;-0,022888
28,7;-0,022888
28,701667;-0,022888
28,703333;-0,022888
28,705;-0,022888
28,706667;-0,022888
28,708333;-0,022888
28,71;-0,022888
28,711667;-0,022888
28,713333;-0,022888
28,715;-0,022888
28,716667;-0,022888
28,718333;-0,022888
28,72;-0,022888
28,721667;-0,022888
28,723333;-0,022888
28,725;-0,022888
28,726667;-0,022888
28,728333;-0,022888
28,73;-0,022888
28,731667;-0,022888
28,733333;-0,022888
28,735;-0,022888
28,736667;-0,022888
28,738333;-0,022888
28,74;-0,022888
28,741667;-0,022888
28,743333;-0,022888
28,745;-0,022888
28,746667;-0,022888
28,748333;-0,022888
28,75;-0,022888
28,751667;-0,022888
28,753333;-0,022888
28,755;-0,022888
28,756667;-0,022888
28,758333;-0,022888
28,76;-0,022888
28,761667;-0,020027
28,763333;-0,020027
28,765;-0,020027
28,766667;-0,020027
28,768333;-0,020027
28,77;-0,020027
28,771667;-0,020027
28,773333;-0,020027
28,775;-0,020027
28,776667;-0,020027
28,778333;-0,020027
28,78;-0,020027
28,781667;-0,020027
28,783333;-0,020027
28,785;-0,020027
28,786667;-0,020027
28,788333;-0,022888
28,79;-0,022888
28,791667;-0,022888
28,793333;-0,022888
28,795;-0,022888
28,796667;-0,022888
28,798333;-0,022888
28,8;-0,022888
28,801667;-0,022888
28,803333;-0,022888
28,805;-0,022888
28,806667;-0,022888
28,808333;-0,022888
28,81;-0,022888
28,811667;-0,022888
28,813333;-0,022888
28,815;-0,022888
28,816667;-0,022888
28,818333;-0,022888
28,82;-0,022888
28,821667;-0,022888
28,823333;-0,022888
28,825;-0,022888
28,826667;-0,022888
28,828333;-0,022888
28,83;-0,022888
28,831667;-0,022888
28,833333;-0,022888
28,835;-0,022888
28,836667;-0,022888
28,838333;-0,022888
28,84;-0,022888
28,841667;-0,022888
28,843333;-0,022888
28,845;-0,022888
28,846667;-0,022888
28,848333;-0,022888
28,85;-0,022888
28,851667;-0,022888
28,853333;-0,022888
28,855;-0,022888
28,856667;-0,022888
28,858333;-0,022888
28,86;-0,022888
28,861667;-0,022888
28,863333;-0,022888
28,865;-0,022888
28,866667;-0,022888
28,868333;-0,022888
28,87;-0,022888
28,871667;-0,022888
28,873333;-0,022888
28,875;-0,022888
28,876667;-0,022888
28,878333;-0,022888
28,88;-0,022888
28,881667;-0,022888
28,883333;-0,022888
28,885;-0,022888
28,886667;-0,022888
28,888333;-0,022888
28,89;-0,022888
28,891667;-0,022888
28,893333;-0,022888
28,895;-0,022888
28,896667;-0,022888
28,898333;-0,022888
28,9;-0,022888
28,901667;-0,022888
28,903333;-0,022888
28,905;-0,022888
28,906667;-0,022888
28,908333;-0,022888
28,91;-0,022888
28,911667;-0,022888
28,913333;-0,022888
28,915;-0,022888
28,916667;-0,022888
28,918333;-0,022888
28,92;-0,022888
28,921667;-0,022888
28,923333;-0,022888
28,925;-0,022888
28,926667;-0,022888
28,928333;-0,022888
28,93;-0,022888
28,931667;-0,022888
28,933333;-0,022888
28,935;-0,022888
28,936667;-0,022888
28,938333;-0,022888
28,94;-0,022888
28,941667;-0,022888
28,943333;-0,022888
28,945;-0,022888
28,946667;-0,022888
28,948333;-0,022888
28,95;-0,022888
28,951667;-0,022888
28,953333;-0,022888
28,955;-0,022888
28,956667;-0,022888
28,958333;-0,022888
28,96;-0,022888
28,961667;-0,022888
28,963333;-0,022888
28,965;-0,022888
28,966667;-0,022888
28,968333;-0,022888
28,97;-0,022888
28,971667;-0,022888
28,973333;-0,022888
28,975;-0,022888
28,976667;-0,022888
28,978333;-0,022888
28,98;-0,022888
28,981667;-0,022888
28,983333;-0,022888
28,985;-0,022888
28,986667;-0,022888
28,988333;-0,022888
28,99;-0,022888
28,991667;-0,022888
28,993333;-0,022888
28,995;-0,022888
28,996667;-0,022888
28,998333;-0,022888
29;-0,022888
29,001667;-0,022888
29,003333;-0,022888
29,005;-0,022888
29,006667;-0,025749
29,008333;-0,025749
29,01;-0,025749
29,011667;-0,025749
29,013333;-0,025749
29,015;-0,025749
29,016667;-0,025749
29,018333;-0,025749
29,02;-0,025749
29,021667;-0,022888
29,023333;-0,022888
29,025;-0,022888
29,026667;-0,022888
29,028333;-0,022888
29,03;-0,022888
29,031667;-0,022888
29,033333;-0,022888
29,035;-0,022888
29,036667;-0,022888
29,038333;-0,022888
29,04;-0,022888
29,041667;-0,022888
29,043333;-0,022888
29,045;-0,022888
29,046667;-0,022888
29,048333;-0,022888
29,05;-0,022888
29,051667;-0,022888
29,053333;-0,022888
29,055;-0,022888
29,056667;-0,025749
29,058333;-0,025749
29,06;-0,025749
29,061667;-0,025749
29,063333;-0,025749
29,065;-0,025749
29,066667;-0,025749
29,068333;-0,025749
29,07;-0,025749
29,071667;-0,025749
29,073333;-0,025749
29,075;-0,025749
29,076667;-0,025749
29,078333;-0,025749
29,08;-0,025749
29,081667;-0,025749
29,083333;-0,025749
29,085;-0,025749
29,086667;-0,025749
29,088333;-0,025749
29,09;-0,022888
29,091667;-0,022888
29,093333;-0,022888
29,095;-0,022888
29,096667;-0,022888
29,098333;-0,022888
29,1;-0,022888
29,101667;-0,022888
29,103333;-0,022888
29,105;-0,022888
29,106667;-0,022888
29,108333;-0,022888
29,11;-0,022888
29,111667;-0,022888
29,113333;-0,022888
29,115;-0,022888
29,116667;-0,022888
29,118333;-0,022888
29,12;-0,022888
29,121667;-0,022888
29,123333;-0,022888
29,125;-0,022888
29,126667;-0,022888
29,128333;-0,022888
29,13;-0,022888
29,131667;-0,022888
29,133333;-0,022888
29,135;-0,022888
29,136667;-0,022888
29,138333;-0,022888
29,14;-0,022888
29,141667;-0,022888
29,143333;-0,022888
29,145;-0,022888
29,146667;-0,022888
29,148333;-0,022888
29,15;-0,022888
29,151667;-0,022888
29,153333;-0,022888
29,155;-0,022888
29,156667;-0,022888
29,158333;-0,022888
29,16;-0,022888
29,161667;-0,025749
29,163333;-0,025749
29,165;-0,025749
29,166667;-0,025749
29,168333;-0,025749
29,17;-0,025749
29,171667;-0,025749
29,173333;-0,025749
29,175;-0,025749
29,176667;-0,025749
29,178333;-0,025749
29,18;-0,025749
29,181667;-0,025749
29,183333;-0,025749
29,185;-0,025749
29,186667;-0,025749
29,188333;-0,025749
29,19;-0,025749
29,191667;-0,025749
29,193333;-0,022888
29,195;-0,022888
29,196667;-0,022888
29,198333;-0,022888
29,2;-0,022888
29,201667;-0,022888
29,203333;-0,022888
29,205;-0,022888
29,206667;-0,022888
29,208333;-0,022888
29,21;-0,022888
29,211667;-0,022888
29,213333;-0,022888
29,215;-0,022888
29,216667;-0,022888
29,218333;-0,022888
29,22;-0,022888
29,221667;-0,022888
29,223333;-0,022888
29,225;-0,022888
29,226667;-0,022888
29,228333;-0,022888
29,23;-0,022888
29,231667;-0,022888
29,233333;-0,022888
29,235;-0,022888
29,236667;-0,022888
29,238333;-0,022888
29,24;-0,022888
29,241667;-0,022888
29,243333;-0,022888
29,245;-0,022888
29,246667;-0,022888
29,248333;-0,022888
29,25;-0,022888
29,251667;-0,022888
29,253333;-0,022888
29,255;-0,022888
29,256667;-0,022888
29,258333;-0,022888
29,26;-0,022888
29,261667;-0,022888
29,263333;-0,022888
29,265;-0,022888
29,266667;-0,022888
29,268333;-0,022888
29,27;-0,022888
29,271667;-0,022888
29,273333;-0,022888
29,275;-0,022888
29,276667;-0,022888
29,278333;-0,022888
29,28;-0,022888
29,281667;-0,022888
29,283333;-0,022888
29,285;-0,022888
29,286667;-0,022888
29,288333;-0,022888
29,29;-0,022888
29,291667;-0,022888
29,293333;-0,022888
29,295;-0,022888
29,296667;-0,022888
29,298333;-0,022888
29,3;-0,022888
29,301667;-0,022888
29,303333;-0,022888
29,305;-0,022888
29,306667;-0,022888
29,308333;-0,022888
29,31;-0,022888
29,311667;-0,022888
29,313333;-0,022888
29,315;-0,022888
29,316667;-0,022888
29,318333;-0,022888
29,32;-0,022888
29,321667;-0,022888
29,323333;-0,022888
29,325;-0,022888
29,326667;-0,022888
29,328333;-0,022888
29,33;-0,022888
29,331667;-0,022888
29,333333;-0,022888
29,335;-0,022888
29,336667;-0,022888
29,338333;-0,022888
29,34;-0,022888
29,341667;-0,022888
29,343333;-0,022888
29,345;-0,022888
29,346667;-0,022888
29,348333;-0,022888
29,35;-0,022888
29,351667;-0,022888
29,353333;-0,022888
29,355;-0,022888
29,356667;-0,022888
29,358333;-0,022888
29,36;-0,022888
29,361667;-0,022888
29,363333;-0,022888
29,365;-0,022888
29,366667;-0,022888
29,368333;-0,022888
29,37;-0,022888
29,371667;-0,022888
29,373333;-0,022888
29,375;-0,022888
29,376667;-0,022888
29,378333;-0,022888
29,38;-0,022888
29,381667;-0,022888
29,383333;-0,022888
29,385;-0,022888
29,386667;-0,022888
29,388333;-0,022888
29,39;-0,022888
29,391667;-0,022888
29,393333;-0,022888
29,395;-0,022888
29,396667;-0,022888
29,398333;-0,022888
29,4;-0,022888
29,401667;-0,022888
29,403333;-0,022888
29,405;-0,022888
29,406667;-0,022888
29,408333;-0,022888
29,41;-0,022888
29,411667;-0,022888
29,413333;-0,022888
29,415;-0,022888
29,416667;-0,025749
29,418333;-0,025749
29,42;-0,025749
29,421667;-0,025749
29,423333;-0,025749
29,425;-0,025749
29,426667;-0,025749
29,428333;-0,025749
29,43;-0,025749
29,431667;-0,025749
29,433333;-0,025749
29,435;-0,025749
29,436667;-0,025749
29,438333;-0,025749
29,44;-0,025749
29,441667;-0,025749
29,443333;-0,025749
29,445;-0,025749
29,446667;-0,025749
29,448333;-0,025749
29,45;-0,025749
29,451667;-0,025749
29,453333;-0,025749
29,455;-0,025749
29,456667;-0,025749
29,458333;-0,025749
29,46;-0,025749
29,461667;-0,025749
29,463333;-0,025749
29,465;-0,025749
29,466667;-0,025749
29,468333;-0,025749
29,47;-0,025749
29,471667;-0,025749
29,473333;-0,025749
29,475;-0,025749
29,476667;-0,025749
29,478333;-0,025749
29,48;-0,025749
29,481667;-0,025749
29,483333;-0,025749
29,485;-0,025749
29,486667;-0,025749
29,488333;-0,025749
29,49;-0,025749
29,491667;-0,025749
29,493333;-0,025749
29,495;-0,025749
29,496667;-0,025749
29,498333;-0,025749
29,5;-0,025749
29,501667;-0,025749
29,503333;-0,025749
29,505;-0,025749
29,506667;-0,025749
29,508333;-0,025749
29,51;-0,025749
29,511667;-0,025749
29,513333;-0,025749
29,515;-0,025749
29,516667;-0,025749
29,518333;-0,025749
29,52;-0,025749
29,521667;-0,025749
29,523333;-0,025749
29,525;-0,025749
29,526667;-0,025749
29,528333;-0,025749
29,53;-0,022888
29,531667;-0,022888
29,533333;-0,022888
29,535;-0,022888
29,536667;-0,022888
29,538333;-0,022888
29,54;-0,022888
29,541667;-0,022888
29,543333;-0,022888
29,545;-0,022888
29,546667;-0,022888
29,548333;-0,022888
29,55;-0,022888
29,551667;-0,022888
29,553333;-0,022888
29,555;-0,022888
29,556667;-0,022888
29,558333;-0,022888
29,56;-0,022888
29,561667;-0,022888
29,563333;-0,022888
29,565;-0,022888
29,566667;-0,022888
29,568333;-0,022888
29,57;-0,022888
29,571667;-0,022888
29,573333;-0,022888
29,575;-0,022888
29,576667;-0,022888
29,578333;-0,022888
29,58;-0,022888
29,581667;-0,022888
29,583333;-0,022888
29,585;-0,022888
29,586667;-0,022888
29,588333;-0,022888
29,59;-0,022888
29,591667;-0,022888
29,593333;-0,022888
29,595;-0,022888
29,596667;-0,022888
29,598333;-0,022888
29,6;-0,022888
29,601667;-0,022888
29,603333;-0,022888
29,605;-0,022888
29,606667;-0,022888
29,608333;-0,022888
29,61;-0,022888
29,611667;-0,022888
29,613333;-0,022888
29,615;-0,022888
29,616667;-0,022888
29,618333;-0,022888
29,62;-0,025749
29,621667;-0,025749
29,623333;-0,025749
29,625;-0,025749
29,626667;-0,022888
29,628333;-0,022888
29,63;-0,022888
29,631667;-0,022888
29,633333;-0,022888
29,635;-0,022888
29,636667;-0,022888
29,638333;-0,022888
29,64;-0,022888
29,641667;-0,022888
29,643333;-0,022888
29,645;-0,022888
29,646667;-0,022888
29,648333;-0,022888
29,65;-0,022888
29,651667;-0,022888
29,653333;-0,022888
29,655;-0,022888
29,656667;-0,022888
29,658333;-0,022888
29,66;-0,022888
29,661667;-0,022888
29,663333;-0,022888
29,665;-0,022888
29,666667;-0,022888
29,668333;-0,022888
29,67;-0,022888
29,671667;-0,022888
29,673333;-0,022888
29,675;-0,022888
29,676667;-0,022888
29,678333;-0,022888
29,68;-0,022888
29,681667;-0,022888
29,683333;-0,022888
29,685;-0,022888
29,686667;-0,022888
29,688333;-0,022888
29,69;-0,022888
29,691667;-0,022888
29,693333;-0,022888
29,695;-0,022888
29,696667;-0,022888
29,698333;-0,022888
29,7;-0,022888
29,701667;-0,022888
29,703333;-0,022888
29,705;-0,022888
29,706667;-0,022888
29,708333;-0,022888
29,71;-0,022888
29,711667;-0,022888
29,713333;-0,022888
29,715;-0,022888
29,716667;-0,022888
29,718333;-0,022888
29,72;-0,022888
29,721667;-0,022888
29,723333;-0,022888
29,725;-0,022888
29,726667;-0,022888
29,728333;-0,022888
29,73;-0,022888
29,731667;-0,022888
29,733333;-0,022888
29,735;-0,022888
29,736667;-0,022888
29,738333;-0,022888
29,74;-0,022888
29,741667;-0,022888
29,743333;-0,022888
29,745;-0,022888
29,746667;-0,022888
29,748333;-0,022888
29,75;-0,022888
29,751667;-0,022888
29,753333;-0,022888
29,755;-0,022888
29,756667;-0,022888
29,758333;-0,022888
29,76;-0,022888
29,761667;-0,022888
29,763333;-0,022888
29,765;-0,022888
29,766667;-0,022888
29,768333;-0,022888
29,77;-0,022888
29,771667;-0,022888
29,773333;-0,022888
29,775;-0,022888
29,776667;-0,022888
29,778333;-0,022888
29,78;-0,022888
29,781667;-0,022888
29,783333;-0,022888
29,785;-0,022888
29,786667;-0,022888
29,788333;-0,022888
29,79;-0,022888
29,791667;-0,022888
29,793333;-0,022888
29,795;-0,022888
29,796667;-0,022888
29,798333;-0,022888
29,8;-0,022888
29,801667;-0,022888
29,803333;-0,022888
29,805;-0,022888
29,806667;-0,022888
29,808333;-0,022888
29,81;-0,022888
29,811667;-0,022888
29,813333;-0,022888
29,815;-0,022888
29,816667;-0,022888
29,818333;-0,022888
29,82;-0,022888
29,821667;-0,022888
29,823333;-0,022888
29,825;-0,022888
29,826667;-0,022888
29,828333;-0,022888
29,83;-0,022888
29,831667;-0,022888
29,833333;-0,022888
29,835;-0,022888
29,836667;-0,022888
29,838333;-0,022888
29,84;-0,022888
29,841667;-0,022888
29,843333;-0,022888
29,845;-0,022888
29,846667;-0,022888
29,848333;-0,022888
29,85;-0,022888
29,851667;-0,022888
29,853333;-0,022888
29,855;-0,022888
29,856667;-0,022888
29,858333;-0,022888
29,86;-0,022888
29,861667;-0,022888
29,863333;-0,022888
29,865;-0,022888
29,866667;-0,022888
29,868333;-0,022888
29,87;-0,022888
29,871667;-0,022888
29,873333;-0,022888
29,875;-0,022888
29,876667;-0,022888
29,878333;-0,022888
29,88;-0,022888
29,881667;-0,022888
29,883333;-0,022888
29,885;-0,022888
29,886667;-0,022888
29,888333;-0,022888
29,89;-0,022888
29,891667;-0,022888
29,893333;-0,022888
29,895;-0,022888
29,896667;-0,022888
29,898333;-0,022888
29,9;-0,022888
29,901667;-0,022888
29,903333;-0,022888
29,905;-0,022888
29,906667;-0,022888
29,908333;-0,022888
29,91;-0,022888
29,911667;-0,025749
29,913333;-0,025749
29,915;-0,025749
29,916667;-0,025749
29,918333;-0,025749
29,92;-0,025749
29,921667;-0,025749
29,923333;-0,025749
29,925;-0,025749
29,926667;-0,025749
29,928333;-0,025749
29,93;-0,025749
29,931667;-0,022888
29,933333;-0,022888
29,935;-0,022888
29,936667;-0,022888
29,938333;-0,022888
29,94;-0,022888
29,941667;-0,022888
29,943333;-0,022888
29,945;-0,025749
29,946667;-0,025749
29,948333;-0,025749
29,95;-0,025749
29,951667;-0,025749
29,953333;-0,025749
29,955;-0,025749
29,956667;-0,025749
29,958333;-0,025749
29,96;-0,025749
29,961667;-0,025749
29,963333;-0,025749
29,965;-0,025749
29,966667;-0,025749
29,968333;-0,025749
29,97;-0,025749
29,971667;-0,025749
29,973333;-0,025749
29,975;-0,025749
29,976667;-0,025749
29,978333;-0,025749
29,98;-0,025749
29,981667;-0,025749
29,983333;-0,025749
29,985;-0,025749
29,986667;-0,025749
29,988333;-0,025749
29,99;-0,025749
29,991667;-0,025749
29,993333;-0,025749
29,995;-0,025749
29,996667;-0,025749
29,998333;-0,025749
30;-0,025749
30,001667;-0,025749
30,003333;-0,025749
30,005;-0,025749
30,006667;-0,025749
30,008333;-0,025749
30,01;-0,025749
30,011667;-0,025749
30,013333;-0,025749
30,015;-0,025749
30,016667;-0,025749
30,018333;-0,025749
30,02;-0,025749
30,021667;-0,025749
30,023333;-0,025749
30,025;-0,025749
30,026667;-0,025749
30,028333;-0,025749
30,03;-0,025749
30,031667;-0,025749
30,033333;-0,025749
30,035;-0,025749
30,036667;-0,025749
30,038333;-0,025749
30,04;-0,025749
30,041667;-0,025749
30,043333;-0,025749
30,045;-0,025749
30,046667;-0,025749
30,048333;-0,025749
30,05;-0,025749
30,051667;-0,025749
30,053333;-0,025749
30,055;-0,025749
30,056667;-0,025749
30,058333;-0,025749
30,06;-0,025749
30,061667;-0,025749
30,063333;-0,025749
30,065;-0,025749
30,066667;-0,025749
30,068333;-0,025749
30,07;-0,025749
30,071667;-0,025749
30,073333;-0,025749
30,075;-0,025749
30,076667;-0,025749
30,078333;-0,025749
30,08;-0,025749
30,081667;-0,025749
30,083333;-0,025749
30,085;-0,025749
30,086667;-0,025749
30,088333;-0,025749
30,09;-0,025749
30,091667;-0,025749
30,093333;-0,025749
30,095;-0,025749
30,096667;-0,025749
30,098333;-0,025749
30,1;-0,025749
30,101667;-0,025749
30,103333;-0,025749
30,105;-0,025749
30,106667;-0,025749
30,108333;-0,025749
30,11;-0,025749
30,111667;-0,025749
30,113333;-0,025749
30,115;-0,025749
30,116667;-0,025749
30,118333;-0,025749
30,12;-0,025749
30,121667;-0,025749
30,123333;-0,025749
30,125;-0,025749
30,126667;-0,025749
30,128333;-0,025749
30,13;-0,025749
30,131667;-0,025749
30,133333;-0,025749
30,135;-0,025749
30,136667;-0,025749
30,138333;-0,025749
30,14;-0,025749
30,141667;-0,025749
30,143333;-0,025749
30,145;-0,025749
30,146667;-0,025749
30,148333;-0,025749
30,15;-0,025749
30,151667;-0,025749
30,153333;-0,025749
30,155;-0,025749
30,156667;-0,02861
30,158333;-0,02861
30,16;-0,02861
30,161667;-0,02861
30,163333;-0,02861
30,165;-0,02861
30,166667;-0,02861
30,168333;-0,02861
30,17;-0,02861
30,171667;-0,02861
30,173333;-0,02861
30,175;-0,02861
30,176667;-0,02861
30,178333;-0,02861
30,18;-0,02861
30,181667;-0,02861
30,183333;-0,02861
30,185;-0,02861
30,186667;-0,02861
30,188333;-0,02861
30,19;-0,02861
30,191667;-0,02861
30,193333;-0,02861
30,195;-0,02861
30,196667;-0,02861
30,198333;-0,025749
30,2;-0,025749
30,201667;-0,025749
30,203333;-0,025749
30,205;-0,025749
30,206667;-0,025749
30,208333;-0,025749
30,21;-0,025749
30,211667;-0,025749
30,213333;-0,025749
30,215;-0,025749
30,216667;-0,025749
30,218333;-0,025749
30,22;-0,025749
30,221667;-0,025749
30,223333;-0,025749
30,225;-0,025749
30,226667;-0,025749
30,228333;-0,025749
30,23;-0,025749
30,231667;-0,025749
30,233333;-0,025749
30,235;-0,025749
30,236667;-0,025749
30,238333;-0,025749
30,24;-0,025749
30,241667;-0,025749
30,243333;-0,025749
30,245;-0,025749
30,246667;-0,025749
30,248333;-0,025749
30,25;-0,025749
30,251667;-0,025749
30,253333;-0,025749
30,255;-0,025749
30,256667;-0,025749
30,258333;-0,025749
30,26;-0,025749
30,261667;-0,025749
30,263333;-0,025749
30,265;-0,025749
30,266667;-0,025749
30,268333;-0,025749
30,27;-0,025749
30,271667;-0,025749
30,273333;-0,025749
30,275;-0,025749
30,276667;-0,025749
30,278333;-0,025749
30,28;-0,025749
30,281667;-0,025749
30,283333;-0,025749
30,285;-0,025749
30,286667;-0,025749
30,288333;-0,025749
30,29;-0,025749
30,291667;-0,025749
30,293333;-0,025749
30,295;-0,025749
30,296667;-0,025749
30,298333;-0,025749
30,3;-0,025749
30,301667;-0,025749
30,303333;-0,025749
30,305;-0,025749
30,306667;-0,025749
30,308333;-0,025749
30,31;-0,025749
30,311667;-0,025749
30,313333;-0,025749
30,315;-0,025749
30,316667;-0,025749
30,318333;-0,025749
30,32;-0,025749
30,321667;-0,025749
30,323333;-0,025749
30,325;-0,025749
30,326667;-0,025749
30,328333;-0,025749
30,33;-0,025749
30,331667;-0,025749
30,333333;-0,025749
30,335;-0,025749
30,336667;-0,025749
30,338333;-0,025749
30,34;-0,025749
30,341667;-0,025749
30,343333;-0,025749
30,345;-0,025749
30,346667;-0,025749
30,348333;-0,025749
30,35;-0,025749
30,351667;-0,025749
30,353333;-0,025749
30,355;-0,025749
30,356667;-0,025749
30,358333;-0,025749
30,36;-0,025749
30,361667;-0,025749
30,363333;-0,025749
30,365;-0,025749
30,366667;-0,025749
30,368333;-0,025749
30,37;-0,025749
30,371667;-0,025749
30,373333;-0,025749
30,375;-0,025749
30,376667;-0,025749
30,378333;-0,025749
30,38;-0,025749
30,381667;-0,025749
30,383333;-0,025749
30,385;-0,025749
30,386667;-0,025749
30,388333;-0,025749
30,39;-0,025749
30,391667;-0,025749
30,393333;-0,025749
30,395;-0,025749
30,396667;-0,025749
30,398333;-0,025749
30,4;-0,025749
30,401667;-0,025749
30,403333;-0,025749
30,405;-0,025749
30,406667;-0,025749
30,408333;-0,025749
30,41;-0,025749
30,411667;-0,025749
30,413333;-0,025749
30,415;-0,025749
30,416667;-0,025749
30,418333;-0,025749
30,42;-0,025749
30,421667;-0,025749
30,423333;-0,025749
30,425;-0,025749
30,426667;-0,025749
30,428333;-0,025749
30,43;-0,025749
30,431667;-0,025749
30,433333;-0,025749
30,435;-0,025749
30,436667;-0,025749
30,438333;-0,025749
30,44;-0,025749
30,441667;-0,025749
30,443333;-0,025749
30,445;-0,025749
30,446667;-0,025749
30,448333;-0,025749
30,45;-0,025749
30,451667;-0,025749
30,453333;-0,025749
30,455;-0,025749
30,456667;-0,025749
30,458333;-0,025749
30,46;-0,025749
30,461667;-0,025749
30,463333;-0,025749
30,465;-0,025749
30,466667;-0,025749
30,468333;-0,025749
30,47;-0,025749
30,471667;-0,025749
30,473333;-0,025749
30,475;-0,025749
30,476667;-0,025749
30,478333;-0,025749
30,48;-0,025749
30,481667;-0,025749
30,483333;-0,025749
30,485;-0,025749
30,486667;-0,025749
30,488333;-0,025749
30,49;-0,025749
30,491667;-0,025749
30,493333;-0,025749
30,495;-0,025749
30,496667;-0,025749
30,498333;-0,025749
30,5;-0,025749
30,501667;-0,025749
30,503333;-0,025749
30,505;-0,025749
30,506667;-0,025749
30,508333;-0,025749
30,51;-0,025749
30,511667;-0,025749
30,513333;-0,025749
30,515;-0,025749
30,516667;-0,025749
30,518333;-0,025749
30,52;-0,025749
30,521667;-0,025749
30,523333;-0,025749
30,525;-0,025749
30,526667;-0,025749
30,528333;-0,025749
30,53;-0,025749
30,531667;-0,025749
30,533333;-0,025749
30,535;-0,025749
30,536667;-0,025749
30,538333;-0,025749
30,54;-0,025749
30,541667;-0,025749
30,543333;-0,025749
30,545;-0,025749
30,546667;-0,025749
30,548333;-0,025749
30,55;-0,025749
30,551667;-0,025749
30,553333;-0,025749
30,555;-0,025749
30,556667;-0,025749
30,558333;-0,025749
30,56;-0,025749
30,561667;-0,025749
30,563333;-0,025749
30,565;-0,025749
30,566667;-0,025749
30,568333;-0,025749
30,57;-0,025749
30,571667;-0,025749
30,573333;-0,025749
30,575;-0,025749
30,576667;-0,025749
30,578333;-0,025749
30,58;-0,025749
30,581667;-0,025749
30,583333;-0,025749
30,585;-0,025749
30,586667;-0,025749
30,588333;-0,025749
30,59;-0,025749
30,591667;-0,025749
30,593333;-0,025749
30,595;-0,025749
30,596667;-0,025749
30,598333;-0,025749
30,6;-0,025749
30,601667;-0,025749
30,603333;-0,025749
30,605;-0,025749
30,606667;-0,025749
30,608333;-0,025749
30,61;-0,025749
30,611667;-0,025749
30,613333;-0,025749
30,615;-0,025749
30,616667;-0,025749
30,618333;-0,025749
30,62;-0,025749
30,621667;-0,025749
30,623333;-0,025749
30,625;-0,025749
30,626667;-0,025749
30,628333;-0,025749
30,63;-0,025749
30,631667;-0,025749
30,633333;-0,025749
30,635;-0,025749
30,636667;-0,025749
30,638333;-0,025749
30,64;-0,025749
30,641667;-0,025749
30,643333;-0,025749
30,645;-0,025749
30,646667;-0,025749
30,648333;-0,025749
30,65;-0,025749
30,651667;-0,025749
30,653333;-0,025749
30,655;-0,025749
30,656667;-0,025749
30,658333;-0,025749
30,66;-0,025749
30,661667;-0,025749
30,663333;-0,025749
30,665;-0,025749
30,666667;-0,025749
30,668333;-0,025749
30,67;-0,025749
30,671667;-0,025749
30,673333;-0,025749
30,675;-0,025749
30,676667;-0,025749
30,678333;-0,025749
30,68;-0,025749
30,681667;-0,025749
30,683333;-0,025749
30,685;-0,025749
30,686667;-0,025749
30,688333;-0,025749
30,69;-0,025749
30,691667;-0,025749
30,693333;-0,025749
30,695;-0,025749
30,696667;-0,025749
30,698333;-0,025749
30,7;-0,025749
30,701667;-0,025749
30,703333;-0,025749
30,705;-0,025749
30,706667;-0,025749
30,708333;-0,025749
30,71;-0,025749
30,711667;-0,025749
30,713333;-0,025749
30,715;-0,025749
30,716667;-0,025749
30,718333;-0,025749
30,72;-0,025749
30,721667;-0,025749
30,723333;-0,025749
30,725;-0,025749
30,726667;-0,025749
30,728333;-0,025749
30,73;-0,025749
30,731667;-0,025749
30,733333;-0,025749
30,735;-0,025749
30,736667;-0,025749
30,738333;-0,025749
30,74;-0,025749
30,741667;-0,025749
30,743333;-0,025749
30,745;-0,025749
30,746667;-0,025749
30,748333;-0,025749
30,75;-0,025749
30,751667;-0,025749
30,753333;-0,025749
30,755;-0,025749
30,756667;-0,025749
30,758333;-0,025749
30,76;-0,025749
30,761667;-0,025749
30,763333;-0,025749
30,765;-0,025749
30,766667;-0,025749
30,768333;-0,025749
30,77;-0,025749
30,771667;-0,025749
30,773333;-0,025749
30,775;-0,025749
30,776667;-0,025749
30,778333;-0,025749
30,78;-0,025749
30,781667;-0,025749
30,783333;-0,025749
30,785;-0,025749
30,786667;-0,025749
30,788333;-0,025749
30,79;-0,025749
30,791667;-0,025749
30,793333;-0,025749
30,795;-0,025749
30,796667;-0,025749
30,798333;-0,025749
30,8;-0,025749
30,801667;-0,025749
30,803333;-0,025749
30,805;-0,025749
30,806667;-0,025749
30,808333;-0,025749
30,81;-0,025749
30,811667;-0,025749
30,813333;-0,025749
30,815;-0,025749
30,816667;-0,025749
30,818333;-0,025749
30,82;-0,025749
30,821667;-0,025749
30,823333;-0,025749
30,825;-0,025749
30,826667;-0,025749
30,828333;-0,025749
30,83;-0,025749
30,831667;-0,025749
30,833333;-0,025749
30,835;-0,025749
30,836667;-0,025749
30,838333;-0,025749
30,84;-0,025749
30,841667;-0,025749
30,843333;-0,025749
30,845;-0,025749
30,846667;-0,025749
30,848333;-0,025749
30,85;-0,025749
30,851667;-0,025749
30,853333;-0,025749
30,855;-0,025749
30,856667;-0,025749
30,858333;-0,025749
30,86;-0,025749
30,861667;-0,025749
30,863333;-0,025749
30,865;-0,025749
30,866667;-0,025749
30,868333;-0,025749
30,87;-0,025749
30,871667;-0,025749
30,873333;-0,025749
30,875;-0,025749
30,876667;-0,025749
30,878333;-0,025749
30,88;-0,025749
30,881667;-0,025749
30,883333;-0,025749
30,885;-0,025749
30,886667;-0,025749
30,888333;-0,025749
30,89;-0,025749
30,891667;-0,025749
30,893333;-0,025749
30,895;-0,025749
30,896667;-0,025749
30,898333;-0,025749
30,9;-0,025749
30,901667;-0,025749
30,903333;-0,025749
30,905;-0,025749
30,906667;-0,025749
30,908333;-0,025749
30,91;-0,025749
30,911667;-0,025749
30,913333;-0,025749
30,915;-0,025749
30,916667;-0,025749
30,918333;-0,025749
30,92;-0,025749
30,921667;-0,025749
30,923333;-0,025749
30,925;-0,025749
30,926667;-0,025749
30,928333;-0,025749
30,93;-0,025749
30,931667;-0,025749
30,933333;-0,025749
30,935;-0,025749
30,936667;-0,025749
30,938333;-0,025749
30,94;-0,025749
30,941667;-0,025749
30,943333;-0,025749
30,945;-0,025749
30,946667;-0,025749
30,948333;-0,025749
30,95;-0,025749
30,951667;-0,025749
30,953333;-0,025749
30,955;-0,025749
30,956667;-0,025749
30,958333;-0,025749
30,96;-0,025749
30,961667;-0,025749
30,963333;-0,025749
30,965;-0,025749
30,966667;-0,025749
30,968333;-0,025749
30,97;-0,025749
30,971667;-0,025749
30,973333;-0,025749
30,975;-0,025749
30,976667;-0,025749
30,978333;-0,025749
30,98;-0,025749
30,981667;-0,025749
30,983333;-0,025749
30,985;-0,025749
30,986667;-0,025749
30,988333;-0,025749
30,99;-0,025749
30,991667;-0,025749
30,993333;-0,025749
30,995;-0,025749
30,996667;-0,025749
30,998333;-0,025749
31;-0,025749
31,001667;-0,025749
31,003333;-0,025749
31,005;-0,025749
31,006667;-0,025749
31,008333;-0,025749
31,01;-0,025749
31,011667;-0,025749
31,013333;-0,025749
31,015;-0,025749
31,016667;-0,025749
31,018333;-0,025749
31,02;-0,025749
31,021667;-0,025749
31,023333;-0,025749
31,025;-0,025749
31,026667;-0,025749
31,028333;-0,025749
31,03;-0,025749
31,031667;-0,025749
31,033333;-0,025749
31,035;-0,025749
31,036667;-0,025749
31,038333;-0,025749
31,04;-0,025749
31,041667;-0,025749
31,043333;-0,025749
31,045;-0,025749
31,046667;-0,025749
31,048333;-0,025749
31,05;-0,025749
31,051667;-0,025749
31,053333;-0,025749
31,055;-0,025749
31,056667;-0,025749
31,058333;-0,025749
31,06;-0,025749
31,061667;-0,025749
31,063333;-0,025749
31,065;-0,025749
31,066667;-0,025749
31,068333;-0,025749
31,07;-0,025749
31,071667;-0,025749
31,073333;-0,025749
31,075;-0,025749
31,076667;-0,025749
31,078333;-0,025749
31,08;-0,022888
31,081667;-0,022888
31,083333;-0,022888
31,085;-0,022888
31,086667;-0,022888
31,088333;-0,022888
31,09;-0,025749
31,091667;-0,025749
31,093333;-0,025749
31,095;-0,025749
31,096667;-0,025749
31,098333;-0,025749
31,1;-0,025749
31,101667;-0,025749
31,103333;-0,025749
31,105;-0,025749
31,106667;-0,025749
31,108333;-0,025749
31,11;-0,025749
31,111667;-0,025749
31,113333;-0,025749
31,115;-0,025749
31,116667;-0,025749
31,118333;-0,025749
31,12;-0,025749
31,121667;-0,025749
31,123333;-0,025749
31,125;-0,025749
31,126667;-0,025749
31,128333;-0,025749
31,13;-0,025749
31,131667;-0,025749
31,133333;-0,025749
31,135;-0,025749
31,136667;-0,025749
31,138333;-0,025749
31,14;-0,025749
31,141667;-0,025749
31,143333;-0,025749
31,145;-0,025749
31,146667;-0,025749
31,148333;-0,025749
31,15;-0,025749
31,151667;-0,025749
31,153333;-0,025749
31,155;-0,025749
31,156667;-0,025749
31,158333;-0,025749
31,16;-0,025749
31,161667;-0,025749
31,163333;-0,025749
31,165;-0,025749
31,166667;-0,025749
31,168333;-0,025749
31,17;-0,025749
31,171667;-0,025749
31,173333;-0,025749
31,175;-0,025749
31,176667;-0,025749
31,178333;-0,025749
31,18;-0,025749
31,181667;-0,025749
31,183333;-0,025749
31,185;-0,025749
31,186667;-0,025749
31,188333;-0,025749
31,19;-0,025749
31,191667;-0,025749
31,193333;-0,025749
31,195;-0,025749
31,196667;-0,025749
31,198333;-0,025749
31,2;-0,025749
31,201667;-0,025749
31,203333;-0,025749
31,205;-0,025749
31,206667;-0,025749
31,208333;-0,025749
31,21;-0,025749
31,211667;-0,025749
31,213333;-0,025749
31,215;-0,025749
31,216667;-0,025749
31,218333;-0,025749
31,22;-0,025749
31,221667;-0,025749
31,223333;-0,025749
31,225;-0,025749
31,226667;-0,025749
31,228333;-0,025749
31,23;-0,025749
31,231667;-0,025749
31,233333;-0,025749
31,235;-0,025749
31,236667;-0,025749
31,238333;-0,025749
31,24;-0,025749
31,241667;-0,025749
31,243333;-0,025749
31,245;-0,025749
31,246667;-0,025749
31,248333;-0,025749
31,25;-0,025749
31,251667;-0,025749
31,253333;-0,025749
31,255;-0,025749
31,256667;-0,025749
31,258333;-0,025749
31,26;-0,025749
31,261667;-0,025749
31,263333;-0,025749
31,265;-0,025749
31,266667;-0,025749
31,268333;-0,025749
31,27;-0,025749
31,271667;-0,025749
31,273333;-0,025749
31,275;-0,025749
31,276667;-0,025749
31,278333;-0,025749
31,28;-0,025749
31,281667;-0,025749
31,283333;-0,025749
31,285;-0,025749
31,286667;-0,025749
31,288333;-0,025749
31,29;-0,025749
31,291667;-0,025749
31,293333;-0,025749
31,295;-0,025749
31,296667;-0,025749
31,298333;-0,025749
31,3;-0,025749
31,301667;-0,025749
31,303333;-0,025749
31,305;-0,025749
31,306667;-0,025749
31,308333;-0,025749
31,31;-0,025749
31,311667;-0,025749
31,313333;-0,025749
31,315;-0,025749
31,316667;-0,025749
31,318333;-0,025749
31,32;-0,025749
31,321667;-0,025749
31,323333;-0,025749
31,325;-0,025749
31,326667;-0,025749
31,328333;-0,025749
31,33;-0,025749
31,331667;-0,025749
31,333333;-0,025749
31,335;-0,025749
31,336667;-0,025749
31,338333;-0,025749
31,34;-0,025749
31,341667;-0,025749
31,343333;-0,025749
31,345;-0,025749
31,346667;-0,025749
31,348333;-0,025749
31,35;-0,025749
31,351667;-0,025749
31,353333;-0,025749
31,355;-0,025749
31,356667;-0,025749
31,358333;-0,025749
31,36;-0,025749
31,361667;-0,025749
31,363333;-0,025749
31,365;-0,025749
31,366667;-0,025749
31,368333;-0,025749
31,37;-0,025749
31,371667;-0,025749
31,373333;-0,025749
31,375;-0,025749
31,376667;-0,025749
31,378333;-0,025749
31,38;-0,025749
31,381667;-0,025749
31,383333;-0,025749
31,385;-0,025749
31,386667;-0,025749
31,388333;-0,025749
31,39;-0,025749
31,391667;-0,025749
31,393333;-0,025749
31,395;-0,025749
31,396667;-0,025749
31,398333;-0,025749
31,4;-0,025749
31,401667;-0,025749
31,403333;-0,025749
31,405;-0,025749
31,406667;-0,025749
31,408333;-0,025749
31,41;-0,025749
31,411667;-0,025749
31,413333;-0,025749
31,415;-0,025749
31,416667;-0,025749
31,418333;-0,025749
31,42;-0,025749
31,421667;-0,025749
31,423333;-0,025749
31,425;-0,025749
31,426667;-0,025749
31,428333;-0,025749
31,43;-0,025749
31,431667;-0,025749
31,433333;-0,025749
31,435;-0,025749
31,436667;-0,025749
31,438333;-0,025749
31,44;-0,025749
31,441667;-0,025749
31,443333;-0,025749
31,445;-0,025749
31,446667;-0,025749
31,448333;-0,025749
31,45;-0,025749
31,451667;-0,025749
31,453333;-0,025749
31,455;-0,025749
31,456667;-0,025749
31,458333;-0,025749
31,46;-0,025749
31,461667;-0,025749
31,463333;-0,025749
31,465;-0,025749
31,466667;-0,025749
31,468333;-0,025749
31,47;-0,025749
31,471667;-0,025749
31,473333;-0,025749
31,475;-0,025749
31,476667;-0,025749
31,478333;-0,025749
31,48;-0,025749
31,481667;-0,025749
31,483333;-0,025749
31,485;-0,025749
31,486667;-0,025749
31,488333;-0,025749
31,49;-0,025749
31,491667;-0,025749
31,493333;-0,025749
31,495;-0,025749
31,496667;-0,025749
31,498333;-0,025749
31,5;-0,025749
31,501667;-0,025749
31,503333;-0,025749
31,505;-0,025749
31,506667;-0,025749
31,508333;-0,025749
31,51;-0,025749
31,511667;-0,025749
31,513333;-0,025749
31,515;-0,025749
31,516667;-0,025749
31,518333;-0,025749
31,52;-0,025749
31,521667;-0,025749
31,523333;-0,025749
31,525;-0,025749
31,526667;-0,025749
31,528333;-0,025749
31,53;-0,02861
31,531667;-0,02861
31,533333;-0,02861
31,535;-0,02861
31,536667;-0,02861
31,538333;-0,02861
31,54;-0,02861
31,541667;-0,02861
31,543333;-0,02861
31,545;-0,02861
31,546667;-0,02861
31,548333;-0,02861
31,55;-0,02861
31,551667;-0,02861
31,553333;-0,02861
31,555;-0,02861
31,556667;-0,02861
31,558333;-0,02861
31,56;-0,02861
31,561667;-0,02861
31,563333;-0,02861
31,565;-0,02861
31,566667;-0,02861
31,568333;-0,02861
31,57;-0,02861
31,571667;-0,02861
31,573333;-0,02861
31,575;-0,02861
31,576667;-0,02861
31,578333;-0,025749
31,58;-0,025749
31,581667;-0,025749
31,583333;-0,025749
31,585;-0,025749
31,586667;-0,025749
31,588333;-0,025749
31,59;-0,02861
31,591667;-0,02861
31,593333;-0,02861
31,595;-0,02861
31,596667;-0,02861
31,598333;-0,02861
31,6;-0,02861
31,601667;-0,02861
31,603333;-0,02861
31,605;-0,02861
31,606667;-0,02861
31,608333;-0,02861
31,61;-0,02861
31,611667;-0,02861
31,613333;-0,02861
31,615;-0,02861
31,616667;-0,02861
31,618333;-0,025749
31,62;-0,025749
31,621667;-0,025749
31,623333;-0,025749
31,625;-0,025749
31,626667;-0,025749
31,628333;-0,025749
31,63;-0,025749
31,631667;-0,025749
31,633333;-0,025749
31,635;-0,025749
31,636667;-0,025749
31,638333;-0,025749
31,64;-0,025749
31,641667;-0,025749
31,643333;-0,025749
31,645;-0,025749
31,646667;-0,025749
31,648333;-0,025749
31,65;-0,025749
31,651667;-0,025749
31,653333;-0,025749
31,655;-0,025749
31,656667;-0,025749
31,658333;-0,025749
31,66;-0,025749
31,661667;-0,025749
31,663333;-0,025749
31,665;-0,025749
31,666667;-0,025749
31,668333;-0,025749
31,67;-0,025749
31,671667;-0,025749
31,673333;-0,025749
31,675;-0,025749
31,676667;-0,025749
31,678333;-0,025749
31,68;-0,025749
31,681667;-0,025749
31,683333;-0,025749
31,685;-0,025749
31,686667;-0,025749
31,688333;-0,025749
31,69;-0,025749
31,691667;-0,025749
31,693333;-0,025749
31,695;-0,025749
31,696667;-0,025749
31,698333;-0,025749
31,7;-0,025749
31,701667;-0,025749
31,703333;-0,02861
31,705;-0,02861
31,706667;-0,02861
31,708333;-0,02861
31,71;-0,02861
31,711667;-0,02861
31,713333;-0,02861
31,715;-0,02861
31,716667;-0,02861
31,718333;-0,02861
31,72;-0,02861
31,721667;-0,02861
31,723333;-0,02861
31,725;-0,02861
31,726667;-0,02861
31,728333;-0,02861
31,73;-0,02861
31,731667;-0,02861
31,733333;-0,02861
31,735;-0,02861
31,736667;-0,02861
31,738333;-0,02861
31,74;-0,02861
31,741667;-0,02861
31,743333;-0,02861
31,745;-0,02861
31,746667;-0,02861
31,748333;-0,02861
31,75;-0,02861
31,751667;-0,02861
31,753333;-0,02861
31,755;-0,02861
31,756667;-0,02861
31,758333;-0,02861
31,76;-0,02861
31,761667;-0,02861
31,763333;-0,02861
31,765;-0,02861
31,766667;-0,02861
31,768333;-0,02861
31,77;-0,02861
31,771667;-0,02861
31,773333;-0,02861
31,775;-0,02861
31,776667;-0,02861
31,778333;-0,02861
31,78;-0,02861
31,781667;-0,02861
31,783333;-0,02861
31,785;-0,02861
31,786667;-0,02861
31,788333;-0,02861
31,79;-0,02861
31,791667;-0,02861
31,793333;-0,02861
31,795;-0,02861
31,796667;-0,02861
31,798333;-0,02861
31,8;-0,02861
31,801667;-0,02861
31,803333;-0,02861
31,805;-0,02861
31,806667;-0,02861
31,808333;-0,02861
31,81;-0,02861
31,811667;-0,02861
31,813333;-0,02861
31,815;-0,02861
31,816667;-0,02861
31,818333;-0,02861
31,82;-0,02861
31,821667;-0,02861
31,823333;-0,02861
31,825;-0,02861
31,826667;-0,02861
31,828333;-0,02861
31,83;-0,02861
31,831667;-0,02861
31,833333;-0,02861
31,835;-0,02861
31,836667;-0,02861
31,838333;-0,02861
31,84;-0,02861
31,841667;-0,02861
31,843333;-0,02861
31,845;-0,02861
31,846667;-0,02861
31,848333;-0,02861
31,85;-0,02861
31,851667;-0,02861
31,853333;-0,02861
31,855;-0,02861
31,856667;-0,02861
31,858333;-0,02861
31,86;-0,02861
31,861667;-0,02861
31,863333;-0,02861
31,865;-0,02861
31,866667;-0,02861
31,868333;-0,02861
31,87;-0,02861
31,871667;-0,02861
31,873333;-0,02861
31,875;-0,02861
31,876667;-0,02861
31,878333;-0,02861
31,88;-0,02861
31,881667;-0,02861
31,883333;-0,02861
31,885;-0,02861
31,886667;-0,02861
31,888333;-0,02861
31,89;-0,02861
31,891667;-0,02861
31,893333;-0,02861
31,895;-0,02861
31,896667;-0,02861
31,898333;-0,02861
31,9;-0,02861
31,901667;-0,02861
31,903333;-0,02861
31,905;-0,02861
31,906667;-0,02861
31,908333;-0,02861
31,91;-0,02861
31,911667;-0,02861
31,913333;-0,02861
31,915;-0,02861
31,916667;-0,02861
31,918333;-0,02861
31,92;-0,02861
31,921667;-0,02861
31,923333;-0,02861
31,925;-0,02861
31,926667;-0,02861
31,928333;-0,02861
31,93;-0,02861
31,931667;-0,02861
31,933333;-0,02861
31,935;-0,02861
31,936667;-0,02861
31,938333;-0,02861
31,94;-0,02861
31,941667;-0,02861
31,943333;-0,02861
31,945;-0,02861
31,946667;-0,02861
31,948333;-0,02861
31,95;-0,02861
31,951667;-0,02861
31,953333;-0,02861
31,955;-0,02861
31,956667;-0,02861
31,958333;-0,02861
31,96;-0,02861
31,961667;-0,02861
31,963333;-0,02861
31,965;-0,02861
31,966667;-0,02861
31,968333;-0,02861
31,97;-0,02861
31,971667;-0,02861
31,973333;-0,02861
31,975;-0,02861
31,976667;-0,02861
31,978333;-0,02861
31,98;-0,02861
31,981667;-0,02861
31,983333;-0,02861
31,985;-0,02861
31,986667;-0,02861
31,988333;-0,02861
31,99;-0,02861
31,991667;-0,02861
31,993333;-0,02861
31,995;-0,02861
31,996667;-0,02861
31,998333;-0,02861
32;-0,02861
32,001667;-0,02861
32,003333;-0,02861
32,005;-0,02861
32,006667;-0,02861
32,008333;-0,02861
32,01;-0,02861
32,011667;-0,02861
32,013333;-0,02861
32,015;-0,02861
32,016667;-0,02861
32,018333;-0,02861
32,02;-0,02861
32,021667;-0,02861
32,023333;-0,02861
32,025;-0,02861
32,026667;-0,02861
32,028333;-0,02861
32,03;-0,02861
32,031667;-0,02861
32,033333;-0,02861
32,035;-0,02861
32,036667;-0,02861
32,038333;-0,02861
32,04;-0,02861
32,041667;-0,02861
32,043333;-0,02861
32,045;-0,02861
32,046667;-0,02861
32,048333;-0,02861
32,05;-0,02861
32,051667;-0,02861
32,053333;-0,02861
32,055;-0,02861
32,056667;-0,031471
32,058333;-0,031471
32,06;-0,031471
32,061667;-0,031471
32,063333;-0,031471
32,065;-0,031471
32,066667;-0,02861
32,068333;-0,02861
32,07;-0,02861
32,071667;-0,02861
32,073333;-0,02861
32,075;-0,02861
32,076667;-0,02861
32,078333;-0,02861
32,08;-0,02861
32,081667;-0,02861
32,083333;-0,02861
32,085;-0,02861
32,086667;-0,02861
32,088333;-0,02861
32,09;-0,02861
32,091667;-0,02861
32,093333;-0,02861
32,095;-0,02861
32,096667;-0,02861
32,098333;-0,02861
32,1;-0,02861
32,101667;-0,02861
32,103333;-0,02861
32,105;-0,02861
32,106667;-0,02861
32,108333;-0,02861
32,11;-0,02861
32,111667;-0,02861
32,113333;-0,02861
32,115;-0,02861
32,116667;-0,02861
32,118333;-0,02861
32,12;-0,02861
32,121667;-0,02861
32,123333;-0,02861
32,125;-0,02861
32,126667;-0,02861
32,128333;-0,02861
32,13;-0,02861
32,131667;-0,02861
32,133333;-0,02861
32,135;-0,02861
32,136667;-0,02861
32,138333;-0,02861
32,14;-0,02861
32,141667;-0,02861
32,143333;-0,02861
32,145;-0,02861
32,146667;-0,02861
32,148333;-0,02861
32,15;-0,02861
32,151667;-0,02861
32,153333;-0,02861
32,155;-0,02861
32,156667;-0,02861
32,158333;-0,02861
32,16;-0,02861
32,161667;-0,02861
32,163333;-0,02861
32,165;-0,02861
32,166667;-0,02861
32,168333;-0,02861
32,17;-0,02861
32,171667;-0,02861
32,173333;-0,02861
32,175;-0,02861
32,176667;-0,02861
32,178333;-0,02861
32,18;-0,02861
32,181667;-0,02861
32,183333;-0,02861
32,185;-0,02861
32,186667;-0,02861
32,188333;-0,02861
32,19;-0,02861
32,191667;-0,02861
32,193333;-0,02861
32,195;-0,02861
32,196667;-0,02861
32,198333;-0,02861
32,2;-0,02861
32,201667;-0,02861
32,203333;-0,02861
32,205;-0,02861
32,206667;-0,02861
32,208333;-0,02861
32,21;-0,02861
32,211667;-0,02861
32,213333;-0,02861
32,215;-0,02861
32,216667;-0,02861
32,218333;-0,02861
32,22;-0,02861
32,221667;-0,02861
32,223333;-0,02861
32,225;-0,02861
32,226667;-0,02861
32,228333;-0,02861
32,23;-0,02861
32,231667;-0,02861
32,233333;-0,02861
32,235;-0,02861
32,236667;-0,02861
32,238333;-0,02861
32,24;-0,02861
32,241667;-0,02861
32,243333;-0,02861
32,245;-0,02861
32,246667;-0,02861
32,248333;-0,02861
32,25;-0,02861
32,251667;-0,02861
32,253333;-0,02861
32,255;-0,02861
32,256667;-0,02861
32,258333;-0,02861
32,26;-0,02861
32,261667;-0,02861
32,263333;-0,02861
32,265;-0,02861
32,266667;-0,02861
32,268333;-0,02861
32,27;-0,02861
32,271667;-0,02861
32,273333;-0,02861
32,275;-0,02861
32,276667;-0,031471
32,278333;-0,031471
32,28;-0,031471
32,281667;-0,031471
32,283333;-0,031471
32,285;-0,031471
32,286667;-0,031471
32,288333;-0,031471
32,29;-0,031471
32,291667;-0,031471
32,293333;-0,031471
32,295;-0,031471
32,296667;-0,031471
32,298333;-0,031471
32,3;-0,031471
32,301667;-0,031471
32,303333;-0,031471
32,305;-0,031471
32,306667;-0,031471
32,308333;-0,031471
32,31;-0,031471
32,311667;-0,031471
32,313333;-0,031471
32,315;-0,031471
32,316667;-0,031471
32,318333;-0,031471
32,32;-0,031471
32,321667;-0,031471
32,323333;-0,031471
32,325;-0,031471
32,326667;-0,031471
32,328333;-0,031471
32,33;-0,031471
32,331667;-0,031471
32,333333;-0,031471
32,335;-0,031471
32,336667;-0,031471
32,338333;-0,031471
32,34;-0,031471
32,341667;-0,031471
32,343333;-0,031471
32,345;-0,031471
32,346667;-0,031471
32,348333;-0,031471
32,35;-0,031471
32,351667;-0,031471
32,353333;-0,031471
32,355;-0,031471
32,356667;-0,031471
32,358333;-0,031471
32,36;-0,031471
32,361667;-0,031471
32,363333;-0,031471
32,365;-0,031471
32,366667;-0,031471
32,368333;-0,031471
32,37;-0,031471
32,371667;-0,031471
32,373333;-0,031471
32,375;-0,031471
32,376667;-0,031471
32,378333;-0,031471
32,38;-0,031471
32,381667;-0,031471
32,383333;-0,031471
32,385;-0,031471
32,386667;-0,031471
32,388333;-0,031471
32,39;-0,031471
32,391667;-0,031471
32,393333;-0,031471
32,395;-0,031471
32,396667;-0,02861
32,398333;-0,02861
32,4;-0,02861
32,401667;-0,02861
32,403333;-0,02861
32,405;-0,02861
32,406667;-0,02861
32,408333;-0,02861
32,41;-0,02861
32,411667;-0,02861
32,413333;-0,031471
32,415;-0,031471
32,416667;-0,031471
32,418333;-0,031471
32,42;-0,031471
32,421667;-0,02861
32,423333;-0,02861
32,425;-0,02861
32,426667;-0,02861
32,428333;-0,02861
32,43;-0,02861
32,431667;-0,02861
32,433333;-0,02861
32,435;-0,02861
32,436667;-0,02861
32,438333;-0,02861
32,44;-0,02861
32,441667;-0,02861
32,443333;-0,02861
32,445;-0,02861
32,446667;-0,02861
32,448333;-0,02861
32,45;-0,02861
32,451667;-0,02861
32,453333;-0,02861
32,455;-0,02861
32,456667;-0,02861
32,458333;-0,02861
32,46;-0,02861
32,461667;-0,02861
32,463333;-0,02861
32,465;-0,02861
32,466667;-0,02861
32,468333;-0,02861
32,47;-0,02861
32,471667;-0,02861
32,473333;-0,02861
32,475;-0,02861
32,476667;-0,02861
32,478333;-0,02861
32,48;-0,02861
32,481667;-0,02861
32,483333;-0,02861
32,485;-0,02861
32,486667;-0,02861
32,488333;-0,02861
32,49;-0,02861
32,491667;-0,02861
32,493333;-0,02861
32,495;-0,02861
32,496667;-0,02861
32,498333;-0,02861
32,5;-0,02861
32,501667;-0,02861
32,503333;-0,02861
32,505;-0,02861
32,506667;-0,02861
32,508333;-0,02861
32,51;-0,02861
32,511667;-0,02861
32,513333;-0,02861
32,515;-0,02861
32,516667;-0,02861
32,518333;-0,02861
32,52;-0,02861
32,521667;-0,02861
32,523333;-0,02861
32,525;-0,02861
32,526667;-0,02861
32,528333;-0,02861
32,53;-0,02861
32,531667;-0,02861
32,533333;-0,02861
32,535;-0,02861
32,536667;-0,02861
32,538333;-0,02861
32,54;-0,02861
32,541667;-0,02861
32,543333;-0,02861
32,545;-0,02861
32,546667;-0,02861
32,548333;-0,02861
32,55;-0,02861
32,551667;-0,02861
32,553333;-0,02861
32,555;-0,02861
32,556667;-0,02861
32,558333;-0,02861
32,56;-0,02861
32,561667;-0,02861
32,563333;-0,02861
32,565;-0,02861
32,566667;-0,02861
32,568333;-0,02861
32,57;-0,02861
32,571667;-0,02861
32,573333;-0,02861
32,575;-0,02861
32,576667;-0,02861
32,578333;-0,02861
32,58;-0,02861
32,581667;-0,02861
32,583333;-0,02861
32,585;-0,02861
32,586667;-0,02861
32,588333;-0,02861
32,59;-0,02861
32,591667;-0,02861
32,593333;-0,02861
32,595;-0,02861
32,596667;-0,02861
32,598333;-0,02861
32,6;-0,02861
32,601667;-0,02861
32,603333;-0,02861
32,605;-0,02861
32,606667;-0,02861
32,608333;-0,02861
32,61;-0,02861
32,611667;-0,02861
32,613333;-0,02861
32,615;-0,02861
32,616667;-0,02861
32,618333;-0,02861
32,62;-0,02861
32,621667;-0,02861
32,623333;-0,02861
32,625;-0,02861
32,626667;-0,02861
32,628333;-0,02861
32,63;-0,02861
32,631667;-0,02861
32,633333;-0,02861
32,635;-0,02861
32,636667;-0,02861
32,638333;-0,02861
32,64;-0,02861
32,641667;-0,02861
32,643333;-0,02861
32,645;-0,02861
32,646667;-0,02861
32,648333;-0,02861
32,65;-0,02861
32,651667;-0,02861
32,653333;-0,02861
32,655;-0,02861
32,656667;-0,02861
32,658333;-0,02861
32,66;-0,02861
32,661667;-0,02861
32,663333;-0,02861
32,665;-0,02861
32,666667;-0,02861
32,668333;-0,02861
32,67;-0,02861
32,671667;-0,02861
32,673333;-0,02861
32,675;-0,02861
32,676667;-0,02861
32,678333;-0,02861
32,68;-0,02861
32,681667;-0,02861
32,683333;-0,02861
32,685;-0,02861
32,686667;-0,02861
32,688333;-0,02861
32,69;-0,02861
32,691667;-0,02861
32,693333;-0,02861
32,695;-0,02861
32,696667;-0,02861
32,698333;-0,02861
32,7;-0,02861
32,701667;-0,02861
32,703333;-0,02861
32,705;-0,02861
32,706667;-0,02861
32,708333;-0,02861
32,71;-0,02861
32,711667;-0,02861
32,713333;-0,02861
32,715;-0,02861
32,716667;-0,02861
32,718333;-0,02861
32,72;-0,02861
32,721667;-0,02861
32,723333;-0,031471
32,725;-0,031471
32,726667;-0,031471
32,728333;-0,031471
32,73;-0,031471
32,731667;-0,031471
32,733333;-0,031471
32,735;-0,031471
32,736667;-0,031471
32,738333;-0,031471
32,74;-0,031471
32,741667;-0,031471
32,743333;-0,031471
32,745;-0,031471
32,746667;-0,031471
32,748333;-0,031471
32,75;-0,031471
32,751667;-0,031471
32,753333;-0,031471
32,755;-0,031471
32,756667;-0,031471
32,758333;-0,031471
32,76;-0,031471
32,761667;-0,031471
32,763333;-0,031471
32,765;-0,031471
32,766667;-0,031471
32,768333;-0,031471
32,77;-0,031471
32,771667;-0,031471
32,773333;-0,031471
32,775;-0,031471
32,776667;-0,031471
32,778333;-0,031471
32,78;-0,031471
32,781667;-0,031471
32,783333;-0,031471
32,785;-0,031471
32,786667;-0,031471
32,788333;-0,031471
32,79;-0,031471
32,791667;-0,031471
32,793333;-0,031471
32,795;-0,031471
32,796667;-0,031471
32,798333;-0,031471
32,8;-0,031471
32,801667;-0,031471
32,803333;-0,031471
32,805;-0,031471
32,806667;-0,031471
32,808333;-0,031471
32,81;-0,031471
32,811667;-0,031471
32,813333;-0,031471
32,815;-0,031471
32,816667;-0,031471
32,818333;-0,02861
32,82;-0,02861
32,821667;-0,02861
32,823333;-0,02861
32,825;-0,02861
32,826667;-0,02861
32,828333;-0,02861
32,83;-0,02861
32,831667;-0,02861
32,833333;-0,02861
32,835;-0,02861
32,836667;-0,02861
32,838333;-0,02861
32,84;-0,02861
32,841667;-0,02861
32,843333;-0,02861
32,845;-0,02861
32,846667;-0,02861
32,848333;-0,02861
32,85;-0,02861
32,851667;-0,02861
32,853333;-0,02861
32,855;-0,02861
32,856667;-0,02861
32,858333;-0,02861
32,86;-0,02861
32,861667;-0,02861
32,863333;-0,02861
32,865;-0,02861
32,866667;-0,02861
32,868333;-0,02861
32,87;-0,02861
32,871667;-0,02861
32,873333;-0,02861
32,875;-0,02861
32,876667;-0,031471
32,878333;-0,031471
32,88;-0,031471
32,881667;-0,031471
32,883333;-0,031471
32,885;-0,031471
32,886667;-0,031471
32,888333;-0,031471
32,89;-0,031471
32,891667;-0,031471
32,893333;-0,02861
32,895;-0,031471
32,896667;-0,031471
32,898333;-0,031471
32,9;-0,031471
32,901667;-0,031471
32,903333;-0,031471
32,905;-0,031471
32,906667;-0,031471
32,908333;-0,031471
32,91;-0,031471
32,911667;-0,031471
32,913333;-0,031471
32,915;-0,031471
32,916667;-0,031471
32,918333;-0,031471
32,92;-0,031471
32,921667;-0,031471
32,923333;-0,02861
32,925;-0,02861
32,926667;-0,02861
32,928333;-0,02861
32,93;-0,02861
32,931667;-0,02861
32,933333;-0,02861
32,935;-0,02861
32,936667;-0,02861
32,938333;-0,02861
32,94;-0,031471
32,941667;-0,031471
32,943333;-0,031471
32,945;-0,031471
32,946667;-0,031471
32,948333;-0,031471
32,95;-0,031471
32,951667;-0,031471
32,953333;-0,031471
32,955;-0,031471
32,956667;-0,031471
32,958333;-0,031471
32,96;-0,031471
32,961667;-0,031471
32,963333;-0,031471
32,965;-0,031471
32,966667;-0,031471
32,968333;-0,031471
32,97;-0,031471
32,971667;-0,031471
32,973333;-0,031471
32,975;-0,031471
32,976667;-0,031471
32,978333;-0,031471
32,98;-0,02861
32,981667;-0,02861
32,983333;-0,02861
32,985;-0,02861
32,986667;-0,02861
32,988333;-0,02861
32,99;-0,02861
32,991667;-0,02861
32,993333;-0,02861
32,995;-0,02861
32,996667;-0,02861
32,998333;-0,02861
33;-0,02861
33,001667;-0,02861
33,003333;-0,02861
33,005;-0,02861
33,006667;-0,031471
33,008333;-0,031471
33,01;-0,031471
33,011667;-0,031471
33,013333;-0,031471
33,015;-0,031471
33,016667;-0,031471
33,018333;-0,031471
33,02;-0,031471
33,021667;-0,031471
33,023333;-0,031471
33,025;-0,031471
33,026667;-0,031471
33,028333;-0,031471
33,03;-0,031471
33,031667;-0,031471
33,033333;-0,031471
33,035;-0,031471
33,036667;-0,031471
33,038333;-0,031471
33,04;-0,031471
33,041667;-0,031471
33,043333;-0,031471
33,045;-0,031471
33,046667;-0,031471
33,048333;-0,031471
33,05;-0,031471
33,051667;-0,031471
33,053333;-0,031471
33,055;-0,031471
33,056667;-0,031471
33,058333;-0,031471
33,06;-0,031471
33,061667;-0,031471
33,063333;-0,031471
33,065;-0,031471
33,066667;-0,031471
33,068333;-0,031471
33,07;-0,031471
33,071667;-0,031471
33,073333;-0,031471
33,075;-0,031471
33,076667;-0,031471
33,078333;-0,031471
33,08;-0,031471
33,081667;-0,031471
33,083333;-0,031471
33,085;-0,031471
33,086667;-0,031471
33,088333;-0,031471
33,09;-0,031471
33,091667;-0,031471
33,093333;-0,031471
33,095;-0,031471
33,096667;-0,031471
33,098333;-0,031471
33,1;-0,031471
33,101667;-0,031471
33,103333;-0,031471
33,105;-0,031471
33,106667;-0,031471
33,108333;-0,031471
33,11;-0,031471
33,111667;-0,031471
33,113333;-0,031471
33,115;-0,031471
33,116667;-0,031471
33,118333;-0,031471
33,12;-0,031471
33,121667;-0,031471
33,123333;-0,031471
33,125;-0,031471
33,126667;-0,031471
33,128333;-0,031471
33,13;-0,031471
33,131667;-0,031471
33,133333;-0,031471
33,135;-0,031471
33,136667;-0,031471
33,138333;-0,031471
33,14;-0,031471
33,141667;-0,031471
33,143333;-0,031471
33,145;-0,031471
33,146667;-0,031471
33,148333;-0,031471
33,15;-0,031471
33,151667;-0,031471
33,153333;-0,031471
33,155;-0,031471
33,156667;-0,031471
33,158333;-0,031471
33,16;-0,031471
33,161667;-0,031471
33,163333;-0,031471
33,165;-0,031471
33,166667;-0,031471
33,168333;-0,031471
33,17;-0,031471
33,171667;-0,031471
33,173333;-0,031471
33,175;-0,031471
33,176667;-0,031471
33,178333;-0,031471
33,18;-0,031471
33,181667;-0,031471
33,183333;-0,031471
33,185;-0,031471
33,186667;-0,031471
33,188333;-0,031471
33,19;-0,031471
33,191667;-0,031471
33,193333;-0,031471
33,195;-0,031471
33,196667;-0,031471
33,198333;-0,031471
33,2;-0,031471
33,201667;-0,031471
33,203333;-0,031471
33,205;-0,031471
33,206667;-0,031471
33,208333;-0,031471
33,21;-0,031471
33,211667;-0,031471
33,213333;-0,031471
33,215;-0,031471
33,216667;-0,031471
33,218333;-0,031471
33,22;-0,031471
33,221667;-0,031471
33,223333;-0,031471
33,225;-0,031471
33,226667;-0,031471
33,228333;-0,031471
33,23;-0,031471
33,231667;-0,031471
33,233333;-0,031471
33,235;-0,031471
33,236667;-0,031471
33,238333;-0,031471
33,24;-0,031471
33,241667;-0,031471
33,243333;-0,031471
33,245;-0,031471
33,246667;-0,031471
33,248333;-0,031471
33,25;-0,031471
33,251667;-0,031471
33,253333;-0,031471
33,255;-0,031471
33,256667;-0,031471
33,258333;-0,031471
33,26;-0,031471
33,261667;-0,031471
33,263333;-0,031471
33,265;-0,031471
33,266667;-0,031471
33,268333;-0,031471
33,27;-0,031471
33,271667;-0,031471
33,273333;-0,031471
33,275;-0,031471
33,276667;-0,031471
33,278333;-0,031471
33,28;-0,031471
33,281667;-0,031471
33,283333;-0,031471
33,285;-0,031471
33,286667;-0,031471
33,288333;-0,031471
33,29;-0,031471
33,291667;-0,031471
33,293333;-0,031471
33,295;-0,031471
33,296667;-0,031471
33,298333;-0,031471
33,3;-0,031471
33,301667;-0,031471
33,303333;-0,031471
33,305;-0,031471
33,306667;-0,031471
33,308333;-0,031471
33,31;-0,031471
33,311667;-0,031471
33,313333;-0,031471
33,315;-0,031471
33,316667;-0,031471
33,318333;-0,031471
33,32;-0,031471
33,321667;-0,031471
33,323333;-0,031471
33,325;-0,031471
33,326667;-0,031471
33,328333;-0,031471
33,33;-0,031471
33,331667;-0,031471
33,333333;-0,031471
33,335;-0,031471
33,336667;-0,031471
33,338333;-0,031471
33,34;-0,031471
33,341667;-0,031471
33,343333;-0,031471
33,345;-0,031471
33,346667;-0,031471
33,348333;-0,031471
33,35;-0,031471
33,351667;-0,031471
33,353333;-0,031471
33,355;-0,031471
33,356667;-0,031471
33,358333;-0,031471
33,36;-0,031471
33,361667;-0,031471
33,363333;-0,031471
33,365;-0,031471
33,366667;-0,031471
33,368333;-0,031471
33,37;-0,031471
33,371667;-0,031471
33,373333;-0,031471
33,375;-0,031471
33,376667;-0,031471
33,378333;-0,031471
33,38;-0,031471
33,381667;-0,031471
33,383333;-0,031471
33,385;-0,031471
33,386667;-0,031471
33,388333;-0,031471
33,39;-0,031471
33,391667;-0,031471
33,393333;-0,031471
33,395;-0,031471
33,396667;-0,031471
33,398333;-0,031471
33,4;-0,031471
33,401667;-0,031471
33,403333;-0,031471
33,405;-0,031471
33,406667;-0,031471
33,408333;-0,031471
33,41;-0,031471
33,411667;-0,031471
33,413333;-0,031471
33,415;-0,031471
33,416667;-0,031471
33,418333;-0,031471
33,42;-0,031471
33,421667;-0,031471
33,423333;-0,031471
33,425;-0,031471
33,426667;-0,031471
33,428333;-0,031471
33,43;-0,031471
33,431667;-0,031471
33,433333;-0,031471
33,435;-0,031471
33,436667;-0,031471
33,438333;-0,031471
33,44;-0,031471
33,441667;-0,031471
33,443333;-0,031471
33,445;-0,031471
33,446667;-0,031471
33,448333;-0,031471
33,45;-0,031471
33,451667;-0,031471
33,453333;-0,031471
33,455;-0,031471
33,456667;-0,031471
33,458333;-0,031471
33,46;-0,031471
33,461667;-0,031471
33,463333;-0,031471
33,465;-0,031471
33,466667;-0,031471
33,468333;-0,031471
33,47;-0,031471
33,471667;-0,031471
33,473333;-0,031471
33,475;-0,031471
33,476667;-0,031471
33,478333;-0,031471
33,48;-0,031471
33,481667;-0,031471
33,483333;-0,034332
33,485;-0,034332
33,486667;-0,034332
33,488333;-0,034332
33,49;-0,031471
33,491667;-0,031471
33,493333;-0,031471
33,495;-0,031471
33,496667;-0,031471
33,498333;-0,031471
33,5;-0,031471
33,501667;-0,031471
33,503333;-0,031471
33,505;-0,031471
33,506667;-0,031471
33,508333;-0,031471
33,51;-0,031471
33,511667;-0,031471
33,513333;-0,031471
33,515;-0,031471
33,516667;-0,031471
33,518333;-0,031471
33,52;-0,031471
33,521667;-0,031471
33,523333;-0,031471
33,525;-0,031471
33,526667;-0,031471
33,528333;-0,031471
33,53;-0,031471
33,531667;-0,031471
33,533333;-0,031471
33,535;-0,031471
33,536667;-0,031471
33,538333;-0,031471
33,54;-0,031471
33,541667;-0,031471
33,543333;-0,031471
33,545;-0,031471
33,546667;-0,031471
33,548333;-0,031471
33,55;-0,031471
33,551667;-0,031471
33,553333;-0,031471
33,555;-0,031471
33,556667;-0,031471
33,558333;-0,031471
33,56;-0,031471
33,561667;-0,031471
33,563333;-0,031471
33,565;-0,031471
33,566667;-0,031471
33,568333;-0,031471
33,57;-0,031471
33,571667;-0,031471
33,573333;-0,031471
33,575;-0,031471
33,576667;-0,031471
33,578333;-0,031471
33,58;-0,031471
33,581667;-0,031471
33,583333;-0,031471
33,585;-0,031471
33,586667;-0,031471
33,588333;-0,031471
33,59;-0,031471
33,591667;-0,031471
33,593333;-0,031471
33,595;-0,031471
33,596667;-0,031471
33,598333;-0,031471
33,6;-0,031471
33,601667;-0,031471
33,603333;-0,031471
33,605;-0,031471
33,606667;-0,031471
33,608333;-0,031471
33,61;-0,031471
33,611667;-0,031471
33,613333;-0,031471
33,615;-0,031471
33,616667;-0,031471
33,618333;-0,031471
33,62;-0,031471
33,621667;-0,031471
33,623333;-0,031471
33,625;-0,031471
33,626667;-0,031471
33,628333;-0,031471
33,63;-0,031471
33,631667;-0,031471
33,633333;-0,031471
33,635;-0,031471
33,636667;-0,031471
33,638333;-0,031471
33,64;-0,031471
33,641667;-0,031471
33,643333;-0,031471
33,645;-0,031471
33,646667;-0,031471
33,648333;-0,031471
33,65;-0,031471
33,651667;-0,031471
33,653333;-0,031471
33,655;-0,031471
33,656667;-0,031471
33,658333;-0,031471
33,66;-0,031471
33,661667;-0,031471
33,663333;-0,031471
33,665;-0,031471
33,666667;-0,031471
33,668333;-0,031471
33,67;-0,031471
33,671667;-0,031471
33,673333;-0,031471
33,675;-0,031471
33,676667;-0,031471
33,678333;-0,031471
33,68;-0,031471
33,681667;-0,031471
33,683333;-0,031471
33,685;-0,031471
33,686667;-0,031471
33,688333;-0,031471
33,69;-0,031471
33,691667;-0,031471
33,693333;-0,031471
33,695;-0,031471
33,696667;-0,031471
33,698333;-0,031471
33,7;-0,031471
33,701667;-0,031471
33,703333;-0,031471
33,705;-0,031471
33,706667;-0,031471
33,708333;-0,031471
33,71;-0,031471
33,711667;-0,031471
33,713333;-0,031471
33,715;-0,031471
33,716667;-0,031471
33,718333;-0,031471
33,72;-0,031471
33,721667;-0,031471
33,723333;-0,031471
33,725;-0,031471
33,726667;-0,031471
33,728333;-0,031471
33,73;-0,031471
33,731667;-0,031471
33,733333;-0,031471
33,735;-0,031471
33,736667;-0,031471
33,738333;-0,031471
33,74;-0,031471
33,741667;-0,031471
33,743333;-0,031471
33,745;-0,031471
33,746667;-0,031471
33,748333;-0,031471
33,75;-0,031471
33,751667;-0,031471
33,753333;-0,031471
33,755;-0,031471
33,756667;-0,031471
33,758333;-0,031471
33,76;-0,031471
33,761667;-0,031471
33,763333;-0,031471
33,765;-0,031471
33,766667;-0,031471
33,768333;-0,031471
33,77;-0,031471
33,771667;-0,031471
33,773333;-0,031471
33,775;-0,031471
33,776667;-0,031471
33,778333;-0,031471
33,78;-0,031471
33,781667;-0,031471
33,783333;-0,031471
33,785;-0,031471
33,786667;-0,031471
33,788333;-0,031471
33,79;-0,031471
33,791667;-0,031471
33,793333;-0,031471
33,795;-0,031471
33,796667;-0,031471
33,798333;-0,031471
33,8;-0,031471
33,801667;-0,031471
33,803333;-0,031471
33,805;-0,031471
33,806667;-0,031471
33,808333;-0,031471
33,81;-0,031471
33,811667;-0,031471
33,813333;-0,031471
33,815;-0,031471
33,816667;-0,031471
33,818333;-0,031471
33,82;-0,031471
33,821667;-0,031471
33,823333;-0,031471
33,825;-0,031471
33,826667;-0,031471
33,828333;-0,031471
33,83;-0,031471
33,831667;-0,031471
33,833333;-0,031471
33,835;-0,031471
33,836667;-0,031471
33,838333;-0,031471
33,84;-0,031471
33,841667;-0,031471
33,843333;-0,031471
33,845;-0,031471
33,846667;-0,031471
33,848333;-0,031471
33,85;-0,031471
33,851667;-0,031471
33,853333;-0,031471
33,855;-0,031471
33,856667;-0,031471
33,858333;-0,031471
33,86;-0,031471
33,861667;-0,031471
33,863333;-0,031471
33,865;-0,031471
33,866667;-0,031471
33,868333;-0,031471
33,87;-0,031471
33,871667;-0,031471
33,873333;-0,031471
33,875;-0,031471
33,876667;-0,031471
33,878333;-0,031471
33,88;-0,031471
33,881667;-0,031471
33,883333;-0,031471
33,885;-0,031471
33,886667;-0,031471
33,888333;-0,031471
33,89;-0,031471
33,891667;-0,031471
33,893333;-0,031471
33,895;-0,031471
33,896667;-0,031471
33,898333;-0,031471
33,9;-0,031471
33,901667;-0,031471
33,903333;-0,031471
33,905;-0,031471
33,906667;-0,031471
33,908333;-0,031471
33,91;-0,031471
33,911667;-0,031471
33,913333;-0,031471
33,915;-0,031471
33,916667;-0,031471
33,918333;-0,031471
33,92;-0,031471
33,921667;-0,031471
33,923333;-0,031471
33,925;-0,031471
33,926667;-0,031471
33,928333;-0,031471
33,93;-0,031471
33,931667;-0,031471
33,933333;-0,031471
33,935;-0,031471
33,936667;-0,031471
33,938333;-0,031471
33,94;-0,031471
33,941667;-0,031471
33,943333;-0,031471
33,945;-0,031471
33,946667;-0,031471
33,948333;-0,031471
33,95;-0,031471
33,951667;-0,031471
33,953333;-0,031471
33,955;-0,031471
33,956667;-0,031471
33,958333;-0,031471
33,96;-0,031471
33,961667;-0,031471
33,963333;-0,031471
33,965;-0,031471
33,966667;-0,031471
33,968333;-0,031471
33,97;-0,031471
33,971667;-0,031471
33,973333;-0,031471
33,975;-0,031471
33,976667;-0,031471
33,978333;-0,031471
33,98;-0,031471
33,981667;-0,031471
33,983333;-0,031471
33,985;-0,031471
33,986667;-0,031471
33,988333;-0,031471
33,99;-0,031471
33,991667;-0,031471
33,993333;-0,031471
33,995;-0,031471
33,996667;-0,031471
33,998333;-0,031471
34;-0,031471
34,001667;-0,031471
34,003333;-0,031471
34,005;-0,031471
34,006667;-0,031471
34,008333;-0,031471
34,01;-0,031471
34,011667;-0,031471
34,013333;-0,031471
34,015;-0,02861
34,016667;-0,02861
34,018333;-0,02861
34,02;-0,031471
34,021667;-0,031471
34,023333;-0,031471
34,025;-0,031471
34,026667;-0,031471
34,028333;-0,031471
34,03;-0,031471
34,031667;-0,031471
34,033333;-0,031471
34,035;-0,031471
34,036667;-0,031471
34,038333;-0,031471
34,04;-0,031471
34,041667;-0,031471
34,043333;-0,031471
34,045;-0,031471
34,046667;-0,031471
34,048333;-0,031471
34,05;-0,031471
34,051667;-0,031471
34,053333;-0,031471
34,055;-0,031471
34,056667;-0,031471
34,058333;-0,031471
34,06;-0,031471
34,061667;-0,031471
34,063333;-0,031471
34,065;-0,031471
34,066667;-0,031471
34,068333;-0,031471
34,07;-0,031471
34,071667;-0,031471
34,073333;-0,031471
34,075;-0,031471
34,076667;-0,031471
34,078333;-0,031471
34,08;-0,031471
34,081667;-0,031471
34,083333;-0,031471
34,085;-0,031471
34,086667;-0,031471
34,088333;-0,031471
34,09;-0,031471
34,091667;-0,031471
34,093333;-0,031471
34,095;-0,031471
34,096667;-0,031471
34,098333;-0,031471
34,1;-0,031471
34,101667;-0,031471
34,103333;-0,031471
34,105;-0,031471
34,106667;-0,031471
34,108333;-0,031471
34,11;-0,031471
34,111667;-0,031471
34,113333;-0,031471
34,115;-0,031471
34,116667;-0,031471
34,118333;-0,031471
34,12;-0,031471
34,121667;-0,031471
34,123333;-0,031471
34,125;-0,031471
34,126667;-0,031471
34,128333;-0,031471
34,13;-0,031471
34,131667;-0,031471
34,133333;-0,031471
34,135;-0,031471
34,136667;-0,031471
34,138333;-0,031471
34,14;-0,031471
34,141667;-0,031471
34,143333;-0,031471
34,145;-0,031471
34,146667;-0,031471
34,148333;-0,031471
34,15;-0,031471
34,151667;-0,031471
34,153333;-0,031471
34,155;-0,031471
34,156667;-0,031471
34,158333;-0,031471
34,16;-0,031471
34,161667;-0,031471
34,163333;-0,031471
34,165;-0,031471
34,166667;-0,031471
34,168333;-0,031471
34,17;-0,031471
34,171667;-0,031471
34,173333;-0,031471
34,175;-0,031471
34,176667;-0,031471
34,178333;-0,031471
34,18;-0,031471
34,181667;-0,031471
34,183333;-0,031471
34,185;-0,031471
34,186667;-0,031471
34,188333;-0,031471
34,19;-0,031471
34,191667;-0,031471
34,193333;-0,031471
34,195;-0,031471
34,196667;-0,031471
34,198333;-0,031471
34,2;-0,031471
34,201667;-0,031471
34,203333;-0,031471
34,205;-0,031471
34,206667;-0,031471
34,208333;-0,031471
34,21;-0,031471
34,211667;-0,031471
34,213333;-0,031471
34,215;-0,031471
34,216667;-0,031471
34,218333;-0,031471
34,22;-0,031471
34,221667;-0,031471
34,223333;-0,031471
34,225;-0,031471
34,226667;-0,031471
34,228333;-0,031471
34,23;-0,031471
34,231667;-0,031471
34,233333;-0,031471
34,235;-0,031471
34,236667;-0,031471
34,238333;-0,031471
34,24;-0,031471
34,241667;-0,031471
34,243333;-0,031471
34,245;-0,031471
34,246667;-0,031471
34,248333;-0,031471
34,25;-0,031471
34,251667;-0,031471
34,253333;-0,031471
34,255;-0,031471
34,256667;-0,031471
34,258333;-0,031471
34,26;-0,031471
34,261667;-0,031471
34,263333;-0,031471
34,265;-0,031471
34,266667;-0,031471
34,268333;-0,031471
34,27;-0,031471
34,271667;-0,031471
34,273333;-0,031471
34,275;-0,031471
34,276667;-0,031471
34,278333;-0,031471
34,28;-0,031471
34,281667;-0,031471
34,283333;-0,031471
34,285;-0,031471
34,286667;-0,031471
34,288333;-0,031471
34,29;-0,031471
34,291667;-0,031471
34,293333;-0,031471
34,295;-0,031471
34,296667;-0,031471
34,298333;-0,031471
34,3;-0,031471
34,301667;-0,031471
34,303333;-0,031471
34,305;-0,031471
34,306667;-0,031471
34,308333;-0,031471
34,31;-0,031471
34,311667;-0,031471
34,313333;-0,031471
34,315;-0,031471
34,316667;-0,031471
34,318333;-0,031471
34,32;-0,031471
34,321667;-0,031471
34,323333;-0,031471
34,325;-0,031471
34,326667;-0,031471
34,328333;-0,031471
34,33;-0,031471
34,331667;-0,031471
34,333333;-0,031471
34,335;-0,031471
34,336667;-0,031471
34,338333;-0,031471
34,34;-0,031471
34,341667;-0,031471
34,343333;-0,031471
34,345;-0,031471
34,346667;-0,031471
34,348333;-0,031471
34,35;-0,031471
34,351667;-0,031471
34,353333;-0,031471
34,355;-0,031471
34,356667;-0,031471
34,358333;-0,031471
34,36;-0,031471
34,361667;-0,031471
34,363333;-0,031471
34,365;-0,031471
34,366667;-0,031471
34,368333;-0,031471
34,37;-0,031471
34,371667;-0,031471
34,373333;-0,031471
34,375;-0,031471
34,376667;-0,031471
34,378333;-0,031471
34,38;-0,031471
34,381667;-0,031471
34,383333;-0,031471
34,385;-0,031471
34,386667;-0,031471
34,388333;-0,031471
34,39;-0,031471
34,391667;-0,031471
34,393333;-0,031471
34,395;-0,031471
34,396667;-0,031471
34,398333;-0,031471
34,4;-0,031471
34,401667;-0,031471
34,403333;-0,031471
34,405;-0,031471
34,406667;-0,031471
34,408333;-0,031471
34,41;-0,031471
34,411667;-0,031471
34,413333;-0,031471
34,415;-0,031471
34,416667;-0,031471
34,418333;-0,031471
34,42;-0,031471
34,421667;-0,031471
34,423333;-0,031471
34,425;-0,031471
34,426667;-0,031471
34,428333;-0,031471
34,43;-0,031471
34,431667;-0,031471
34,433333;-0,031471
34,435;-0,031471
34,436667;-0,031471
34,438333;-0,031471
34,44;-0,031471
34,441667;-0,031471
34,443333;-0,031471
34,445;-0,031471
34,446667;-0,031471
34,448333;-0,031471
34,45;-0,031471
34,451667;-0,031471
34,453333;-0,031471
34,455;-0,031471
34,456667;-0,031471
34,458333;-0,031471
34,46;-0,031471
34,461667;-0,031471
34,463333;-0,031471
34,465;-0,031471
34,466667;-0,031471
34,468333;-0,031471
34,47;-0,031471
34,471667;-0,031471
34,473333;-0,031471
34,475;-0,031471
34,476667;-0,031471
34,478333;-0,031471
34,48;-0,031471
34,481667;-0,031471
34,483333;-0,031471
34,485;-0,031471
34,486667;-0,031471
34,488333;-0,031471
34,49;-0,031471
34,491667;-0,031471
34,493333;-0,031471
34,495;-0,031471
34,496667;-0,031471
34,498333;-0,031471
34,5;-0,031471
34,501667;-0,031471
34,503333;-0,031471
34,505;-0,031471
34,506667;-0,031471
34,508333;-0,031471
34,51;-0,031471
34,511667;-0,031471
34,513333;-0,031471
34,515;-0,031471
34,516667;-0,031471
34,518333;-0,031471
34,52;-0,031471
34,521667;-0,031471
34,523333;-0,031471
34,525;-0,031471
34,526667;-0,031471
34,528333;-0,031471
34,53;-0,031471
34,531667;-0,031471
34,533333;-0,031471
34,535;-0,031471
34,536667;-0,031471
34,538333;-0,031471
34,54;-0,031471
34,541667;-0,031471
34,543333;-0,031471
34,545;-0,031471
34,546667;-0,031471
34,548333;-0,031471
34,55;-0,031471
34,551667;-0,031471
34,553333;-0,031471
34,555;-0,031471
34,556667;-0,031471
34,558333;-0,031471
34,56;-0,031471
34,561667;-0,031471
34,563333;-0,031471
34,565;-0,031471
34,566667;-0,031471
34,568333;-0,031471
34,57;-0,031471
34,571667;-0,031471
34,573333;-0,031471
34,575;-0,031471
34,576667;-0,031471
34,578333;-0,031471
34,58;-0,031471
34,581667;-0,031471
34,583333;-0,031471
34,585;-0,031471
34,586667;-0,031471
34,588333;-0,031471
34,59;-0,031471
34,591667;-0,031471
34,593333;-0,031471
34,595;-0,031471
34,596667;-0,031471
34,598333;-0,031471
34,6;-0,031471
34,601667;-0,031471
34,603333;-0,031471
34,605;-0,031471
34,606667;-0,031471
34,608333;-0,031471
34,61;-0,031471
34,611667;-0,031471
34,613333;-0,031471
34,615;-0,031471
34,616667;-0,031471
34,618333;-0,031471
34,62;-0,031471
34,621667;-0,031471
34,623333;-0,031471
34,625;-0,031471
34,626667;-0,031471
34,628333;-0,031471
34,63;-0,031471
34,631667;-0,031471
34,633333;-0,031471
34,635;-0,031471
34,636667;-0,031471
34,638333;-0,031471
34,64;-0,031471
34,641667;-0,031471
34,643333;-0,031471
34,645;-0,031471
34,646667;-0,031471
34,648333;-0,031471
34,65;-0,031471
34,651667;-0,031471
34,653333;-0,031471
34,655;-0,031471
34,656667;-0,031471
34,658333;-0,031471
34,66;-0,031471
34,661667;-0,031471
34,663333;-0,031471
34,665;-0,031471
34,666667;-0,031471
34,668333;-0,031471
34,67;-0,031471
34,671667;-0,031471
34,673333;-0,031471
34,675;-0,031471
34,676667;-0,031471
34,678333;-0,031471
34,68;-0,031471
34,681667;-0,031471
34,683333;-0,031471
34,685;-0,031471
34,686667;-0,031471
34,688333;-0,031471
34,69;-0,031471
34,691667;-0,031471
34,693333;-0,031471
34,695;-0,031471
34,696667;-0,031471
34,698333;-0,031471
34,7;-0,031471
34,701667;-0,031471
34,703333;-0,031471
34,705;-0,031471
34,706667;-0,031471
34,708333;-0,031471
34,71;-0,031471
34,711667;-0,031471
34,713333;-0,031471
34,715;-0,031471
34,716667;-0,031471
34,718333;-0,031471
34,72;-0,031471
34,721667;-0,031471
34,723333;-0,031471
34,725;-0,031471
34,726667;-0,031471
34,728333;-0,031471
34,73;-0,031471
34,731667;-0,031471
34,733333;-0,031471
34,735;-0,031471
34,736667;-0,031471
34,738333;-0,031471
34,74;-0,031471
34,741667;-0,031471
34,743333;-0,031471
34,745;-0,031471
34,746667;-0,031471
34,748333;-0,031471
34,75;-0,031471
34,751667;-0,031471
34,753333;-0,031471
34,755;-0,031471
34,756667;-0,031471
34,758333;-0,031471
34,76;-0,031471
34,761667;-0,031471
34,763333;-0,031471
34,765;-0,031471
34,766667;-0,031471
34,768333;-0,031471
34,77;-0,031471
34,771667;-0,031471
34,773333;-0,031471
34,775;-0,031471
34,776667;-0,031471
34,778333;-0,031471
34,78;-0,031471
34,781667;-0,031471
34,783333;-0,031471
34,785;-0,031471
34,786667;-0,031471
34,788333;-0,031471
34,79;-0,031471
34,791667;-0,031471
34,793333;-0,031471
34,795;-0,031471
34,796667;-0,031471
34,798333;-0,031471
34,8;-0,031471
34,801667;-0,031471
34,803333;-0,031471
34,805;-0,031471
34,806667;-0,031471
34,808333;-0,031471
34,81;-0,031471
34,811667;-0,031471
34,813333;-0,031471
34,815;-0,02861
34,816667;-0,02861
34,818333;-0,02861
34,82;-0,02861
34,821667;-0,02861
34,823333;-0,02861
34,825;-0,02861
34,826667;-0,02861
34,828333;-0,02861
34,83;-0,02861
34,831667;-0,02861
34,833333;-0,02861
34,835;-0,02861
34,836667;-0,02861
34,838333;-0,031471
34,84;-0,031471
34,841667;-0,031471
34,843333;-0,031471
34,845;-0,031471
34,846667;-0,031471
34,848333;-0,031471
34,85;-0,031471
34,851667;-0,031471
34,853333;-0,031471
34,855;-0,031471
34,856667;-0,031471
34,858333;-0,031471
34,86;-0,031471
34,861667;-0,031471
34,863333;-0,031471
34,865;-0,031471
34,866667;-0,02861
34,868333;-0,02861
34,87;-0,02861
34,871667;-0,02861
34,873333;-0,02861
34,875;-0,02861
34,876667;-0,02861
34,878333;-0,02861
34,88;-0,02861
34,881667;-0,02861
34,883333;-0,02861
34,885;-0,02861
34,886667;-0,02861
34,888333;-0,02861
34,89;-0,02861
34,891667;-0,02861
34,893333;-0,02861
34,895;-0,02861
34,896667;-0,02861
34,898333;-0,02861
34,9;-0,02861
34,901667;-0,02861
34,903333;-0,02861
34,905;-0,02861
34,906667;-0,02861
34,908333;-0,02861
34,91;-0,02861
34,911667;-0,02861
34,913333;-0,02861
34,915;-0,02861
34,916667;-0,02861
34,918333;-0,02861
34,92;-0,02861
34,921667;-0,02861
34,923333;-0,02861
34,925;-0,02861
34,926667;-0,02861
34,928333;-0,02861
34,93;-0,02861
34,931667;-0,02861
34,933333;-0,02861
34,935;-0,02861
34,936667;-0,02861
34,938333;-0,02861
34,94;-0,02861
34,941667;-0,02861
34,943333;-0,02861
34,945;-0,02861
34,946667;-0,02861
34,948333;-0,02861
34,95;-0,02861
34,951667;-0,02861
34,953333;-0,02861
34,955;-0,02861
34,956667;-0,02861
34,958333;-0,02861
34,96;-0,02861
34,961667;-0,02861
34,963333;-0,02861
34,965;-0,02861
34,966667;-0,02861
34,968333;-0,02861
34,97;-0,02861
34,971667;-0,02861
34,973333;-0,02861
34,975;-0,02861
34,976667;-0,02861
34,978333;-0,02861
34,98;-0,02861
34,981667;-0,02861
34,983333;-0,02861
34,985;-0,02861
34,986667;-0,02861
34,988333;-0,02861
34,99;-0,02861
34,991667;-0,02861
34,993333;-0,02861
34,995;-0,02861
34,996667;-0,02861
34,998333;-0,02861
35;-0,02861
35,001667;-0,02861
35,003333;-0,02861
35,005;-0,02861
35,006667;-0,02861
35,008333;-0,02861
35,01;-0,02861
35,011667;-0,02861
35,013333;-0,02861
35,015;-0,02861
35,016667;-0,02861
35,018333;-0,02861
35,02;-0,02861
35,021667;-0,02861
35,023333;-0,02861
35,025;-0,02861
35,026667;-0,02861
35,028333;-0,02861
35,03;-0,02861
35,031667;-0,02861
35,033333;-0,02861
35,035;-0,02861
35,036667;-0,02861
35,038333;-0,02861
35,04;-0,02861
35,041667;-0,02861
35,043333;-0,02861
35,045;-0,02861
35,046667;-0,02861
35,048333;-0,02861
35,05;-0,02861
35,051667;-0,02861
35,053333;-0,02861
35,055;-0,02861
35,056667;-0,02861
35,058333;-0,02861
35,06;-0,02861
35,061667;-0,02861
35,063333;-0,02861
35,065;-0,02861
35,066667;-0,02861
35,068333;-0,02861
35,07;-0,02861
35,071667;-0,02861
35,073333;-0,02861
35,075;-0,02861
35,076667;-0,02861
35,078333;-0,02861
35,08;-0,02861
35,081667;-0,02861
35,083333;-0,02861
35,085;-0,02861
35,086667;-0,02861
35,088333;-0,02861
35,09;-0,02861
35,091667;-0,02861
35,093333;-0,02861
35,095;-0,02861
35,096667;-0,02861
35,098333;-0,02861
35,1;-0,02861
35,101667;-0,02861
35,103333;-0,02861
35,105;-0,02861
35,106667;-0,02861
35,108333;-0,02861
35,11;-0,02861
35,111667;-0,02861
35,113333;-0,02861
35,115;-0,02861
35,116667;-0,02861
35,118333;-0,02861
35,12;-0,02861
35,121667;-0,02861
35,123333;-0,02861
35,125;-0,02861
35,126667;-0,02861
35,128333;-0,02861
35,13;-0,02861
35,131667;-0,02861
35,133333;-0,02861
35,135;-0,02861
35,136667;-0,02861
35,138333;-0,02861
35,14;-0,02861
35,141667;-0,02861
35,143333;-0,02861
35,145;-0,02861
35,146667;-0,02861
35,148333;-0,02861
35,15;-0,02861
35,151667;-0,02861
35,153333;-0,02861
35,155;-0,02861
35,156667;-0,02861
35,158333;-0,02861
35,16;-0,02861
35,161667;-0,02861
35,163333;-0,02861
35,165;-0,02861
35,166667;-0,02861
35,168333;-0,02861
35,17;-0,02861
35,171667;-0,02861
35,173333;-0,02861
35,175;-0,02861
35,176667;-0,02861
35,178333;-0,02861
35,18;-0,02861
35,181667;-0,02861
35,183333;-0,02861
35,185;-0,02861
35,186667;-0,02861
35,188333;-0,02861
35,19;-0,02861
35,191667;-0,02861
35,193333;-0,02861
35,195;-0,02861
35,196667;-0,02861
35,198333;-0,02861
35,2;-0,02861
35,201667;-0,02861
35,203333;-0,02861
35,205;-0,02861
35,206667;-0,02861
35,208333;-0,02861
35,21;-0,02861
35,211667;-0,02861
35,213333;-0,02861
35,215;-0,02861
35,216667;-0,02861
35,218333;-0,02861
35,22;-0,02861
35,221667;-0,02861
35,223333;-0,02861
35,225;-0,02861
35,226667;-0,02861
35,228333;-0,02861
35,23;-0,02861
35,231667;-0,02861
35,233333;-0,02861
35,235;-0,02861
35,236667;-0,02861
35,238333;-0,02861
35,24;-0,02861
35,241667;-0,02861
35,243333;-0,02861
35,245;-0,02861
35,246667;-0,02861
35,248333;-0,02861
35,25;-0,02861
35,251667;-0,02861
35,253333;-0,02861
35,255;-0,02861
35,256667;-0,02861
35,258333;-0,02861
35,26;-0,02861
35,261667;-0,02861
35,263333;-0,02861
35,265;-0,02861
35,266667;-0,02861
35,268333;-0,02861
35,27;-0,02861
35,271667;-0,02861
35,273333;-0,02861
35,275;-0,02861
35,276667;-0,02861
35,278333;-0,02861
35,28;-0,02861
35,281667;-0,02861
35,283333;-0,02861
35,285;-0,02861
35,286667;-0,02861
35,288333;-0,02861
35,29;-0,02861
35,291667;-0,02861
35,293333;-0,02861
35,295;-0,02861
35,296667;-0,02861
35,298333;-0,02861
35,3;-0,02861
35,301667;-0,02861
35,303333;-0,02861
35,305;-0,02861
35,306667;-0,02861
35,308333;-0,02861
35,31;-0,02861
35,311667;-0,02861
35,313333;-0,02861
35,315;-0,02861
35,316667;-0,02861
35,318333;-0,02861
35,32;-0,02861
35,321667;-0,02861
35,323333;-0,02861
35,325;-0,02861
35,326667;-0,02861
35,328333;-0,02861
35,33;-0,02861
35,331667;-0,02861
35,333333;-0,02861
35,335;-0,02861
35,336667;-0,02861
35,338333;-0,02861
35,34;-0,02861
35,341667;-0,02861
35,343333;-0,02861
35,345;-0,02861
35,346667;-0,02861
35,348333;-0,02861
35,35;-0,02861
35,351667;-0,02861
35,353333;-0,02861
35,355;-0,02861
35,356667;-0,02861
35,358333;-0,02861
35,36;-0,02861
35,361667;-0,02861
35,363333;-0,02861
35,365;-0,02861
35,366667;-0,02861
35,368333;-0,02861
35,37;-0,02861
35,371667;-0,02861
35,373333;-0,02861
35,375;-0,02861
35,376667;-0,02861
35,378333;-0,02861
35,38;-0,02861
35,381667;-0,02861
35,383333;-0,02861
35,385;-0,02861
35,386667;-0,02861
35,388333;-0,02861
35,39;-0,02861
35,391667;-0,02861
35,393333;-0,02861
35,395;-0,02861
35,396667;-0,02861
35,398333;-0,02861
35,4;-0,02861
35,401667;-0,02861
35,403333;-0,02861
35,405;-0,02861
35,406667;-0,02861
35,408333;-0,02861
35,41;-0,02861
35,411667;-0,02861
35,413333;-0,02861
35,415;-0,02861
35,416667;-0,02861
35,418333;-0,02861
35,42;-0,02861
35,421667;-0,02861
35,423333;-0,02861
35,425;-0,02861
35,426667;-0,02861
35,428333;-0,02861
35,43;-0,02861
35,431667;-0,025749
35,433333;-0,025749
35,435;-0,025749
35,436667;-0,025749
35,438333;-0,025749
35,44;-0,02861
35,441667;-0,02861
35,443333;-0,02861
35,445;-0,02861
35,446667;-0,02861
35,448333;-0,02861
35,45;-0,02861
35,451667;-0,025749
35,453333;-0,025749
35,455;-0,025749
35,456667;-0,025749
35,458333;-0,025749
35,46;-0,025749
35,461667;-0,025749
35,463333;-0,025749
35,465;-0,025749
35,466667;-0,025749
35,468333;-0,025749
35,47;-0,025749
35,471667;-0,025749
35,473333;-0,025749
35,475;-0,025749
35,476667;-0,025749
35,478333;-0,025749
35,48;-0,025749
35,481667;-0,025749
35,483333;-0,025749
35,485;-0,025749
35,486667;-0,025749
35,488333;-0,025749
35,49;-0,025749
35,491667;-0,025749
35,493333;-0,025749
35,495;-0,025749
35,496667;-0,025749
35,498333;-0,025749
35,5;-0,025749
35,501667;-0,025749
35,503333;-0,025749
35,505;-0,025749
35,506667;-0,025749
35,508333;-0,025749
35,51;-0,025749
35,511667;-0,025749
35,513333;-0,025749
35,515;-0,025749
35,516667;-0,025749
35,518333;-0,025749
35,52;-0,025749
35,521667;-0,025749
35,523333;-0,025749
35,525;-0,025749
35,526667;-0,025749
35,528333;-0,025749
35,53;-0,025749
35,531667;-0,025749
35,533333;-0,025749
35,535;-0,025749
35,536667;-0,025749
35,538333;-0,025749
35,54;-0,025749
35,541667;-0,025749
35,543333;-0,025749
35,545;-0,025749
35,546667;-0,025749
35,548333;-0,025749
35,55;-0,025749
35,551667;-0,025749
35,553333;-0,025749
35,555;-0,025749
35,556667;-0,025749
35,558333;-0,025749
35,56;-0,025749
35,561667;-0,025749
35,563333;-0,025749
35,565;-0,025749
35,566667;-0,025749
35,568333;-0,025749
35,57;-0,025749
35,571667;-0,025749
35,573333;-0,025749
35,575;-0,025749
35,576667;-0,025749
35,578333;-0,025749
35,58;-0,025749
35,581667;-0,025749
35,583333;-0,025749
35,585;-0,025749
35,586667;-0,025749
35,588333;-0,025749
35,59;-0,025749
35,591667;-0,025749
35,593333;-0,025749
35,595;-0,025749
35,596667;-0,025749
35,598333;-0,025749
35,6;-0,025749
35,601667;-0,025749
35,603333;-0,025749
35,605;-0,025749
35,606667;-0,025749
35,608333;-0,025749
35,61;-0,025749
35,611667;-0,025749
35,613333;-0,025749
35,615;-0,025749
35,616667;-0,025749
35,618333;-0,025749
35,62;-0,025749
35,621667;-0,025749
35,623333;-0,025749
35,625;-0,025749
35,626667;-0,025749
35,628333;-0,025749
35,63;-0,025749
35,631667;-0,025749
35,633333;-0,025749
35,635;-0,025749
35,636667;-0,025749
35,638333;-0,025749
35,64;-0,025749
35,641667;-0,025749
35,643333;-0,025749
35,645;-0,025749
35,646667;-0,025749
35,648333;-0,025749
35,65;-0,025749
35,651667;-0,025749
35,653333;-0,025749
35,655;-0,025749
35,656667;-0,025749
35,658333;-0,025749
35,66;-0,025749
35,661667;-0,025749
35,663333;-0,025749
35,665;-0,025749
35,666667;-0,025749
35,668333;-0,025749
35,67;-0,025749
35,671667;-0,025749
35,673333;-0,025749
35,675;-0,025749
35,676667;-0,025749
35,678333;-0,025749
35,68;-0,025749
35,681667;-0,025749
35,683333;-0,025749
35,685;-0,025749
35,686667;-0,025749
35,688333;-0,025749
35,69;-0,025749
35,691667;-0,025749
35,693333;-0,025749
35,695;-0,025749
35,696667;-0,025749
35,698333;-0,025749
35,7;-0,025749
35,701667;-0,025749
35,703333;-0,025749
35,705;-0,025749
35,706667;-0,025749
35,708333;-0,025749
35,71;-0,025749
35,711667;-0,025749
35,713333;-0,025749
35,715;-0,025749
35,716667;-0,025749
35,718333;-0,025749
35,72;-0,025749
35,721667;-0,025749
35,723333;-0,025749
35,725;-0,025749
35,726667;-0,025749
35,728333;-0,025749
35,73;-0,025749
35,731667;-0,025749
35,733333;-0,025749
35,735;-0,025749
35,736667;-0,025749
35,738333;-0,025749
35,74;-0,025749
35,741667;-0,025749
35,743333;-0,025749
35,745;-0,02861
35,746667;-0,02861
35,748333;-0,02861
35,75;-0,02861
35,751667;-0,02861
35,753333;-0,02861
35,755;-0,02861
35,756667;-0,02861
35,758333;-0,02861
35,76;-0,02861
35,761667;-0,02861
35,763333;-0,02861
35,765;-0,02861
35,766667;-0,02861
35,768333;-0,02861
35,77;-0,02861
35,771667;-0,025749
35,773333;-0,025749
35,775;-0,025749
35,776667;-0,025749
35,778333;-0,025749
35,78;-0,025749
35,781667;-0,025749
35,783333;-0,025749
35,785;-0,025749
35,786667;-0,025749
35,788333;-0,025749
35,79;-0,025749
35,791667;-0,025749
35,793333;-0,025749
35,795;-0,025749
35,796667;-0,025749
35,798333;-0,025749
35,8;-0,025749
35,801667;-0,025749
35,803333;-0,025749
35,805;-0,025749
35,806667;-0,025749
35,808333;-0,025749
35,81;-0,025749
35,811667;-0,025749
35,813333;-0,025749
35,815;-0,025749
35,816667;-0,025749
35,818333;-0,025749
35,82;-0,025749
35,821667;-0,025749
35,823333;-0,025749
35,825;-0,025749
35,826667;-0,025749
35,828333;-0,025749
35,83;-0,025749
35,831667;-0,025749
35,833333;-0,025749
35,835;-0,025749
35,836667;-0,025749
35,838333;-0,025749
35,84;-0,025749
35,841667;-0,025749
35,843333;-0,025749
35,845;-0,025749
35,846667;-0,025749
35,848333;-0,025749
35,85;-0,025749
35,851667;-0,025749
35,853333;-0,025749
35,855;-0,025749
35,856667;-0,025749
35,858333;-0,025749
35,86;-0,025749
35,861667;-0,025749
35,863333;-0,025749
35,865;-0,025749
35,866667;-0,025749
35,868333;-0,025749
35,87;-0,025749
35,871667;-0,025749
35,873333;-0,025749
35,875;-0,025749
35,876667;-0,025749
35,878333;-0,025749
35,88;-0,025749
35,881667;-0,025749
35,883333;-0,025749
35,885;-0,025749
35,886667;-0,025749
35,888333;-0,025749
35,89;-0,025749
35,891667;-0,025749
35,893333;-0,025749
35,895;-0,025749
35,896667;-0,025749
35,898333;-0,025749
35,9;-0,025749
35,901667;-0,025749
35,903333;-0,025749
35,905;-0,025749
35,906667;-0,025749
35,908333;-0,025749
35,91;-0,025749
35,911667;-0,025749
35,913333;-0,025749
35,915;-0,025749
35,916667;-0,025749
35,918333;-0,025749
35,92;-0,025749
35,921667;-0,025749
35,923333;-0,025749
35,925;-0,025749
35,926667;-0,025749
35,928333;-0,025749
35,93;-0,025749
35,931667;-0,025749
35,933333;-0,025749
35,935;-0,025749
35,936667;-0,025749
35,938333;-0,025749
35,94;-0,025749
35,941667;-0,025749
35,943333;-0,025749
35,945;-0,025749
35,946667;-0,025749
35,948333;-0,025749
35,95;-0,025749
35,951667;-0,025749
35,953333;-0,025749
35,955;-0,025749
35,956667;-0,025749
35,958333;-0,025749
35,96;-0,025749
35,961667;-0,025749
35,963333;-0,025749
35,965;-0,025749
35,966667;-0,025749
35,968333;-0,025749
35,97;-0,025749
35,971667;-0,025749
35,973333;-0,025749
35,975;-0,025749
35,976667;-0,025749
35,978333;-0,025749
35,98;-0,025749
35,981667;-0,025749
35,983333;-0,025749
35,985;-0,025749
35,986667;-0,025749
35,988333;-0,025749
35,99;-0,025749
35,991667;-0,025749
35,993333;-0,025749
35,995;-0,025749
35,996667;-0,025749
35,998333;-0,025749
36;-0,025749
36,001667;-0,025749
36,003333;-0,025749
36,005;-0,025749
36,006667;-0,025749
36,008333;-0,025749
36,01;-0,025749
36,011667;-0,025749
36,013333;-0,025749
36,015;-0,025749
36,016667;-0,025749
36,018333;-0,025749
36,02;-0,025749
36,021667;-0,025749
36,023333;-0,025749
36,025;-0,025749
36,026667;-0,025749
36,028333;-0,025749
36,03;-0,025749
36,031667;-0,025749
36,033333;-0,025749
36,035;-0,025749
36,036667;-0,025749
36,038333;-0,025749
36,04;-0,025749
36,041667;-0,025749
36,043333;-0,025749
36,045;-0,025749
36,046667;-0,025749
36,048333;-0,025749
36,05;-0,025749
36,051667;-0,025749
36,053333;-0,025749
36,055;-0,025749
36,056667;-0,025749
36,058333;-0,025749
36,06;-0,025749
36,061667;-0,025749
36,063333;-0,025749
36,065;-0,025749
36,066667;-0,025749
36,068333;-0,025749
36,07;-0,025749
36,071667;-0,025749
36,073333;-0,025749
36,075;-0,025749
36,076667;-0,025749
36,078333;-0,025749
36,08;-0,025749
36,081667;-0,025749
36,083333;-0,025749
36,085;-0,025749
36,086667;-0,025749
36,088333;-0,025749
36,09;-0,025749
36,091667;-0,025749
36,093333;-0,025749
36,095;-0,025749
36,096667;-0,025749
36,098333;-0,025749
36,1;-0,02861
36,101667;-0,02861
36,103333;-0,02861
36,105;-0,02861
36,106667;-0,02861
36,108333;-0,025749
36,11;-0,025749
36,111667;-0,025749
36,113333;-0,025749
36,115;-0,025749
36,116667;-0,025749
36,118333;-0,025749
36,12;-0,025749
36,121667;-0,025749
36,123333;-0,025749
36,125;-0,025749
36,126667;-0,025749
36,128333;-0,025749
36,13;-0,025749
36,131667;-0,025749
36,133333;-0,025749
36,135;-0,025749
36,136667;-0,025749
36,138333;-0,025749
36,14;-0,025749
36,141667;-0,025749
36,143333;-0,025749
36,145;-0,025749
36,146667;-0,025749
36,148333;-0,025749
36,15;-0,025749
36,151667;-0,025749
36,153333;-0,02861
36,155;-0,02861
36,156667;-0,02861
36,158333;-0,02861
36,16;-0,02861
36,161667;-0,02861
36,163333;-0,02861
36,165;-0,02861
36,166667;-0,02861
36,168333;-0,02861
36,17;-0,02861
36,171667;-0,02861
36,173333;-0,02861
36,175;-0,02861
36,176667;-0,02861
36,178333;-0,02861
36,18;-0,02861
36,181667;-0,02861
36,183333;-0,02861
36,185;-0,02861
36,186667;-0,02861
36,188333;-0,02861
36,19;-0,02861
36,191667;-0,02861
36,193333;-0,02861
36,195;-0,02861
36,196667;-0,02861
36,198333;-0,02861
36,2;-0,02861
36,201667;-0,02861
36,203333;-0,02861
36,205;-0,02861
36,206667;-0,02861
36,208333;-0,02861
36,21;-0,02861
36,211667;-0,02861
36,213333;-0,02861
36,215;-0,02861
36,216667;-0,02861
36,218333;-0,02861
36,22;-0,02861
36,221667;-0,02861
36,223333;-0,02861
36,225;-0,02861
36,226667;-0,02861
36,228333;-0,02861
36,23;-0,02861
36,231667;-0,02861
36,233333;-0,02861
36,235;-0,02861
36,236667;-0,02861
36,238333;-0,02861
36,24;-0,02861
36,241667;-0,02861
36,243333;-0,02861
36,245;-0,02861
36,246667;-0,02861
36,248333;-0,02861
36,25;-0,02861
36,251667;-0,02861
36,253333;-0,02861
36,255;-0,02861
36,256667;-0,02861
36,258333;-0,02861
36,26;-0,02861
36,261667;-0,02861
36,263333;-0,02861
36,265;-0,02861
36,266667;-0,02861
36,268333;-0,02861
36,27;-0,02861
36,271667;-0,02861
36,273333;-0,02861
36,275;-0,02861
36,276667;-0,02861
36,278333;-0,02861
36,28;-0,02861
36,281667;-0,02861
36,283333;-0,02861
36,285;-0,02861
36,286667;-0,02861
36,288333;-0,02861
36,29;-0,02861
36,291667;-0,02861
36,293333;-0,02861
36,295;-0,02861
36,296667;-0,02861
36,298333;-0,02861
36,3;-0,02861
36,301667;-0,02861
36,303333;-0,02861
36,305;-0,02861
36,306667;-0,02861
36,308333;-0,02861
36,31;-0,02861
36,311667;-0,02861
36,313333;-0,02861
36,315;-0,02861
36,316667;-0,02861
36,318333;-0,02861
36,32;-0,02861
36,321667;-0,02861
36,323333;-0,02861
36,325;-0,02861
36,326667;-0,02861
36,328333;-0,02861
36,33;-0,02861
36,331667;-0,02861
36,333333;-0,02861
36,335;-0,02861
36,336667;-0,02861
36,338333;-0,02861
36,34;-0,02861
36,341667;-0,02861
36,343333;-0,02861
36,345;-0,02861
36,346667;-0,02861
36,348333;-0,02861
36,35;-0,02861
36,351667;-0,02861
36,353333;-0,02861
36,355;-0,02861
36,356667;-0,02861
36,358333;-0,02861
36,36;-0,02861
36,361667;-0,02861
36,363333;-0,02861
36,365;-0,02861
36,366667;-0,02861
36,368333;-0,02861
36,37;-0,02861
36,371667;-0,02861
36,373333;-0,02861
36,375;-0,02861
36,376667;-0,02861
36,378333;-0,02861
36,38;-0,02861
36,381667;-0,02861
36,383333;-0,02861
36,385;-0,02861
36,386667;-0,02861
36,388333;-0,02861
36,39;-0,02861
36,391667;-0,02861
36,393333;-0,02861
36,395;-0,02861
36,396667;-0,02861
36,398333;-0,02861
36,4;-0,02861
36,401667;-0,02861
36,403333;-0,02861
36,405;-0,02861
36,406667;-0,02861
36,408333;-0,02861
36,41;-0,02861
36,411667;-0,02861
36,413333;-0,02861
36,415;-0,02861
36,416667;-0,02861
36,418333;-0,02861
36,42;-0,02861
36,421667;-0,031471
36,423333;-0,031471
36,425;-0,031471
36,426667;-0,031471
36,428333;-0,031471
36,43;-0,031471
36,431667;-0,031471
36,433333;-0,031471
36,435;-0,031471
36,436667;-0,031471
36,438333;-0,031471
36,44;-0,031471
36,441667;-0,031471
36,443333;-0,031471
36,445;-0,031471
36,446667;-0,031471
36,448333;-0,031471
36,45;-0,031471
36,451667;-0,031471
36,453333;-0,031471
36,455;-0,031471
36,456667;-0,031471
36,458333;-0,031471
36,46;-0,031471
36,461667;-0,031471
36,463333;-0,031471
36,465;-0,031471
36,466667;-0,031471
36,468333;-0,031471
36,47;-0,031471
36,471667;-0,031471
36,473333;-0,031471
36,475;-0,031471
36,476667;-0,031471
36,478333;-0,031471
36,48;-0,031471
36,481667;-0,031471
36,483333;-0,031471
36,485;-0,031471
36,486667;-0,031471
36,488333;-0,031471
36,49;-0,031471
36,491667;-0,031471
36,493333;-0,031471
36,495;-0,031471
36,496667;-0,031471
36,498333;-0,031471
36,5;-0,031471
36,501667;-0,031471
36,503333;-0,031471
36,505;-0,031471
36,506667;-0,031471
36,508333;-0,031471
36,51;-0,031471
36,511667;-0,031471
36,513333;-0,031471
36,515;-0,031471
36,516667;-0,031471
36,518333;-0,031471
36,52;-0,031471
36,521667;-0,031471
36,523333;-0,031471
36,525;-0,031471
36,526667;-0,031471
36,528333;-0,031471
36,53;-0,031471
36,531667;-0,031471
36,533333;-0,031471
36,535;-0,031471
36,536667;-0,031471
36,538333;-0,031471
36,54;-0,031471
36,541667;-0,031471
36,543333;-0,031471
36,545;-0,031471
36,546667;-0,031471
36,548333;-0,031471
36,55;-0,031471
36,551667;-0,031471
36,553333;-0,031471
36,555;-0,031471
36,556667;-0,031471
36,558333;-0,031471
36,56;-0,031471
36,561667;-0,031471
36,563333;-0,031471
36,565;-0,031471
36,566667;-0,031471
36,568333;-0,031471
36,57;-0,031471
36,571667;-0,031471
36,573333;-0,031471
36,575;-0,031471
36,576667;-0,031471
36,578333;-0,031471
36,58;-0,031471
36,581667;-0,031471
36,583333;-0,031471
36,585;-0,031471
36,586667;-0,031471
36,588333;-0,031471
36,59;-0,031471
36,591667;-0,031471
36,593333;-0,031471
36,595;-0,031471
36,596667;-0,031471
36,598333;-0,031471
36,6;-0,031471
36,601667;-0,031471
36,603333;-0,031471
36,605;-0,031471
36,606667;-0,031471
36,608333;-0,031471
36,61;-0,031471
36,611667;-0,031471
36,613333;-0,031471
36,615;-0,031471
36,616667;-0,031471
36,618333;-0,031471
36,62;-0,031471
36,621667;-0,031471
36,623333;-0,031471
36,625;-0,031471
36,626667;-0,031471
36,628333;-0,031471
36,63;-0,031471
36,631667;-0,031471
36,633333;-0,031471
36,635;-0,031471
36,636667;-0,031471
36,638333;-0,031471
36,64;-0,031471
36,641667;-0,031471
36,643333;-0,031471
36,645;-0,031471
36,646667;-0,02861
36,648333;-0,02861
36,65;-0,02861
36,651667;-0,02861
36,653333;-0,02861
36,655;-0,02861
36,656667;-0,02861
36,658333;-0,02861
36,66;-0,02861
36,661667;-0,02861
36,663333;-0,02861
36,665;-0,02861
36,666667;-0,02861
36,668333;-0,02861
36,67;-0,02861
36,671667;-0,02861
36,673333;-0,02861
36,675;-0,02861
36,676667;-0,02861
36,678333;-0,02861
36,68;-0,02861
36,681667;-0,02861
36,683333;-0,02861
36,685;-0,02861
36,686667;-0,031471
36,688333;-0,031471
36,69;-0,031471
36,691667;-0,031471
36,693333;-0,031471
36,695;-0,031471
36,696667;-0,031471
36,698333;-0,031471
36,7;-0,031471
36,701667;-0,031471
36,703333;-0,031471
36,705;-0,031471
36,706667;-0,031471
36,708333;-0,02861
36,71;-0,02861
36,711667;-0,02861
36,713333;-0,02861
36,715;-0,02861
36,716667;-0,02861
36,718333;-0,02861
36,72;-0,02861
36,721667;-0,02861
36,723333;-0,02861
36,725;-0,02861
36,726667;-0,02861
36,728333;-0,02861
36,73;-0,02861
36,731667;-0,02861
36,733333;-0,02861
36,735;-0,02861
36,736667;-0,02861
36,738333;-0,02861
36,74;-0,02861
36,741667;-0,02861
36,743333;-0,02861
36,745;-0,02861
36,746667;-0,02861
36,748333;-0,02861
36,75;-0,02861
36,751667;-0,02861
36,753333;-0,02861
36,755;-0,02861
36,756667;-0,02861
36,758333;-0,02861
36,76;-0,02861
36,761667;-0,02861
36,763333;-0,02861
36,765;-0,02861
36,766667;-0,02861
36,768333;-0,02861
36,77;-0,02861
36,771667;-0,02861
36,773333;-0,02861
36,775;-0,02861
36,776667;-0,02861
36,778333;-0,02861
36,78;-0,02861
36,781667;-0,02861
36,783333;-0,02861
36,785;-0,02861
36,786667;-0,02861
36,788333;-0,02861
36,79;-0,02861
36,791667;-0,02861
36,793333;-0,02861
36,795;-0,02861
36,796667;-0,02861
36,798333;-0,02861
36,8;-0,02861
36,801667;-0,02861
36,803333;-0,02861
36,805;-0,02861
36,806667;-0,02861
36,808333;-0,02861
36,81;-0,02861
36,811667;-0,02861
36,813333;-0,02861
36,815;-0,02861
36,816667;-0,02861
36,818333;-0,02861
36,82;-0,02861
36,821667;-0,02861
36,823333;-0,02861
36,825;-0,02861
36,826667;-0,02861
36,828333;-0,02861
36,83;-0,02861
36,831667;-0,02861
36,833333;-0,02861
36,835;-0,02861
36,836667;-0,02861
36,838333;-0,02861
36,84;-0,02861
36,841667;-0,02861
36,843333;-0,02861
36,845;-0,02861
36,846667;-0,02861
36,848333;-0,02861
36,85;-0,02861
36,851667;-0,02861
36,853333;-0,02861
36,855;-0,02861
36,856667;-0,02861
36,858333;-0,02861
36,86;-0,02861
36,861667;-0,02861
36,863333;-0,02861
36,865;-0,02861
36,866667;-0,02861
36,868333;-0,02861
36,87;-0,02861
36,871667;-0,02861
36,873333;-0,02861
36,875;-0,02861
36,876667;-0,02861
36,878333;-0,02861
36,88;-0,02861
36,881667;-0,02861
36,883333;-0,02861
36,885;-0,02861
36,886667;-0,02861
36,888333;-0,02861
36,89;-0,02861
36,891667;-0,02861
36,893333;-0,02861
36,895;-0,02861
36,896667;-0,02861
36,898333;-0,02861
36,9;-0,02861
36,901667;-0,02861
36,903333;-0,02861
36,905;-0,031471
36,906667;-0,031471
36,908333;-0,02861
36,91;-0,02861
36,911667;-0,02861
36,913333;-0,02861
36,915;-0,02861
36,916667;-0,02861
36,918333;-0,02861
36,92;-0,02861
36,921667;-0,02861
36,923333;-0,02861
36,925;-0,02861
36,926667;-0,02861
36,928333;-0,02861
36,93;-0,02861
36,931667;-0,02861
36,933333;-0,02861
36,935;-0,02861
36,936667;-0,02861
36,938333;-0,02861
36,94;-0,02861
36,941667;-0,02861
36,943333;-0,02861
36,945;-0,02861
36,946667;-0,02861
36,948333;-0,02861
36,95;-0,02861
36,951667;-0,02861
36,953333;-0,031471
36,955;-0,031471
36,956667;-0,031471
36,958333;-0,031471
36,96;-0,031471
36,961667;-0,031471
36,963333;-0,031471
36,965;-0,031471
36,966667;-0,031471
36,968333;-0,031471
36,97;-0,031471
36,971667;-0,031471
36,973333;-0,031471
36,975;-0,031471
36,976667;-0,031471
36,978333;-0,031471
36,98;-0,031471
36,981667;-0,031471
36,983333;-0,031471
36,985;-0,031471
36,986667;-0,031471
36,988333;-0,031471
36,99;-0,031471
36,991667;-0,031471
36,993333;-0,031471
36,995;-0,031471
36,996667;-0,031471
36,998333;-0,031471
37;-0,031471
37,001667;-0,031471
37,003333;-0,031471
37,005;-0,031471
37,006667;-0,031471
37,008333;-0,031471
37,01;-0,031471
37,011667;-0,031471
37,013333;-0,031471
37,015;-0,031471
37,016667;-0,031471
37,018333;-0,031471
37,02;-0,031471
37,021667;-0,031471
37,023333;-0,031471
37,025;-0,031471
37,026667;-0,031471
37,028333;-0,031471
37,03;-0,031471
37,031667;-0,031471
37,033333;-0,031471
37,035;-0,031471
37,036667;-0,031471
37,038333;-0,031471
37,04;-0,031471
37,041667;-0,031471
37,043333;-0,031471
37,045;-0,031471
37,046667;-0,031471
37,048333;-0,031471
37,05;-0,031471
37,051667;-0,031471
37,053333;-0,02861
37,055;-0,02861
37,056667;-0,02861
37,058333;-0,02861
37,06;-0,02861
37,061667;-0,02861
37,063333;-0,02861
37,065;-0,02861
37,066667;-0,02861
37,068333;-0,02861
37,07;-0,031471
37,071667;-0,031471
37,073333;-0,031471
37,075;-0,031471
37,076667;-0,031471
37,078333;-0,031471
37,08;-0,031471
37,081667;-0,031471
37,083333;-0,02861
37,085;-0,02861
37,086667;-0,02861
37,088333;-0,031471
37,09;-0,031471
37,091667;-0,031471
37,093333;-0,031471
37,095;-0,031471
37,096667;-0,031471
37,098333;-0,02861
37,1;-0,02861
37,101667;-0,02861
37,103333;-0,02861
37,105;-0,02861
37,106667;-0,02861
37,108333;-0,02861
37,11;-0,02861
37,111667;-0,031471
37,113333;-0,031471
37,115;-0,031471
37,116667;-0,031471
37,118333;-0,031471
37,12;-0,031471
37,121667;-0,031471
37,123333;-0,031471
37,125;-0,031471
37,126667;-0,031471
37,128333;-0,031471
37,13;-0,031471
37,131667;-0,031471
37,133333;-0,031471
37,135;-0,031471
37,136667;-0,031471
37,138333;-0,031471
37,14;-0,031471
37,141667;-0,031471
37,143333;-0,031471
37,145;-0,031471
37,146667;-0,031471
37,148333;-0,031471
37,15;-0,031471
37,151667;-0,031471
37,153333;-0,031471
37,155;-0,031471
37,156667;-0,031471
37,158333;-0,031471
37,16;-0,031471
37,161667;-0,031471
37,163333;-0,031471
37,165;-0,031471
37,166667;-0,031471
37,168333;-0,031471
37,17;-0,031471
37,171667;-0,031471
37,173333;-0,031471
37,175;-0,031471
37,176667;-0,031471
37,178333;-0,031471
37,18;-0,031471
37,181667;-0,031471
37,183333;-0,031471
37,185;-0,031471
37,186667;-0,031471
37,188333;-0,031471
37,19;-0,031471
37,191667;-0,031471
37,193333;-0,031471
37,195;-0,031471
37,196667;-0,031471
37,198333;-0,031471
37,2;-0,031471
37,201667;-0,031471
37,203333;-0,031471
37,205;-0,031471
37,206667;-0,031471
37,208333;-0,031471
37,21;-0,031471
37,211667;-0,031471
37,213333;-0,031471
37,215;-0,031471
37,216667;-0,031471
37,218333;-0,031471
37,22;-0,031471
37,221667;-0,031471
37,223333;-0,031471
37,225;-0,031471
37,226667;-0,031471
37,228333;-0,031471
37,23;-0,031471
37,231667;-0,031471
37,233333;-0,031471
37,235;-0,031471
37,236667;-0,031471
37,238333;-0,031471
37,24;-0,031471
37,241667;-0,031471
37,243333;-0,031471
37,245;-0,031471
37,246667;-0,031471
37,248333;-0,031471
37,25;-0,031471
37,251667;-0,031471
37,253333;-0,031471
37,255;-0,031471
37,256667;-0,031471
37,258333;-0,031471
37,26;-0,031471
37,261667;-0,031471
37,263333;-0,031471
37,265;-0,031471
37,266667;-0,031471
37,268333;-0,031471
37,27;-0,031471
37,271667;-0,031471
37,273333;-0,031471
37,275;-0,031471
37,276667;-0,031471
37,278333;-0,031471
37,28;-0,031471
37,281667;-0,031471
37,283333;-0,031471
37,285;-0,031471
37,286667;-0,031471
37,288333;-0,031471
37,29;-0,031471
37,291667;-0,031471
37,293333;-0,031471
37,295;-0,031471
37,296667;-0,031471
37,298333;-0,031471
37,3;-0,031471
37,301667;-0,031471
37,303333;-0,031471
37,305;-0,031471
37,306667;-0,031471
37,308333;-0,031471
37,31;-0,031471
37,311667;-0,031471
37,313333;-0,031471
37,315;-0,031471
37,316667;-0,031471
37,318333;-0,031471
37,32;-0,031471
37,321667;-0,031471
37,323333;-0,031471
37,325;-0,031471
37,326667;-0,031471
37,328333;-0,031471
37,33;-0,034332
37,331667;-0,034332
37,333333;-0,034332
37,335;-0,034332
37,336667;-0,034332
37,338333;-0,034332
37,34;-0,034332
37,341667;-0,034332
37,343333;-0,034332
37,345;-0,034332
37,346667;-0,034332
37,348333;-0,034332
37,35;-0,031471
37,351667;-0,031471
37,353333;-0,031471
37,355;-0,031471
37,356667;-0,031471
37,358333;-0,031471
37,36;-0,031471
37,361667;-0,031471
37,363333;-0,031471
37,365;-0,031471
37,366667;-0,031471
37,368333;-0,031471
37,37;-0,031471
37,371667;-0,031471
37,373333;-0,031471
37,375;-0,031471
37,376667;-0,031471
37,378333;-0,031471
37,38;-0,031471
37,381667;-0,031471
37,383333;-0,031471
37,385;-0,031471
37,386667;-0,031471
37,388333;-0,031471
37,39;-0,031471
37,391667;-0,031471
37,393333;-0,031471
37,395;-0,031471
37,396667;-0,031471
37,398333;-0,031471
37,4;-0,031471
37,401667;-0,031471
37,403333;-0,031471
37,405;-0,031471
37,406667;-0,031471
37,408333;-0,031471
37,41;-0,031471
37,411667;-0,031471
37,413333;-0,031471
37,415;-0,031471
37,416667;-0,031471
37,418333;-0,031471
37,42;-0,034332
37,421667;-0,034332
37,423333;-0,034332
37,425;-0,034332
37,426667;-0,034332
37,428333;-0,034332
37,43;-0,034332
37,431667;-0,034332
37,433333;-0,031471
37,435;-0,031471
37,436667;-0,031471
37,438333;-0,031471
37,44;-0,031471
37,441667;-0,031471
37,443333;-0,031471
37,445;-0,031471
37,446667;-0,031471
37,448333;-0,031471
37,45;-0,031471
37,451667;-0,031471
37,453333;-0,031471
37,455;-0,034332
37,456667;-0,034332
37,458333;-0,034332
37,46;-0,034332
37,461667;-0,034332
37,463333;-0,034332
37,465;-0,034332
37,466667;-0,034332
37,468333;-0,034332
37,47;-0,034332
37,471667;-0,034332
37,473333;-0,034332
37,475;-0,034332
37,476667;-0,034332
37,478333;-0,031471
37,48;-0,031471
37,481667;-0,031471
37,483333;-0,031471
37,485;-0,031471
37,486667;-0,031471
37,488333;-0,031471
37,49;-0,034332
37,491667;-0,034332
37,493333;-0,034332
37,495;-0,034332
37,496667;-0,034332
37,498333;-0,034332
37,5;-0,034332
37,501667;-0,034332
37,503333;-0,034332
37,505;-0,034332
37,506667;-0,034332
37,508333;-0,034332
37,51;-0,034332
37,511667;-0,034332
37,513333;-0,034332
37,515;-0,034332
37,516667;-0,034332
37,518333;-0,034332
37,52;-0,034332
37,521667;-0,034332
37,523333;-0,034332
37,525;-0,034332
37,526667;-0,034332
37,528333;-0,034332
37,53;-0,034332
37,531667;-0,034332
37,533333;-0,034332
37,535;-0,034332
37,536667;-0,034332
37,538333;-0,034332
37,54;-0,034332
37,541667;-0,034332
37,543333;-0,034332
37,545;-0,034332
37,546667;-0,034332
37,548333;-0,034332
37,55;-0,034332
37,551667;-0,034332
37,553333;-0,034332
37,555;-0,034332
37,556667;-0,034332
37,558333;-0,034332
37,56;-0,034332
37,561667;-0,034332
37,563333;-0,034332
37,565;-0,034332
37,566667;-0,034332
37,568333;-0,034332
37,57;-0,034332
37,571667;-0,034332
37,573333;-0,034332
37,575;-0,034332
37,576667;-0,034332
37,578333;-0,034332
37,58;-0,034332
37,581667;-0,034332
37,583333;-0,034332
37,585;-0,034332
37,586667;-0,034332
37,588333;-0,034332
37,59;-0,034332
37,591667;-0,034332
37,593333;-0,034332
37,595;-0,034332
37,596667;-0,034332
37,598333;-0,034332
37,6;-0,034332
37,601667;-0,034332
37,603333;-0,034332
37,605;-0,034332
37,606667;-0,034332
37,608333;-0,034332
37,61;-0,034332
37,611667;-0,034332
37,613333;-0,034332
37,615;-0,034332
37,616667;-0,034332
37,618333;-0,034332
37,62;-0,034332
37,621667;-0,034332
37,623333;-0,034332
37,625;-0,034332
37,626667;-0,034332
37,628333;-0,034332
37,63;-0,034332
37,631667;-0,034332
37,633333;-0,034332
37,635;-0,034332
37,636667;-0,034332
37,638333;-0,034332
37,64;-0,034332
37,641667;-0,034332
37,643333;-0,034332
37,645;-0,034332
37,646667;-0,034332
37,648333;-0,034332
37,65;-0,034332
37,651667;-0,034332
37,653333;-0,034332
37,655;-0,034332
37,656667;-0,034332
37,658333;-0,034332
37,66;-0,034332
37,661667;-0,034332
37,663333;-0,034332
37,665;-0,034332
37,666667;-0,034332
37,668333;-0,034332
37,67;-0,034332
37,671667;-0,034332
37,673333;-0,034332
37,675;-0,034332
37,676667;-0,034332
37,678333;-0,034332
37,68;-0,034332
37,681667;-0,034332
37,683333;-0,034332
37,685;-0,034332
37,686667;-0,034332
37,688333;-0,034332
37,69;-0,034332
37,691667;-0,034332
37,693333;-0,034332
37,695;-0,034332
37,696667;-0,034332
37,698333;-0,034332
37,7;-0,034332
37,701667;-0,034332
37,703333;-0,034332
37,705;-0,034332
37,706667;-0,034332
37,708333;-0,034332
37,71;-0,034332
37,711667;-0,034332
37,713333;-0,034332
37,715;-0,034332
37,716667;-0,034332
37,718333;-0,034332
37,72;-0,034332
37,721667;-0,034332
37,723333;-0,034332
37,725;-0,034332
37,726667;-0,034332
37,728333;-0,034332
37,73;-0,034332
37,731667;-0,034332
37,733333;-0,034332
37,735;-0,034332
37,736667;-0,034332
37,738333;-0,034332
37,74;-0,034332
37,741667;-0,034332
37,743333;-0,034332
37,745;-0,034332
37,746667;-0,034332
37,748333;-0,034332
37,75;-0,034332
37,751667;-0,034332
37,753333;-0,034332
37,755;-0,034332
37,756667;-0,034332
37,758333;-0,034332
37,76;-0,034332
37,761667;-0,034332
37,763333;-0,034332
37,765;-0,034332
37,766667;-0,034332
37,768333;-0,034332
37,77;-0,034332
37,771667;-0,034332
37,773333;-0,034332
37,775;-0,034332
37,776667;-0,034332
37,778333;-0,034332
37,78;-0,034332
37,781667;-0,034332
37,783333;-0,034332
37,785;-0,034332
37,786667;-0,034332
37,788333;-0,034332
37,79;-0,034332
37,791667;-0,034332
37,793333;-0,034332
37,795;-0,034332
37,796667;-0,034332
37,798333;-0,034332
37,8;-0,034332
37,801667;-0,034332
37,803333;-0,034332
37,805;-0,034332
37,806667;-0,034332
37,808333;-0,034332
37,81;-0,034332
37,811667;-0,034332
37,813333;-0,034332
37,815;-0,034332
37,816667;-0,034332
37,818333;-0,034332
37,82;-0,034332
37,821667;-0,034332
37,823333;-0,034332
37,825;-0,034332
37,826667;-0,034332
37,828333;-0,034332
37,83;-0,034332
37,831667;-0,034332
37,833333;-0,034332
37,835;-0,034332
37,836667;-0,034332
37,838333;-0,034332
37,84;-0,034332
37,841667;-0,034332
37,843333;-0,034332
37,845;-0,034332
37,846667;-0,034332
37,848333;-0,034332
37,85;-0,034332
37,851667;-0,034332
37,853333;-0,034332
37,855;-0,034332
37,856667;-0,034332
37,858333;-0,034332
37,86;-0,034332
37,861667;-0,034332
37,863333;-0,034332
37,865;-0,034332
37,866667;-0,034332
37,868333;-0,034332
37,87;-0,034332
37,871667;-0,034332
37,873333;-0,034332
37,875;-0,034332
37,876667;-0,034332
37,878333;-0,034332
37,88;-0,034332
37,881667;-0,034332
37,883333;-0,034332
37,885;-0,034332
37,886667;-0,034332
37,888333;-0,034332
37,89;-0,034332
37,891667;-0,034332
37,893333;-0,034332
37,895;-0,034332
37,896667;-0,034332
37,898333;-0,034332
37,9;-0,034332
37,901667;-0,034332
37,903333;-0,034332
37,905;-0,034332
37,906667;-0,034332
37,908333;-0,034332
37,91;-0,034332
37,911667;-0,034332
37,913333;-0,034332
37,915;-0,034332
37,916667;-0,034332
37,918333;-0,034332
37,92;-0,034332
37,921667;-0,034332
37,923333;-0,034332
37,925;-0,034332
37,926667;-0,034332
37,928333;-0,034332
37,93;-0,034332
37,931667;-0,034332
37,933333;-0,034332
37,935;-0,034332
37,936667;-0,034332
37,938333;-0,034332
37,94;-0,034332
37,941667;-0,034332
37,943333;-0,034332
37,945;-0,034332
37,946667;-0,034332
37,948333;-0,034332
37,95;-0,034332
37,951667;-0,034332
37,953333;-0,034332
37,955;-0,034332
37,956667;-0,034332
37,958333;-0,034332
37,96;-0,034332
37,961667;-0,034332
37,963333;-0,034332
37,965;-0,034332
37,966667;-0,034332
37,968333;-0,034332
37,97;-0,034332
37,971667;-0,034332
37,973333;-0,034332
37,975;-0,034332
37,976667;-0,034332
37,978333;-0,034332
37,98;-0,034332
37,981667;-0,034332
37,983333;-0,034332
37,985;-0,034332
37,986667;-0,034332
37,988333;-0,034332
37,99;-0,034332
37,991667;-0,034332
37,993333;-0,034332
37,995;-0,034332
37,996667;-0,034332
37,998333;-0,034332
38;-0,034332
38,001667;-0,034332
38,003333;-0,034332
38,005;-0,034332
38,006667;-0,034332
38,008333;-0,034332
38,01;-0,034332
38,011667;-0,034332
38,013333;-0,034332
38,015;-0,034332
38,016667;-0,034332
38,018333;-0,034332
38,02;-0,034332
38,021667;-0,034332
38,023333;-0,034332
38,025;-0,034332
38,026667;-0,034332
38,028333;-0,034332
38,03;-0,034332
38,031667;-0,034332
38,033333;-0,034332
38,035;-0,034332
38,036667;-0,034332
38,038333;-0,034332
38,04;-0,034332
38,041667;-0,034332
38,043333;-0,034332
38,045;-0,034332
38,046667;-0,034332
38,048333;-0,034332
38,05;-0,034332
38,051667;-0,034332
38,053333;-0,034332
38,055;-0,034332
38,056667;-0,034332
38,058333;-0,034332
38,06;-0,034332
38,061667;-0,034332
38,063333;-0,034332
38,065;-0,034332
38,066667;-0,034332
38,068333;-0,031471
38,07;-0,034332
38,071667;-0,034332
38,073333;-0,034332
38,075;-0,034332
38,076667;-0,034332
38,078333;-0,034332
38,08;-0,034332
38,081667;-0,034332
38,083333;-0,034332
38,085;-0,034332
38,086667;-0,034332
38,088333;-0,034332
38,09;-0,034332
38,091667;-0,034332
38,093333;-0,034332
38,095;-0,034332
38,096667;-0,034332
38,098333;-0,034332
38,1;-0,034332
38,101667;-0,034332
38,103333;-0,034332
38,105;-0,034332
38,106667;-0,034332
38,108333;-0,034332
38,11;-0,034332
38,111667;-0,034332
38,113333;-0,034332
38,115;-0,034332
38,116667;-0,034332
38,118333;-0,034332
38,12;-0,034332
38,121667;-0,031471
38,123333;-0,031471
38,125;-0,031471
38,126667;-0,031471
38,128333;-0,031471
38,13;-0,031471
38,131667;-0,031471
38,133333;-0,031471
38,135;-0,031471
38,136667;-0,031471
38,138333;-0,031471
38,14;-0,031471
38,141667;-0,031471
38,143333;-0,031471
38,145;-0,031471
38,146667;-0,031471
38,148333;-0,031471
38,15;-0,031471
38,151667;-0,031471
38,153333;-0,031471
38,155;-0,031471
38,156667;-0,031471
38,158333;-0,031471
38,16;-0,031471
38,161667;-0,031471
38,163333;-0,031471
38,165;-0,031471
38,166667;-0,031471
38,168333;-0,031471
38,17;-0,031471
38,171667;-0,031471
38,173333;-0,031471
38,175;-0,031471
38,176667;-0,031471
38,178333;-0,031471
38,18;-0,031471
38,181667;-0,031471
38,183333;-0,031471
38,185;-0,031471
38,186667;-0,031471
38,188333;-0,031471
38,19;-0,031471
38,191667;-0,031471
38,193333;-0,031471
38,195;-0,031471
38,196667;-0,031471
38,198333;-0,031471
38,2;-0,031471
38,201667;-0,031471
38,203333;-0,031471
38,205;-0,031471
38,206667;-0,031471
38,208333;-0,031471
38,21;-0,031471
38,211667;-0,031471
38,213333;-0,031471
38,215;-0,031471
38,216667;-0,031471
38,218333;-0,031471
38,22;-0,031471
38,221667;-0,031471
38,223333;-0,031471
38,225;-0,031471
38,226667;-0,031471
38,228333;-0,031471
38,23;-0,031471
38,231667;-0,031471
38,233333;-0,031471
38,235;-0,031471
38,236667;-0,031471
38,238333;-0,031471
38,24;-0,031471
38,241667;-0,031471
38,243333;-0,031471
38,245;-0,031471
38,246667;-0,031471
38,248333;-0,031471
38,25;-0,031471
38,251667;-0,031471
38,253333;-0,031471
38,255;-0,031471
38,256667;-0,031471
38,258333;-0,031471
38,26;-0,031471
38,261667;-0,031471
38,263333;-0,031471
38,265;-0,031471
38,266667;-0,031471
38,268333;-0,031471
38,27;-0,031471
38,271667;-0,031471
38,273333;-0,031471
38,275;-0,031471
38,276667;-0,031471
38,278333;-0,031471
38,28;-0,031471
38,281667;-0,031471
38,283333;-0,031471
38,285;-0,031471
38,286667;-0,031471
38,288333;-0,031471
38,29;-0,031471
38,291667;-0,031471
38,293333;-0,031471
38,295;-0,031471
38,296667;-0,031471
38,298333;-0,031471
38,3;-0,031471
38,301667;-0,031471
38,303333;-0,031471
38,305;-0,031471
38,306667;-0,031471
38,308333;-0,031471
38,31;-0,031471
38,311667;-0,031471
38,313333;-0,031471
38,315;-0,031471
38,316667;-0,031471
38,318333;-0,031471
38,32;-0,031471
38,321667;-0,031471
38,323333;-0,031471
38,325;-0,031471
38,326667;-0,031471
38,328333;-0,031471
38,33;-0,031471
38,331667;-0,031471
38,333333;-0,031471
38,335;-0,031471
38,336667;-0,031471
38,338333;-0,031471
38,34;-0,031471
38,341667;-0,031471
38,343333;-0,031471
38,345;-0,031471
38,346667;-0,031471
38,348333;-0,031471
38,35;-0,031471
38,351667;-0,031471
38,353333;-0,031471
38,355;-0,031471
38,356667;-0,031471
38,358333;-0,031471
38,36;-0,031471
38,361667;-0,031471
38,363333;-0,031471
38,365;-0,031471
38,366667;-0,031471
38,368333;-0,031471
38,37;-0,02861
38,371667;-0,031471
38,373333;-0,031471
38,375;-0,031471
38,376667;-0,031471
38,378333;-0,031471
38,38;-0,031471
38,381667;-0,031471
38,383333;-0,031471
38,385;-0,031471
38,386667;-0,031471
38,388333;-0,031471
38,39;-0,031471
38,391667;-0,031471
38,393333;-0,031471
38,395;-0,031471
38,396667;-0,031471
38,398333;-0,031471
38,4;-0,031471
38,401667;-0,031471
38,403333;-0,031471
38,405;-0,031471
38,406667;-0,031471
38,408333;-0,031471
38,41;-0,031471
38,411667;-0,031471
38,413333;-0,031471
38,415;-0,031471
38,416667;-0,031471
38,418333;-0,031471
38,42;-0,031471
38,421667;-0,02861
38,423333;-0,02861
38,425;-0,02861
38,426667;-0,02861
38,428333;-0,031471
38,43;-0,031471
38,431667;-0,031471
38,433333;-0,031471
38,435;-0,031471
38,436667;-0,031471
38,438333;-0,031471
38,44;-0,031471
38,441667;-0,031471
38,443333;-0,031471
38,445;-0,031471
38,446667;-0,031471
38,448333;-0,031471
38,45;-0,031471
38,451667;-0,02861
38,453333;-0,02861
38,455;-0,02861
38,456667;-0,02861
38,458333;-0,02861
38,46;-0,02861
38,461667;-0,02861
38,463333;-0,02861
38,465;-0,02861
38,466667;-0,02861
38,468333;-0,02861
38,47;-0,02861
38,471667;-0,02861
38,473333;-0,02861
38,475;-0,02861
38,476667;-0,02861
38,478333;-0,02861
38,48;-0,02861
38,481667;-0,02861
38,483333;-0,02861
38,485;-0,02861
38,486667;-0,02861
38,488333;-0,02861
38,49;-0,02861
38,491667;-0,02861
38,493333;-0,02861
38,495;-0,02861
38,496667;-0,02861
38,498333;-0,02861
38,5;-0,02861
38,501667;-0,02861
38,503333;-0,02861
38,505;-0,02861
38,506667;-0,02861
38,508333;-0,02861
38,51;-0,02861
38,511667;-0,02861
38,513333;-0,02861
38,515;-0,02861
38,516667;-0,02861
38,518333;-0,02861
38,52;-0,02861
38,521667;-0,02861
38,523333;-0,02861
38,525;-0,02861
38,526667;-0,02861
38,528333;-0,02861
38,53;-0,02861
38,531667;-0,02861
38,533333;-0,02861
38,535;-0,02861
38,536667;-0,02861
38,538333;-0,02861
38,54;-0,02861
38,541667;-0,02861
38,543333;-0,02861
38,545;-0,02861
38,546667;-0,02861
38,548333;-0,02861
38,55;-0,02861
38,551667;-0,02861
38,553333;-0,02861
38,555;-0,02861
38,556667;-0,02861
38,558333;-0,02861
38,56;-0,02861
38,561667;-0,02861
38,563333;-0,031471
38,565;-0,031471
38,566667;-0,031471
38,568333;-0,031471
38,57;-0,031471
38,571667;-0,031471
38,573333;-0,02861
38,575;-0,02861
38,576667;-0,02861
38,578333;-0,02861
38,58;-0,02861
38,581667;-0,02861
38,583333;-0,02861
38,585;-0,02861
38,586667;-0,02861
38,588333;-0,02861
38,59;-0,02861
38,591667;-0,02861
38,593333;-0,02861
38,595;-0,02861
38,596667;-0,02861
38,598333;-0,02861
38,6;-0,02861
38,601667;-0,02861
38,603333;-0,02861
38,605;-0,02861
38,606667;-0,02861
38,608333;-0,02861
38,61;-0,02861
38,611667;-0,02861
38,613333;-0,02861
38,615;-0,02861
38,616667;-0,02861
38,618333;-0,02861
38,62;-0,02861
38,621667;-0,02861
38,623333;-0,02861
38,625;-0,02861
38,626667;-0,02861
38,628333;-0,02861
38,63;-0,02861
38,631667;-0,031471
38,633333;-0,031471
38,635;-0,031471
38,636667;-0,031471
38,638333;-0,031471
38,64;-0,031471
38,641667;-0,031471
38,643333;-0,031471
38,645;-0,031471
38,646667;-0,031471
38,648333;-0,031471
38,65;-0,031471
38,651667;-0,031471
38,653333;-0,031471
38,655;-0,031471
38,656667;-0,031471
38,658333;-0,031471
38,66;-0,031471
38,661667;-0,031471
38,663333;-0,031471
38,665;-0,031471
38,666667;-0,031471
38,668333;-0,031471
38,67;-0,031471
38,671667;-0,031471
38,673333;-0,031471
38,675;-0,031471
38,676667;-0,031471
38,678333;-0,031471
38,68;-0,031471
38,681667;-0,031471
38,683333;-0,031471
38,685;-0,031471
38,686667;-0,031471
38,688333;-0,031471
38,69;-0,031471
38,691667;-0,031471
38,693333;-0,031471
38,695;-0,031471
38,696667;-0,031471
38,698333;-0,031471
38,7;-0,031471
38,701667;-0,031471
38,703333;-0,031471
38,705;-0,031471
38,706667;-0,031471
38,708333;-0,031471
38,71;-0,031471
38,711667;-0,031471
38,713333;-0,031471
38,715;-0,031471
38,716667;-0,031471
38,718333;-0,031471
38,72;-0,031471
38,721667;-0,031471
38,723333;-0,031471
38,725;-0,031471
38,726667;-0,031471
38,728333;-0,031471
38,73;-0,031471
38,731667;-0,031471
38,733333;-0,031471
38,735;-0,031471
38,736667;-0,031471
38,738333;-0,031471
38,74;-0,031471
38,741667;-0,031471
38,743333;-0,031471
38,745;-0,031471
38,746667;-0,031471
38,748333;-0,031471
38,75;-0,031471
38,751667;-0,031471
38,753333;-0,031471
38,755;-0,031471
38,756667;-0,031471
38,758333;-0,031471
38,76;-0,031471
38,761667;-0,031471
38,763333;-0,031471
38,765;-0,031471
38,766667;-0,031471
38,768333;-0,031471
38,77;-0,031471
38,771667;-0,031471
38,773333;-0,031471
38,775;-0,031471
38,776667;-0,031471
38,778333;-0,031471
38,78;-0,031471
38,781667;-0,031471
38,783333;-0,031471
38,785;-0,031471
38,786667;-0,031471
38,788333;-0,031471
38,79;-0,031471
38,791667;-0,031471
38,793333;-0,031471
38,795;-0,031471
38,796667;-0,031471
38,798333;-0,031471
38,8;-0,031471
38,801667;-0,031471
38,803333;-0,031471
38,805;-0,031471
38,806667;-0,031471
38,808333;-0,031471
38,81;-0,031471
38,811667;-0,031471
38,813333;-0,031471
38,815;-0,031471
38,816667;-0,031471
38,818333;-0,031471
38,82;-0,031471
38,821667;-0,031471
38,823333;-0,031471
38,825;-0,031471
38,826667;-0,031471
38,828333;-0,031471
38,83;-0,031471
38,831667;-0,031471
38,833333;-0,031471
38,835;-0,031471
38,836667;-0,031471
38,838333;-0,031471
38,84;-0,031471
38,841667;-0,031471
38,843333;-0,031471
38,845;-0,031471
38,846667;-0,031471
38,848333;-0,031471
38,85;-0,031471
38,851667;-0,031471
38,853333;-0,031471
38,855;-0,031471
38,856667;-0,031471
38,858333;-0,031471
38,86;-0,031471
38,861667;-0,031471
38,863333;-0,031471
38,865;-0,031471
38,866667;-0,031471
38,868333;-0,031471
38,87;-0,031471
38,871667;-0,031471
38,873333;-0,031471
38,875;-0,031471
38,876667;-0,031471
38,878333;-0,031471
38,88;-0,031471
38,881667;-0,031471
38,883333;-0,031471
38,885;-0,031471
38,886667;-0,031471
38,888333;-0,031471
38,89;-0,031471
38,891667;-0,031471
38,893333;-0,031471
38,895;-0,031471
38,896667;-0,031471
38,898333;-0,031471
38,9;-0,031471
38,901667;-0,031471
38,903333;-0,031471
38,905;-0,031471
38,906667;-0,031471
38,908333;-0,031471
38,91;-0,031471
38,911667;-0,031471
38,913333;-0,031471
38,915;-0,031471
38,916667;-0,031471
38,918333;-0,031471
38,92;-0,031471
38,921667;-0,031471
38,923333;-0,031471
38,925;-0,031471
38,926667;-0,031471
38,928333;-0,031471
38,93;-0,031471
38,931667;-0,031471
38,933333;-0,031471
38,935;-0,031471
38,936667;-0,031471
38,938333;-0,031471
38,94;-0,031471
38,941667;-0,031471
38,943333;-0,031471
38,945;-0,031471
38,946667;-0,031471
38,948333;-0,031471
38,95;-0,031471
38,951667;-0,031471
38,953333;-0,031471
38,955;-0,031471
38,956667;-0,031471
38,958333;-0,031471
38,96;-0,031471
38,961667;-0,031471
38,963333;-0,031471
38,965;-0,031471
38,966667;-0,031471
38,968333;-0,031471
38,97;-0,031471
38,971667;-0,031471
38,973333;-0,031471
38,975;-0,031471
38,976667;-0,031471
38,978333;-0,031471
38,98;-0,031471
38,981667;-0,031471
38,983333;-0,031471
38,985;-0,031471
38,986667;-0,031471
38,988333;-0,031471
38,99;-0,031471
38,991667;-0,031471
38,993333;-0,031471
38,995;-0,031471
38,996667;-0,031471
38,998333;-0,031471
39;-0,031471
39,001667;-0,031471
39,003333;-0,031471
39,005;-0,031471
39,006667;-0,031471
39,008333;-0,031471
39,01;-0,031471
39,011667;-0,031471
39,013333;-0,031471
39,015;-0,031471
39,016667;-0,031471
39,018333;-0,031471
39,02;-0,031471
39,021667;-0,031471
39,023333;-0,031471
39,025;-0,031471
39,026667;-0,031471
39,028333;-0,031471
39,03;-0,031471
39,031667;-0,031471
39,033333;-0,031471
39,035;-0,031471
39,036667;-0,031471
39,038333;-0,031471
39,04;-0,031471
39,041667;-0,031471
39,043333;-0,031471
39,045;-0,031471
39,046667;-0,031471
39,048333;-0,031471
39,05;-0,031471
39,051667;-0,031471
39,053333;-0,031471
39,055;-0,031471
39,056667;-0,031471
39,058333;-0,031471
39,06;-0,031471
39,061667;-0,031471
39,063333;-0,031471
39,065;-0,031471
39,066667;-0,031471
39,068333;-0,031471
39,07;-0,031471
39,071667;-0,031471
39,073333;-0,031471
39,075;-0,031471
39,076667;-0,031471
39,078333;-0,031471
39,08;-0,031471
39,081667;-0,031471
39,083333;-0,031471
39,085;-0,031471
39,086667;-0,031471
39,088333;-0,031471
39,09;-0,031471
39,091667;-0,031471
39,093333;-0,031471
39,095;-0,031471
39,096667;-0,031471
39,098333;-0,031471
39,1;-0,031471
39,101667;-0,031471
39,103333;-0,031471
39,105;-0,031471
39,106667;-0,031471
39,108333;-0,031471
39,11;-0,031471
39,111667;-0,031471
39,113333;-0,031471
39,115;-0,031471
39,116667;-0,031471
39,118333;-0,031471
39,12;-0,031471
39,121667;-0,031471
39,123333;-0,031471
39,125;-0,031471
39,126667;-0,031471
39,128333;-0,031471
39,13;-0,031471
39,131667;-0,031471
39,133333;-0,031471
39,135;-0,031471
39,136667;-0,031471
39,138333;-0,031471
39,14;-0,031471
39,141667;-0,031471
39,143333;-0,031471
39,145;-0,031471
39,146667;-0,031471
39,148333;-0,031471
39,15;-0,031471
39,151667;-0,031471
39,153333;-0,031471
39,155;-0,031471
39,156667;-0,031471
39,158333;-0,031471
39,16;-0,031471
39,161667;-0,031471
39,163333;-0,031471
39,165;-0,031471
39,166667;-0,031471
39,168333;-0,031471
39,17;-0,031471
39,171667;-0,031471
39,173333;-0,031471
39,175;-0,031471
39,176667;-0,031471
39,178333;-0,031471
39,18;-0,031471
39,181667;-0,031471
39,183333;-0,031471
39,185;-0,031471
39,186667;-0,031471
39,188333;-0,031471
39,19;-0,034332
39,191667;-0,034332
39,193333;-0,034332
39,195;-0,034332
39,196667;-0,034332
39,198333;-0,034332
39,2;-0,031471
39,201667;-0,031471
39,203333;-0,031471
39,205;-0,031471
39,206667;-0,031471
39,208333;-0,031471
39,21;-0,034332
39,211667;-0,034332
39,213333;-0,034332
39,215;-0,034332
39,216667;-0,034332
39,218333;-0,034332
39,22;-0,034332
39,221667;-0,034332
39,223333;-0,034332
39,225;-0,034332
39,226667;-0,034332
39,228333;-0,034332
39,23;-0,034332
39,231667;-0,034332
39,233333;-0,034332
39,235;-0,034332
39,236667;-0,034332
39,238333;-0,034332
39,24;-0,034332
39,241667;-0,031471
39,243333;-0,031471
39,245;-0,031471
39,246667;-0,031471
39,248333;-0,031471
39,25;-0,031471
39,251667;-0,031471
39,253333;-0,031471
39,255;-0,031471
39,256667;-0,031471
39,258333;-0,031471
39,26;-0,031471
39,261667;-0,031471
39,263333;-0,031471
39,265;-0,031471
39,266667;-0,031471
39,268333;-0,031471
39,27;-0,031471
39,271667;-0,031471
39,273333;-0,031471
39,275;-0,031471
39,276667;-0,031471
39,278333;-0,031471
39,28;-0,031471
39,281667;-0,031471
39,283333;-0,031471
39,285;-0,031471
39,286667;-0,031471
39,288333;-0,031471
39,29;-0,031471
39,291667;-0,031471
39,293333;-0,031471
39,295;-0,031471
39,296667;-0,031471
39,298333;-0,031471
39,3;-0,031471
39,301667;-0,031471
39,303333;-0,031471
39,305;-0,031471
39,306667;-0,031471
39,308333;-0,031471
39,31;-0,031471
39,311667;-0,031471
39,313333;-0,031471
39,315;-0,031471
39,316667;-0,031471
39,318333;-0,031471
39,32;-0,031471
39,321667;-0,031471
39,323333;-0,031471
39,325;-0,031471
39,326667;-0,031471
39,328333;-0,031471
39,33;-0,031471
39,331667;-0,031471
39,333333;-0,031471
39,335;-0,031471
39,336667;-0,031471
39,338333;-0,031471
39,34;-0,031471
39,341667;-0,031471
39,343333;-0,034332
39,345;-0,034332
39,346667;-0,034332
39,348333;-0,034332
39,35;-0,034332
39,351667;-0,034332
39,353333;-0,034332
39,355;-0,034332
39,356667;-0,034332
39,358333;-0,034332
39,36;-0,034332
39,361667;-0,034332
39,363333;-0,034332
39,365;-0,034332
39,366667;-0,034332
39,368333;-0,034332
39,37;-0,034332
39,371667;-0,034332
39,373333;-0,034332
39,375;-0,034332
39,376667;-0,034332
39,378333;-0,034332
39,38;-0,034332
39,381667;-0,034332
39,383333;-0,034332
39,385;-0,034332
39,386667;-0,034332
39,388333;-0,034332
39,39;-0,034332
39,391667;-0,034332
39,393333;-0,034332
39,395;-0,034332
39,396667;-0,034332
39,398333;-0,031471
39,4;-0,031471
39,401667;-0,031471
39,403333;-0,031471
39,405;-0,031471
39,406667;-0,031471
39,408333;-0,031471
39,41;-0,031471
39,411667;-0,031471
39,413333;-0,031471
39,415;-0,031471
39,416667;-0,031471
39,418333;-0,031471
39,42;-0,031471
39,421667;-0,031471
39,423333;-0,031471
39,425;-0,031471
39,426667;-0,031471
39,428333;-0,031471
39,43;-0,031471
39,431667;-0,031471
39,433333;-0,031471
39,435;-0,031471
39,436667;-0,031471
39,438333;-0,031471
39,44;-0,031471
39,441667;-0,031471
39,443333;-0,031471
39,445;-0,031471
39,446667;-0,031471
39,448333;-0,031471
39,45;-0,031471
39,451667;-0,031471
39,453333;-0,031471
39,455;-0,031471
39,456667;-0,031471
39,458333;-0,031471
39,46;-0,031471
39,461667;-0,031471
39,463333;-0,031471
39,465;-0,031471
39,466667;-0,031471
39,468333;-0,031471
39,47;-0,031471
39,471667;-0,031471
39,473333;-0,031471
39,475;-0,031471
39,476667;-0,031471
39,478333;-0,031471
39,48;-0,031471
39,481667;-0,031471
39,483333;-0,031471
39,485;-0,031471
39,486667;-0,031471
39,488333;-0,031471
39,49;-0,031471
39,491667;-0,031471
39,493333;-0,02861
39,495;-0,02861
39,496667;-0,02861
39,498333;-0,02861
39,5;-0,02861
39,501667;-0,02861
39,503333;-0,02861
39,505;-0,02861
39,506667;-0,02861
39,508333;-0,02861
39,51;-0,02861
39,511667;-0,02861
39,513333;-0,02861
39,515;-0,02861
39,516667;-0,02861
39,518333;-0,02861
39,52;-0,02861
39,521667;-0,02861
39,523333;-0,02861
39,525;-0,02861
39,526667;-0,02861
39,528333;-0,02861
39,53;-0,02861
39,531667;-0,02861
39,533333;-0,02861
39,535;-0,02861
39,536667;-0,02861
39,538333;-0,02861
39,54;-0,02861
39,541667;-0,02861
39,543333;-0,02861
39,545;-0,02861
39,546667;-0,02861
39,548333;-0,02861
39,55;-0,02861
39,551667;-0,02861
39,553333;-0,02861
39,555;-0,02861
39,556667;-0,02861
39,558333;-0,02861
39,56;-0,02861
39,561667;-0,02861
39,563333;-0,02861
39,565;-0,02861
39,566667;-0,02861
39,568333;-0,02861
39,57;-0,02861
39,571667;-0,02861
39,573333;-0,02861
39,575;-0,02861
39,576667;-0,02861
39,578333;-0,02861
39,58;-0,02861
39,581667;-0,02861
39,583333;-0,02861
39,585;-0,02861
39,586667;-0,02861
39,588333;-0,02861
39,59;-0,02861
39,591667;-0,02861
39,593333;-0,02861
39,595;-0,02861
39,596667;-0,02861
39,598333;-0,02861
39,6;-0,02861
39,601667;-0,02861
39,603333;-0,02861
39,605;-0,02861
39,606667;-0,02861
39,608333;-0,02861
39,61;-0,02861
39,611667;-0,02861
39,613333;-0,02861
39,615;-0,02861
39,616667;-0,02861
39,618333;-0,02861
39,62;-0,02861
39,621667;-0,02861
39,623333;-0,02861
39,625;-0,02861
39,626667;-0,02861
39,628333;-0,02861
39,63;-0,02861
39,631667;-0,02861
39,633333;-0,02861
39,635;-0,02861
39,636667;-0,02861
39,638333;-0,02861
39,64;-0,02861
39,641667;-0,02861
39,643333;-0,02861
39,645;-0,02861
39,646667;-0,02861
39,648333;-0,02861
39,65;-0,031471
39,651667;-0,031471
39,653333;-0,031471
39,655;-0,031471
39,656667;-0,02861
39,658333;-0,02861
39,66;-0,02861
39,661667;-0,02861
39,663333;-0,02861
39,665;-0,02861
39,666667;-0,02861
39,668333;-0,02861
39,67;-0,02861
39,671667;-0,02861
39,673333;-0,02861
39,675;-0,02861
39,676667;-0,02861
39,678333;-0,02861
39,68;-0,02861
39,681667;-0,02861
39,683333;-0,02861
39,685;-0,02861
39,686667;-0,02861
39,688333;-0,02861
39,69;-0,02861
39,691667;-0,02861
39,693333;-0,02861
39,695;-0,02861
39,696667;-0,02861
39,698333;-0,02861
39,7;-0,02861
39,701667;-0,02861
39,703333;-0,02861
39,705;-0,02861
39,706667;-0,02861
39,708333;-0,02861
39,71;-0,02861
39,711667;-0,02861
39,713333;-0,02861
39,715;-0,02861
39,716667;-0,02861
39,718333;-0,02861
39,72;-0,02861
39,721667;-0,02861
39,723333;-0,02861
39,725;-0,02861
39,726667;-0,02861
39,728333;-0,02861
39,73;-0,02861
39,731667;-0,02861
39,733333;-0,02861
39,735;-0,02861
39,736667;-0,02861
39,738333;-0,02861
39,74;-0,02861
39,741667;-0,02861
39,743333;-0,02861
39,745;-0,02861
39,746667;-0,02861
39,748333;-0,02861
39,75;-0,02861
39,751667;-0,02861
39,753333;-0,02861
39,755;-0,02861
39,756667;-0,02861
39,758333;-0,02861
39,76;-0,02861
39,761667;-0,02861
39,763333;-0,02861
39,765;-0,02861
39,766667;-0,02861
39,768333;-0,02861
39,77;-0,02861
39,771667;-0,02861
39,773333;-0,02861
39,775;-0,02861
39,776667;-0,02861
39,778333;-0,02861
39,78;-0,02861
39,781667;-0,02861
39,783333;-0,02861
39,785;-0,02861
39,786667;-0,02861
39,788333;-0,02861
39,79;-0,02861
39,791667;-0,02861
39,793333;-0,02861
39,795;-0,02861
39,796667;-0,02861
39,798333;-0,02861
39,8;-0,02861
39,801667;-0,02861
39,803333;-0,02861
39,805;-0,02861
39,806667;-0,02861
39,808333;-0,02861
39,81;-0,02861
39,811667;-0,02861
39,813333;-0,02861
39,815;-0,02861
39,816667;-0,02861
39,818333;-0,02861
39,82;-0,02861
39,821667;-0,02861
39,823333;-0,02861
39,825;-0,02861
39,826667;-0,02861
39,828333;-0,02861
39,83;-0,02861
39,831667;-0,02861
39,833333;-0,02861
39,835;-0,02861
39,836667;-0,02861
39,838333;-0,02861
39,84;-0,02861
39,841667;-0,02861
39,843333;-0,02861
39,845;-0,02861
39,846667;-0,02861
39,848333;-0,02861
39,85;-0,02861
39,851667;-0,02861
39,853333;-0,02861
39,855;-0,02861
39,856667;-0,02861
39,858333;-0,02861
39,86;-0,02861
39,861667;-0,02861
39,863333;-0,02861
39,865;-0,02861
39,866667;-0,02861
39,868333;-0,02861
39,87;-0,02861
39,871667;-0,02861
39,873333;-0,02861
39,875;-0,02861
39,876667;-0,02861
39,878333;-0,02861
39,88;-0,02861
39,881667;-0,02861
39,883333;-0,02861
39,885;-0,02861
39,886667;-0,02861
39,888333;-0,02861
39,89;-0,02861
39,891667;-0,02861
39,893333;-0,02861
39,895;-0,02861
39,896667;-0,02861
39,898333;-0,02861
39,9;-0,02861
39,901667;-0,02861
39,903333;-0,02861
39,905;-0,02861
39,906667;-0,02861
39,908333;-0,02861
39,91;-0,02861
39,911667;-0,02861
39,913333;-0,02861
39,915;-0,02861
39,916667;-0,02861
39,918333;-0,02861
39,92;-0,02861
39,921667;-0,02861
39,923333;-0,02861
39,925;-0,02861
39,926667;-0,02861
39,928333;-0,02861
39,93;-0,02861
39,931667;-0,02861
39,933333;-0,02861
39,935;-0,02861
39,936667;-0,025749
39,938333;-0,025749
39,94;-0,025749
39,941667;-0,025749
39,943333;-0,025749
39,945;-0,025749
39,946667;-0,025749
39,948333;-0,025749
39,95;-0,025749
39,951667;-0,025749
39,953333;-0,02861
39,955;-0,02861
39,956667;-0,02861
39,958333;-0,02861
39,96;-0,02861
39,961667;-0,02861
39,963333;-0,02861
39,965;-0,02861
39,966667;-0,02861
39,968333;-0,02861
39,97;-0,02861
39,971667;-0,02861
39,973333;-0,02861
39,975;-0,02861
39,976667;-0,02861
39,978333;-0,02861
39,98;-0,02861
39,981667;-0,02861
39,983333;-0,02861
39,985;-0,025749
39,986667;-0,025749
39,988333;-0,025749
39,99;-0,025749
39,991667;-0,025749
39,993333;-0,025749
39,995;-0,025749
39,996667;-0,025749
39,998333;-0,025749
40;-0,025749
