Time (min);Value (µRIU)
0;-0,002861
0,001667;-0,002861
0,003333;-0,002861
0,005;-0,002861
0,006667;0
0,008333;0
0,01;0
0,011667;0
0,013333;0
0,015;0
0,016667;0
0,018333;0
0,02;0
0,021667;0
0,023333;0
0,025;-0,002861
0,026667;-0,002861
0,028333;-0,002861
0,03;-0,002861
0,031667;-0,002861
0,033333;-0,002861
0,035;0
0,036667;0
0,038333;0
0,04;0
0,041667;0
0,043333;0
0,045;0
0,046667;0
0,048333;0
0,05;0
0,051667;0
0,053333;0
0,055;0
0,056667;-0,002861
0,058333;-0,002861
0,06;-0,002861
0,061667;-0,002861
0,063333;-0,002861
0,065;-0,002861
0,066667;-0,002861
0,068333;-0,002861
0,07;-0,002861
0,071667;-0,002861
0,073333;-0,002861
0,075;-0,002861
0,076667;-0,002861
0,078333;-0,002861
0,08;-0,002861
0,081667;-0,002861
0,083333;-0,002861
0,085;-0,002861
0,086667;-0,002861
0,088333;-0,002861
0,09;-0,002861
0,091667;-0,002861
0,093333;-0,002861
0,095;-0,002861
0,096667;-0,002861
0,098333;-0,002861
0,1;-0,002861
0,101667;-0,002861
0,103333;-0,002861
0,105;-0,002861
0,106667;-0,002861
0,108333;-0,002861
0,11;-0,002861
0,111667;-0,002861
0,113333;-0,002861
0,115;-0,002861
0,116667;-0,002861
0,118333;-0,002861
0,12;-0,002861
0,121667;-0,002861
0,123333;-0,002861
0,125;-0,002861
0,126667;-0,002861
0,128333;-0,002861
0,13;-0,002861
0,131667;-0,002861
0,133333;-0,002861
0,135;-0,002861
0,136667;-0,002861
0,138333;-0,002861
0,14;-0,002861
0,141667;-0,002861
0,143333;-0,002861
0,145;-0,002861
0,146667;-0,002861
0,148333;-0,002861
0,15;0
0,151667;0
0,153333;0
0,155;0
0,156667;0
0,158333;0
0,16;0
0,161667;0
0,163333;0
0,165;0
0,166667;0
0,168333;0
0,17;0
0,171667;0
0,173333;0
0,175;0
0,176667;-0,002861
0,178333;-0,002861
0,18;-0,002861
0,181667;-0,002861
0,183333;-0,002861
0,185;-0,002861
0,186667;-0,002861
0,188333;-0,002861
0,19;-0,002861
0,191667;-0,002861
0,193333;-0,002861
0,195;-0,002861
0,196667;-0,002861
0,198333;-0,002861
0,2;-0,002861
0,201667;-0,002861
0,203333;-0,002861
0,205;-0,002861
0,206667;-0,002861
0,208333;-0,002861
0,21;-0,002861
0,211667;-0,002861
0,213333;-0,002861
0,215;-0,002861
0,216667;-0,002861
0,218333;-0,002861
0,22;-0,002861
0,221667;-0,002861
0,223333;-0,002861
0,225;-0,002861
0,226667;-0,002861
0,228333;-0,002861
0,23;-0,002861
0,231667;-0,002861
0,233333;-0,002861
0,235;-0,002861
0,236667;-0,002861
0,238333;-0,002861
0,24;-0,002861
0,241667;-0,002861
0,243333;-0,002861
0,245;-0,002861
0,246667;-0,002861
0,248333;-0,002861
0,25;-0,002861
0,251667;-0,002861
0,253333;-0,002861
0,255;-0,002861
0,256667;-0,002861
0,258333;-0,002861
0,26;-0,002861
0,261667;-0,002861
0,263333;-0,002861
0,265;-0,002861
0,266667;-0,002861
0,268333;-0,002861
0,27;-0,002861
0,271667;-0,002861
0,273333;-0,002861
0,275;-0,002861
0,276667;-0,002861
0,278333;-0,002861
0,28;-0,002861
0,281667;-0,002861
0,283333;-0,002861
0,285;-0,002861
0,286667;-0,002861
0,288333;-0,002861
0,29;-0,002861
0,291667;-0,002861
0,293333;-0,002861
0,295;-0,002861
0,296667;-0,002861
0,298333;-0,002861
0,3;-0,002861
0,301667;-0,002861
0,303333;-0,002861
0,305;-0,002861
0,306667;-0,002861
0,308333;-0,002861
0,31;-0,002861
0,311667;-0,002861
0,313333;-0,002861
0,315;-0,002861
0,316667;-0,002861
0,318333;-0,002861
0,32;-0,002861
0,321667;-0,002861
0,323333;-0,002861
0,325;-0,002861
0,326667;-0,002861
0,328333;-0,002861
0,33;-0,002861
0,331667;-0,002861
0,333333;-0,002861
0,335;-0,002861
0,336667;-0,002861
0,338333;-0,002861
0,34;-0,002861
0,341667;-0,002861
0,343333;-0,002861
0,345;-0,002861
0,346667;-0,002861
0,348333;-0,002861
0,35;-0,002861
0,351667;-0,002861
0,353333;-0,002861
0,355;-0,002861
0,356667;-0,002861
0,358333;-0,002861
0,36;-0,002861
0,361667;-0,002861
0,363333;-0,002861
0,365;-0,002861
0,366667;-0,002861
0,368333;-0,002861
0,37;-0,002861
0,371667;-0,002861
0,373333;-0,002861
0,375;-0,002861
0,376667;-0,002861
0,378333;-0,002861
0,38;-0,002861
0,381667;-0,002861
0,383333;0
0,385;0
0,386667;0
0,388333;0
0,39;0
0,391667;0
0,393333;0
0,395;0
0,396667;0
0,398333;0
0,4;0
0,401667;-0,002861
0,403333;-0,002861
0,405;-0,002861
0,406667;0
0,408333;0
0,41;0
0,411667;0
0,413333;0
0,415;0
0,416667;0
0,418333;0
0,42;0
0,421667;0
0,423333;0
0,425;0
0,426667;0
0,428333;0
0,43;0
0,431667;0
0,433333;0
0,435;0
0,436667;0
0,438333;0
0,44;0
0,441667;0
0,443333;0
0,445;0
0,446667;0
0,448333;0
0,45;0
0,451667;0
0,453333;0
0,455;0
0,456667;0
0,458333;0
0,46;-0,002861
0,461667;-0,002861
0,463333;-0,002861
0,465;-0,002861
0,466667;-0,002861
0,468333;-0,002861
0,47;-0,002861
0,471667;-0,002861
0,473333;-0,002861
0,475;0
0,476667;0
0,478333;0
0,48;0
0,481667;0
0,483333;0
0,485;0
0,486667;-0,002861
0,488333;-0,002861
0,49;-0,002861
0,491667;-0,002861
0,493333;-0,002861
0,495;-0,002861
0,496667;-0,002861
0,498333;-0,002861
0,5;-0,002861
0,501667;-0,002861
0,503333;-0,002861
0,505;-0,002861
0,506667;-0,002861
0,508333;-0,002861
0,51;-0,002861
0,511667;-0,002861
0,513333;-0,002861
0,515;-0,002861
0,516667;-0,002861
0,518333;-0,002861
0,52;-0,002861
0,521667;-0,002861
0,523333;-0,002861
0,525;-0,002861
0,526667;-0,002861
0,528333;-0,002861
0,53;-0,002861
0,531667;-0,002861
0,533333;-0,002861
0,535;-0,002861
0,536667;-0,002861
0,538333;-0,002861
0,54;-0,002861
0,541667;-0,002861
0,543333;-0,002861
0,545;-0,002861
0,546667;-0,002861
0,548333;-0,002861
0,55;-0,002861
0,551667;-0,002861
0,553333;-0,002861
0,555;-0,002861
0,556667;-0,002861
0,558333;-0,002861
0,56;-0,002861
0,561667;-0,002861
0,563333;-0,002861
0,565;-0,002861
0,566667;-0,002861
0,568333;-0,002861
0,57;-0,002861
0,571667;-0,002861
0,573333;-0,002861
0,575;-0,002861
0,576667;-0,002861
0,578333;-0,002861
0,58;-0,002861
0,581667;-0,002861
0,583333;-0,002861
0,585;-0,002861
0,586667;-0,002861
0,588333;-0,002861
0,59;-0,002861
0,591667;-0,002861
0,593333;-0,002861
0,595;-0,002861
0,596667;-0,002861
0,598333;-0,002861
0,6;-0,002861
0,601667;-0,002861
0,603333;-0,002861
0,605;-0,002861
0,606667;-0,002861
0,608333;-0,002861
0,61;-0,002861
0,611667;-0,002861
0,613333;-0,002861
0,615;0
0,616667;0
0,618333;0
0,62;0
0,621667;0
0,623333;0
0,625;0
0,626667;0
0,628333;0
0,63;0
0,631667;0
0,633333;0
0,635;0
0,636667;0
0,638333;0
0,64;0
0,641667;0
0,643333;0
0,645;0
0,646667;0
0,648333;0
0,65;0
0,651667;0
0,653333;0
0,655;0
0,656667;0
0,658333;0
0,66;0
0,661667;0
0,663333;0
0,665;0
0,666667;0
0,668333;0
0,67;0
0,671667;0
0,673333;0
0,675;0
0,676667;0
0,678333;0
0,68;0
0,681667;0
0,683333;0
0,685;0
0,686667;0
0,688333;0
0,69;0
0,691667;0
0,693333;0
0,695;0
0,696667;0
0,698333;0
0,7;0
0,701667;0
0,703333;0
0,705;0
0,706667;0
0,708333;0
0,71;0
0,711667;0
0,713333;0
0,715;0
0,716667;0
0,718333;0
0,72;0
0,721667;0
0,723333;0
0,725;0
0,726667;0
0,728333;0
0,73;0
0,731667;0
0,733333;0
0,735;0
0,736667;0
0,738333;0
0,74;0
0,741667;0
0,743333;0
0,745;0
0,746667;0
0,748333;0
0,75;0
0,751667;0
0,753333;0
0,755;0
0,756667;0
0,758333;0
0,76;-0,002861
0,761667;-0,002861
0,763333;-0,002861
0,765;-0,002861
0,766667;-0,002861
0,768333;-0,002861
0,77;-0,002861
0,771667;-0,002861
0,773333;-0,002861
0,775;0
0,776667;0
0,778333;0
0,78;0
0,781667;0
0,783333;0
0,785;0
0,786667;0
0,788333;0
0,79;0
0,791667;0
0,793333;0
0,795;0
0,796667;0
0,798333;0
0,8;0
0,801667;0
0,803333;0
0,805;0
0,806667;0
0,808333;0
0,81;0
0,811667;0
0,813333;0
0,815;0
0,816667;0
0,818333;0
0,82;0
0,821667;0
0,823333;0
0,825;0
0,826667;0
0,828333;0
0,83;0
0,831667;0
0,833333;0
0,835;0
0,836667;0
0,838333;0
0,84;0
0,841667;0
0,843333;0
0,845;0
0,846667;0
0,848333;0
0,85;0
0,851667;0
0,853333;0
0,855;0
0,856667;0
0,858333;0
0,86;0
0,861667;0
0,863333;0
0,865;0
0,866667;0
0,868333;0
0,87;0
0,871667;0
0,873333;0
0,875;0
0,876667;0
0,878333;0
0,88;0
0,881667;0
0,883333;0
0,885;0
0,886667;0
0,888333;0
0,89;0
0,891667;0
0,893333;0
0,895;0
0,896667;0
0,898333;0
0,9;0
0,901667;0
0,903333;0
0,905;0
0,906667;0
0,908333;0
0,91;0
0,911667;0
0,913333;0
0,915;0
0,916667;0
0,918333;0
0,92;0
0,921667;0
0,923333;0
0,925;0
0,926667;0
0,928333;0
0,93;0
0,931667;0
0,933333;0
0,935;0
0,936667;0
0,938333;0
0,94;0
0,941667;0
0,943333;0
0,945;0
0,946667;0
0,948333;0
0,95;0
0,951667;0
0,953333;0
0,955;0
0,956667;0
0,958333;0
0,96;0
0,961667;0
0,963333;0
0,965;0
0,966667;0
0,968333;0
0,97;0
0,971667;0
0,973333;0
0,975;0
0,976667;0
0,978333;0
0,98;0
0,981667;0
0,983333;0
0,985;0
0,986667;0
0,988333;0
0,99;0
0,991667;0
0,993333;0
0,995;0
0,996667;0
0,998333;0
1;0
1,001667;0
1,003333;0
1,005;0
1,006667;0
1,008333;0
1,01;0
1,011667;0
1,013333;0
1,015;0
1,016667;0
1,018333;0
1,02;0
1,021667;0
1,023333;0
1,025;0
1,026667;0
1,028333;0
1,03;0
1,031667;0
1,033333;0
1,035;0
1,036667;0
1,038333;0
1,04;0
1,041667;0
1,043333;0
1,045;0
1,046667;0
1,048333;0
1,05;0
1,051667;0
1,053333;0
1,055;0
1,056667;0
1,058333;0
1,06;0
1,061667;0
1,063333;0
1,065;-0,002861
1,066667;-0,002861
1,068333;-0,002861
1,07;-0,002861
1,071667;-0,002861
1,073333;-0,002861
1,075;-0,002861
1,076667;-0,002861
1,078333;-0,002861
1,08;-0,002861
1,081667;-0,002861
1,083333;-0,002861
1,085;-0,002861
1,086667;-0,002861
1,088333;-0,002861
1,09;-0,002861
1,091667;-0,002861
1,093333;-0,002861
1,095;-0,002861
1,096667;-0,002861
1,098333;-0,002861
1,1;-0,002861
1,101667;-0,002861
1,103333;-0,002861
1,105;-0,002861
1,106667;-0,002861
1,108333;-0,002861
1,11;-0,002861
1,111667;-0,002861
1,113333;-0,002861
1,115;-0,002861
1,116667;-0,002861
1,118333;-0,002861
1,12;-0,002861
1,121667;-0,002861
1,123333;-0,002861
1,125;-0,002861
1,126667;-0,002861
1,128333;-0,002861
1,13;-0,002861
1,131667;-0,002861
1,133333;-0,002861
1,135;-0,002861
1,136667;-0,002861
1,138333;-0,002861
1,14;-0,002861
1,141667;-0,002861
1,143333;-0,002861
1,145;-0,002861
1,146667;-0,002861
1,148333;-0,002861
1,15;-0,002861
1,151667;-0,002861
1,153333;-0,002861
1,155;-0,002861
1,156667;-0,002861
1,158333;-0,002861
1,16;-0,002861
1,161667;-0,002861
1,163333;-0,002861
1,165;-0,002861
1,166667;-0,002861
1,168333;-0,002861
1,17;-0,002861
1,171667;-0,002861
1,173333;-0,002861
1,175;-0,002861
1,176667;-0,002861
1,178333;-0,002861
1,18;-0,002861
1,181667;-0,002861
1,183333;-0,002861
1,185;-0,002861
1,186667;-0,002861
1,188333;-0,002861
1,19;-0,002861
1,191667;-0,002861
1,193333;-0,002861
1,195;-0,002861
1,196667;-0,002861
1,198333;-0,002861
1,2;-0,002861
1,201667;-0,002861
1,203333;-0,002861
1,205;-0,002861
1,206667;-0,002861
1,208333;-0,002861
1,21;-0,002861
1,211667;-0,002861
1,213333;-0,002861
1,215;-0,002861
1,216667;-0,002861
1,218333;-0,002861
1,22;-0,002861
1,221667;-0,002861
1,223333;-0,002861
1,225;-0,002861
1,226667;-0,002861
1,228333;-0,002861
1,23;-0,002861
1,231667;-0,002861
1,233333;-0,002861
1,235;-0,002861
1,236667;-0,002861
1,238333;-0,002861
1,24;-0,002861
1,241667;-0,002861
1,243333;-0,002861
1,245;-0,002861
1,246667;-0,002861
1,248333;-0,002861
1,25;-0,002861
1,251667;-0,002861
1,253333;-0,002861
1,255;-0,002861
1,256667;-0,002861
1,258333;-0,002861
1,26;-0,002861
1,261667;-0,002861
1,263333;-0,002861
1,265;-0,002861
1,266667;-0,002861
1,268333;-0,002861
1,27;-0,002861
1,271667;-0,002861
1,273333;-0,002861
1,275;-0,002861
1,276667;-0,002861
1,278333;-0,002861
1,28;-0,002861
1,281667;-0,002861
1,283333;-0,002861
1,285;-0,002861
1,286667;-0,002861
1,288333;-0,002861
1,29;-0,002861
1,291667;-0,002861
1,293333;-0,002861
1,295;-0,002861
1,296667;-0,002861
1,298333;-0,002861
1,3;-0,002861
1,301667;-0,002861
1,303333;-0,002861
1,305;-0,002861
1,306667;-0,002861
1,308333;-0,002861
1,31;-0,002861
1,311667;-0,002861
1,313333;-0,002861
1,315;-0,002861
1,316667;-0,002861
1,318333;-0,002861
1,32;-0,002861
1,321667;-0,002861
1,323333;-0,002861
1,325;-0,002861
1,326667;-0,002861
1,328333;-0,002861
1,33;-0,002861
1,331667;-0,002861
1,333333;-0,002861
1,335;-0,002861
1,336667;-0,002861
1,338333;-0,002861
1,34;-0,002861
1,341667;-0,002861
1,343333;-0,002861
1,345;-0,002861
1,346667;-0,002861
1,348333;-0,002861
1,35;-0,002861
1,351667;-0,002861
1,353333;-0,002861
1,355;-0,002861
1,356667;-0,002861
1,358333;-0,002861
1,36;-0,002861
1,361667;-0,002861
1,363333;-0,002861
1,365;-0,002861
1,366667;-0,002861
1,368333;-0,002861
1,37;-0,002861
1,371667;-0,002861
1,373333;-0,002861
1,375;-0,002861
1,376667;-0,002861
1,378333;-0,002861
1,38;-0,002861
1,381667;-0,002861
1,383333;-0,002861
1,385;-0,002861
1,386667;-0,002861
1,388333;-0,002861
1,39;-0,002861
1,391667;-0,002861
1,393333;-0,002861
1,395;-0,002861
1,396667;-0,002861
1,398333;-0,002861
1,4;-0,002861
1,401667;-0,002861
1,403333;-0,002861
1,405;-0,002861
1,406667;-0,002861
1,408333;-0,002861
1,41;-0,002861
1,411667;-0,002861
1,413333;-0,002861
1,415;-0,002861
1,416667;-0,002861
1,418333;-0,002861
1,42;-0,002861
1,421667;-0,002861
1,423333;-0,002861
1,425;-0,002861
1,426667;-0,002861
1,428333;-0,002861
1,43;-0,002861
1,431667;-0,002861
1,433333;-0,002861
1,435;-0,002861
1,436667;-0,005722
1,438333;-0,005722
1,44;-0,005722
1,441667;-0,005722
1,443333;-0,005722
1,445;-0,005722
1,446667;-0,005722
1,448333;-0,005722
1,45;-0,005722
1,451667;-0,005722
1,453333;-0,002861
1,455;-0,002861
1,456667;-0,002861
1,458333;-0,002861
1,46;-0,002861
1,461667;-0,002861
1,463333;-0,002861
1,465;-0,002861
1,466667;-0,002861
1,468333;-0,002861
1,47;-0,002861
1,471667;-0,002861
1,473333;-0,002861
1,475;-0,002861
1,476667;-0,002861
1,478333;-0,002861
1,48;-0,002861
1,481667;-0,002861
1,483333;-0,002861
1,485;-0,002861
1,486667;-0,002861
1,488333;-0,002861
1,49;-0,005722
1,491667;-0,005722
1,493333;-0,005722
1,495;-0,005722
1,496667;-0,005722
1,498333;-0,005722
1,5;-0,005722
1,501667;-0,005722
1,503333;-0,005722
1,505;-0,005722
1,506667;-0,005722
1,508333;-0,005722
1,51;-0,005722
1,511667;-0,005722
1,513333;-0,005722
1,515;-0,005722
1,516667;-0,005722
1,518333;-0,005722
1,52;-0,005722
1,521667;-0,005722
1,523333;-0,005722
1,525;-0,005722
1,526667;-0,005722
1,528333;-0,005722
1,53;-0,005722
1,531667;-0,005722
1,533333;-0,005722
1,535;-0,005722
1,536667;-0,005722
1,538333;-0,005722
1,54;-0,005722
1,541667;-0,005722
1,543333;-0,005722
1,545;-0,005722
1,546667;-0,005722
1,548333;-0,005722
1,55;-0,005722
1,551667;-0,005722
1,553333;-0,005722
1,555;-0,005722
1,556667;-0,005722
1,558333;-0,005722
1,56;-0,005722
1,561667;-0,005722
1,563333;-0,005722
1,565;-0,005722
1,566667;-0,005722
1,568333;-0,005722
1,57;-0,005722
1,571667;-0,005722
1,573333;-0,005722
1,575;-0,005722
1,576667;-0,005722
1,578333;-0,005722
1,58;-0,005722
1,581667;-0,005722
1,583333;-0,005722
1,585;-0,005722
1,586667;-0,005722
1,588333;-0,005722
1,59;-0,005722
1,591667;-0,002861
1,593333;-0,002861
1,595;-0,002861
1,596667;-0,002861
1,598333;-0,002861
1,6;-0,002861
1,601667;-0,002861
1,603333;-0,002861
1,605;-0,002861
1,606667;-0,002861
1,608333;-0,002861
1,61;-0,002861
1,611667;-0,002861
1,613333;-0,005722
1,615;-0,005722
1,616667;-0,005722
1,618333;-0,005722
1,62;-0,005722
1,621667;-0,005722
1,623333;-0,005722
1,625;-0,005722
1,626667;-0,005722
1,628333;-0,005722
1,63;-0,005722
1,631667;-0,005722
1,633333;-0,005722
1,635;-0,005722
1,636667;-0,005722
1,638333;-0,005722
1,64;-0,005722
1,641667;-0,005722
1,643333;-0,005722
1,645;-0,005722
1,646667;-0,005722
1,648333;-0,005722
1,65;-0,005722
1,651667;-0,005722
1,653333;-0,005722
1,655;-0,005722
1,656667;-0,005722
1,658333;-0,005722
1,66;-0,005722
1,661667;-0,005722
1,663333;-0,005722
1,665;-0,005722
1,666667;-0,005722
1,668333;-0,005722
1,67;-0,005722
1,671667;-0,005722
1,673333;-0,005722
1,675;-0,005722
1,676667;-0,005722
1,678333;-0,005722
1,68;-0,005722
1,681667;-0,005722
1,683333;-0,005722
1,685;-0,005722
1,686667;-0,005722
1,688333;-0,005722
1,69;-0,005722
1,691667;-0,005722
1,693333;-0,005722
1,695;-0,005722
1,696667;-0,005722
1,698333;-0,005722
1,7;-0,005722
1,701667;-0,005722
1,703333;-0,005722
1,705;-0,005722
1,706667;-0,005722
1,708333;-0,005722
1,71;-0,005722
1,711667;-0,005722
1,713333;-0,005722
1,715;-0,005722
1,716667;-0,005722
1,718333;-0,005722
1,72;-0,005722
1,721667;-0,005722
1,723333;-0,005722
1,725;-0,005722
1,726667;-0,005722
1,728333;-0,005722
1,73;-0,005722
1,731667;-0,005722
1,733333;-0,005722
1,735;-0,005722
1,736667;-0,005722
1,738333;-0,005722
1,74;-0,005722
1,741667;-0,005722
1,743333;-0,005722
1,745;-0,005722
1,746667;-0,005722
1,748333;-0,005722
1,75;-0,005722
1,751667;-0,005722
1,753333;-0,002861
1,755;-0,005722
1,756667;-0,002861
1,758333;-0,002861
1,76;-0,002861
1,761667;-0,002861
1,763333;-0,002861
1,765;-0,002861
1,766667;-0,002861
1,768333;-0,002861
1,77;-0,002861
1,771667;-0,002861
1,773333;-0,002861
1,775;-0,002861
1,776667;-0,002861
1,778333;-0,002861
1,78;-0,002861
1,781667;-0,002861
1,783333;-0,002861
1,785;-0,002861
1,786667;-0,002861
1,788333;-0,002861
1,79;-0,002861
1,791667;-0,005722
1,793333;-0,005722
1,795;-0,005722
1,796667;-0,005722
1,798333;-0,005722
1,8;-0,005722
1,801667;-0,005722
1,803333;-0,005722
1,805;-0,005722
1,806667;-0,005722
1,808333;-0,005722
1,81;-0,005722
1,811667;-0,005722
1,813333;-0,005722
1,815;-0,005722
1,816667;-0,005722
1,818333;-0,005722
1,82;-0,005722
1,821667;-0,005722
1,823333;-0,005722
1,825;-0,005722
1,826667;-0,005722
1,828333;-0,005722
1,83;-0,005722
1,831667;-0,005722
1,833333;-0,005722
1,835;-0,005722
1,836667;-0,005722
1,838333;-0,005722
1,84;-0,005722
1,841667;-0,005722
1,843333;-0,005722
1,845;-0,005722
1,846667;-0,005722
1,848333;-0,005722
1,85;-0,005722
1,851667;-0,005722
1,853333;-0,005722
1,855;-0,005722
1,856667;-0,005722
1,858333;-0,005722
1,86;-0,005722
1,861667;-0,005722
1,863333;-0,005722
1,865;-0,005722
1,866667;-0,005722
1,868333;-0,005722
1,87;-0,005722
1,871667;-0,005722
1,873333;-0,005722
1,875;-0,005722
1,876667;-0,005722
1,878333;-0,005722
1,88;-0,005722
1,881667;-0,005722
1,883333;-0,005722
1,885;-0,005722
1,886667;-0,005722
1,888333;-0,005722
1,89;-0,005722
1,891667;-0,005722
1,893333;-0,005722
1,895;-0,005722
1,896667;-0,005722
1,898333;-0,005722
1,9;-0,005722
1,901667;-0,005722
1,903333;-0,005722
1,905;-0,005722
1,906667;-0,005722
1,908333;-0,005722
1,91;-0,005722
1,911667;-0,005722
1,913333;-0,005722
1,915;-0,005722
1,916667;-0,005722
1,918333;-0,005722
1,92;-0,005722
1,921667;-0,005722
1,923333;-0,005722
1,925;-0,005722
1,926667;-0,005722
1,928333;-0,005722
1,93;-0,005722
1,931667;-0,005722
1,933333;-0,005722
1,935;-0,005722
1,936667;-0,005722
1,938333;-0,005722
1,94;-0,005722
1,941667;-0,005722
1,943333;-0,005722
1,945;-0,005722
1,946667;-0,005722
1,948333;-0,005722
1,95;-0,005722
1,951667;-0,005722
1,953333;-0,005722
1,955;-0,005722
1,956667;-0,005722
1,958333;-0,005722
1,96;-0,005722
1,961667;-0,005722
1,963333;-0,005722
1,965;-0,005722
1,966667;-0,005722
1,968333;-0,005722
1,97;-0,005722
1,971667;-0,005722
1,973333;-0,005722
1,975;-0,005722
1,976667;-0,005722
1,978333;-0,005722
1,98;-0,005722
1,981667;-0,005722
1,983333;-0,005722
1,985;-0,005722
1,986667;-0,005722
1,988333;-0,005722
1,99;-0,005722
1,991667;-0,005722
1,993333;-0,005722
1,995;-0,005722
1,996667;-0,005722
1,998333;-0,005722
2;-0,005722
2,001667;-0,005722
2,003333;-0,005722
2,005;-0,005722
2,006667;-0,005722
2,008333;-0,005722
2,01;-0,005722
2,011667;-0,005722
2,013333;-0,005722
2,015;-0,005722
2,016667;-0,005722
2,018333;-0,005722
2,02;-0,005722
2,021667;-0,005722
2,023333;-0,005722
2,025;-0,005722
2,026667;-0,005722
2,028333;-0,005722
2,03;-0,005722
2,031667;-0,005722
2,033333;-0,005722
2,035;-0,005722
2,036667;-0,005722
2,038333;-0,005722
2,04;-0,005722
2,041667;-0,005722
2,043333;-0,005722
2,045;-0,005722
2,046667;-0,005722
2,048333;-0,005722
2,05;-0,005722
2,051667;-0,005722
2,053333;-0,005722
2,055;-0,005722
2,056667;-0,005722
2,058333;-0,005722
2,06;-0,005722
2,061667;-0,005722
2,063333;-0,005722
2,065;-0,005722
2,066667;-0,005722
2,068333;-0,005722
2,07;-0,005722
2,071667;-0,005722
2,073333;-0,005722
2,075;-0,005722
2,076667;-0,005722
2,078333;-0,005722
2,08;-0,005722
2,081667;-0,005722
2,083333;-0,005722
2,085;-0,005722
2,086667;-0,005722
2,088333;-0,005722
2,09;-0,005722
2,091667;-0,005722
2,093333;-0,005722
2,095;-0,005722
2,096667;-0,005722
2,098333;-0,005722
2,1;-0,005722
2,101667;-0,005722
2,103333;-0,005722
2,105;-0,005722
2,106667;-0,005722
2,108333;-0,005722
2,11;-0,005722
2,111667;-0,005722
2,113333;-0,005722
2,115;-0,005722
2,116667;-0,005722
2,118333;-0,005722
2,12;-0,002861
2,121667;-0,002861
2,123333;-0,002861
2,125;-0,002861
2,126667;-0,002861
2,128333;-0,002861
2,13;-0,002861
2,131667;-0,002861
2,133333;-0,002861
2,135;-0,002861
2,136667;-0,002861
2,138333;-0,002861
2,14;-0,002861
2,141667;-0,002861
2,143333;-0,002861
2,145;-0,002861
2,146667;-0,002861
2,148333;-0,002861
2,15;-0,002861
2,151667;-0,002861
2,153333;-0,002861
2,155;-0,002861
2,156667;-0,002861
2,158333;-0,002861
2,16;-0,002861
2,161667;-0,002861
2,163333;-0,002861
2,165;-0,002861
2,166667;-0,002861
2,168333;-0,002861
2,17;-0,002861
2,171667;-0,002861
2,173333;-0,002861
2,175;-0,002861
2,176667;-0,002861
2,178333;-0,002861
2,18;-0,002861
2,181667;-0,002861
2,183333;-0,002861
2,185;-0,002861
2,186667;-0,002861
2,188333;-0,002861
2,19;-0,002861
2,191667;-0,002861
2,193333;-0,002861
2,195;-0,002861
2,196667;-0,002861
2,198333;-0,002861
2,2;-0,002861
2,201667;-0,002861
2,203333;-0,002861
2,205;-0,002861
2,206667;-0,002861
2,208333;-0,002861
2,21;-0,002861
2,211667;-0,002861
2,213333;-0,002861
2,215;-0,002861
2,216667;-0,002861
2,218333;-0,002861
2,22;-0,002861
2,221667;-0,002861
2,223333;-0,002861
2,225;-0,002861
2,226667;-0,002861
2,228333;-0,002861
2,23;-0,002861
2,231667;-0,002861
2,233333;-0,002861
2,235;-0,002861
2,236667;-0,002861
2,238333;-0,002861
2,24;-0,002861
2,241667;-0,002861
2,243333;-0,002861
2,245;-0,002861
2,246667;-0,002861
2,248333;-0,002861
2,25;-0,002861
2,251667;-0,002861
2,253333;-0,002861
2,255;-0,002861
2,256667;-0,002861
2,258333;-0,002861
2,26;-0,002861
2,261667;-0,002861
2,263333;-0,002861
2,265;-0,002861
2,266667;-0,002861
2,268333;-0,002861
2,27;-0,002861
2,271667;-0,002861
2,273333;-0,002861
2,275;-0,002861
2,276667;-0,002861
2,278333;-0,002861
2,28;-0,002861
2,281667;-0,002861
2,283333;-0,002861
2,285;-0,002861
2,286667;-0,002861
2,288333;-0,002861
2,29;-0,002861
2,291667;-0,002861
2,293333;-0,002861
2,295;-0,002861
2,296667;-0,002861
2,298333;-0,002861
2,3;-0,002861
2,301667;-0,002861
2,303333;-0,002861
2,305;-0,002861
2,306667;-0,002861
2,308333;-0,002861
2,31;-0,002861
2,311667;-0,002861
2,313333;-0,002861
2,315;-0,002861
2,316667;-0,002861
2,318333;-0,002861
2,32;-0,002861
2,321667;-0,002861
2,323333;-0,002861
2,325;-0,002861
2,326667;-0,002861
2,328333;-0,002861
2,33;-0,002861
2,331667;-0,002861
2,333333;-0,002861
2,335;0
2,336667;0
2,338333;0
2,34;0
2,341667;0
2,343333;-0,002861
2,345;-0,002861
2,346667;-0,002861
2,348333;-0,002861
2,35;-0,002861
2,351667;-0,002861
2,353333;-0,002861
2,355;-0,002861
2,356667;-0,002861
2,358333;-0,002861
2,36;-0,002861
2,361667;-0,002861
2,363333;-0,002861
2,365;-0,002861
2,366667;-0,002861
2,368333;-0,002861
2,37;-0,002861
2,371667;-0,002861
2,373333;-0,002861
2,375;-0,002861
2,376667;-0,002861
2,378333;-0,002861
2,38;-0,002861
2,381667;0
2,383333;0
2,385;0
2,386667;0
2,388333;0
2,39;0
2,391667;0
2,393333;0
2,395;0
2,396667;0
2,398333;0
2,4;0
2,401667;-0,002861
2,403333;-0,002861
2,405;-0,002861
2,406667;-0,002861
2,408333;-0,002861
2,41;-0,002861
2,411667;-0,002861
2,413333;-0,002861
2,415;-0,002861
2,416667;-0,002861
2,418333;-0,002861
2,42;-0,002861
2,421667;-0,002861
2,423333;-0,002861
2,425;-0,002861
2,426667;-0,002861
2,428333;-0,002861
2,43;-0,002861
2,431667;-0,002861
2,433333;-0,002861
2,435;-0,002861
2,436667;-0,002861
2,438333;-0,002861
2,44;-0,002861
2,441667;-0,002861
2,443333;-0,002861
2,445;-0,002861
2,446667;-0,002861
2,448333;-0,002861
2,45;-0,002861
2,451667;-0,002861
2,453333;-0,002861
2,455;-0,002861
2,456667;-0,002861
2,458333;-0,002861
2,46;-0,002861
2,461667;-0,002861
2,463333;-0,002861
2,465;-0,002861
2,466667;-0,002861
2,468333;-0,002861
2,47;-0,002861
2,471667;-0,002861
2,473333;0
2,475;0
2,476667;0
2,478333;0
2,48;0
2,481667;0
2,483333;0
2,485;0
2,486667;0
2,488333;0
2,49;0
2,491667;0
2,493333;0
2,495;0
2,496667;0
2,498333;0
2,5;0
2,501667;0
2,503333;0
2,505;0
2,506667;0
2,508333;0
2,51;0
2,511667;0
2,513333;0
2,515;0
2,516667;0
2,518333;0
2,52;0
2,521667;0
2,523333;0
2,525;0
2,526667;0
2,528333;0
2,53;0
2,531667;0
2,533333;0
2,535;0
2,536667;0
2,538333;0
2,54;0
2,541667;0
2,543333;0
2,545;0
2,546667;0
2,548333;0
2,55;0
2,551667;0
2,553333;0
2,555;-0,002861
2,556667;-0,002861
2,558333;-0,002861
2,56;-0,002861
2,561667;-0,002861
2,563333;-0,002861
2,565;-0,002861
2,566667;-0,002861
2,568333;-0,002861
2,57;-0,002861
2,571667;-0,002861
2,573333;-0,002861
2,575;-0,002861
2,576667;-0,002861
2,578333;-0,002861
2,58;-0,002861
2,581667;-0,002861
2,583333;-0,002861
2,585;-0,002861
2,586667;-0,002861
2,588333;-0,002861
2,59;-0,002861
2,591667;-0,002861
2,593333;-0,002861
2,595;-0,002861
2,596667;-0,002861
2,598333;-0,002861
2,6;-0,002861
2,601667;-0,002861
2,603333;-0,002861
2,605;-0,002861
2,606667;-0,002861
2,608333;-0,002861
2,61;-0,002861
2,611667;-0,002861
2,613333;-0,002861
2,615;-0,002861
2,616667;-0,002861
2,618333;-0,002861
2,62;-0,002861
2,621667;-0,002861
2,623333;-0,002861
2,625;-0,002861
2,626667;-0,002861
2,628333;-0,002861
2,63;-0,002861
2,631667;-0,002861
2,633333;-0,002861
2,635;-0,002861
2,636667;-0,002861
2,638333;-0,002861
2,64;-0,002861
2,641667;-0,002861
2,643333;-0,002861
2,645;-0,002861
2,646667;-0,002861
2,648333;-0,002861
2,65;-0,002861
2,651667;-0,002861
2,653333;-0,002861
2,655;-0,002861
2,656667;-0,002861
2,658333;-0,002861
2,66;-0,002861
2,661667;-0,002861
2,663333;-0,002861
2,665;-0,002861
2,666667;-0,002861
2,668333;-0,002861
2,67;-0,002861
2,671667;-0,002861
2,673333;-0,002861
2,675;-0,002861
2,676667;-0,002861
2,678333;-0,002861
2,68;-0,002861
2,681667;-0,002861
2,683333;-0,002861
2,685;-0,002861
2,686667;-0,002861
2,688333;-0,002861
2,69;-0,002861
2,691667;-0,002861
2,693333;-0,002861
2,695;-0,002861
2,696667;-0,002861
2,698333;-0,002861
2,7;-0,002861
2,701667;-0,002861
2,703333;-0,002861
2,705;-0,002861
2,706667;-0,002861
2,708333;-0,002861
2,71;-0,002861
2,711667;-0,002861
2,713333;-0,002861
2,715;-0,002861
2,716667;-0,002861
2,718333;-0,002861
2,72;-0,002861
2,721667;-0,002861
2,723333;-0,002861
2,725;-0,002861
2,726667;-0,002861
2,728333;-0,002861
2,73;-0,002861
2,731667;-0,002861
2,733333;-0,002861
2,735;-0,002861
2,736667;-0,002861
2,738333;-0,002861
2,74;-0,002861
2,741667;-0,002861
2,743333;-0,002861
2,745;-0,002861
2,746667;-0,002861
2,748333;-0,002861
2,75;-0,002861
2,751667;0
2,753333;0
2,755;0
2,756667;0
2,758333;0
2,76;0
2,761667;0
2,763333;0
2,765;0
2,766667;-0,002861
2,768333;-0,002861
2,77;-0,002861
2,771667;-0,002861
2,773333;-0,002861
2,775;-0,002861
2,776667;-0,002861
2,778333;-0,002861
2,78;-0,002861
2,781667;-0,002861
2,783333;-0,002861
2,785;-0,002861
2,786667;-0,002861
2,788333;-0,002861
2,79;-0,002861
2,791667;-0,002861
2,793333;-0,002861
2,795;-0,002861
2,796667;-0,002861
2,798333;-0,002861
2,8;-0,002861
2,801667;-0,002861
2,803333;-0,002861
2,805;-0,002861
2,806667;-0,002861
2,808333;-0,002861
2,81;-0,002861
2,811667;-0,002861
2,813333;-0,002861
2,815;-0,002861
2,816667;-0,002861
2,818333;-0,002861
2,82;-0,002861
2,821667;-0,002861
2,823333;-0,002861
2,825;-0,002861
2,826667;0
2,828333;0
2,83;0
2,831667;0
2,833333;0
2,835;0
2,836667;0
2,838333;0
2,84;0
2,841667;0
2,843333;0
2,845;0
2,846667;-0,002861
2,848333;-0,002861
2,85;-0,002861
2,851667;-0,002861
2,853333;-0,002861
2,855;-0,002861
2,856667;-0,002861
2,858333;-0,002861
2,86;-0,002861
2,861667;-0,002861
2,863333;-0,002861
2,865;-0,002861
2,866667;-0,002861
2,868333;-0,002861
2,87;-0,002861
2,871667;-0,002861
2,873333;-0,002861
2,875;-0,002861
2,876667;-0,002861
2,878333;-0,002861
2,88;-0,002861
2,881667;-0,002861
2,883333;-0,002861
2,885;-0,002861
2,886667;-0,002861
2,888333;-0,002861
2,89;-0,002861
2,891667;-0,002861
2,893333;-0,002861
2,895;-0,002861
2,896667;-0,002861
2,898333;-0,002861
2,9;-0,002861
2,901667;-0,002861
2,903333;-0,002861
2,905;-0,002861
2,906667;-0,002861
2,908333;-0,002861
2,91;-0,002861
2,911667;-0,002861
2,913333;-0,002861
2,915;-0,002861
2,916667;-0,002861
2,918333;-0,002861
2,92;-0,002861
2,921667;-0,002861
2,923333;-0,002861
2,925;-0,002861
2,926667;-0,002861
2,928333;-0,002861
2,93;-0,002861
2,931667;-0,002861
2,933333;-0,002861
2,935;-0,002861
2,936667;-0,002861
2,938333;-0,002861
2,94;-0,002861
2,941667;-0,002861
2,943333;-0,002861
2,945;-0,002861
2,946667;-0,002861
2,948333;-0,002861
2,95;-0,002861
2,951667;-0,002861
2,953333;-0,002861
2,955;-0,002861
2,956667;-0,002861
2,958333;-0,002861
2,96;-0,002861
2,961667;-0,002861
2,963333;-0,002861
2,965;-0,002861
2,966667;-0,002861
2,968333;-0,002861
2,97;-0,002861
2,971667;-0,002861
2,973333;-0,002861
2,975;-0,002861
2,976667;-0,002861
2,978333;-0,002861
2,98;-0,002861
2,981667;-0,002861
2,983333;-0,002861
2,985;-0,002861
2,986667;-0,002861
2,988333;-0,002861
2,99;-0,002861
2,991667;-0,002861
2,993333;-0,002861
2,995;-0,002861
2,996667;-0,002861
2,998333;-0,002861
3;-0,002861
3,001667;-0,002861
3,003333;-0,002861
3,005;-0,002861
3,006667;-0,002861
3,008333;-0,002861
3,01;-0,002861
3,011667;-0,002861
3,013333;-0,002861
3,015;-0,002861
3,016667;-0,002861
3,018333;-0,002861
3,02;-0,002861
3,021667;-0,002861
3,023333;-0,002861
3,025;-0,002861
3,026667;-0,002861
3,028333;-0,002861
3,03;-0,002861
3,031667;-0,002861
3,033333;-0,002861
3,035;-0,002861
3,036667;-0,002861
3,038333;-0,002861
3,04;-0,002861
3,041667;-0,002861
3,043333;-0,002861
3,045;-0,002861
3,046667;-0,002861
3,048333;-0,002861
3,05;-0,002861
3,051667;-0,002861
3,053333;-0,002861
3,055;-0,002861
3,056667;-0,002861
3,058333;-0,002861
3,06;-0,002861
3,061667;-0,002861
3,063333;-0,002861
3,065;-0,002861
3,066667;-0,002861
3,068333;-0,002861
3,07;-0,002861
3,071667;-0,002861
3,073333;-0,002861
3,075;-0,002861
3,076667;-0,002861
3,078333;-0,002861
3,08;-0,002861
3,081667;-0,002861
3,083333;-0,002861
3,085;-0,002861
3,086667;-0,002861
3,088333;-0,002861
3,09;-0,002861
3,091667;-0,002861
3,093333;-0,002861
3,095;-0,002861
3,096667;-0,002861
3,098333;-0,002861
3,1;-0,002861
3,101667;-0,002861
3,103333;-0,002861
3,105;-0,002861
3,106667;-0,002861
3,108333;-0,002861
3,11;-0,002861
3,111667;-0,002861
3,113333;-0,002861
3,115;-0,002861
3,116667;-0,002861
3,118333;-0,002861
3,12;-0,002861
3,121667;-0,002861
3,123333;-0,002861
3,125;-0,002861
3,126667;-0,002861
3,128333;-0,002861
3,13;-0,002861
3,131667;-0,002861
3,133333;-0,002861
3,135;-0,002861
3,136667;-0,002861
3,138333;-0,002861
3,14;-0,002861
3,141667;-0,002861
3,143333;-0,002861
3,145;-0,002861
3,146667;-0,002861
3,148333;-0,002861
3,15;-0,002861
3,151667;-0,002861
3,153333;-0,002861
3,155;-0,002861
3,156667;-0,002861
3,158333;-0,002861
3,16;-0,002861
3,161667;-0,002861
3,163333;-0,002861
3,165;-0,002861
3,166667;-0,002861
3,168333;-0,002861
3,17;-0,002861
3,171667;-0,002861
3,173333;-0,002861
3,175;-0,002861
3,176667;-0,002861
3,178333;-0,002861
3,18;-0,002861
3,181667;-0,002861
3,183333;-0,002861
3,185;-0,002861
3,186667;-0,002861
3,188333;-0,002861
3,19;-0,002861
3,191667;-0,002861
3,193333;-0,002861
3,195;-0,002861
3,196667;-0,002861
3,198333;-0,002861
3,2;-0,002861
3,201667;-0,002861
3,203333;-0,002861
3,205;-0,002861
3,206667;-0,002861
3,208333;-0,002861
3,21;-0,005722
3,211667;-0,005722
3,213333;-0,005722
3,215;-0,005722
3,216667;-0,005722
3,218333;-0,005722
3,22;-0,005722
3,221667;-0,005722
3,223333;-0,005722
3,225;-0,005722
3,226667;-0,005722
3,228333;-0,005722
3,23;-0,005722
3,231667;-0,005722
3,233333;-0,005722
3,235;-0,005722
3,236667;-0,005722
3,238333;-0,005722
3,24;-0,005722
3,241667;-0,005722
3,243333;-0,005722
3,245;-0,005722
3,246667;-0,005722
3,248333;-0,005722
3,25;-0,005722
3,251667;-0,005722
3,253333;-0,005722
3,255;-0,005722
3,256667;-0,005722
3,258333;-0,005722
3,26;-0,005722
3,261667;-0,005722
3,263333;-0,005722
3,265;-0,005722
3,266667;-0,005722
3,268333;-0,005722
3,27;-0,005722
3,271667;-0,005722
3,273333;-0,005722
3,275;-0,005722
3,276667;-0,005722
3,278333;-0,005722
3,28;-0,005722
3,281667;-0,005722
3,283333;-0,005722
3,285;-0,005722
3,286667;-0,005722
3,288333;-0,005722
3,29;-0,005722
3,291667;-0,005722
3,293333;-0,005722
3,295;-0,005722
3,296667;-0,005722
3,298333;-0,005722
3,3;-0,005722
3,301667;-0,005722
3,303333;-0,005722
3,305;-0,005722
3,306667;-0,005722
3,308333;-0,005722
3,31;-0,005722
3,311667;-0,005722
3,313333;-0,005722
3,315;-0,005722
3,316667;-0,005722
3,318333;-0,002861
3,32;-0,002861
3,321667;-0,002861
3,323333;-0,002861
3,325;-0,002861
3,326667;-0,002861
3,328333;-0,002861
3,33;-0,002861
3,331667;-0,002861
3,333333;-0,002861
3,335;-0,002861
3,336667;-0,002861
3,338333;-0,002861
3,34;-0,002861
3,341667;-0,002861
3,343333;-0,002861
3,345;-0,002861
3,346667;-0,002861
3,348333;-0,002861
3,35;-0,002861
3,351667;-0,002861
3,353333;-0,002861
3,355;-0,002861
3,356667;-0,002861
3,358333;-0,002861
3,36;-0,002861
3,361667;-0,002861
3,363333;-0,002861
3,365;-0,002861
3,366667;-0,002861
3,368333;-0,002861
3,37;-0,005722
3,371667;-0,005722
3,373333;-0,005722
3,375;-0,005722
3,376667;-0,005722
3,378333;-0,005722
3,38;-0,005722
3,381667;-0,005722
3,383333;-0,005722
3,385;-0,005722
3,386667;-0,005722
3,388333;-0,005722
3,39;-0,005722
3,391667;-0,005722
3,393333;-0,005722
3,395;-0,005722
3,396667;-0,005722
3,398333;-0,005722
3,4;-0,005722
3,401667;-0,005722
3,403333;-0,005722
3,405;-0,005722
3,406667;-0,005722
3,408333;-0,005722
3,41;-0,005722
3,411667;-0,005722
3,413333;-0,005722
3,415;-0,005722
3,416667;-0,005722
3,418333;-0,005722
3,42;-0,005722
3,421667;-0,005722
3,423333;-0,005722
3,425;-0,005722
3,426667;-0,005722
3,428333;-0,005722
3,43;-0,005722
3,431667;-0,005722
3,433333;-0,005722
3,435;-0,005722
3,436667;-0,005722
3,438333;-0,005722
3,44;-0,005722
3,441667;-0,005722
3,443333;-0,005722
3,445;-0,005722
3,446667;-0,005722
3,448333;-0,005722
3,45;-0,005722
3,451667;-0,005722
3,453333;-0,005722
3,455;-0,005722
3,456667;-0,005722
3,458333;-0,005722
3,46;-0,005722
3,461667;-0,005722
3,463333;-0,005722
3,465;-0,005722
3,466667;-0,005722
3,468333;-0,005722
3,47;-0,005722
3,471667;-0,005722
3,473333;-0,005722
3,475;-0,005722
3,476667;-0,005722
3,478333;-0,005722
3,48;-0,005722
3,481667;-0,005722
3,483333;-0,005722
3,485;-0,005722
3,486667;-0,005722
3,488333;-0,005722
3,49;-0,005722
3,491667;-0,005722
3,493333;-0,005722
3,495;-0,005722
3,496667;-0,005722
3,498333;-0,005722
3,5;-0,005722
3,501667;-0,005722
3,503333;-0,005722
3,505;-0,005722
3,506667;-0,005722
3,508333;-0,005722
3,51;-0,005722
3,511667;-0,005722
3,513333;-0,005722
3,515;-0,005722
3,516667;-0,005722
3,518333;-0,005722
3,52;-0,005722
3,521667;-0,005722
3,523333;-0,005722
3,525;-0,005722
3,526667;-0,005722
3,528333;-0,005722
3,53;-0,005722
3,531667;-0,005722
3,533333;-0,005722
3,535;-0,005722
3,536667;-0,005722
3,538333;-0,005722
3,54;-0,005722
3,541667;-0,005722
3,543333;-0,005722
3,545;-0,005722
3,546667;-0,005722
3,548333;-0,005722
3,55;-0,005722
3,551667;-0,005722
3,553333;-0,005722
3,555;-0,005722
3,556667;-0,005722
3,558333;-0,005722
3,56;-0,005722
3,561667;-0,005722
3,563333;-0,005722
3,565;-0,005722
3,566667;-0,005722
3,568333;-0,005722
3,57;-0,005722
3,571667;-0,005722
3,573333;-0,005722
3,575;-0,005722
3,576667;-0,005722
3,578333;-0,005722
3,58;-0,005722
3,581667;-0,005722
3,583333;-0,005722
3,585;-0,005722
3,586667;-0,005722
3,588333;-0,005722
3,59;-0,005722
3,591667;-0,005722
3,593333;-0,005722
3,595;-0,005722
3,596667;-0,005722
3,598333;-0,005722
3,6;-0,005722
3,601667;-0,005722
3,603333;-0,005722
3,605;-0,005722
3,606667;-0,005722
3,608333;-0,005722
3,61;-0,005722
3,611667;-0,005722
3,613333;-0,005722
3,615;-0,005722
3,616667;-0,005722
3,618333;-0,005722
3,62;-0,005722
3,621667;-0,005722
3,623333;-0,005722
3,625;-0,005722
3,626667;-0,005722
3,628333;-0,005722
3,63;-0,005722
3,631667;-0,005722
3,633333;-0,005722
3,635;-0,005722
3,636667;-0,005722
3,638333;-0,005722
3,64;-0,005722
3,641667;-0,005722
3,643333;-0,005722
3,645;-0,005722
3,646667;-0,005722
3,648333;-0,005722
3,65;-0,005722
3,651667;-0,005722
3,653333;-0,005722
3,655;-0,005722
3,656667;-0,005722
3,658333;-0,005722
3,66;-0,002861
3,661667;-0,002861
3,663333;-0,005722
3,665;-0,005722
3,666667;-0,002861
3,668333;-0,002861
3,67;-0,002861
3,671667;-0,002861
3,673333;-0,002861
3,675;-0,002861
3,676667;-0,002861
3,678333;-0,002861
3,68;-0,002861
3,681667;-0,002861
3,683333;-0,005722
3,685;-0,005722
3,686667;-0,005722
3,688333;-0,005722
3,69;-0,005722
3,691667;-0,005722
3,693333;-0,005722
3,695;-0,005722
3,696667;-0,005722
3,698333;-0,002861
3,7;-0,002861
3,701667;-0,002861
3,703333;-0,002861
3,705;-0,002861
3,706667;-0,002861
3,708333;-0,002861
3,71;-0,002861
3,711667;-0,002861
3,713333;-0,002861
3,715;-0,002861
3,716667;-0,002861
3,718333;-0,002861
3,72;-0,002861
3,721667;-0,002861
3,723333;-0,002861
3,725;-0,002861
3,726667;-0,002861
3,728333;-0,002861
3,73;-0,002861
3,731667;-0,002861
3,733333;-0,002861
3,735;-0,002861
3,736667;-0,002861
3,738333;-0,002861
3,74;-0,002861
3,741667;-0,002861
3,743333;-0,002861
3,745;-0,002861
3,746667;-0,002861
3,748333;-0,002861
3,75;-0,002861
3,751667;-0,002861
3,753333;-0,002861
3,755;-0,002861
3,756667;-0,002861
3,758333;-0,002861
3,76;-0,002861
3,761667;-0,002861
3,763333;-0,002861
3,765;-0,002861
3,766667;-0,002861
3,768333;-0,002861
3,77;-0,002861
3,771667;-0,002861
3,773333;-0,002861
3,775;-0,002861
3,776667;-0,002861
3,778333;-0,002861
3,78;-0,002861
3,781667;-0,002861
3,783333;-0,002861
3,785;-0,002861
3,786667;-0,005722
3,788333;-0,005722
3,79;-0,005722
3,791667;-0,005722
3,793333;-0,005722
3,795;-0,005722
3,796667;-0,005722
3,798333;-0,005722
3,8;-0,005722
3,801667;-0,002861
3,803333;-0,002861
3,805;-0,005722
3,806667;-0,005722
3,808333;-0,005722
3,81;-0,005722
3,811667;-0,005722
3,813333;-0,005722
3,815;-0,005722
3,816667;-0,005722
3,818333;-0,005722
3,82;-0,005722
3,821667;-0,005722
3,823333;-0,005722
3,825;-0,005722
3,826667;-0,005722
3,828333;-0,005722
3,83;-0,005722
3,831667;-0,005722
3,833333;-0,005722
3,835;-0,005722
3,836667;-0,005722
3,838333;-0,005722
3,84;-0,005722
3,841667;-0,002861
3,843333;-0,002861
3,845;-0,002861
3,846667;-0,002861
3,848333;-0,002861
3,85;-0,002861
3,851667;-0,002861
3,853333;-0,002861
3,855;-0,002861
3,856667;-0,002861
3,858333;-0,002861
3,86;-0,002861
3,861667;-0,002861
3,863333;-0,002861
3,865;-0,002861
3,866667;-0,002861
3,868333;-0,002861
3,87;-0,005722
3,871667;-0,005722
3,873333;-0,005722
3,875;-0,005722
3,876667;-0,005722
3,878333;-0,005722
3,88;-0,005722
3,881667;-0,005722
3,883333;-0,005722
3,885;-0,005722
3,886667;-0,005722
3,888333;-0,005722
3,89;-0,005722
3,891667;-0,005722
3,893333;-0,005722
3,895;-0,005722
3,896667;-0,005722
3,898333;-0,005722
3,9;-0,005722
3,901667;-0,005722
3,903333;-0,005722
3,905;-0,005722
3,906667;-0,005722
3,908333;-0,005722
3,91;-0,005722
3,911667;-0,005722
3,913333;-0,005722
3,915;-0,005722
3,916667;-0,005722
3,918333;-0,005722
3,92;-0,005722
3,921667;-0,005722
3,923333;-0,005722
3,925;-0,005722
3,926667;-0,005722
3,928333;-0,005722
3,93;-0,005722
3,931667;-0,005722
3,933333;-0,005722
3,935;-0,005722
3,936667;-0,005722
3,938333;-0,005722
3,94;-0,005722
3,941667;-0,005722
3,943333;-0,005722
3,945;-0,005722
3,946667;-0,005722
3,948333;-0,005722
3,95;-0,005722
3,951667;-0,005722
3,953333;-0,005722
3,955;-0,005722
3,956667;-0,005722
3,958333;-0,005722
3,96;-0,005722
3,961667;-0,005722
3,963333;-0,005722
3,965;-0,005722
3,966667;-0,005722
3,968333;-0,005722
3,97;-0,005722
3,971667;-0,005722
3,973333;-0,005722
3,975;-0,005722
3,976667;-0,005722
3,978333;-0,005722
3,98;-0,005722
3,981667;-0,005722
3,983333;-0,005722
3,985;-0,005722
3,986667;-0,005722
3,988333;-0,005722
3,99;-0,005722
3,991667;-0,005722
3,993333;-0,005722
3,995;-0,005722
3,996667;-0,005722
3,998333;-0,005722
4;-0,005722
4,001667;-0,005722
4,003333;-0,005722
4,005;-0,005722
4,006667;-0,005722
4,008333;-0,005722
4,01;-0,005722
4,011667;-0,005722
4,013333;-0,005722
4,015;-0,005722
4,016667;-0,005722
4,018333;-0,005722
4,02;-0,005722
4,021667;-0,005722
4,023333;-0,005722
4,025;-0,005722
4,026667;-0,005722
4,028333;-0,005722
4,03;-0,005722
4,031667;-0,005722
4,033333;-0,005722
4,035;-0,005722
4,036667;-0,005722
4,038333;-0,005722
4,04;-0,005722
4,041667;-0,005722
4,043333;-0,005722
4,045;-0,005722
4,046667;-0,005722
4,048333;-0,005722
4,05;-0,005722
4,051667;-0,005722
4,053333;-0,005722
4,055;-0,005722
4,056667;-0,005722
4,058333;-0,005722
4,06;-0,005722
4,061667;-0,005722
4,063333;-0,005722
4,065;-0,005722
4,066667;-0,005722
4,068333;-0,005722
4,07;-0,005722
4,071667;-0,005722
4,073333;-0,005722
4,075;-0,005722
4,076667;-0,005722
4,078333;-0,005722
4,08;-0,005722
4,081667;-0,005722
4,083333;-0,005722
4,085;-0,005722
4,086667;-0,005722
4,088333;-0,005722
4,09;-0,005722
4,091667;-0,005722
4,093333;-0,005722
4,095;-0,005722
4,096667;-0,005722
4,098333;-0,005722
4,1;-0,005722
4,101667;-0,005722
4,103333;-0,005722
4,105;-0,005722
4,106667;-0,005722
4,108333;-0,005722
4,11;-0,005722
4,111667;-0,005722
4,113333;-0,005722
4,115;-0,005722
4,116667;-0,005722
4,118333;-0,005722
4,12;-0,005722
4,121667;-0,005722
4,123333;-0,005722
4,125;-0,005722
4,126667;-0,005722
4,128333;-0,005722
4,13;-0,005722
4,131667;-0,005722
4,133333;-0,005722
4,135;-0,005722
4,136667;-0,005722
4,138333;-0,005722
4,14;-0,005722
4,141667;-0,005722
4,143333;-0,005722
4,145;-0,005722
4,146667;-0,005722
4,148333;-0,005722
4,15;-0,005722
4,151667;-0,005722
4,153333;-0,005722
4,155;-0,005722
4,156667;-0,005722
4,158333;-0,005722
4,16;-0,005722
4,161667;-0,005722
4,163333;-0,005722
4,165;-0,005722
4,166667;-0,005722
4,168333;-0,005722
4,17;-0,005722
4,171667;-0,005722
4,173333;-0,005722
4,175;-0,005722
4,176667;-0,005722
4,178333;-0,005722
4,18;-0,005722
4,181667;-0,005722
4,183333;-0,005722
4,185;-0,005722
4,186667;-0,005722
4,188333;-0,005722
4,19;-0,005722
4,191667;-0,005722
4,193333;-0,005722
4,195;-0,005722
4,196667;-0,005722
4,198333;-0,005722
4,2;-0,005722
4,201667;-0,005722
4,203333;-0,005722
4,205;-0,005722
4,206667;-0,005722
4,208333;-0,005722
4,21;-0,005722
4,211667;-0,005722
4,213333;-0,005722
4,215;-0,005722
4,216667;-0,005722
4,218333;-0,002861
4,22;-0,002861
4,221667;-0,002861
4,223333;-0,002861
4,225;-0,002861
4,226667;-0,002861
4,228333;-0,005722
4,23;-0,005722
4,231667;-0,005722
4,233333;-0,005722
4,235;-0,005722
4,236667;-0,005722
4,238333;-0,005722
4,24;-0,005722
4,241667;-0,005722
4,243333;-0,005722
4,245;-0,005722
4,246667;-0,005722
4,248333;-0,005722
4,25;-0,005722
4,251667;-0,005722
4,253333;-0,005722
4,255;-0,005722
4,256667;-0,005722
4,258333;-0,005722
4,26;-0,005722
4,261667;-0,005722
4,263333;-0,005722
4,265;-0,002861
4,266667;-0,002861
4,268333;-0,002861
4,27;-0,002861
4,271667;-0,002861
4,273333;-0,002861
4,275;-0,002861
4,276667;-0,002861
4,278333;-0,002861
4,28;-0,002861
4,281667;-0,002861
4,283333;-0,002861
4,285;-0,002861
4,286667;-0,002861
4,288333;-0,002861
4,29;-0,002861
4,291667;-0,002861
4,293333;-0,002861
4,295;-0,002861
4,296667;-0,002861
4,298333;-0,002861
4,3;-0,002861
4,301667;-0,002861
4,303333;-0,002861
4,305;-0,002861
4,306667;-0,002861
4,308333;-0,002861
4,31;-0,002861
4,311667;-0,002861
4,313333;-0,002861
4,315;-0,002861
4,316667;-0,002861
4,318333;-0,002861
4,32;-0,002861
4,321667;-0,002861
4,323333;-0,002861
4,325;-0,002861
4,326667;-0,002861
4,328333;-0,002861
4,33;-0,002861
4,331667;-0,002861
4,333333;-0,002861
4,335;-0,002861
4,336667;-0,002861
4,338333;-0,002861
4,34;-0,002861
4,341667;-0,002861
4,343333;-0,002861
4,345;-0,002861
4,346667;-0,002861
4,348333;-0,002861
4,35;-0,002861
4,351667;-0,002861
4,353333;-0,002861
4,355;-0,002861
4,356667;-0,002861
4,358333;0
4,36;0
4,361667;0
4,363333;0
4,365;0
4,366667;0
4,368333;0
4,37;0
4,371667;-0,002861
4,373333;-0,002861
4,375;-0,002861
4,376667;-0,002861
4,378333;0
4,38;0
4,381667;0
4,383333;0
4,385;0
4,386667;0
4,388333;0
4,39;0
4,391667;0
4,393333;0
4,395;0
4,396667;0
4,398333;0
4,4;0
4,401667;0
4,403333;0
4,405;0
4,406667;0
4,408333;0
4,41;0
4,411667;-0,002861
4,413333;-0,002861
4,415;-0,002861
4,416667;-0,002861
4,418333;-0,002861
4,42;-0,002861
4,421667;-0,002861
4,423333;-0,002861
4,425;-0,002861
4,426667;-0,002861
4,428333;-0,002861
4,43;-0,002861
4,431667;-0,002861
4,433333;-0,002861
4,435;-0,002861
4,436667;-0,002861
4,438333;-0,002861
4,44;-0,002861
4,441667;-0,002861
4,443333;-0,002861
4,445;-0,002861
4,446667;-0,002861
4,448333;-0,002861
4,45;-0,002861
4,451667;-0,002861
4,453333;-0,002861
4,455;-0,002861
4,456667;-0,002861
4,458333;-0,002861
4,46;-0,002861
4,461667;-0,002861
4,463333;-0,002861
4,465;-0,002861
4,466667;-0,002861
4,468333;-0,002861
4,47;-0,002861
4,471667;-0,002861
4,473333;-0,002861
4,475;-0,002861
4,476667;-0,002861
4,478333;-0,002861
4,48;-0,002861
4,481667;-0,002861
4,483333;-0,002861
4,485;-0,002861
4,486667;-0,002861
4,488333;-0,002861
4,49;-0,002861
4,491667;-0,002861
4,493333;-0,002861
4,495;-0,002861
4,496667;-0,002861
4,498333;-0,002861
4,5;-0,002861
4,501667;0
4,503333;0
4,505;0
4,506667;-0,002861
4,508333;-0,002861
4,51;-0,002861
4,511667;-0,002861
4,513333;-0,002861
4,515;0
4,516667;0
4,518333;0
4,52;0
4,521667;0
4,523333;0
4,525;0
4,526667;-0,002861
4,528333;-0,002861
4,53;-0,002861
4,531667;-0,002861
4,533333;-0,002861
4,535;-0,002861
4,536667;-0,002861
4,538333;-0,002861
4,54;-0,002861
4,541667;-0,002861
4,543333;-0,002861
4,545;0
4,546667;0
4,548333;0
4,55;0
4,551667;0
4,553333;0
4,555;0
4,556667;0
4,558333;0
4,56;0
4,561667;0
4,563333;0
4,565;0
4,566667;0
4,568333;0
4,57;0
4,571667;0
4,573333;0
4,575;0
4,576667;0
4,578333;0
4,58;0
4,581667;0
4,583333;0
4,585;0
4,586667;0
4,588333;0
4,59;0
4,591667;0
4,593333;0
4,595;0
4,596667;0
4,598333;0
4,6;0
4,601667;-0,002861
4,603333;-0,002861
4,605;0
4,606667;0
4,608333;-0,002861
4,61;-0,002861
4,611667;-0,002861
4,613333;-0,002861
4,615;-0,002861
4,616667;-0,002861
4,618333;-0,002861
4,62;-0,002861
4,621667;-0,002861
4,623333;-0,002861
4,625;-0,002861
4,626667;-0,002861
4,628333;-0,002861
4,63;-0,002861
4,631667;-0,002861
4,633333;-0,002861
4,635;-0,002861
4,636667;-0,002861
4,638333;-0,002861
4,64;-0,002861
4,641667;-0,002861
4,643333;-0,002861
4,645;-0,002861
4,646667;-0,002861
4,648333;-0,002861
4,65;-0,002861
4,651667;-0,002861
4,653333;-0,002861
4,655;-0,002861
4,656667;-0,002861
4,658333;-0,002861
4,66;-0,002861
4,661667;-0,002861
4,663333;-0,002861
4,665;-0,002861
4,666667;-0,002861
4,668333;-0,002861
4,67;-0,002861
4,671667;-0,002861
4,673333;-0,002861
4,675;-0,002861
4,676667;-0,002861
4,678333;-0,002861
4,68;-0,002861
4,681667;-0,002861
4,683333;-0,002861
4,685;-0,002861
4,686667;-0,002861
4,688333;-0,002861
4,69;-0,002861
4,691667;-0,002861
4,693333;-0,002861
4,695;-0,002861
4,696667;-0,002861
4,698333;-0,002861
4,7;-0,002861
4,701667;-0,002861
4,703333;-0,002861
4,705;-0,002861
4,706667;-0,002861
4,708333;-0,002861
4,71;-0,002861
4,711667;-0,002861
4,713333;-0,002861
4,715;-0,002861
4,716667;-0,002861
4,718333;-0,002861
4,72;-0,002861
4,721667;-0,002861
4,723333;-0,002861
4,725;-0,002861
4,726667;-0,002861
4,728333;-0,002861
4,73;-0,002861
4,731667;-0,002861
4,733333;-0,002861
4,735;-0,002861
4,736667;-0,002861
4,738333;-0,002861
4,74;-0,002861
4,741667;-0,002861
4,743333;-0,002861
4,745;-0,002861
4,746667;-0,002861
4,748333;-0,002861
4,75;-0,002861
4,751667;-0,002861
4,753333;-0,002861
4,755;-0,002861
4,756667;-0,002861
4,758333;-0,002861
4,76;-0,002861
4,761667;-0,002861
4,763333;-0,002861
4,765;-0,002861
4,766667;-0,002861
4,768333;-0,002861
4,77;-0,002861
4,771667;-0,002861
4,773333;-0,002861
4,775;-0,002861
4,776667;-0,002861
4,778333;-0,002861
4,78;-0,002861
4,781667;-0,002861
4,783333;-0,002861
4,785;-0,002861
4,786667;-0,002861
4,788333;-0,002861
4,79;-0,002861
4,791667;-0,002861
4,793333;-0,002861
4,795;-0,002861
4,796667;-0,002861
4,798333;-0,002861
4,8;-0,002861
4,801667;-0,002861
4,803333;-0,002861
4,805;-0,002861
4,806667;-0,002861
4,808333;-0,002861
4,81;-0,002861
4,811667;-0,002861
4,813333;-0,002861
4,815;-0,002861
4,816667;-0,002861
4,818333;-0,002861
4,82;-0,002861
4,821667;-0,002861
4,823333;-0,002861
4,825;-0,002861
4,826667;-0,002861
4,828333;-0,002861
4,83;-0,002861
4,831667;-0,002861
4,833333;-0,002861
4,835;-0,002861
4,836667;-0,002861
4,838333;-0,002861
4,84;-0,002861
4,841667;-0,002861
4,843333;-0,002861
4,845;-0,002861
4,846667;-0,002861
4,848333;-0,002861
4,85;-0,002861
4,851667;-0,002861
4,853333;-0,002861
4,855;-0,002861
4,856667;-0,002861
4,858333;-0,002861
4,86;-0,002861
4,861667;-0,002861
4,863333;-0,002861
4,865;-0,002861
4,866667;-0,002861
4,868333;-0,002861
4,87;-0,002861
4,871667;-0,002861
4,873333;-0,002861
4,875;-0,002861
4,876667;-0,002861
4,878333;-0,002861
4,88;-0,002861
4,881667;-0,002861
4,883333;-0,002861
4,885;-0,002861
4,886667;-0,002861
4,888333;-0,002861
4,89;-0,002861
4,891667;-0,002861
4,893333;-0,002861
4,895;-0,002861
4,896667;-0,002861
4,898333;-0,002861
4,9;-0,002861
4,901667;-0,002861
4,903333;-0,002861
4,905;-0,002861
4,906667;-0,002861
4,908333;-0,002861
4,91;-0,002861
4,911667;-0,002861
4,913333;-0,002861
4,915;-0,002861
4,916667;-0,002861
4,918333;-0,002861
4,92;-0,002861
4,921667;-0,002861
4,923333;-0,002861
4,925;-0,002861
4,926667;-0,002861
4,928333;-0,002861
4,93;-0,002861
4,931667;-0,002861
4,933333;-0,002861
4,935;-0,002861
4,936667;-0,002861
4,938333;-0,002861
4,94;-0,002861
4,941667;-0,002861
4,943333;-0,002861
4,945;-0,002861
4,946667;-0,002861
4,948333;-0,002861
4,95;-0,002861
4,951667;-0,002861
4,953333;-0,002861
4,955;-0,002861
4,956667;-0,002861
4,958333;-0,002861
4,96;-0,005722
4,961667;-0,005722
4,963333;-0,005722
4,965;-0,005722
4,966667;-0,005722
4,968333;-0,005722
4,97;-0,005722
4,971667;-0,005722
4,973333;-0,005722
4,975;-0,005722
4,976667;-0,005722
4,978333;-0,005722
4,98;-0,005722
4,981667;-0,005722
4,983333;-0,005722
4,985;-0,005722
4,986667;-0,005722
4,988333;-0,005722
4,99;-0,005722
4,991667;-0,005722
4,993333;-0,002861
4,995;-0,002861
4,996667;-0,002861
4,998333;-0,002861
5;-0,002861
5,001667;-0,002861
5,003333;-0,002861
5,005;-0,002861
5,006667;-0,002861
5,008333;-0,002861
5,01;-0,002861
5,011667;-0,002861
5,013333;-0,002861
5,015;-0,002861
5,016667;-0,002861
5,018333;-0,002861
5,02;-0,002861
5,021667;-0,002861
5,023333;-0,002861
5,025;-0,002861
5,026667;-0,002861
5,028333;-0,002861
5,03;-0,002861
5,031667;-0,002861
5,033333;-0,002861
5,035;-0,002861
5,036667;-0,002861
5,038333;-0,002861
5,04;-0,002861
5,041667;-0,002861
5,043333;-0,002861
5,045;-0,002861
5,046667;-0,002861
5,048333;-0,002861
5,05;-0,002861
5,051667;-0,002861
5,053333;-0,002861
5,055;-0,002861
5,056667;-0,002861
5,058333;-0,002861
5,06;-0,002861
5,061667;-0,002861
5,063333;-0,002861
5,065;-0,002861
5,066667;-0,002861
5,068333;-0,002861
5,07;-0,002861
5,071667;-0,002861
5,073333;-0,002861
5,075;-0,002861
5,076667;-0,002861
5,078333;-0,002861
5,08;-0,002861
5,081667;-0,002861
5,083333;-0,002861
5,085;-0,002861
5,086667;-0,002861
5,088333;-0,002861
5,09;-0,002861
5,091667;-0,002861
5,093333;-0,002861
5,095;-0,002861
5,096667;-0,002861
5,098333;-0,002861
5,1;-0,002861
5,101667;-0,002861
5,103333;-0,002861
5,105;-0,002861
5,106667;-0,002861
5,108333;-0,002861
5,11;-0,002861
5,111667;-0,002861
5,113333;-0,002861
5,115;-0,002861
5,116667;-0,002861
5,118333;-0,002861
5,12;-0,002861
5,121667;-0,002861
5,123333;-0,002861
5,125;-0,002861
5,126667;-0,002861
5,128333;-0,002861
5,13;-0,002861
5,131667;-0,002861
5,133333;-0,002861
5,135;-0,002861
5,136667;-0,002861
5,138333;-0,002861
5,14;-0,002861
5,141667;-0,002861
5,143333;-0,002861
5,145;-0,002861
5,146667;-0,002861
5,148333;-0,002861
5,15;-0,002861
5,151667;-0,002861
5,153333;-0,002861
5,155;-0,002861
5,156667;-0,002861
5,158333;-0,002861
5,16;-0,002861
5,161667;-0,002861
5,163333;-0,002861
5,165;-0,002861
5,166667;-0,002861
5,168333;-0,002861
5,17;-0,002861
5,171667;-0,002861
5,173333;-0,002861
5,175;-0,002861
5,176667;-0,002861
5,178333;-0,002861
5,18;-0,002861
5,181667;-0,002861
5,183333;-0,002861
5,185;-0,002861
5,186667;-0,002861
5,188333;-0,002861
5,19;-0,002861
5,191667;-0,002861
5,193333;-0,002861
5,195;-0,002861
5,196667;-0,002861
5,198333;-0,002861
5,2;-0,002861
5,201667;-0,002861
5,203333;-0,002861
5,205;-0,002861
5,206667;-0,002861
5,208333;-0,002861
5,21;-0,002861
5,211667;-0,002861
5,213333;-0,002861
5,215;-0,002861
5,216667;-0,002861
5,218333;-0,002861
5,22;-0,002861
5,221667;-0,002861
5,223333;-0,002861
5,225;-0,002861
5,226667;-0,002861
5,228333;-0,002861
5,23;-0,002861
5,231667;-0,002861
5,233333;-0,002861
5,235;-0,002861
5,236667;-0,002861
5,238333;-0,002861
5,24;-0,002861
5,241667;-0,002861
5,243333;-0,002861
5,245;-0,002861
5,246667;-0,002861
5,248333;-0,005722
5,25;-0,005722
5,251667;-0,005722
5,253333;-0,005722
5,255;-0,005722
5,256667;-0,005722
5,258333;-0,005722
5,26;-0,005722
5,261667;-0,005722
5,263333;-0,005722
5,265;-0,005722
5,266667;-0,005722
5,268333;-0,002861
5,27;-0,002861
5,271667;-0,002861
5,273333;-0,002861
5,275;-0,002861
5,276667;-0,002861
5,278333;-0,002861
5,28;-0,002861
5,281667;-0,002861
5,283333;-0,002861
5,285;-0,002861
5,286667;-0,002861
5,288333;-0,002861
5,29;-0,002861
5,291667;-0,002861
5,293333;-0,002861
5,295;-0,002861
5,296667;-0,002861
5,298333;-0,002861
5,3;-0,002861
5,301667;-0,002861
5,303333;-0,002861
5,305;-0,002861
5,306667;-0,002861
5,308333;-0,002861
5,31;-0,002861
5,311667;-0,002861
5,313333;-0,002861
5,315;-0,002861
5,316667;-0,002861
5,318333;-0,002861
5,32;-0,002861
5,321667;-0,005722
5,323333;-0,005722
5,325;-0,005722
5,326667;-0,005722
5,328333;-0,005722
5,33;-0,005722
5,331667;-0,005722
5,333333;-0,005722
5,335;-0,005722
5,336667;-0,005722
5,338333;-0,005722
5,34;-0,005722
5,341667;-0,005722
5,343333;-0,005722
5,345;-0,005722
5,346667;-0,005722
5,348333;-0,005722
5,35;-0,005722
5,351667;-0,005722
5,353333;-0,005722
5,355;-0,005722
5,356667;-0,005722
5,358333;-0,005722
5,36;-0,005722
5,361667;-0,005722
5,363333;-0,005722
5,365;-0,005722
5,366667;-0,005722
5,368333;-0,005722
5,37;-0,005722
5,371667;-0,005722
5,373333;-0,005722
5,375;-0,005722
5,376667;-0,005722
5,378333;-0,005722
5,38;-0,005722
5,381667;-0,005722
5,383333;-0,005722
5,385;-0,005722
5,386667;-0,005722
5,388333;-0,005722
5,39;-0,005722
5,391667;-0,005722
5,393333;-0,005722
5,395;-0,005722
5,396667;-0,005722
5,398333;-0,005722
5,4;-0,005722
5,401667;-0,005722
5,403333;-0,005722
5,405;-0,005722
5,406667;-0,005722
5,408333;-0,005722
5,41;-0,005722
5,411667;-0,005722
5,413333;-0,005722
5,415;-0,005722
5,416667;-0,005722
5,418333;-0,005722
5,42;-0,005722
5,421667;-0,005722
5,423333;-0,005722
5,425;-0,005722
5,426667;-0,005722
5,428333;-0,005722
5,43;-0,005722
5,431667;-0,005722
5,433333;-0,005722
5,435;-0,005722
5,436667;-0,005722
5,438333;-0,005722
5,44;-0,005722
5,441667;-0,005722
5,443333;-0,005722
5,445;-0,005722
5,446667;-0,005722
5,448333;-0,005722
5,45;-0,005722
5,451667;-0,005722
5,453333;-0,005722
5,455;-0,005722
5,456667;-0,005722
5,458333;-0,005722
5,46;-0,002861
5,461667;-0,002861
5,463333;-0,005722
5,465;-0,005722
5,466667;-0,005722
5,468333;-0,005722
5,47;-0,005722
5,471667;-0,005722
5,473333;-0,005722
5,475;-0,005722
5,476667;-0,005722
5,478333;-0,005722
5,48;-0,005722
5,481667;-0,005722
5,483333;-0,005722
5,485;-0,005722
5,486667;-0,005722
5,488333;-0,005722
5,49;-0,005722
5,491667;-0,005722
5,493333;-0,005722
5,495;-0,005722
5,496667;-0,005722
5,498333;-0,005722
5,5;-0,005722
5,501667;-0,005722
5,503333;-0,005722
5,505;-0,005722
5,506667;-0,005722
5,508333;-0,005722
5,51;-0,005722
5,511667;-0,005722
5,513333;-0,005722
5,515;-0,005722
5,516667;-0,005722
5,518333;-0,005722
5,52;-0,005722
5,521667;-0,005722
5,523333;-0,005722
5,525;-0,005722
5,526667;-0,005722
5,528333;-0,005722
5,53;-0,005722
5,531667;-0,005722
5,533333;-0,005722
5,535;-0,005722
5,536667;-0,005722
5,538333;-0,005722
5,54;-0,005722
5,541667;-0,005722
5,543333;-0,005722
5,545;-0,005722
5,546667;-0,005722
5,548333;-0,005722
5,55;-0,005722
5,551667;-0,005722
5,553333;-0,005722
5,555;-0,005722
5,556667;-0,005722
5,558333;-0,005722
5,56;-0,005722
5,561667;-0,005722
5,563333;-0,005722
5,565;-0,005722
5,566667;-0,002861
5,568333;-0,002861
5,57;-0,002861
5,571667;-0,002861
5,573333;-0,002861
5,575;-0,002861
5,576667;-0,002861
5,578333;-0,005722
5,58;-0,005722
5,581667;-0,005722
5,583333;-0,005722
5,585;-0,005722
5,586667;-0,005722
5,588333;-0,005722
5,59;-0,005722
5,591667;-0,005722
5,593333;-0,005722
5,595;-0,005722
5,596667;-0,005722
5,598333;-0,005722
5,6;-0,005722
5,601667;-0,005722
5,603333;-0,005722
5,605;-0,005722
5,606667;-0,005722
5,608333;-0,005722
5,61;-0,005722
5,611667;-0,005722
5,613333;-0,005722
5,615;-0,002861
5,616667;-0,002861
5,618333;-0,002861
5,62;-0,002861
5,621667;-0,002861
5,623333;-0,002861
5,625;-0,002861
5,626667;-0,002861
5,628333;-0,002861
5,63;-0,002861
5,631667;-0,002861
5,633333;-0,002861
5,635;-0,002861
5,636667;-0,002861
5,638333;-0,002861
5,64;-0,005722
5,641667;-0,005722
5,643333;-0,005722
5,645;-0,005722
5,646667;-0,005722
5,648333;-0,005722
5,65;-0,005722
5,651667;-0,005722
5,653333;-0,005722
5,655;-0,005722
5,656667;-0,005722
5,658333;-0,005722
5,66;-0,005722
5,661667;-0,005722
5,663333;-0,005722
5,665;-0,005722
5,666667;-0,005722
5,668333;-0,005722
5,67;-0,005722
5,671667;-0,005722
5,673333;-0,005722
5,675;-0,005722
5,676667;-0,005722
5,678333;-0,005722
5,68;-0,005722
5,681667;-0,005722
5,683333;-0,005722
5,685;-0,005722
5,686667;-0,005722
5,688333;-0,005722
5,69;-0,005722
5,691667;-0,005722
5,693333;-0,005722
5,695;-0,005722
5,696667;-0,005722
5,698333;-0,005722
5,7;-0,005722
5,701667;-0,005722
5,703333;-0,005722
5,705;-0,005722
5,706667;-0,005722
5,708333;-0,005722
5,71;-0,005722
5,711667;-0,005722
5,713333;-0,005722
5,715;-0,005722
5,716667;-0,005722
5,718333;-0,005722
5,72;-0,005722
5,721667;-0,005722
5,723333;-0,005722
5,725;-0,005722
5,726667;-0,005722
5,728333;-0,005722
5,73;-0,005722
5,731667;-0,005722
5,733333;-0,005722
5,735;-0,005722
5,736667;-0,005722
5,738333;-0,005722
5,74;-0,005722
5,741667;-0,005722
5,743333;-0,005722
5,745;-0,005722
5,746667;-0,005722
5,748333;-0,005722
5,75;-0,005722
5,751667;-0,005722
5,753333;-0,005722
5,755;-0,005722
5,756667;-0,005722
5,758333;-0,005722
5,76;-0,005722
5,761667;-0,005722
5,763333;-0,005722
5,765;-0,005722
5,766667;-0,005722
5,768333;-0,005722
5,77;-0,005722
5,771667;-0,005722
5,773333;-0,005722
5,775;-0,005722
5,776667;-0,005722
5,778333;-0,005722
5,78;-0,005722
5,781667;-0,005722
5,783333;-0,005722
5,785;-0,005722
5,786667;-0,005722
5,788333;-0,005722
5,79;-0,005722
5,791667;-0,005722
5,793333;-0,005722
5,795;-0,005722
5,796667;-0,005722
5,798333;-0,005722
5,8;-0,005722
5,801667;-0,005722
5,803333;-0,005722
5,805;-0,005722
5,806667;-0,005722
5,808333;-0,005722
5,81;-0,005722
5,811667;-0,005722
5,813333;-0,005722
5,815;-0,005722
5,816667;-0,005722
5,818333;-0,005722
5,82;-0,005722
5,821667;-0,005722
5,823333;-0,005722
5,825;-0,005722
5,826667;-0,005722
5,828333;-0,005722
5,83;-0,005722
5,831667;-0,005722
5,833333;-0,005722
5,835;-0,005722
5,836667;-0,005722
5,838333;-0,005722
5,84;-0,005722
5,841667;-0,005722
5,843333;-0,005722
5,845;-0,005722
5,846667;-0,005722
5,848333;-0,005722
5,85;-0,005722
5,851667;-0,005722
5,853333;-0,005722
5,855;-0,005722
5,856667;-0,005722
5,858333;-0,005722
5,86;-0,005722
5,861667;-0,005722
5,863333;-0,005722
5,865;-0,005722
5,866667;-0,005722
5,868333;-0,005722
5,87;-0,005722
5,871667;-0,005722
5,873333;-0,005722
5,875;-0,005722
5,876667;-0,005722
5,878333;-0,005722
5,88;-0,005722
5,881667;-0,005722
5,883333;-0,005722
5,885;-0,005722
5,886667;-0,005722
5,888333;-0,005722
5,89;-0,005722
5,891667;-0,005722
5,893333;-0,005722
5,895;-0,005722
5,896667;-0,005722
5,898333;-0,005722
5,9;-0,005722
5,901667;-0,005722
5,903333;-0,005722
5,905;-0,005722
5,906667;-0,005722
5,908333;-0,005722
5,91;-0,005722
5,911667;-0,005722
5,913333;-0,005722
5,915;-0,005722
5,916667;-0,005722
5,918333;-0,005722
5,92;-0,005722
5,921667;-0,005722
5,923333;-0,005722
5,925;-0,005722
5,926667;-0,005722
5,928333;-0,005722
5,93;-0,005722
5,931667;-0,005722
5,933333;-0,005722
5,935;-0,005722
5,936667;-0,005722
5,938333;-0,005722
5,94;-0,005722
5,941667;-0,005722
5,943333;-0,005722
5,945;-0,005722
5,946667;-0,005722
5,948333;-0,005722
5,95;-0,005722
5,951667;-0,005722
5,953333;-0,005722
5,955;-0,005722
5,956667;-0,005722
5,958333;-0,005722
5,96;-0,005722
5,961667;-0,005722
5,963333;-0,005722
5,965;-0,005722
5,966667;-0,005722
5,968333;-0,005722
5,97;-0,005722
5,971667;-0,005722
5,973333;-0,005722
5,975;-0,005722
5,976667;-0,005722
5,978333;-0,005722
5,98;-0,005722
5,981667;-0,005722
5,983333;-0,005722
5,985;-0,005722
5,986667;-0,005722
5,988333;-0,005722
5,99;-0,005722
5,991667;-0,005722
5,993333;-0,005722
5,995;-0,005722
5,996667;-0,005722
5,998333;-0,005722
6;-0,005722
6,001667;-0,005722
6,003333;-0,005722
6,005;-0,005722
6,006667;-0,005722
6,008333;-0,005722
6,01;-0,005722
6,011667;-0,005722
6,013333;-0,005722
6,015;-0,005722
6,016667;-0,005722
6,018333;-0,005722
6,02;-0,005722
6,021667;-0,005722
6,023333;-0,005722
6,025;-0,005722
6,026667;-0,005722
6,028333;-0,005722
6,03;-0,005722
6,031667;-0,005722
6,033333;-0,005722
6,035;-0,005722
6,036667;-0,005722
6,038333;-0,005722
6,04;-0,005722
6,041667;-0,005722
6,043333;-0,005722
6,045;-0,005722
6,046667;-0,005722
6,048333;-0,005722
6,05;-0,005722
6,051667;-0,005722
6,053333;-0,002861
6,055;-0,002861
6,056667;-0,002861
6,058333;-0,002861
6,06;-0,002861
6,061667;-0,002861
6,063333;-0,002861
6,065;-0,002861
6,066667;-0,002861
6,068333;-0,002861
6,07;-0,002861
6,071667;-0,005722
6,073333;-0,005722
6,075;-0,005722
6,076667;-0,005722
6,078333;-0,005722
6,08;-0,005722
6,081667;-0,005722
6,083333;-0,005722
6,085;-0,005722
6,086667;-0,005722
6,088333;-0,005722
6,09;-0,005722
6,091667;-0,005722
6,093333;-0,005722
6,095;-0,005722
6,096667;-0,002861
6,098333;-0,002861
6,1;-0,005722
6,101667;-0,005722
6,103333;-0,005722
6,105;-0,005722
6,106667;-0,005722
6,108333;-0,005722
6,11;-0,002861
6,111667;-0,002861
6,113333;-0,002861
6,115;-0,002861
6,116667;-0,002861
6,118333;-0,002861
6,12;-0,002861
6,121667;-0,002861
6,123333;-0,005722
6,125;-0,005722
6,126667;-0,005722
6,128333;-0,005722
6,13;-0,005722
6,131667;-0,002861
6,133333;-0,002861
6,135;-0,002861
6,136667;-0,002861
6,138333;-0,002861
6,14;-0,002861
6,141667;-0,002861
6,143333;-0,002861
6,145;-0,002861
6,146667;-0,002861
6,148333;-0,002861
6,15;-0,002861
6,151667;-0,002861
6,153333;-0,002861
6,155;-0,002861
6,156667;-0,002861
6,158333;-0,002861
6,16;-0,002861
6,161667;-0,005722
6,163333;-0,005722
6,165;-0,005722
6,166667;-0,005722
6,168333;-0,005722
6,17;-0,005722
6,171667;-0,005722
6,173333;-0,005722
6,175;-0,005722
6,176667;-0,005722
6,178333;-0,005722
6,18;-0,005722
6,181667;-0,005722
6,183333;-0,005722
6,185;-0,005722
6,186667;-0,005722
6,188333;-0,005722
6,19;-0,005722
6,191667;-0,005722
6,193333;-0,005722
6,195;-0,005722
6,196667;-0,005722
6,198333;-0,005722
6,2;-0,005722
6,201667;-0,005722
6,203333;-0,005722
6,205;-0,005722
6,206667;-0,002861
6,208333;-0,002861
6,21;-0,002861
6,211667;-0,002861
6,213333;-0,002861
6,215;-0,002861
6,216667;-0,002861
6,218333;-0,002861
6,22;-0,002861
6,221667;-0,002861
6,223333;-0,002861
6,225;-0,002861
6,226667;-0,002861
6,228333;-0,002861
6,23;-0,002861
6,231667;-0,002861
6,233333;-0,002861
6,235;-0,002861
6,236667;-0,002861
6,238333;-0,002861
6,24;-0,002861
6,241667;-0,002861
6,243333;-0,002861
6,245;-0,002861
6,246667;-0,002861
6,248333;-0,002861
6,25;-0,002861
6,251667;-0,002861
6,253333;-0,002861
6,255;-0,002861
6,256667;-0,002861
6,258333;-0,002861
6,26;-0,002861
6,261667;-0,002861
6,263333;-0,002861
6,265;-0,002861
6,266667;-0,002861
6,268333;-0,002861
6,27;-0,002861
6,271667;-0,002861
6,273333;-0,002861
6,275;-0,002861
6,276667;-0,002861
6,278333;-0,002861
6,28;-0,002861
6,281667;-0,002861
6,283333;-0,002861
6,285;-0,005722
6,286667;-0,005722
6,288333;-0,005722
6,29;-0,005722
6,291667;-0,005722
6,293333;-0,005722
6,295;-0,005722
6,296667;-0,005722
6,298333;-0,005722
6,3;-0,005722
6,301667;-0,005722
6,303333;-0,005722
6,305;-0,005722
6,306667;-0,005722
6,308333;-0,005722
6,31;-0,005722
6,311667;-0,005722
6,313333;-0,005722
6,315;-0,005722
6,316667;-0,005722
6,318333;-0,005722
6,32;-0,005722
6,321667;-0,005722
6,323333;-0,005722
6,325;-0,005722
6,326667;-0,005722
6,328333;-0,005722
6,33;-0,005722
6,331667;-0,005722
6,333333;-0,005722
6,335;-0,005722
6,336667;-0,005722
6,338333;-0,005722
6,34;-0,005722
6,341667;-0,005722
6,343333;-0,005722
6,345;-0,005722
6,346667;-0,005722
6,348333;-0,005722
6,35;-0,005722
6,351667;-0,005722
6,353333;-0,005722
6,355;-0,005722
6,356667;-0,005722
6,358333;-0,005722
6,36;-0,005722
6,361667;-0,005722
6,363333;-0,005722
6,365;-0,005722
6,366667;-0,005722
6,368333;-0,005722
6,37;-0,005722
6,371667;-0,005722
6,373333;-0,005722
6,375;-0,005722
6,376667;-0,005722
6,378333;-0,005722
6,38;-0,005722
6,381667;-0,005722
6,383333;-0,005722
6,385;-0,005722
6,386667;-0,005722
6,388333;-0,005722
6,39;-0,005722
6,391667;-0,005722
6,393333;-0,005722
6,395;-0,005722
6,396667;-0,005722
6,398333;-0,005722
6,4;-0,005722
6,401667;-0,005722
6,403333;-0,005722
6,405;-0,005722
6,406667;-0,005722
6,408333;-0,005722
6,41;-0,005722
6,411667;-0,005722
6,413333;-0,005722
6,415;-0,005722
6,416667;-0,005722
6,418333;-0,005722
6,42;-0,005722
6,421667;-0,005722
6,423333;-0,005722
6,425;-0,005722
6,426667;-0,005722
6,428333;-0,005722
6,43;-0,005722
6,431667;-0,005722
6,433333;-0,005722
6,435;-0,005722
6,436667;-0,005722
6,438333;-0,005722
6,44;-0,005722
6,441667;-0,005722
6,443333;-0,005722
6,445;-0,005722
6,446667;-0,005722
6,448333;-0,005722
6,45;-0,005722
6,451667;-0,005722
6,453333;-0,005722
6,455;-0,005722
6,456667;-0,005722
6,458333;-0,005722
6,46;-0,005722
6,461667;-0,005722
6,463333;-0,005722
6,465;-0,005722
6,466667;-0,005722
6,468333;-0,005722
6,47;-0,005722
6,471667;-0,005722
6,473333;-0,005722
6,475;-0,005722
6,476667;-0,005722
6,478333;-0,005722
6,48;-0,005722
6,481667;-0,005722
6,483333;-0,002861
6,485;-0,002861
6,486667;-0,002861
6,488333;-0,002861
6,49;-0,002861
6,491667;-0,002861
6,493333;-0,002861
6,495;-0,002861
6,496667;-0,002861
6,498333;-0,002861
6,5;-0,002861
6,501667;-0,002861
6,503333;-0,002861
6,505;-0,002861
6,506667;-0,002861
6,508333;-0,002861
6,51;-0,002861
6,511667;-0,002861
6,513333;-0,002861
6,515;-0,002861
6,516667;-0,002861
6,518333;-0,002861
6,52;-0,002861
6,521667;-0,002861
6,523333;-0,002861
6,525;-0,002861
6,526667;-0,002861
6,528333;-0,002861
6,53;-0,002861
6,531667;-0,002861
6,533333;-0,002861
6,535;-0,002861
6,536667;-0,002861
6,538333;-0,002861
6,54;-0,002861
6,541667;-0,002861
6,543333;-0,002861
6,545;-0,002861
6,546667;-0,002861
6,548333;-0,002861
6,55;-0,002861
6,551667;-0,002861
6,553333;-0,002861
6,555;-0,002861
6,556667;-0,002861
6,558333;-0,002861
6,56;-0,002861
6,561667;-0,002861
6,563333;-0,002861
6,565;-0,002861
6,566667;-0,002861
6,568333;-0,002861
6,57;-0,002861
6,571667;-0,002861
6,573333;-0,002861
6,575;-0,002861
6,576667;-0,002861
6,578333;-0,002861
6,58;-0,002861
6,581667;-0,002861
6,583333;-0,002861
6,585;-0,002861
6,586667;-0,002861
6,588333;-0,002861
6,59;-0,002861
6,591667;-0,002861
6,593333;-0,002861
6,595;-0,002861
6,596667;-0,002861
6,598333;-0,002861
6,6;-0,002861
6,601667;-0,002861
6,603333;-0,002861
6,605;-0,002861
6,606667;-0,002861
6,608333;-0,002861
6,61;-0,002861
6,611667;-0,002861
6,613333;-0,002861
6,615;-0,002861
6,616667;-0,002861
6,618333;-0,002861
6,62;-0,002861
6,621667;-0,002861
6,623333;-0,002861
6,625;-0,002861
6,626667;-0,002861
6,628333;-0,002861
6,63;-0,002861
6,631667;-0,002861
6,633333;-0,002861
6,635;-0,002861
6,636667;-0,002861
6,638333;-0,002861
6,64;-0,002861
6,641667;-0,002861
6,643333;-0,002861
6,645;-0,002861
6,646667;-0,002861
6,648333;-0,002861
6,65;-0,002861
6,651667;-0,002861
6,653333;-0,002861
6,655;-0,002861
6,656667;-0,002861
6,658333;-0,002861
6,66;-0,002861
6,661667;-0,002861
6,663333;-0,002861
6,665;-0,002861
6,666667;-0,002861
6,668333;-0,002861
6,67;-0,002861
6,671667;-0,002861
6,673333;-0,002861
6,675;-0,002861
6,676667;-0,002861
6,678333;-0,002861
6,68;-0,002861
6,681667;-0,002861
6,683333;-0,002861
6,685;-0,002861
6,686667;-0,002861
6,688333;-0,002861
6,69;-0,002861
6,691667;-0,002861
6,693333;-0,002861
6,695;-0,002861
6,696667;-0,002861
6,698333;-0,002861
6,7;-0,002861
6,701667;-0,002861
6,703333;-0,002861
6,705;-0,002861
6,706667;-0,002861
6,708333;-0,002861
6,71;-0,002861
6,711667;-0,002861
6,713333;-0,002861
6,715;-0,002861
6,716667;-0,002861
6,718333;-0,002861
6,72;-0,002861
6,721667;-0,002861
6,723333;-0,002861
6,725;-0,002861
6,726667;-0,002861
6,728333;-0,002861
6,73;-0,002861
6,731667;-0,002861
6,733333;-0,002861
6,735;-0,002861
6,736667;-0,002861
6,738333;-0,002861
6,74;-0,002861
6,741667;-0,002861
6,743333;-0,002861
6,745;-0,002861
6,746667;-0,002861
6,748333;-0,002861
6,75;-0,002861
6,751667;-0,002861
6,753333;-0,002861
6,755;-0,002861
6,756667;-0,002861
6,758333;-0,002861
6,76;-0,002861
6,761667;-0,002861
6,763333;-0,002861
6,765;-0,002861
6,766667;-0,002861
6,768333;-0,002861
6,77;-0,002861
6,771667;-0,002861
6,773333;-0,002861
6,775;-0,002861
6,776667;-0,002861
6,778333;-0,002861
6,78;-0,002861
6,781667;-0,002861
6,783333;-0,002861
6,785;-0,002861
6,786667;-0,002861
6,788333;-0,002861
6,79;-0,002861
6,791667;-0,002861
6,793333;-0,002861
6,795;-0,002861
6,796667;-0,002861
6,798333;-0,002861
6,8;-0,002861
6,801667;-0,002861
6,803333;-0,002861
6,805;-0,002861
6,806667;-0,002861
6,808333;-0,002861
6,81;-0,002861
6,811667;-0,002861
6,813333;-0,002861
6,815;-0,002861
6,816667;-0,002861
6,818333;-0,002861
6,82;-0,002861
6,821667;-0,002861
6,823333;-0,002861
6,825;-0,002861
6,826667;-0,002861
6,828333;-0,002861
6,83;-0,002861
6,831667;-0,002861
6,833333;-0,002861
6,835;-0,002861
6,836667;-0,002861
6,838333;-0,002861
6,84;-0,002861
6,841667;-0,002861
6,843333;-0,002861
6,845;-0,002861
6,846667;-0,002861
6,848333;-0,002861
6,85;-0,002861
6,851667;-0,002861
6,853333;-0,002861
6,855;-0,002861
6,856667;-0,002861
6,858333;-0,002861
6,86;-0,002861
6,861667;-0,002861
6,863333;-0,002861
6,865;-0,002861
6,866667;-0,002861
6,868333;-0,002861
6,87;-0,002861
6,871667;-0,005722
6,873333;-0,005722
6,875;-0,005722
6,876667;-0,005722
6,878333;-0,005722
6,88;-0,005722
6,881667;-0,005722
6,883333;-0,005722
6,885;-0,002861
6,886667;-0,002861
6,888333;-0,002861
6,89;-0,002861
6,891667;-0,002861
6,893333;-0,002861
6,895;-0,002861
6,896667;-0,002861
6,898333;-0,002861
6,9;-0,002861
6,901667;-0,002861
6,903333;-0,002861
6,905;-0,002861
6,906667;-0,002861
6,908333;-0,002861
6,91;-0,002861
6,911667;-0,005722
6,913333;-0,005722
6,915;-0,005722
6,916667;-0,005722
6,918333;-0,005722
6,92;-0,005722
6,921667;-0,005722
6,923333;-0,005722
6,925;-0,005722
6,926667;-0,005722
6,928333;-0,005722
6,93;-0,005722
6,931667;-0,005722
6,933333;-0,005722
6,935;-0,005722
6,936667;-0,005722
6,938333;-0,005722
6,94;-0,005722
6,941667;-0,005722
6,943333;-0,005722
6,945;-0,005722
6,946667;-0,005722
6,948333;-0,005722
6,95;-0,005722
6,951667;-0,005722
6,953333;-0,005722
6,955;-0,005722
6,956667;-0,005722
6,958333;-0,005722
6,96;-0,005722
6,961667;-0,005722
6,963333;-0,005722
6,965;-0,005722
6,966667;-0,005722
6,968333;-0,005722
6,97;-0,005722
6,971667;-0,005722
6,973333;-0,005722
6,975;-0,005722
6,976667;-0,005722
6,978333;-0,005722
6,98;-0,005722
6,981667;-0,005722
6,983333;-0,005722
6,985;-0,005722
6,986667;-0,005722
6,988333;-0,005722
6,99;-0,005722
6,991667;-0,005722
6,993333;-0,005722
6,995;-0,005722
6,996667;-0,005722
6,998333;-0,005722
7;-0,005722
7,001667;-0,005722
7,003333;-0,005722
7,005;-0,005722
7,006667;-0,005722
7,008333;-0,005722
7,01;-0,005722
7,011667;-0,005722
7,013333;-0,005722
7,015;-0,005722
7,016667;-0,005722
7,018333;-0,005722
7,02;-0,005722
7,021667;-0,005722
7,023333;-0,005722
7,025;-0,005722
7,026667;-0,005722
7,028333;-0,005722
7,03;-0,005722
7,031667;-0,005722
7,033333;-0,005722
7,035;-0,005722
7,036667;-0,005722
7,038333;-0,005722
7,04;-0,005722
7,041667;-0,005722
7,043333;-0,005722
7,045;-0,005722
7,046667;-0,005722
7,048333;-0,005722
7,05;-0,005722
7,051667;-0,005722
7,053333;-0,002861
7,055;-0,002861
7,056667;-0,002861
7,058333;-0,002861
7,06;-0,002861
7,061667;-0,002861
7,063333;-0,002861
7,065;-0,002861
7,066667;-0,002861
7,068333;-0,002861
7,07;-0,002861
7,071667;-0,002861
7,073333;-0,002861
7,075;-0,002861
7,076667;-0,002861
7,078333;-0,002861
7,08;-0,002861
7,081667;-0,002861
7,083333;-0,002861
7,085;-0,002861
7,086667;-0,002861
7,088333;-0,002861
7,09;-0,002861
7,091667;-0,002861
7,093333;-0,002861
7,095;-0,002861
7,096667;-0,002861
7,098333;-0,002861
7,1;-0,002861
7,101667;-0,002861
7,103333;-0,002861
7,105;-0,002861
7,106667;-0,002861
7,108333;-0,002861
7,11;-0,002861
7,111667;-0,002861
7,113333;-0,002861
7,115;-0,002861
7,116667;-0,002861
7,118333;0
7,12;0
7,121667;0
7,123333;0
7,125;0
7,126667;0
7,128333;0
7,13;0
7,131667;0
7,133333;0
7,135;0
7,136667;0
7,138333;0,002861
7,14;0,002861
7,141667;0,002861
7,143333;0,002861
7,145;0,002861
7,146667;0,002861
7,148333;0,002861
7,15;0,002861
7,151667;0,005722
7,153333;0,005722
7,155;0,005722
7,156667;0,005722
7,158333;0,005722
7,16;0,005722
7,161667;0,008583
7,163333;0,008583
7,165;0,008583
7,166667;0,008583
7,168333;0,011444
7,17;0,011444
7,171667;0,011444
7,173333;0,014305
7,175;0,014305
7,176667;0,017166
7,178333;0,017166
7,18;0,017166
7,181667;0,020027
7,183333;0,020027
7,185;0,022888
7,186667;0,025749
7,188333;0,025749
7,19;0,02861
7,191667;0,031471
7,193333;0,031471
7,195;0,034332
7,196667;0,037193
7,198333;0,040054
7,2;0,042915
7,201667;0,045776
7,203333;0,048637
7,205;0,051498
7,206667;0,054359
7,208333;0,05722
7,21;0,062943
7,211667;0,065804
7,213333;0,071526
7,215;0,074387
7,216667;0,080109
7,218333;0,085831
7,22;0,091553
7,221667;0,097275
7,223333;0,102997
7,225;0,108719
7,226667;0,117302
7,228333;0,125885
7,23;0,131607
7,231667;0,14019
7,233333;0,151634
7,235;0,160217
7,236667;0,171661
7,238333;0,183105
7,24;0,19455
7,241667;0,208855
7,243333;0,22316
7,245;0,237465
7,246667;0,25177
7,248333;0,268936
7,25;0,286102
7,251667;0,306129
7,253333;0,326157
7,255;0,346184
7,256667;0,369072
7,258333;0,39196
7,26;0,417709
7,261667;0,44632
7,263333;0,47493
7,265;0,506401
7,266667;0,537872
7,268333;0,572205
7,27;0,609398
7,271667;0,649452
7,273333;0,692368
7,275;0,735283
7,276667;0,781059
7,278333;0,832558
7,28;0,884056
7,281667;0,938416
7,283333;0,998497
7,285;1,06144
7,286667;1,127243
7,288333;1,195908
7,29;1,270294
7,291667;1,347542
7,293333;1,427651
7,295;1,513481
7,296667;1,605034
7,298333;1,699448
7,3;1,799584
7,301667;1,905441
7,303333;2,01416
7,305;2,131462
7,306667;2,254486
7,308333;2,380371
7,31;2,514839
7,311667;2,655029
7,313333;2,800942
7,315;2,955437
7,316667;3,115654
7,318333;3,284455
7,32;3,458977
7,321667;3,642082
7,323333;3,83091
7,325;4,031182
7,326667;4,237175
7,328333;4,451752
7,33;4,674912
7,331667;4,909516
7,333333;5,149842
7,335;5,401612
7,336667;5,661965
7,338333;5,930901
7,34;6,211281
7,341667;6,500245
7,343333;6,800652
7,345;7,109642
7,346667;7,430077
7,348333;7,761956
7,35;8,105278
7,351667;8,823395
7,353333;9,198189
7,355;9,584427
7,356667;9,984971
7,358333;10,394097
7,36;10,394097
7,361667;10,817528
7,363333;11,252404
7,365;11,698724
7,366667;12,156487
7,368333;12,625695
7,37;13,109208
7,371667;13,604165
7,373333;14,113427
7,375;14,634133
7,376667;15,166284
7,378333;15,712739
7,38;16,270638
7,381667;16,842843
7,383333;17,426492
7,385;18,021585
7,386667;18,630983
7,388333;19,251825
7,39;19,886972
7,391667;20,533563
7,393333;21,194459
7,395;21,863939
7,396667;22,550584
7,398333;23,245813
7,4;23,955347
7,401667;24,679185
7,403333;25,411607
7,405;26,158334
7,406667;26,916506
7,408333;27,686121
7,41;28,46718
7,411667;29,262544
7,413333;30,066492
7,415;30,884745
7,416667;31,71158
7,418333;32,552721
7,42;33,402445
7,421667;34,263613
7,423333;35,133364
7,425;36,014559
7,426667;36,907198
7,428333;37,808421
7,43;38,718226
7,431667;39,639475
7,433333;40,569308
7,435;41,507723
7,436667;42,457583
7,438333;43,413165
7,44;44,37733
7,441667;45,347216
7,443333;46,328547
7,445;47,3156
7,446667;48,308375
7,448333;49,309733
7,45;50,316814
7,451667;51,326755
7,453333;52,345279
7,455;53,369525
7,456667;54,399494
7,458333;55,432323
7,46;56,468013
7,461667;57,509426
7,463333;58,553699
7,465;59,600834
7,466667;60,650829
7,468333;61,703686
7,47;62,756542
7,471667;63,81226
7,473333;64,870838
7,475;65,926556
7,476667;66,985134
7,478333;68,040852
7,48;69,09943
7,481667;70,152287
7,483333;71,208004
7,485;72,258
7,486667;73,307995
7,488333;74,352269
7,49;75,396542
7,491667;76,432233
7,493333;77,465062
7,495;78,49503
7,496667;79,516416
7,498333;80,532079
7,5;81,54202
7,501667;82,543378
7,503333;83,536153
7,505;84,523206
7,506667;86,465841
7,508333;86,465841
7,51;87,421422
7,511667;88,368421
7,513333;89,303976
7,515;90,225225
7,516667;91,137891
7,518333;92,033392
7,52;92,917448
7,521667;93,787199
7,523333;94,639784
7,525;95,478064
7,526667;96,302038
7,528333;97,105986
7,53;97,895628
7,531667;98,665243
7,533333;99,417692
7,535;100,150114
7,536667;100,862509
7,538333;101,552016
7,54;102,224356
7,541667;102,873808
7,543333;103,500372
7,545;104,104048
7,546667;104,684836
7,548333;105,242735
7,55;105,774886
7,551667;106,284148
7,553333;106,767661
7,555;107,225424
7,556667;107,654578
7,558333;108,060843
7,56;108,787543
7,561667;108,787543
7,563333;109,110839
7,565;109,405524
7,566667;109,671599
7,568333;109,909064
7,57;110,301024
7,571667;110,452659
7,573333;110,572822
7,575;110,667235
7,576667;110,667235
7,578333;110,730178
7,58;110,76451
7,581667;110,770232
7,583333;110,744483
7,585;110,690123
7,586667;110,607154
7,588333;110,495574
7,59;110,355384
7,591667;110,186583
7,593333;109,989173
7,595;109,763152
7,596667;109,511382
7,598333;109,231002
7,6;108,922011
7,601667;108,226783
7,603333;107,840544
7,605;107,431418
7,606667;107,431418
7,608333;106,993682
7,61;106,535918
7,611667;106,052405
7,613333;105,543143
7,615;105,013854
7,616667;104,464537
7,618333;103,892333
7,62;103,29724
7,621667;102,684981
7,623333;102,052695
7,625;101,400381
7,626667;100,730902
7,628333;100,044256
7,63;99,340445
7,631667;98,622328
7,633333;97,887045
7,635;96,373564
7,636667;95,595366
7,638333;94,805723
7,64;94,004637
7,641667;93,189245
7,643333;93,189245
7,645;92,36527
7,646667;91,529852
7,648333;90,68585
7,65;89,833265
7,651667;88,974958
7,653333;88,105207
7,655;87,229734
7,656667;86,348539
7,658333;85,461622
7,66;84,568982
7,661667;83,673482
7,663333;82,77226
7,665;81,868177
7,666667;80,958371
7,668333;80,048566
7,67;79,138761
7,671667;78,226094
7,673333;77,310567
7,675;76,3979
7,676667;75,482373
7,678333;74,569707
7,68;73,65704
7,681667;72,747235
7,683333;71,83743
7,685;70,930485
7,686667;70,026402
7,688333;69,12518
7,69;68,226818
7,691667;67,334179
7,693333;66,44154
7,695;65,557484
7,696667;64,676289
7,698333;63,800816
7,7;62,928204
7,701667;62,064175
7,703333;61,203007
7,705;60,350422
7,706667;59,503559
7,708333;58,662418
7,71;57,826999
7,711667;57,000164
7,713333;56,17905
7,715;55,366519
7,716667;54,559711
7,718333;52,971843
7,72;52,971843
7,721667;52,187923
7,723333;51,412585
7,725;50,645831
7,726667;49,884799
7,728333;48,394206
7,73;47,658923
7,731667;46,932223
7,733333;46,214106
7,735;45,507434
7,736667;45,507434
7,738333;44,806483
7,74;44,114115
7,741667;43,430331
7,743333;42,75513
7,745;42,088511
7,746667;41,433337
7,748333;40,783885
7,75;40,143015
7,751667;39,510729
7,753333;38,887026
7,755;38,271906
7,756667;37,665369
7,758333;37,067416
7,76;36,475184
7,761667;35,894396
7,763333;35,322191
7,765;34,755709
7,766667;34,197809
7,768333;33,651354
7,77;33,110621
7,771667;32,575609
7,773333;32,052042
7,775;31,534197
7,776667;31,027796
7,778333;30,524256
7,78;30,03216
7,781667;29,545786
7,783333;29,065134
7,785;28,595926
7,786667;28,13244
7,788333;27,674677
7,79;27,225496
7,791667;26,782037
7,793333;26,347162
7,795;25,918008
7,796667;25,497438
7,798333;25,08259
7,8;24,673463
7,801667;24,27292
7,803333;23,878099
7,805;23,489
7,806667;23,105623
7,808333;22,730829
7,81;22,358896
7,811667;21,995546
7,813333;21,637918
7,815;21,286012
7,816667;20,939828
7,818333;20,596505
7,82;20,261766
7,821667;19,932748
7,823333;19,609452
7,825;19,291879
7,826667;18,977166
7,828333;18,668176
7,83;18,367768
7,831667;18,070222
7,833333;17,775537
7,835;17,486573
7,836667;17,206193
7,838333;16,925813
7,84;16,654016
7,841667;16,385079
7,843333;16,119004
7,845;15,858651
7,846667;15,60402
7,848333;15,35225
7,85;15,106202
7,851667;14,863015
7,853333;14,622689
7,855;14,388085
7,856667;14,159203
7,858333;13,930322
7,86;13,707162
7,861667;13,489724
7,863333;13,275147
7,865;13,063432
7,866667;12,854577
7,868333;12,651444
7,87;12,448312
7,871667;12,250901
7,873333;12,056351
7,875;11,867524
7,876667;11,678696
7,878333;11,495591
7,88;11,312485
7,881667;11,135102
7,883333;10,96058
7,885;10,788918
7,886667;10,620118
7,888333;10,451317
7,89;10,288239
7,891667;10,128022
7,893333;9,970666
7,895;9,81617
7,896667;9,661675
7,898333;9,512902
7,9;9,36699
7,901667;9,221078
7,903333;9,078026
7,905;8,937836
7,906667;8,800507
7,908333;8,666039
7,91;8,534432
7,911667;8,402825
7,913333;8,274079
7,915;8,148194
7,916667;8,02517
7,918333;7,902146
7,92;7,781983
7,921667;7,664681
7,923333;7,547379
7,925;7,432938
7,926667;7,321358
7,928333;7,212639
7,93;7,10392
7,931667;6,998063
7,933333;6,892205
7,935;6,789208
7,936667;6,689072
7,938333;6,588936
7,94;6,491661
7,941667;6,394387
7,943333;6,299973
7,945;6,20842
7,946667;6,116867
7,948333;6,028176
7,95;5,939484
7,951667;5,850792
7,953333;5,764962
7,955;5,681992
7,956667;5,599022
7,958333;5,518914
7,96;5,438805
7,961667;5,358696
7,963333;5,281449
7,965;5,207062
7,966667;5,132675
7,968333;5,058289
7,97;4,986763
7,971667;4,915238
7,973333;4,846573
7,975;4,777909
7,976667;4,709244
7,978333;4,643441
7,98;4,577637
7,981667;4,511833
7,983333;4,448891
7,985;4,388809
7,986667;4,325867
7,988333;4,265785
7,99;4,205704
7,991667;4,148484
7,993333;4,091263
7,995;4,034043
7,996667;3,979683
7,998333;3,925324
8;3,870964
8,001667;3,816605
8,003333;3,765106
8,005;3,713608
8,006667;3,66211
8,008333;3,613472
8,01;3,516197
8,011667;3,470421
8,013333;3,421784
8,015;3,421784
8,016667;3,376007
8,018333;3,333092
8,02;3,287316
8,021667;3,2444
8,023333;3,201485
8,025;3,15857
8,026667;3,118515
8,028333;3,078461
8,03;3,038407
8,031667;2,998352
8,033333;2,958298
8,035;2,918244
8,036667;2,88105
8,038333;2,843857
8,04;2,809525
8,041667;2,772331
8,043333;2,737999
8,045;2,700806
8,046667;2,666474
8,048333;2,632141
8,05;2,60067
8,051667;2,566338
8,053333;2,534866
8,055;2,503395
8,056667;2,471924
8,058333;2,440453
8,06;2,411842
8,061667;2,383232
8,063333;2,351761
8,065;2,323151
8,066667;2,294541
8,068333;2,268791
8,07;2,240181
8,071667;2,211571
8,073333;2,185822
8,075;2,160072
8,076667;2,134323
8,078333;2,108574
8,08;2,082825
8,081667;2,057076
8,083333;2,031326
8,085;2,008438
8,086667;1,98555
8,088333;1,962662
8,09;1,936913
8,091667;1,916885
8,093333;1,871109
8,095;1,848221
8,096667;1,828194
8,098333;1,828194
8,1;1,808167
8,101667;1,785278
8,103333;1,765251
8,105;1,745224
8,106667;1,725197
8,108333;1,70517
8,11;1,685143
8,111667;1,667976
8,113333;1,647949
8,115;1,630783
8,116667;1,610756
8,118333;1,59359
8,12;1,576424
8,121667;1,559258
8,123333;1,542091
8,125;1,524925
8,126667;1,507759
8,128333;1,490593
8,13;1,476288
8,131667;1,459122
8,133333;1,444817
8,135;1,427651
8,136667;1,413345
8,138333;1,396179
8,14;1,381874
8,141667;1,367569
8,143333;1,353264
8,145;1,338959
8,146667;1,324654
8,148333;1,310349
8,15;1,298904
8,151667;1,284599
8,153333;1,270294
8,155;1,244545
8,156667;1,233101
8,158333;1,233101
8,16;1,218796
8,161667;1,207352
8,163333;1,195908
8,165;1,170158
8,166667;1,158714
8,168333;1,14727
8,17;1,135826
8,171667;1,124382
8,173333;1,115799
8,175;1,115799
8,176667;1,104355
8,178333;1,092911
8,18;1,081467
8,181667;1,072884
8,183333;1,06144
8,185;1,049995
8,186667;1,041412
8,188333;1,029968
8,19;1,021385
8,191667;1,012802
8,193333;1,001358
8,195;0,992775
8,196667;0,984192
8,198333;0,972748
8,2;0,964165
8,201667;0,955582
8,203333;0,946999
8,205;0,938416
8,206667;0,929833
8,208333;0,921249
8,21;0,912666
8,211667;0,904083
8,213333;0,8955
8,215;0,886917
8,216667;0,878334
8,218333;0,872612
8,22;0,864029
8,221667;0,855446
8,223333;0,846863
8,225;0,841141
8,226667;0,832558
8,228333;0,826836
8,23;0,818253
8,231667;0,80967
8,233333;0,803947
8,235;0,798225
8,236667;0,789642
8,238333;0,78392
8,24;0,775337
8,241667;0,769615
8,243333;0,763893
8,245;0,75531
8,246667;0,749588
8,248333;0,743866
8,25;0,738144
8,251667;0,732422
8,253333;0,723839
8,255;0,718117
8,256667;0,712395
8,258333;0,706673
8,26;0,700951
8,261667;0,695229
8,263333;0,689507
8,265;0,683785
8,266667;0,678062
8,268333;0,67234
8,27;0,660896
8,271667;0,655174
8,273333;0,652313
8,275;0,646591
8,276667;0,646591
8,278333;0,640869
8,28;0,629425
8,281667;0,629425
8,283333;0,626564
8,285;0,620842
8,286667;0,61512
8,288333;0,612259
8,29;0,606537
8,291667;0,600815
8,293333;0,597954
8,295;0,592232
8,296667;0,589371
8,298333;0,583649
8,3;0,577927
8,301667;0,575066
8,303333;0,569344
8,305;0,566483
8,306667;0,560761
8,308333;0,5579
8,31;0,552177
8,311667;0,549316
8,313333;0,546455
8,315;0,540733
8,316667;0,537872
8,318333;0,53215
8,32;0,529289
8,321667;0,526428
8,323333;0,520706
8,325;0,517845
8,326667;0,514984
8,328333;0,509262
8,33;0,506401
8,331667;0,50354
8,333333;0,500679
8,335;0,494957
8,336667;0,492096
8,338333;0,489235
8,34;0,486374
8,341667;0,480652
8,343333;0,477791
8,345;0,47493
8,346667;0,472069
8,348333;0,469208
8,35;0,463486
8,351667;0,460625
8,353333;0,457764
8,355;0,454903
8,356667;0,452042
8,358333;0,449181
8,36;0,44632
8,361667;0,443459
8,363333;0,440598
8,365;0,437737
8,366667;0,434876
8,368333;0,432014
8,37;0,429153
8,371667;0,426292
8,373333;0,423431
8,375;0,42057
8,376667;0,417709
8,378333;0,414848
8,38;0,411987
8,381667;0,409126
8,383333;0,406265
8,385;0,403404
8,386667;0,400543
8,388333;0,397682
8,39;0,394821
8,391667;0,394821
8,393333;0,39196
8,395;0,389099
8,396667;0,386238
8,398333;0,383377
8,4;0,380516
8,401667;0,377655
8,403333;0,374794
8,405;0,371933
8,406667;0,369072
8,408333;0,369072
8,41;0,369072
8,411667;0,366211
8,413333;0,36335
8,415;0,360489
8,416667;0,357628
8,418333;0,357628
8,42;0,354767
8,421667;0,351906
8,423333;0,349045
8,425;0,349045
8,426667;0,346184
8,428333;0,343323
8,43;0,343323
8,431667;0,340462
8,433333;0,337601
8,435;0,33474
8,436667;0,33474
8,438333;0,331879
8,44;0,329018
8,441667;0,329018
8,443333;0,326157
8,445;0,323296
8,446667;0,323296
8,448333;0,320435
8,45;0,317574
8,451667;0,317574
8,453333;0,314713
8,455;0,314713
8,456667;0,311852
8,458333;0,30899
8,46;0,30899
8,461667;0,306129
8,463333;0,303268
8,465;0,303268
8,466667;0,300407
8,468333;0,300407
8,47;0,297546
8,471667;0,297546
8,473333;0,294685
8,475;0,294685
8,476667;0,291824
8,478333;0,291824
8,48;0,288963
8,481667;0,288963
8,483333;0,286102
8,485;0,283241
8,486667;0,283241
8,488333;0,28038
8,49;0,28038
8,491667;0,277519
8,493333;0,277519
8,495;0,274658
8,496667;0,274658
8,498333;0,271797
8,5;0,271797
8,501667;0,268936
8,503333;0,268936
8,505;0,266075
8,506667;0,266075
8,508333;0,263214
8,51;0,263214
8,511667;0,260353
8,513333;0,260353
8,515;0,260353
8,516667;0,257492
8,518333;0,257492
8,52;0,254631
8,521667;0,254631
8,523333;0,254631
8,525;0,25177
8,526667;0,25177
8,528333;0,248909
8,53;0,248909
8,531667;0,246048
8,533333;0,246048
8,535;0,246048
8,536667;0,243187
8,538333;0,243187
8,54;0,240326
8,541667;0,237465
8,543333;0,237465
8,545;0,237465
8,546667;0,237465
8,548333;0,234604
8,55;0,234604
8,551667;0,231743
8,553333;0,231743
8,555;0,228882
8,556667;0,228882
8,558333;0,228882
8,56;0,228882
8,561667;0,226021
8,563333;0,226021
8,565;0,22316
8,566667;0,22316
8,568333;0,22316
8,57;0,220299
8,571667;0,220299
8,573333;0,217438
8,575;0,217438
8,576667;0,217438
8,578333;0,214577
8,58;0,214577
8,581667;0,214577
8,583333;0,211716
8,585;0,211716
8,586667;0,211716
8,588333;0,208855
8,59;0,208855
8,591667;0,208855
8,593333;0,205994
8,595;0,205994
8,596667;0,205994
8,598333;0,205994
8,6;0,203133
8,601667;0,203133
8,603333;0,203133
8,605;0,203133
8,606667;0,200272
8,608333;0,200272
8,61;0,200272
8,611667;0,197411
8,613333;0,197411
8,615;0,197411
8,616667;0,19455
8,618333;0,19455
8,62;0,19455
8,621667;0,191689
8,623333;0,191689
8,625;0,191689
8,626667;0,191689
8,628333;0,188828
8,63;0,188828
8,631667;0,188828
8,633333;0,188828
8,635;0,185967
8,636667;0,185967
8,638333;0,185967
8,64;0,183105
8,641667;0,183105
8,643333;0,183105
8,645;0,180244
8,646667;0,180244
8,648333;0,180244
8,65;0,180244
8,651667;0,180244
8,653333;0,177383
8,655;0,177383
8,656667;0,177383
8,658333;0,177383
8,66;0,174522
8,661667;0,174522
8,663333;0,174522
8,665;0,174522
8,666667;0,174522
8,668333;0,171661
8,67;0,171661
8,671667;0,171661
8,673333;0,171661
8,675;0,171661
8,676667;0,1688
8,678333;0,1688
8,68;0,1688
8,681667;0,165939
8,683333;0,165939
8,685;0,165939
8,686667;0,165939
8,688333;0,165939
8,69;0,163078
8,691667;0,163078
8,693333;0,163078
8,695;0,163078
8,696667;0,160217
8,698333;0,160217
8,7;0,160217
8,701667;0,160217
8,703333;0,160217
8,705;0,157356
8,706667;0,157356
8,708333;0,157356
8,71;0,157356
8,711667;0,157356
8,713333;0,154495
8,715;0,154495
8,716667;0,154495
8,718333;0,154495
8,72;0,151634
8,721667;0,151634
8,723333;0,151634
8,725;0,151634
8,726667;0,151634
8,728333;0,148773
8,73;0,148773
8,731667;0,148773
8,733333;0,148773
8,735;0,148773
8,736667;0,145912
8,738333;0,145912
8,74;0,145912
8,741667;0,145912
8,743333;0,145912
8,745;0,145912
8,746667;0,143051
8,748333;0,143051
8,75;0,143051
8,751667;0,143051
8,753333;0,14019
8,755;0,14019
8,756667;0,14019
8,758333;0,14019
8,76;0,14019
8,761667;0,137329
8,763333;0,137329
8,765;0,137329
8,766667;0,137329
8,768333;0,137329
8,77;0,134468
8,771667;0,134468
8,773333;0,134468
8,775;0,134468
8,776667;0,134468
8,778333;0,134468
8,78;0,131607
8,781667;0,131607
8,783333;0,131607
8,785;0,131607
8,786667;0,131607
8,788333;0,131607
8,79;0,128746
8,791667;0,128746
8,793333;0,128746
8,795;0,128746
8,796667;0,128746
8,798333;0,128746
8,8;0,128746
8,801667;0,125885
8,803333;0,125885
8,805;0,125885
8,806667;0,125885
8,808333;0,125885
8,81;0,125885
8,811667;0,123024
8,813333;0,123024
8,815;0,123024
8,816667;0,123024
8,818333;0,123024
8,82;0,123024
8,821667;0,123024
8,823333;0,123024
8,825;0,123024
8,826667;0,120163
8,828333;0,120163
8,83;0,120163
8,831667;0,120163
8,833333;0,120163
8,835;0,120163
8,836667;0,117302
8,838333;0,117302
8,84;0,117302
8,841667;0,117302
8,843333;0,117302
8,845;0,117302
8,846667;0,117302
8,848333;0,117302
8,85;0,117302
8,851667;0,114441
8,853333;0,114441
8,855;0,114441
8,856667;0,114441
8,858333;0,114441
8,86;0,114441
8,861667;0,114441
8,863333;0,114441
8,865;0,11158
8,866667;0,11158
8,868333;0,11158
8,87;0,11158
8,871667;0,11158
8,873333;0,11158
8,875;0,11158
8,876667;0,11158
8,878333;0,11158
8,88;0,108719
8,881667;0,108719
8,883333;0,108719
8,885;0,108719
8,886667;0,108719
8,888333;0,108719
8,89;0,108719
8,891667;0,105858
8,893333;0,105858
8,895;0,105858
8,896667;0,105858
8,898333;0,105858
8,9;0,105858
8,901667;0,105858
8,903333;0,105858
8,905;0,102997
8,906667;0,102997
8,908333;0,102997
8,91;0,102997
8,911667;0,102997
8,913333;0,102997
8,915;0,102997
8,916667;0,102997
8,918333;0,100136
8,92;0,100136
8,921667;0,100136
8,923333;0,100136
8,925;0,100136
8,926667;0,100136
8,928333;0,100136
8,93;0,100136
8,931667;0,100136
8,933333;0,100136
8,935;0,100136
8,936667;0,100136
8,938333;0,097275
8,94;0,097275
8,941667;0,097275
8,943333;0,097275
8,945;0,097275
8,946667;0,097275
8,948333;0,097275
8,95;0,097275
8,951667;0,097275
8,953333;0,097275
8,955;0,097275
8,956667;0,094414
8,958333;0,094414
8,96;0,094414
8,961667;0,094414
8,963333;0,094414
8,965;0,094414
8,966667;0,094414
8,968333;0,094414
8,97;0,094414
8,971667;0,091553
8,973333;0,091553
8,975;0,091553
8,976667;0,091553
8,978333;0,091553
8,98;0,091553
8,981667;0,091553
8,983333;0,091553
8,985;0,088692
8,986667;0,088692
8,988333;0,088692
8,99;0,088692
8,991667;0,088692
8,993333;0,088692
8,995;0,088692
8,996667;0,088692
8,998333;0,088692
9;0,088692
9,001667;0,088692
9,003333;0,088692
9,005;0,088692
9,006667;0,085831
9,008333;0,085831
9,01;0,085831
9,011667;0,085831
9,013333;0,085831
9,015;0,085831
9,016667;0,085831
9,018333;0,085831
9,02;0,085831
9,021667;0,08297
9,023333;0,08297
9,025;0,08297
9,026667;0,08297
9,028333;0,08297
9,03;0,08297
9,031667;0,08297
9,033333;0,08297
9,035;0,08297
9,036667;0,08297
9,038333;0,080109
9,04;0,080109
9,041667;0,080109
9,043333;0,080109
9,045;0,080109
9,046667;0,080109
9,048333;0,080109
9,05;0,080109
9,051667;0,080109
9,053333;0,080109
9,055;0,080109
9,056667;0,080109
9,058333;0,080109
9,06;0,077248
9,061667;0,077248
9,063333;0,077248
9,065;0,077248
9,066667;0,077248
9,068333;0,077248
9,07;0,077248
9,071667;0,077248
9,073333;0,077248
9,075;0,077248
9,076667;0,077248
9,078333;0,077248
9,08;0,077248
9,081667;0,074387
9,083333;0,074387
9,085;0,074387
9,086667;0,074387
9,088333;0,074387
9,09;0,074387
9,091667;0,074387
9,093333;0,074387
9,095;0,074387
9,096667;0,071526
9,098333;0,071526
9,1;0,071526
9,101667;0,071526
9,103333;0,071526
9,105;0,071526
9,106667;0,071526
9,108333;0,071526
9,11;0,071526
9,111667;0,071526
9,113333;0,071526
9,115;0,071526
9,116667;0,071526
9,118333;0,068665
9,12;0,068665
9,121667;0,068665
9,123333;0,068665
9,125;0,068665
9,126667;0,068665
9,128333;0,068665
9,13;0,068665
9,131667;0,068665
9,133333;0,068665
9,135;0,068665
9,136667;0,068665
9,138333;0,068665
9,14;0,065804
9,141667;0,065804
9,143333;0,065804
9,145;0,065804
9,146667;0,065804
9,148333;0,065804
9,15;0,065804
9,151667;0,065804
9,153333;0,065804
9,155;0,065804
9,156667;0,065804
9,158333;0,065804
9,16;0,065804
9,161667;0,062943
9,163333;0,062943
9,165;0,062943
9,166667;0,062943
9,168333;0,062943
9,17;0,062943
9,171667;0,062943
9,173333;0,062943
9,175;0,062943
9,176667;0,062943
9,178333;0,062943
9,18;0,062943
9,181667;0,062943
9,183333;0,062943
9,185;0,062943
9,186667;0,062943
9,188333;0,062943
9,19;0,062943
9,191667;0,062943
9,193333;0,062943
9,195;0,060081
9,196667;0,060081
9,198333;0,060081
9,2;0,060081
9,201667;0,060081
9,203333;0,060081
9,205;0,060081
9,206667;0,060081
9,208333;0,060081
9,21;0,060081
9,211667;0,060081
9,213333;0,060081
9,215;0,060081
9,216667;0,060081
9,218333;0,060081
9,22;0,060081
9,221667;0,060081
9,223333;0,060081
9,225;0,060081
9,226667;0,060081
9,228333;0,060081
9,23;0,060081
9,231667;0,05722
9,233333;0,05722
9,235;0,05722
9,236667;0,05722
9,238333;0,05722
9,24;0,05722
9,241667;0,05722
9,243333;0,05722
9,245;0,05722
9,246667;0,05722
9,248333;0,05722
9,25;0,05722
9,251667;0,05722
9,253333;0,054359
9,255;0,054359
9,256667;0,054359
9,258333;0,054359
9,26;0,054359
9,261667;0,054359
9,263333;0,054359
9,265;0,054359
9,266667;0,054359
9,268333;0,054359
9,27;0,054359
9,271667;0,054359
9,273333;0,054359
9,275;0,054359
9,276667;0,054359
9,278333;0,054359
9,28;0,054359
9,281667;0,054359
9,283333;0,054359
9,285;0,054359
9,286667;0,054359
9,288333;0,051498
9,29;0,051498
9,291667;0,051498
9,293333;0,051498
9,295;0,051498
9,296667;0,051498
9,298333;0,051498
9,3;0,051498
9,301667;0,051498
9,303333;0,051498
9,305;0,051498
9,306667;0,051498
9,308333;0,051498
9,31;0,051498
9,311667;0,051498
9,313333;0,048637
9,315;0,048637
9,316667;0,048637
9,318333;0,048637
9,32;0,048637
9,321667;0,048637
9,323333;0,048637
9,325;0,048637
9,326667;0,048637
9,328333;0,048637
9,33;0,048637
9,331667;0,048637
9,333333;0,048637
9,335;0,048637
9,336667;0,048637
9,338333;0,048637
9,34;0,048637
9,341667;0,048637
9,343333;0,048637
9,345;0,048637
9,346667;0,048637
9,348333;0,048637
9,35;0,048637
9,351667;0,048637
9,353333;0,048637
9,355;0,048637
9,356667;0,045776
9,358333;0,045776
9,36;0,045776
9,361667;0,045776
9,363333;0,045776
9,365;0,045776
9,366667;0,045776
9,368333;0,045776
9,37;0,045776
9,371667;0,045776
9,373333;0,045776
9,375;0,045776
9,376667;0,045776
9,378333;0,045776
9,38;0,045776
9,381667;0,045776
9,383333;0,045776
9,385;0,042915
9,386667;0,042915
9,388333;0,042915
9,39;0,042915
9,391667;0,042915
9,393333;0,042915
9,395;0,042915
9,396667;0,042915
9,398333;0,042915
9,4;0,042915
9,401667;0,042915
9,403333;0,042915
9,405;0,042915
9,406667;0,042915
9,408333;0,042915
9,41;0,042915
9,411667;0,042915
9,413333;0,042915
9,415;0,042915
9,416667;0,042915
9,418333;0,042915
9,42;0,042915
9,421667;0,042915
9,423333;0,042915
9,425;0,042915
9,426667;0,042915
9,428333;0,040054
9,43;0,040054
9,431667;0,040054
9,433333;0,040054
9,435;0,040054
9,436667;0,040054
9,438333;0,040054
9,44;0,040054
9,441667;0,040054
9,443333;0,040054
9,445;0,040054
9,446667;0,040054
9,448333;0,040054
9,45;0,040054
9,451667;0,040054
9,453333;0,040054
9,455;0,040054
9,456667;0,040054
9,458333;0,040054
9,46;0,040054
9,461667;0,040054
9,463333;0,040054
9,465;0,040054
9,466667;0,040054
9,468333;0,040054
9,47;0,040054
9,471667;0,040054
9,473333;0,040054
9,475;0,037193
9,476667;0,037193
9,478333;0,037193
9,48;0,037193
9,481667;0,037193
9,483333;0,037193
9,485;0,037193
9,486667;0,037193
9,488333;0,037193
9,49;0,037193
9,491667;0,037193
9,493333;0,037193
9,495;0,037193
9,496667;0,037193
9,498333;0,037193
9,5;0,037193
9,501667;0,037193
9,503333;0,037193
9,505;0,037193
9,506667;0,037193
9,508333;0,037193
9,51;0,034332
9,511667;0,034332
9,513333;0,034332
9,515;0,034332
9,516667;0,034332
9,518333;0,034332
9,52;0,034332
9,521667;0,034332
9,523333;0,034332
9,525;0,034332
9,526667;0,034332
9,528333;0,034332
9,53;0,034332
9,531667;0,034332
9,533333;0,034332
9,535;0,034332
9,536667;0,034332
9,538333;0,034332
9,54;0,034332
9,541667;0,034332
9,543333;0,034332
9,545;0,034332
9,546667;0,034332
9,548333;0,034332
9,55;0,034332
9,551667;0,034332
9,553333;0,034332
9,555;0,034332
9,556667;0,034332
9,558333;0,034332
9,56;0,034332
9,561667;0,034332
9,563333;0,034332
9,565;0,034332
9,566667;0,034332
9,568333;0,034332
9,57;0,034332
9,571667;0,034332
9,573333;0,034332
9,575;0,034332
9,576667;0,031471
9,578333;0,031471
9,58;0,031471
9,581667;0,031471
9,583333;0,031471
9,585;0,031471
9,586667;0,031471
9,588333;0,031471
9,59;0,031471
9,591667;0,031471
9,593333;0,031471
9,595;0,031471
9,596667;0,031471
9,598333;0,031471
9,6;0,031471
9,601667;0,031471
9,603333;0,031471
9,605;0,031471
9,606667;0,031471
9,608333;0,031471
9,61;0,031471
9,611667;0,031471
9,613333;0,031471
9,615;0,02861
9,616667;0,02861
9,618333;0,02861
9,62;0,02861
9,621667;0,02861
9,623333;0,02861
9,625;0,02861
9,626667;0,02861
9,628333;0,02861
9,63;0,02861
9,631667;0,02861
9,633333;0,02861
9,635;0,02861
9,636667;0,02861
9,638333;0,02861
9,64;0,02861
9,641667;0,02861
9,643333;0,02861
9,645;0,02861
9,646667;0,02861
9,648333;0,02861
9,65;0,02861
9,651667;0,02861
9,653333;0,02861
9,655;0,02861
9,656667;0,02861
9,658333;0,02861
9,66;0,02861
9,661667;0,02861
9,663333;0,02861
9,665;0,02861
9,666667;0,02861
9,668333;0,02861
9,67;0,02861
9,671667;0,02861
9,673333;0,02861
9,675;0,02861
9,676667;0,02861
9,678333;0,02861
9,68;0,02861
9,681667;0,02861
9,683333;0,02861
9,685;0,02861
9,686667;0,02861
9,688333;0,02861
9,69;0,025749
9,691667;0,025749
9,693333;0,025749
9,695;0,025749
9,696667;0,025749
9,698333;0,025749
9,7;0,025749
9,701667;0,025749
9,703333;0,025749
9,705;0,025749
9,706667;0,025749
9,708333;0,025749
9,71;0,025749
9,711667;0,025749
9,713333;0,025749
9,715;0,025749
9,716667;0,025749
9,718333;0,025749
9,72;0,025749
9,721667;0,025749
9,723333;0,025749
9,725;0,025749
9,726667;0,025749
9,728333;0,025749
9,73;0,025749
9,731667;0,025749
9,733333;0,025749
9,735;0,025749
9,736667;0,025749
9,738333;0,025749
9,74;0,025749
9,741667;0,025749
9,743333;0,025749
9,745;0,025749
9,746667;0,025749
9,748333;0,025749
9,75;0,025749
9,751667;0,022888
9,753333;0,022888
9,755;0,022888
9,756667;0,022888
9,758333;0,022888
9,76;0,022888
9,761667;0,022888
9,763333;0,022888
9,765;0,022888
9,766667;0,022888
9,768333;0,022888
9,77;0,022888
9,771667;0,022888
9,773333;0,022888
9,775;0,022888
9,776667;0,022888
9,778333;0,022888
9,78;0,022888
9,781667;0,022888
9,783333;0,022888
9,785;0,022888
9,786667;0,022888
9,788333;0,022888
9,79;0,022888
9,791667;0,022888
9,793333;0,022888
9,795;0,022888
9,796667;0,022888
9,798333;0,022888
9,8;0,022888
9,801667;0,022888
9,803333;0,022888
9,805;0,022888
9,806667;0,022888
9,808333;0,022888
9,81;0,022888
9,811667;0,022888
9,813333;0,022888
9,815;0,022888
9,816667;0,022888
9,818333;0,022888
9,82;0,022888
9,821667;0,022888
9,823333;0,022888
9,825;0,022888
9,826667;0,022888
9,828333;0,022888
9,83;0,022888
9,831667;0,022888
9,833333;0,022888
9,835;0,022888
9,836667;0,022888
9,838333;0,022888
9,84;0,022888
9,841667;0,022888
9,843333;0,022888
9,845;0,022888
9,846667;0,022888
9,848333;0,022888
9,85;0,022888
9,851667;0,022888
9,853333;0,020027
9,855;0,020027
9,856667;0,020027
9,858333;0,020027
9,86;0,020027
9,861667;0,020027
9,863333;0,020027
9,865;0,020027
9,866667;0,020027
9,868333;0,020027
9,87;0,020027
9,871667;0,022888
9,873333;0,022888
9,875;0,022888
9,876667;0,022888
9,878333;0,022888
9,88;0,020027
9,881667;0,020027
9,883333;0,020027
9,885;0,020027
9,886667;0,020027
9,888333;0,020027
9,89;0,020027
9,891667;0,020027
9,893333;0,020027
9,895;0,020027
9,896667;0,020027
9,898333;0,020027
9,9;0,020027
9,901667;0,020027
9,903333;0,020027
9,905;0,020027
9,906667;0,020027
9,908333;0,022888
9,91;0,022888
9,911667;0,022888
9,913333;0,022888
9,915;0,022888
9,916667;0,020027
9,918333;0,020027
9,92;0,020027
9,921667;0,020027
9,923333;0,020027
9,925;0,020027
9,926667;0,020027
9,928333;0,020027
9,93;0,020027
9,931667;0,020027
9,933333;0,020027
9,935;0,020027
9,936667;0,020027
9,938333;0,020027
9,94;0,020027
9,941667;0,020027
9,943333;0,020027
9,945;0,020027
9,946667;0,020027
9,948333;0,020027
9,95;0,020027
9,951667;0,020027
9,953333;0,020027
9,955;0,020027
9,956667;0,020027
9,958333;0,020027
9,96;0,020027
9,961667;0,020027
9,963333;0,020027
9,965;0,020027
9,966667;0,020027
9,968333;0,017166
9,97;0,017166
9,971667;0,017166
9,973333;0,017166
9,975;0,017166
9,976667;0,017166
9,978333;0,017166
9,98;0,017166
9,981667;0,017166
9,983333;0,017166
9,985;0,017166
9,986667;0,017166
9,988333;0,017166
9,99;0,017166
9,991667;0,017166
9,993333;0,017166
9,995;0,017166
9,996667;0,017166
9,998333;0,017166
10;0,017166
10,001667;0,017166
10,003333;0,017166
10,005;0,017166
10,006667;0,017166
10,008333;0,017166
10,01;0,017166
10,011667;0,017166
10,013333;0,017166
10,015;0,017166
10,016667;0,017166
10,018333;0,017166
10,02;0,017166
10,021667;0,017166
10,023333;0,017166
10,025;0,017166
10,026667;0,017166
10,028333;0,017166
10,03;0,017166
10,031667;0,017166
10,033333;0,017166
10,035;0,017166
10,036667;0,017166
10,038333;0,017166
10,04;0,017166
10,041667;0,017166
10,043333;0,017166
10,045;0,017166
10,046667;0,017166
10,048333;0,017166
10,05;0,017166
10,051667;0,017166
10,053333;0,017166
10,055;0,017166
10,056667;0,017166
10,058333;0,017166
10,06;0,017166
10,061667;0,017166
10,063333;0,017166
10,065;0,017166
10,066667;0,017166
10,068333;0,017166
10,07;0,017166
10,071667;0,017166
10,073333;0,017166
10,075;0,017166
10,076667;0,017166
10,078333;0,017166
10,08;0,017166
10,081667;0,017166
10,083333;0,017166
10,085;0,017166
10,086667;0,017166
10,088333;0,017166
10,09;0,017166
10,091667;0,017166
10,093333;0,017166
10,095;0,017166
10,096667;0,017166
10,098333;0,014305
10,1;0,014305
10,101667;0,014305
10,103333;0,014305
10,105;0,014305
10,106667;0,014305
10,108333;0,014305
10,11;0,014305
10,111667;0,014305
10,113333;0,014305
10,115;0,014305
10,116667;0,014305
10,118333;0,014305
10,12;0,014305
10,121667;0,014305
10,123333;0,014305
10,125;0,017166
10,126667;0,017166
10,128333;0,017166
10,13;0,017166
10,131667;0,014305
10,133333;0,014305
10,135;0,014305
10,136667;0,014305
10,138333;0,014305
10,14;0,014305
10,141667;0,014305
10,143333;0,014305
10,145;0,014305
10,146667;0,014305
10,148333;0,014305
10,15;0,014305
10,151667;0,014305
10,153333;0,014305
10,155;0,014305
10,156667;0,014305
10,158333;0,014305
10,16;0,014305
10,161667;0,014305
10,163333;0,014305
10,165;0,014305
10,166667;0,014305
10,168333;0,014305
10,17;0,014305
10,171667;0,014305
10,173333;0,014305
10,175;0,014305
10,176667;0,014305
10,178333;0,014305
10,18;0,014305
10,181667;0,014305
10,183333;0,014305
10,185;0,014305
10,186667;0,014305
10,188333;0,014305
10,19;0,014305
10,191667;0,014305
10,193333;0,014305
10,195;0,014305
10,196667;0,014305
10,198333;0,014305
10,2;0,014305
10,201667;0,014305
10,203333;0,014305
10,205;0,014305
10,206667;0,014305
10,208333;0,014305
10,21;0,014305
10,211667;0,014305
10,213333;0,014305
10,215;0,014305
10,216667;0,014305
10,218333;0,014305
10,22;0,014305
10,221667;0,014305
10,223333;0,014305
10,225;0,014305
10,226667;0,014305
10,228333;0,014305
10,23;0,014305
10,231667;0,014305
10,233333;0,014305
10,235;0,014305
10,236667;0,014305
10,238333;0,014305
10,24;0,014305
10,241667;0,014305
10,243333;0,014305
10,245;0,014305
10,246667;0,014305
10,248333;0,014305
10,25;0,014305
10,251667;0,014305
10,253333;0,014305
10,255;0,014305
10,256667;0,014305
10,258333;0,014305
10,26;0,014305
10,261667;0,014305
10,263333;0,014305
10,265;0,014305
10,266667;0,014305
10,268333;0,014305
10,27;0,014305
10,271667;0,014305
10,273333;0,014305
10,275;0,014305
10,276667;0,014305
10,278333;0,014305
10,28;0,014305
10,281667;0,014305
10,283333;0,014305
10,285;0,014305
10,286667;0,014305
10,288333;0,017166
10,29;0,017166
10,291667;0,017166
10,293333;0,017166
10,295;0,017166
10,296667;0,017166
10,298333;0,017166
10,3;0,017166
10,301667;0,017166
10,303333;0,017166
10,305;0,017166
10,306667;0,017166
10,308333;0,017166
10,31;0,017166
10,311667;0,017166
10,313333;0,017166
10,315;0,017166
10,316667;0,017166
10,318333;0,017166
10,32;0,017166
10,321667;0,017166
10,323333;0,017166
10,325;0,020027
10,326667;0,020027
10,328333;0,020027
10,33;0,020027
10,331667;0,020027
10,333333;0,020027
10,335;0,020027
10,336667;0,020027
10,338333;0,020027
10,34;0,020027
10,341667;0,020027
10,343333;0,020027
10,345;0,020027
10,346667;0,020027
10,348333;0,022888
10,35;0,022888
10,351667;0,022888
10,353333;0,022888
10,355;0,022888
10,356667;0,022888
10,358333;0,022888
10,36;0,022888
10,361667;0,022888
10,363333;0,022888
10,365;0,022888
10,366667;0,022888
10,368333;0,022888
10,37;0,022888
10,371667;0,022888
10,373333;0,022888
10,375;0,022888
10,376667;0,022888
10,378333;0,025749
10,38;0,025749
10,381667;0,025749
10,383333;0,025749
10,385;0,025749
10,386667;0,025749
10,388333;0,025749
10,39;0,025749
10,391667;0,025749
10,393333;0,025749
10,395;0,025749
10,396667;0,025749
10,398333;0,025749
10,4;0,025749
10,401667;0,025749
10,403333;0,025749
10,405;0,025749
10,406667;0,025749
10,408333;0,025749
10,41;0,025749
10,411667;0,025749
10,413333;0,025749
10,415;0,025749
10,416667;0,025749
10,418333;0,025749
10,42;0,025749
10,421667;0,025749
10,423333;0,025749
10,425;0,025749
10,426667;0,025749
10,428333;0,02861
10,43;0,02861
10,431667;0,02861
10,433333;0,02861
10,435;0,02861
10,436667;0,02861
10,438333;0,02861
10,44;0,02861
10,441667;0,02861
10,443333;0,02861
10,445;0,02861
10,446667;0,02861
10,448333;0,02861
10,45;0,02861
10,451667;0,02861
10,453333;0,02861
10,455;0,02861
10,456667;0,02861
10,458333;0,02861
10,46;0,02861
10,461667;0,02861
10,463333;0,02861
10,465;0,02861
10,466667;0,02861
10,468333;0,02861
10,47;0,02861
10,471667;0,02861
10,473333;0,02861
10,475;0,02861
10,476667;0,02861
10,478333;0,02861
10,48;0,02861
10,481667;0,02861
10,483333;0,02861
10,485;0,02861
10,486667;0,02861
10,488333;0,02861
10,49;0,02861
10,491667;0,02861
10,493333;0,02861
10,495;0,02861
10,496667;0,02861
10,498333;0,02861
10,5;0,02861
10,501667;0,02861
10,503333;0,02861
10,505;0,02861
10,506667;0,02861
10,508333;0,02861
10,51;0,02861
10,511667;0,02861
10,513333;0,02861
10,515;0,02861
10,516667;0,02861
10,518333;0,02861
10,52;0,02861
10,521667;0,025749
10,523333;0,025749
10,525;0,025749
10,526667;0,025749
10,528333;0,025749
10,53;0,025749
10,531667;0,025749
10,533333;0,025749
10,535;0,025749
10,536667;0,025749
10,538333;0,025749
10,54;0,025749
10,541667;0,025749
10,543333;0,025749
10,545;0,025749
10,546667;0,025749
10,548333;0,025749
10,55;0,025749
10,551667;0,025749
10,553333;0,025749
10,555;0,025749
10,556667;0,025749
10,558333;0,025749
10,56;0,025749
10,561667;0,025749
10,563333;0,025749
10,565;0,025749
10,566667;0,025749
10,568333;0,025749
10,57;0,025749
10,571667;0,025749
10,573333;0,022888
10,575;0,022888
10,576667;0,022888
10,578333;0,022888
10,58;0,022888
10,581667;0,022888
10,583333;0,022888
10,585;0,022888
10,586667;0,022888
10,588333;0,022888
10,59;0,022888
10,591667;0,022888
10,593333;0,022888
10,595;0,022888
10,596667;0,022888
10,598333;0,022888
10,6;0,022888
10,601667;0,022888
10,603333;0,022888
10,605;0,022888
10,606667;0,022888
10,608333;0,020027
10,61;0,020027
10,611667;0,020027
10,613333;0,020027
10,615;0,020027
10,616667;0,020027
10,618333;0,020027
10,62;0,020027
10,621667;0,020027
10,623333;0,020027
10,625;0,020027
10,626667;0,020027
10,628333;0,020027
10,63;0,020027
10,631667;0,020027
10,633333;0,020027
10,635;0,020027
10,636667;0,020027
10,638333;0,020027
10,64;0,020027
10,641667;0,020027
10,643333;0,017166
10,645;0,017166
10,646667;0,017166
10,648333;0,017166
10,65;0,017166
10,651667;0,017166
10,653333;0,017166
10,655;0,017166
10,656667;0,017166
10,658333;0,017166
10,66;0,017166
10,661667;0,017166
10,663333;0,017166
10,665;0,017166
10,666667;0,017166
10,668333;0,017166
10,67;0,017166
10,671667;0,017166
10,673333;0,017166
10,675;0,017166
10,676667;0,017166
10,678333;0,017166
10,68;0,017166
10,681667;0,017166
10,683333;0,017166
10,685;0,017166
10,686667;0,017166
10,688333;0,017166
10,69;0,017166
10,691667;0,017166
10,693333;0,017166
10,695;0,017166
10,696667;0,017166
10,698333;0,017166
10,7;0,014305
10,701667;0,014305
10,703333;0,014305
10,705;0,014305
10,706667;0,014305
10,708333;0,014305
10,71;0,014305
10,711667;0,014305
10,713333;0,014305
10,715;0,014305
10,716667;0,014305
10,718333;0,014305
10,72;0,014305
10,721667;0,014305
10,723333;0,014305
10,725;0,014305
10,726667;0,014305
10,728333;0,014305
10,73;0,014305
10,731667;0,014305
10,733333;0,014305
10,735;0,014305
10,736667;0,014305
10,738333;0,011444
10,74;0,011444
10,741667;0,011444
10,743333;0,011444
10,745;0,011444
10,746667;0,011444
10,748333;0,011444
10,75;0,011444
10,751667;0,011444
10,753333;0,011444
10,755;0,011444
10,756667;0,011444
10,758333;0,011444
10,76;0,011444
10,761667;0,011444
10,763333;0,011444
10,765;0,011444
10,766667;0,011444
10,768333;0,011444
10,77;0,011444
10,771667;0,011444
10,773333;0,011444
10,775;0,011444
10,776667;0,011444
10,778333;0,011444
10,78;0,011444
10,781667;0,011444
10,783333;0,011444
10,785;0,011444
10,786667;0,011444
10,788333;0,011444
10,79;0,011444
10,791667;0,011444
10,793333;0,008583
10,795;0,008583
10,796667;0,008583
10,798333;0,008583
10,8;0,008583
10,801667;0,008583
10,803333;0,008583
10,805;0,008583
10,806667;0,008583
10,808333;0,008583
10,81;0,008583
10,811667;0,008583
10,813333;0,008583
10,815;0,008583
10,816667;0,011444
10,818333;0,011444
10,82;0,011444
10,821667;0,011444
10,823333;0,011444
10,825;0,011444
10,826667;0,011444
10,828333;0,011444
10,83;0,011444
10,831667;0,011444
10,833333;0,011444
10,835;0,011444
10,836667;0,011444
10,838333;0,011444
10,84;0,011444
10,841667;0,011444
10,843333;0,011444
10,845;0,011444
10,846667;0,011444
10,848333;0,011444
10,85;0,011444
10,851667;0,011444
10,853333;0,008583
10,855;0,008583
10,856667;0,008583
10,858333;0,008583
10,86;0,008583
10,861667;0,008583
10,863333;0,008583
10,865;0,008583
10,866667;0,008583
10,868333;0,008583
10,87;0,008583
10,871667;0,008583
10,873333;0,008583
10,875;0,008583
10,876667;0,008583
10,878333;0,008583
10,88;0,008583
10,881667;0,008583
10,883333;0,008583
10,885;0,008583
10,886667;0,008583
10,888333;0,008583
10,89;0,008583
10,891667;0,008583
10,893333;0,008583
10,895;0,008583
10,896667;0,008583
10,898333;0,008583
10,9;0,008583
10,901667;0,008583
10,903333;0,008583
10,905;0,008583
10,906667;0,008583
10,908333;0,008583
10,91;0,008583
10,911667;0,008583
10,913333;0,008583
10,915;0,008583
10,916667;0,008583
10,918333;0,008583
10,92;0,008583
10,921667;0,008583
10,923333;0,008583
10,925;0,008583
10,926667;0,008583
10,928333;0,008583
10,93;0,008583
10,931667;0,008583
10,933333;0,008583
10,935;0,008583
10,936667;0,008583
10,938333;0,008583
10,94;0,008583
10,941667;0,008583
10,943333;0,008583
10,945;0,008583
10,946667;0,008583
10,948333;0,008583
10,95;0,008583
10,951667;0,008583
10,953333;0,008583
10,955;0,005722
10,956667;0,005722
10,958333;0,005722
10,96;0,005722
10,961667;0,005722
10,963333;0,005722
10,965;0,005722
10,966667;0,005722
10,968333;0,005722
10,97;0,005722
10,971667;0,005722
10,973333;0,005722
10,975;0,005722
10,976667;0,005722
10,978333;0,005722
10,98;0,005722
10,981667;0,005722
10,983333;0,005722
10,985;0,005722
10,986667;0,005722
10,988333;0,005722
10,99;0,005722
10,991667;0,005722
10,993333;0,005722
10,995;0,005722
10,996667;0,005722
10,998333;0,005722
11;0,005722
11,001667;0,005722
11,003333;0,005722
11,005;0,005722
11,006667;0,005722
11,008333;0,005722
11,01;0,005722
11,011667;0,005722
11,013333;0,005722
11,015;0,005722
11,016667;0,005722
11,018333;0,005722
11,02;0,005722
11,021667;0,005722
11,023333;0,005722
11,025;0,005722
11,026667;0,005722
11,028333;0,005722
11,03;0,005722
11,031667;0,005722
11,033333;0,005722
11,035;0,005722
11,036667;0,005722
11,038333;0,005722
11,04;0,005722
11,041667;0,005722
11,043333;0,005722
11,045;0,005722
11,046667;0,005722
11,048333;0,005722
11,05;0,005722
11,051667;0,005722
11,053333;0,005722
11,055;0,005722
11,056667;0,005722
11,058333;0,005722
11,06;0,005722
11,061667;0,005722
11,063333;0,005722
11,065;0,005722
11,066667;0,005722
11,068333;0,005722
11,07;0,005722
11,071667;0,005722
11,073333;0,005722
11,075;0,005722
11,076667;0,005722
11,078333;0,005722
11,08;0,005722
11,081667;0,005722
11,083333;0,005722
11,085;0,005722
11,086667;0,005722
11,088333;0,005722
11,09;0,005722
11,091667;0,005722
11,093333;0,005722
11,095;0,005722
11,096667;0,005722
11,098333;0,005722
11,1;0,005722
11,101667;0,005722
11,103333;0,005722
11,105;0,005722
11,106667;0,005722
11,108333;0,005722
11,11;0,005722
11,111667;0,005722
11,113333;0,005722
11,115;0,005722
11,116667;0,005722
11,118333;0,005722
11,12;0,005722
11,121667;0,005722
11,123333;0,005722
11,125;0,005722
11,126667;0,005722
11,128333;0,005722
11,13;0,005722
11,131667;0,005722
11,133333;0,005722
11,135;0,005722
11,136667;0,005722
11,138333;0,005722
11,14;0,005722
11,141667;0,005722
11,143333;0,005722
11,145;0,005722
11,146667;0,005722
11,148333;0,005722
11,15;0,005722
11,151667;0,005722
11,153333;0,005722
11,155;0,005722
11,156667;0,005722
11,158333;0,005722
11,16;0,005722
11,161667;0,005722
11,163333;0,005722
11,165;0,005722
11,166667;0,002861
11,168333;0,002861
11,17;0,002861
11,171667;0,002861
11,173333;0,002861
11,175;0,002861
11,176667;0,002861
11,178333;0,002861
11,18;0,002861
11,181667;0,002861
11,183333;0,002861
11,185;0,002861
11,186667;0,002861
11,188333;0,002861
11,19;0,002861
11,191667;0,002861
11,193333;0,002861
11,195;0,002861
11,196667;0,002861
11,198333;0,002861
11,2;0,002861
11,201667;0,002861
11,203333;0,002861
11,205;0,002861
11,206667;0,002861
11,208333;0,002861
11,21;0,002861
11,211667;0,002861
11,213333;0,002861
11,215;0,002861
11,216667;0,002861
11,218333;0,002861
11,22;0,002861
11,221667;0,002861
11,223333;0,002861
11,225;0,002861
11,226667;0,002861
11,228333;0,002861
11,23;0,002861
11,231667;0,002861
11,233333;0,002861
11,235;0,002861
11,236667;0,002861
11,238333;0,002861
11,24;0,002861
11,241667;0,002861
11,243333;0,002861
11,245;0,002861
11,246667;0,002861
11,248333;0,002861
11,25;0,002861
11,251667;0,002861
11,253333;0,002861
11,255;0,002861
11,256667;0,002861
11,258333;0,002861
11,26;0,002861
11,261667;0,002861
11,263333;0,002861
11,265;0,002861
11,266667;0,002861
11,268333;0,002861
11,27;0,002861
11,271667;0,002861
11,273333;0,002861
11,275;0,002861
11,276667;0,002861
11,278333;0,002861
11,28;0,002861
11,281667;0,002861
11,283333;0,002861
11,285;0,002861
11,286667;0,002861
11,288333;0,002861
11,29;0,002861
11,291667;0,002861
11,293333;0,002861
11,295;0,002861
11,296667;0,002861
11,298333;0,002861
11,3;0,002861
11,301667;0,002861
11,303333;0,002861
11,305;0,002861
11,306667;0,002861
11,308333;0,002861
11,31;0,002861
11,311667;0,002861
11,313333;0,002861
11,315;0,002861
11,316667;0,002861
11,318333;0,002861
11,32;0,002861
11,321667;0,002861
11,323333;0,002861
11,325;0,002861
11,326667;0,002861
11,328333;0,002861
11,33;0,002861
11,331667;0,002861
11,333333;0,002861
11,335;0,002861
11,336667;0,002861
11,338333;0,002861
11,34;0,002861
11,341667;0,002861
11,343333;0,002861
11,345;0,002861
11,346667;0,002861
11,348333;0,002861
11,35;0,002861
11,351667;0,002861
11,353333;0,002861
11,355;0,002861
11,356667;0,002861
11,358333;0,002861
11,36;0,002861
11,361667;0,002861
11,363333;0,002861
11,365;0,002861
11,366667;0,002861
11,368333;0,002861
11,37;0,002861
11,371667;0,002861
11,373333;0,002861
11,375;0,002861
11,376667;0,002861
11,378333;0,002861
11,38;0,002861
11,381667;0,002861
11,383333;0,002861
11,385;0,002861
11,386667;0,002861
11,388333;0,002861
11,39;0,002861
11,391667;0,002861
11,393333;0,002861
11,395;0,002861
11,396667;0,002861
11,398333;0,002861
11,4;0,002861
11,401667;0,002861
11,403333;0,002861
11,405;0,002861
11,406667;0,002861
11,408333;0,002861
11,41;0,002861
11,411667;0,002861
11,413333;0,002861
11,415;0,002861
11,416667;0,002861
11,418333;0,002861
11,42;0,002861
11,421667;0,002861
11,423333;0,002861
11,425;0,002861
11,426667;0,002861
11,428333;0,002861
11,43;0,002861
11,431667;0,002861
11,433333;0,002861
11,435;0,002861
11,436667;0,002861
11,438333;0,002861
11,44;0,002861
11,441667;0,002861
11,443333;0,002861
11,445;0,002861
11,446667;0,002861
11,448333;0,002861
11,45;0,002861
11,451667;0,002861
11,453333;0,002861
11,455;0,002861
11,456667;0,002861
11,458333;0,002861
11,46;0,002861
11,461667;0,002861
11,463333;0,002861
11,465;0,002861
11,466667;0,002861
11,468333;0,002861
11,47;0,002861
11,471667;0,002861
11,473333;0,002861
11,475;0,002861
11,476667;0,002861
11,478333;0,002861
11,48;0,002861
11,481667;0,002861
11,483333;0,002861
11,485;0,002861
11,486667;0,002861
11,488333;0,002861
11,49;0,002861
11,491667;0,002861
11,493333;0,002861
11,495;0,002861
11,496667;0,002861
11,498333;0,002861
11,5;0,002861
11,501667;0,002861
11,503333;0,002861
11,505;0,002861
11,506667;0,002861
11,508333;0,002861
11,51;0,002861
11,511667;0,002861
11,513333;0,002861
11,515;0,002861
11,516667;0,002861
11,518333;0,002861
11,52;0,002861
11,521667;0,002861
11,523333;0,002861
11,525;0,002861
11,526667;0,002861
11,528333;0,002861
11,53;0,002861
11,531667;0,002861
11,533333;0,002861
11,535;0,002861
11,536667;0,002861
11,538333;0,002861
11,54;0,002861
11,541667;0,002861
11,543333;0,002861
11,545;0,002861
11,546667;0,002861
11,548333;0,002861
11,55;0,002861
11,551667;0,002861
11,553333;0,002861
11,555;0,002861
11,556667;0,002861
11,558333;0,002861
11,56;0,002861
11,561667;0,002861
11,563333;0,002861
11,565;0,005722
11,566667;0,005722
11,568333;0,005722
11,57;0,005722
11,571667;0,005722
11,573333;0,005722
11,575;0,002861
11,576667;0,002861
11,578333;0,002861
11,58;0,002861
11,581667;0,002861
11,583333;0,002861
11,585;0,002861
11,586667;0,002861
11,588333;0,002861
11,59;0,002861
11,591667;0,002861
11,593333;0,002861
11,595;0,002861
11,596667;0,002861
11,598333;0,002861
11,6;0,002861
11,601667;0,002861
11,603333;0,002861
11,605;0,002861
11,606667;0,002861
11,608333;0,002861
11,61;0,002861
11,611667;0,002861
11,613333;0,002861
11,615;0,002861
11,616667;0,002861
11,618333;0,002861
11,62;0,002861
11,621667;0,002861
11,623333;0,002861
11,625;0,002861
11,626667;0,002861
11,628333;0,002861
11,63;0,002861
11,631667;0,002861
11,633333;0,002861
11,635;0,002861
11,636667;0,002861
11,638333;0,002861
11,64;0,002861
11,641667;0,002861
11,643333;0,002861
11,645;0,002861
11,646667;0,002861
11,648333;0,002861
11,65;0,002861
11,651667;0,002861
11,653333;0,002861
11,655;0,002861
11,656667;0,002861
11,658333;0,002861
11,66;0,002861
11,661667;0,002861
11,663333;0,002861
11,665;0,002861
11,666667;0,002861
11,668333;0,002861
11,67;0,002861
11,671667;0,002861
11,673333;0,002861
11,675;0,002861
11,676667;0,002861
11,678333;0,002861
11,68;0,002861
11,681667;0,002861
11,683333;0,002861
11,685;0,002861
11,686667;0,002861
11,688333;0,002861
11,69;0,002861
11,691667;0,002861
11,693333;0,002861
11,695;0,002861
11,696667;0,002861
11,698333;0,002861
11,7;0,002861
11,701667;0,002861
11,703333;0,002861
11,705;0,002861
11,706667;0,002861
11,708333;0,002861
11,71;0,002861
11,711667;0,002861
11,713333;0,002861
11,715;0,002861
11,716667;0,002861
11,718333;0,002861
11,72;0,002861
11,721667;0,002861
11,723333;0,002861
11,725;0,002861
11,726667;0,002861
11,728333;0,002861
11,73;0,002861
11,731667;0,002861
11,733333;0,002861
11,735;0,002861
11,736667;0,002861
11,738333;0,002861
11,74;0,002861
11,741667;0,002861
11,743333;0,002861
11,745;0,002861
11,746667;0,002861
11,748333;0,002861
11,75;0,002861
11,751667;0,002861
11,753333;0,002861
11,755;0,002861
11,756667;0,002861
11,758333;0,002861
11,76;0,002861
11,761667;0,002861
11,763333;0,002861
11,765;0,002861
11,766667;0,002861
11,768333;0,002861
11,77;0,002861
11,771667;0,002861
11,773333;0,002861
11,775;0,002861
11,776667;0,002861
11,778333;0,002861
11,78;0,002861
11,781667;0,002861
11,783333;0,002861
11,785;0,002861
11,786667;0,002861
11,788333;0,002861
11,79;0,002861
11,791667;0,002861
11,793333;0,002861
11,795;0,002861
11,796667;0,002861
11,798333;0,002861
11,8;0,002861
11,801667;0,002861
11,803333;0,002861
11,805;0,002861
11,806667;0,002861
11,808333;0,002861
11,81;0,002861
11,811667;0,002861
11,813333;0,002861
11,815;0,002861
11,816667;0,002861
11,818333;0,002861
11,82;0,002861
11,821667;0,002861
11,823333;0,002861
11,825;0,002861
11,826667;0,002861
11,828333;0,002861
11,83;0,002861
11,831667;0,002861
11,833333;0,002861
11,835;0,002861
11,836667;0,002861
11,838333;0,002861
11,84;0,002861
11,841667;0,002861
11,843333;0,002861
11,845;0,002861
11,846667;0,002861
11,848333;0,002861
11,85;0,002861
11,851667;0,002861
11,853333;0,002861
11,855;0,002861
11,856667;0,002861
11,858333;0,002861
11,86;0,002861
11,861667;0,002861
11,863333;0,002861
11,865;0,002861
11,866667;0,002861
11,868333;0,002861
11,87;0,002861
11,871667;0,002861
11,873333;0,002861
11,875;0,002861
11,876667;0,002861
11,878333;0,002861
11,88;0,002861
11,881667;0,002861
11,883333;0,002861
11,885;0,002861
11,886667;0,002861
11,888333;0,002861
11,89;0,002861
11,891667;0,002861
11,893333;0,002861
11,895;0,002861
11,896667;0,002861
11,898333;0,002861
11,9;0,002861
11,901667;0,002861
11,903333;0,002861
11,905;0,002861
11,906667;0,002861
11,908333;0,002861
11,91;0,002861
11,911667;0,002861
11,913333;0,002861
11,915;0,002861
11,916667;0,002861
11,918333;0,002861
11,92;0,002861
11,921667;0,002861
11,923333;0,002861
11,925;0,002861
11,926667;0,002861
11,928333;0,002861
11,93;0,002861
11,931667;0,002861
11,933333;0,002861
11,935;0,002861
11,936667;0,002861
11,938333;0,002861
11,94;0,002861
11,941667;0,002861
11,943333;0,002861
11,945;0,002861
11,946667;0,002861
11,948333;0,002861
11,95;0,002861
11,951667;0,002861
11,953333;0,002861
11,955;0,002861
11,956667;0,002861
11,958333;0,002861
11,96;0,002861
11,961667;0,002861
11,963333;0,002861
11,965;0,002861
11,966667;0,002861
11,968333;0,002861
11,97;0,002861
11,971667;0,002861
11,973333;0,002861
11,975;0,002861
11,976667;0,002861
11,978333;0,002861
11,98;0,002861
11,981667;0,002861
11,983333;0,002861
11,985;0,002861
11,986667;0,002861
11,988333;0,002861
11,99;0,002861
11,991667;0,002861
11,993333;0,002861
11,995;0,002861
11,996667;0,002861
11,998333;0,002861
12;0,002861
12,001667;0,002861
12,003333;0,002861
12,005;0,002861
12,006667;0,002861
12,008333;0,002861
12,01;0,002861
12,011667;0,002861
12,013333;0,002861
12,015;0,002861
12,016667;0,002861
12,018333;0,002861
12,02;0,002861
12,021667;0,002861
12,023333;0,002861
12,025;0,002861
12,026667;0,002861
12,028333;0,002861
12,03;0,002861
12,031667;0,002861
12,033333;0,002861
12,035;0,002861
12,036667;0,002861
12,038333;0,002861
12,04;0,002861
12,041667;0,002861
12,043333;0,002861
12,045;0,002861
12,046667;0,002861
12,048333;0,002861
12,05;0,002861
12,051667;0,002861
12,053333;0,002861
12,055;0,002861
12,056667;0,002861
12,058333;0,002861
12,06;0,002861
12,061667;0,002861
12,063333;0,002861
12,065;0,002861
12,066667;0,002861
12,068333;0,002861
12,07;0,002861
12,071667;0,002861
12,073333;0,002861
12,075;0,002861
12,076667;0,002861
12,078333;0,002861
12,08;0,002861
12,081667;0,002861
12,083333;0,002861
12,085;0,002861
12,086667;0,002861
12,088333;0,002861
12,09;0,002861
12,091667;0,002861
12,093333;0,002861
12,095;0,002861
12,096667;0,002861
12,098333;0,002861
12,1;0,002861
12,101667;0,002861
12,103333;0,002861
12,105;0,002861
12,106667;0,002861
12,108333;0,002861
12,11;0,002861
12,111667;0,002861
12,113333;0,002861
12,115;0,002861
12,116667;0,002861
12,118333;0,002861
12,12;0,002861
12,121667;0,002861
12,123333;0,002861
12,125;0,002861
12,126667;0,002861
12,128333;0,002861
12,13;0,002861
12,131667;0,002861
12,133333;0,002861
12,135;0,002861
12,136667;0,002861
12,138333;0,002861
12,14;0,002861
12,141667;0,002861
12,143333;0,002861
12,145;0,002861
12,146667;0,002861
12,148333;0,002861
12,15;0,002861
12,151667;0,002861
12,153333;0
12,155;0
12,156667;0
12,158333;0
12,16;0
12,161667;0
12,163333;0
12,165;0
12,166667;0
12,168333;0
12,17;0
12,171667;0
12,173333;0
12,175;0
12,176667;0
12,178333;0
12,18;0
12,181667;0
12,183333;0
12,185;0
12,186667;0
12,188333;0
12,19;0
12,191667;0
12,193333;0
12,195;0
12,196667;0
12,198333;0
12,2;0
12,201667;0
12,203333;0
12,205;0
12,206667;0
12,208333;0
12,21;0
12,211667;0
12,213333;0
12,215;0
12,216667;0
12,218333;0
12,22;0
12,221667;0
12,223333;0
12,225;0
12,226667;0
12,228333;0
12,23;0
12,231667;0
12,233333;0
12,235;0
12,236667;0
12,238333;0
12,24;0
12,241667;0
12,243333;0
12,245;0
12,246667;0
12,248333;0
12,25;0
12,251667;0
12,253333;0
12,255;0
12,256667;0
12,258333;0
12,26;0
12,261667;0
12,263333;0
12,265;0
12,266667;0
12,268333;0
12,27;0
12,271667;0
12,273333;0
12,275;0
12,276667;0
12,278333;0
12,28;0
12,281667;0
12,283333;0
12,285;0
12,286667;0
12,288333;0
12,29;0
12,291667;0
12,293333;0
12,295;0
12,296667;0
12,298333;0
12,3;0
12,301667;0
12,303333;0
12,305;0
12,306667;0
12,308333;0
12,31;0
12,311667;0
12,313333;0
12,315;0
12,316667;0
12,318333;0
12,32;0
12,321667;0
12,323333;0
12,325;0
12,326667;0
12,328333;0
12,33;0
12,331667;0
12,333333;0
12,335;0
12,336667;0
12,338333;0
12,34;0
12,341667;0
12,343333;0
12,345;0
12,346667;0
12,348333;0
12,35;0
12,351667;0
12,353333;0
12,355;0
12,356667;0
12,358333;0
12,36;0
12,361667;0
12,363333;0
12,365;0
12,366667;-0,002861
12,368333;-0,002861
12,37;-0,002861
12,371667;-0,002861
12,373333;-0,002861
12,375;-0,002861
12,376667;-0,002861
12,378333;-0,002861
12,38;-0,002861
12,381667;-0,002861
12,383333;-0,002861
12,385;-0,002861
12,386667;-0,002861
12,388333;-0,002861
12,39;-0,002861
12,391667;-0,002861
12,393333;-0,002861
12,395;-0,002861
12,396667;-0,002861
12,398333;-0,002861
12,4;0
12,401667;0
12,403333;0
12,405;0
12,406667;0
12,408333;0
12,41;0
12,411667;0
12,413333;0
12,415;0
12,416667;0
12,418333;0
12,42;0
12,421667;0
12,423333;0
12,425;0
12,426667;0
12,428333;0
12,43;0
12,431667;0
12,433333;0
12,435;0
12,436667;0
12,438333;-0,002861
12,44;-0,002861
12,441667;-0,002861
12,443333;-0,002861
12,445;-0,002861
12,446667;-0,002861
12,448333;-0,002861
12,45;-0,002861
12,451667;-0,002861
12,453333;-0,002861
12,455;-0,002861
12,456667;-0,002861
12,458333;-0,002861
12,46;-0,002861
12,461667;-0,002861
12,463333;-0,002861
12,465;-0,002861
12,466667;-0,002861
12,468333;-0,002861
12,47;-0,002861
12,471667;-0,002861
12,473333;-0,002861
12,475;-0,002861
12,476667;-0,002861
12,478333;-0,002861
12,48;-0,002861
12,481667;-0,002861
12,483333;-0,002861
12,485;-0,002861
12,486667;-0,002861
12,488333;-0,002861
12,49;-0,002861
12,491667;-0,002861
12,493333;-0,002861
12,495;-0,002861
12,496667;-0,002861
12,498333;-0,002861
12,5;-0,002861
12,501667;-0,002861
12,503333;-0,002861
12,505;-0,002861
12,506667;-0,002861
12,508333;-0,002861
12,51;-0,002861
12,511667;-0,002861
12,513333;-0,002861
12,515;-0,002861
12,516667;-0,002861
12,518333;-0,002861
12,52;-0,002861
12,521667;-0,002861
12,523333;-0,002861
12,525;-0,002861
12,526667;-0,002861
12,528333;-0,002861
12,53;-0,002861
12,531667;-0,002861
12,533333;-0,002861
12,535;-0,002861
12,536667;-0,002861
12,538333;-0,002861
12,54;-0,002861
12,541667;-0,002861
12,543333;-0,002861
12,545;-0,002861
12,546667;-0,002861
12,548333;-0,002861
12,55;-0,002861
12,551667;-0,002861
12,553333;-0,002861
12,555;-0,002861
12,556667;-0,002861
12,558333;-0,002861
12,56;-0,002861
12,561667;-0,002861
12,563333;-0,002861
12,565;-0,002861
12,566667;-0,002861
12,568333;-0,002861
12,57;-0,002861
12,571667;-0,002861
12,573333;-0,002861
12,575;-0,002861
12,576667;-0,002861
12,578333;-0,002861
12,58;-0,002861
12,581667;-0,002861
12,583333;-0,002861
12,585;-0,002861
12,586667;-0,002861
12,588333;-0,002861
12,59;-0,002861
12,591667;-0,002861
12,593333;-0,002861
12,595;-0,002861
12,596667;-0,002861
12,598333;-0,002861
12,6;-0,002861
12,601667;-0,002861
12,603333;-0,002861
12,605;-0,002861
12,606667;-0,002861
12,608333;-0,002861
12,61;-0,002861
12,611667;-0,002861
12,613333;-0,002861
12,615;-0,002861
12,616667;-0,002861
12,618333;-0,002861
12,62;-0,002861
12,621667;-0,002861
12,623333;-0,002861
12,625;-0,002861
12,626667;-0,002861
12,628333;-0,002861
12,63;-0,002861
12,631667;-0,002861
12,633333;-0,002861
12,635;-0,002861
12,636667;-0,002861
12,638333;-0,002861
12,64;-0,002861
12,641667;-0,002861
12,643333;-0,002861
12,645;-0,002861
12,646667;-0,002861
12,648333;-0,002861
12,65;-0,002861
12,651667;-0,002861
12,653333;-0,002861
12,655;-0,002861
12,656667;-0,002861
12,658333;-0,002861
12,66;-0,002861
12,661667;-0,002861
12,663333;-0,002861
12,665;-0,002861
12,666667;-0,002861
12,668333;-0,002861
12,67;-0,002861
12,671667;-0,002861
12,673333;-0,002861
12,675;-0,002861
12,676667;-0,002861
12,678333;-0,002861
12,68;-0,002861
12,681667;-0,002861
12,683333;-0,002861
12,685;-0,005722
12,686667;-0,005722
12,688333;-0,005722
12,69;-0,005722
12,691667;-0,005722
12,693333;-0,005722
12,695;-0,005722
12,696667;-0,005722
12,698333;-0,005722
12,7;-0,005722
12,701667;-0,005722
12,703333;-0,005722
12,705;-0,005722
12,706667;-0,005722
12,708333;-0,005722
12,71;-0,005722
12,711667;-0,005722
12,713333;-0,005722
12,715;-0,005722
12,716667;-0,005722
12,718333;-0,005722
12,72;-0,005722
12,721667;-0,005722
12,723333;-0,005722
12,725;-0,005722
12,726667;-0,005722
12,728333;-0,005722
12,73;-0,005722
12,731667;-0,005722
12,733333;-0,005722
12,735;-0,005722
12,736667;-0,005722
12,738333;-0,005722
12,74;-0,005722
12,741667;-0,005722
12,743333;-0,005722
12,745;-0,005722
12,746667;-0,005722
12,748333;-0,005722
12,75;-0,005722
12,751667;-0,005722
12,753333;-0,005722
12,755;-0,005722
12,756667;-0,005722
12,758333;-0,005722
12,76;-0,005722
12,761667;-0,005722
12,763333;-0,005722
12,765;-0,005722
12,766667;-0,005722
12,768333;-0,005722
12,77;-0,005722
12,771667;-0,005722
12,773333;-0,005722
12,775;-0,005722
12,776667;-0,005722
12,778333;-0,005722
12,78;-0,005722
12,781667;-0,005722
12,783333;-0,005722
12,785;-0,005722
12,786667;-0,005722
12,788333;-0,005722
12,79;-0,005722
12,791667;-0,005722
12,793333;-0,005722
12,795;-0,005722
12,796667;-0,005722
12,798333;-0,005722
12,8;-0,005722
12,801667;-0,005722
12,803333;-0,005722
12,805;-0,005722
12,806667;-0,005722
12,808333;-0,005722
12,81;-0,005722
12,811667;-0,005722
12,813333;-0,005722
12,815;-0,005722
12,816667;-0,005722
12,818333;-0,005722
12,82;-0,005722
12,821667;-0,005722
12,823333;-0,005722
12,825;-0,005722
12,826667;-0,005722
12,828333;-0,005722
12,83;-0,005722
12,831667;-0,005722
12,833333;-0,005722
12,835;-0,005722
12,836667;-0,005722
12,838333;-0,005722
12,84;-0,005722
12,841667;-0,005722
12,843333;-0,005722
12,845;-0,005722
12,846667;-0,005722
12,848333;-0,005722
12,85;-0,005722
12,851667;-0,005722
12,853333;-0,005722
12,855;-0,005722
12,856667;-0,005722
12,858333;-0,005722
12,86;-0,005722
12,861667;-0,005722
12,863333;-0,005722
12,865;-0,005722
12,866667;-0,005722
12,868333;-0,005722
12,87;-0,005722
12,871667;-0,005722
12,873333;-0,005722
12,875;-0,005722
12,876667;-0,005722
12,878333;-0,008583
12,88;-0,008583
12,881667;-0,008583
12,883333;-0,008583
12,885;-0,008583
12,886667;-0,008583
12,888333;-0,008583
12,89;-0,008583
12,891667;-0,008583
12,893333;-0,008583
12,895;-0,008583
12,896667;-0,008583
12,898333;-0,008583
12,9;-0,008583
12,901667;-0,008583
12,903333;-0,008583
12,905;-0,005722
12,906667;-0,008583
12,908333;-0,008583
12,91;-0,008583
12,911667;-0,008583
12,913333;-0,008583
12,915;-0,008583
12,916667;-0,008583
12,918333;-0,008583
12,92;-0,008583
12,921667;-0,008583
12,923333;-0,005722
12,925;-0,005722
12,926667;-0,005722
12,928333;-0,008583
12,93;-0,008583
12,931667;-0,008583
12,933333;-0,008583
12,935;-0,008583
12,936667;-0,008583
12,938333;-0,008583
12,94;-0,008583
12,941667;-0,008583
12,943333;-0,008583
12,945;-0,008583
12,946667;-0,008583
12,948333;-0,008583
12,95;-0,008583
12,951667;-0,008583
12,953333;-0,008583
12,955;-0,008583
12,956667;-0,008583
12,958333;-0,008583
12,96;-0,008583
12,961667;-0,008583
12,963333;-0,008583
12,965;-0,008583
12,966667;-0,005722
12,968333;-0,005722
12,97;-0,005722
12,971667;-0,008583
12,973333;-0,008583
12,975;-0,008583
12,976667;-0,008583
12,978333;-0,008583
12,98;-0,008583
12,981667;-0,008583
12,983333;-0,008583
12,985;-0,008583
12,986667;-0,008583
12,988333;-0,008583
12,99;-0,008583
12,991667;-0,008583
12,993333;-0,008583
12,995;-0,008583
12,996667;-0,008583
12,998333;-0,008583
13;-0,008583
13,001667;-0,008583
13,003333;-0,008583
13,005;-0,008583
13,006667;-0,008583
13,008333;-0,008583
13,01;-0,008583
13,011667;-0,008583
13,013333;-0,008583
13,015;-0,008583
13,016667;-0,008583
13,018333;-0,008583
13,02;-0,008583
13,021667;-0,008583
13,023333;-0,008583
13,025;-0,008583
13,026667;-0,008583
13,028333;-0,008583
13,03;-0,005722
13,031667;-0,005722
13,033333;-0,005722
13,035;-0,005722
13,036667;-0,005722
13,038333;-0,005722
13,04;-0,005722
13,041667;-0,005722
13,043333;-0,005722
13,045;-0,005722
13,046667;-0,005722
13,048333;-0,005722
13,05;-0,005722
13,051667;-0,005722
13,053333;-0,005722
13,055;-0,005722
13,056667;-0,008583
13,058333;-0,008583
13,06;-0,008583
13,061667;-0,008583
13,063333;-0,008583
13,065;-0,008583
13,066667;-0,005722
13,068333;-0,005722
13,07;-0,005722
13,071667;-0,005722
13,073333;-0,005722
13,075;-0,005722
13,076667;-0,005722
13,078333;-0,005722
13,08;-0,005722
13,081667;-0,005722
13,083333;-0,005722
13,085;-0,005722
13,086667;-0,005722
13,088333;-0,005722
13,09;-0,005722
13,091667;-0,008583
13,093333;-0,008583
13,095;-0,005722
13,096667;-0,005722
13,098333;-0,005722
13,1;-0,005722
13,101667;-0,005722
13,103333;-0,005722
13,105;-0,005722
13,106667;-0,005722
13,108333;-0,005722
13,11;-0,005722
13,111667;-0,005722
13,113333;-0,005722
13,115;-0,005722
13,116667;-0,005722
13,118333;-0,008583
13,12;-0,008583
13,121667;-0,008583
13,123333;-0,008583
13,125;-0,008583
13,126667;-0,008583
13,128333;-0,008583
13,13;-0,008583
13,131667;-0,008583
13,133333;-0,008583
13,135;-0,008583
13,136667;-0,008583
13,138333;-0,008583
13,14;-0,008583
13,141667;-0,008583
13,143333;-0,008583
13,145;-0,008583
13,146667;-0,008583
13,148333;-0,008583
13,15;-0,008583
13,151667;-0,008583
13,153333;-0,008583
13,155;-0,008583
13,156667;-0,008583
13,158333;-0,008583
13,16;-0,008583
13,161667;-0,008583
13,163333;-0,008583
13,165;-0,008583
13,166667;-0,008583
13,168333;-0,008583
13,17;-0,008583
13,171667;-0,008583
13,173333;-0,008583
13,175;-0,008583
13,176667;-0,008583
13,178333;-0,008583
13,18;-0,008583
13,181667;-0,008583
13,183333;-0,008583
13,185;-0,008583
13,186667;-0,008583
13,188333;-0,008583
13,19;-0,008583
13,191667;-0,008583
13,193333;-0,008583
13,195;-0,008583
13,196667;-0,008583
13,198333;-0,008583
13,2;-0,008583
13,201667;-0,008583
13,203333;-0,008583
13,205;-0,008583
13,206667;-0,008583
13,208333;-0,008583
13,21;-0,008583
13,211667;-0,008583
13,213333;-0,008583
13,215;-0,008583
13,216667;-0,008583
13,218333;-0,008583
13,22;-0,008583
13,221667;-0,008583
13,223333;-0,008583
13,225;-0,008583
13,226667;-0,008583
13,228333;-0,008583
13,23;-0,008583
13,231667;-0,008583
13,233333;-0,008583
13,235;-0,008583
13,236667;-0,008583
13,238333;-0,008583
13,24;-0,008583
13,241667;-0,008583
13,243333;-0,005722
13,245;-0,005722
13,246667;-0,005722
13,248333;-0,005722
13,25;-0,005722
13,251667;-0,005722
13,253333;-0,005722
13,255;-0,005722
13,256667;-0,005722
13,258333;-0,005722
13,26;-0,005722
13,261667;-0,005722
13,263333;-0,005722
13,265;-0,005722
13,266667;-0,005722
13,268333;-0,005722
13,27;-0,005722
13,271667;-0,005722
13,273333;-0,005722
13,275;-0,005722
13,276667;-0,005722
13,278333;-0,005722
13,28;-0,005722
13,281667;-0,005722
13,283333;-0,005722
13,285;-0,005722
13,286667;-0,005722
13,288333;-0,005722
13,29;-0,005722
13,291667;-0,005722
13,293333;-0,005722
13,295;-0,005722
13,296667;-0,005722
13,298333;-0,005722
13,3;-0,005722
13,301667;-0,005722
13,303333;-0,005722
13,305;-0,005722
13,306667;-0,005722
13,308333;-0,005722
13,31;-0,005722
13,311667;-0,005722
13,313333;-0,005722
13,315;-0,002861
13,316667;-0,002861
13,318333;-0,002861
13,32;-0,002861
13,321667;-0,002861
13,323333;-0,002861
13,325;-0,002861
13,326667;-0,002861
13,328333;-0,002861
13,33;-0,002861
13,331667;-0,002861
13,333333;-0,002861
13,335;-0,002861
13,336667;-0,002861
13,338333;-0,002861
13,34;-0,002861
13,341667;-0,002861
13,343333;-0,002861
13,345;-0,002861
13,346667;0
13,348333;0
13,35;0
13,351667;0
13,353333;0
13,355;0
13,356667;0
13,358333;0
13,36;0
13,361667;0
13,363333;0
13,365;0
13,366667;0
13,368333;0,002861
13,37;0,002861
13,371667;0,002861
13,373333;0,002861
13,375;0,002861
13,376667;0,002861
13,378333;0,002861
13,38;0,002861
13,381667;0,002861
13,383333;0,002861
13,385;0,002861
13,386667;0,002861
13,388333;0,005722
13,39;0,005722
13,391667;0,005722
13,393333;0,005722
13,395;0,005722
13,396667;0,005722
13,398333;0,005722
13,4;0,005722
13,401667;0,005722
13,403333;0,008583
13,405;0,008583
13,406667;0,008583
13,408333;0,008583
13,41;0,008583
13,411667;0,008583
13,413333;0,008583
13,415;0,008583
13,416667;0,008583
13,418333;0,011444
13,42;0,011444
13,421667;0,011444
13,423333;0,011444
13,425;0,011444
13,426667;0,011444
13,428333;0,011444
13,43;0,011444
13,431667;0,011444
13,433333;0,011444
13,435;0,011444
13,436667;0,011444
13,438333;0,014305
13,44;0,014305
13,441667;0,014305
13,443333;0,014305
13,445;0,014305
13,446667;0,014305
13,448333;0,014305
13,45;0,017166
13,451667;0,017166
13,453333;0,017166
13,455;0,017166
13,456667;0,017166
13,458333;0,017166
13,46;0,017166
13,461667;0,020027
13,463333;0,020027
13,465;0,020027
13,466667;0,020027
13,468333;0,020027
13,47;0,020027
13,471667;0,022888
13,473333;0,022888
13,475;0,022888
13,476667;0,022888
13,478333;0,022888
13,48;0,022888
13,481667;0,022888
13,483333;0,022888
13,485;0,022888
13,486667;0,025749
13,488333;0,025749
13,49;0,025749
13,491667;0,025749
13,493333;0,025749
13,495;0,025749
13,496667;0,025749
13,498333;0,025749
13,5;0,025749
13,501667;0,02861
13,503333;0,02861
13,505;0,02861
13,506667;0,02861
13,508333;0,02861
13,51;0,02861
13,511667;0,02861
13,513333;0,031471
13,515;0,031471
13,516667;0,031471
13,518333;0,031471
13,52;0,031471
13,521667;0,031471
13,523333;0,034332
13,525;0,034332
13,526667;0,034332
13,528333;0,034332
13,53;0,034332
13,531667;0,034332
13,533333;0,034332
13,535;0,037193
13,536667;0,037193
13,538333;0,037193
13,54;0,037193
13,541667;0,037193
13,543333;0,037193
13,545;0,037193
13,546667;0,037193
13,548333;0,037193
13,55;0,037193
13,551667;0,037193
13,553333;0,037193
13,555;0,040054
13,556667;0,040054
13,558333;0,040054
13,56;0,040054
13,561667;0,040054
13,563333;0,040054
13,565;0,040054
13,566667;0,040054
13,568333;0,040054
13,57;0,040054
13,571667;0,040054
13,573333;0,040054
13,575;0,040054
13,576667;0,040054
13,578333;0,040054
13,58;0,040054
13,581667;0,040054
13,583333;0,040054
13,585;0,040054
13,586667;0,040054
13,588333;0,042915
13,59;0,042915
13,591667;0,042915
13,593333;0,042915
13,595;0,042915
13,596667;0,042915
13,598333;0,042915
13,6;0,042915
13,601667;0,042915
13,603333;0,042915
13,605;0,042915
13,606667;0,042915
13,608333;0,042915
13,61;0,042915
13,611667;0,042915
13,613333;0,042915
13,615;0,042915
13,616667;0,042915
13,618333;0,045776
13,62;0,045776
13,621667;0,045776
13,623333;0,045776
13,625;0,045776
13,626667;0,045776
13,628333;0,045776
13,63;0,045776
13,631667;0,045776
13,633333;0,045776
13,635;0,045776
13,636667;0,045776
13,638333;0,045776
13,64;0,045776
13,641667;0,045776
13,643333;0,045776
13,645;0,045776
13,646667;0,045776
13,648333;0,045776
13,65;0,045776
13,651667;0,045776
13,653333;0,045776
13,655;0,045776
13,656667;0,045776
13,658333;0,045776
13,66;0,045776
13,661667;0,045776
13,663333;0,045776
13,665;0,045776
13,666667;0,045776
13,668333;0,045776
13,67;0,045776
13,671667;0,045776
13,673333;0,045776
13,675;0,045776
13,676667;0,045776
13,678333;0,042915
13,68;0,042915
13,681667;0,042915
13,683333;0,042915
13,685;0,042915
13,686667;0,042915
13,688333;0,042915
13,69;0,042915
13,691667;0,042915
13,693333;0,042915
13,695;0,042915
13,696667;0,042915
13,698333;0,042915
13,7;0,042915
13,701667;0,042915
13,703333;0,042915
13,705;0,042915
13,706667;0,042915
13,708333;0,042915
13,71;0,042915
13,711667;0,042915
13,713333;0,040054
13,715;0,040054
13,716667;0,040054
13,718333;0,040054
13,72;0,040054
13,721667;0,040054
13,723333;0,040054
13,725;0,040054
13,726667;0,040054
13,728333;0,040054
13,73;0,040054
13,731667;0,040054
13,733333;0,040054
13,735;0,040054
13,736667;0,040054
13,738333;0,040054
13,74;0,040054
13,741667;0,040054
13,743333;0,040054
13,745;0,040054
13,746667;0,037193
13,748333;0,037193
13,75;0,037193
13,751667;0,037193
13,753333;0,037193
13,755;0,037193
13,756667;0,037193
13,758333;0,037193
13,76;0,037193
13,761667;0,037193
13,763333;0,034332
13,765;0,034332
13,766667;0,034332
13,768333;0,034332
13,77;0,034332
13,771667;0,034332
13,773333;0,034332
13,775;0,034332
13,776667;0,034332
13,778333;0,034332
13,78;0,031471
13,781667;0,031471
13,783333;0,031471
13,785;0,031471
13,786667;0,031471
13,788333;0,031471
13,79;0,031471
13,791667;0,031471
13,793333;0,031471
13,795;0,031471
13,796667;0,02861
13,798333;0,02861
13,8;0,02861
13,801667;0,02861
13,803333;0,02861
13,805;0,02861
13,806667;0,02861
13,808333;0,025749
13,81;0,025749
13,811667;0,025749
13,813333;0,025749
13,815;0,025749
13,816667;0,025749
13,818333;0,025749
13,82;0,025749
13,821667;0,025749
13,823333;0,025749
13,825;0,025749
13,826667;0,025749
13,828333;0,022888
13,83;0,022888
13,831667;0,022888
13,833333;0,022888
13,835;0,022888
13,836667;0,022888
13,838333;0,022888
13,84;0,020027
13,841667;0,020027
13,843333;0,020027
13,845;0,020027
13,846667;0,020027
13,848333;0,020027
13,85;0,020027
13,851667;0,020027
13,853333;0,020027
13,855;0,020027
13,856667;0,017166
13,858333;0,017166
13,86;0,017166
13,861667;0,017166
13,863333;0,017166
13,865;0,017166
13,866667;0,017166
13,868333;0,014305
13,87;0,014305
13,871667;0,014305
13,873333;0,014305
13,875;0,014305
13,876667;0,014305
13,878333;0,014305
13,88;0,014305
13,881667;0,014305
13,883333;0,014305
13,885;0,014305
13,886667;0,014305
13,888333;0,014305
13,89;0,014305
13,891667;0,014305
13,893333;0,014305
13,895;0,014305
13,896667;0,011444
13,898333;0,011444
13,9;0,011444
13,901667;0,011444
13,903333;0,011444
13,905;0,011444
13,906667;0,011444
13,908333;0,011444
13,91;0,011444
13,911667;0,011444
13,913333;0,011444
13,915;0,011444
13,916667;0,011444
13,918333;0,011444
13,92;0,008583
13,921667;0,008583
13,923333;0,008583
13,925;0,008583
13,926667;0,008583
13,928333;0,008583
13,93;0,008583
13,931667;0,008583
13,933333;0,008583
13,935;0,008583
13,936667;0,008583
13,938333;0,008583
13,94;0,008583
13,941667;0,008583
13,943333;0,008583
13,945;0,008583
13,946667;0,008583
13,948333;0,008583
13,95;0,008583
13,951667;0,008583
13,953333;0,008583
13,955;0,008583
13,956667;0,005722
13,958333;0,005722
13,96;0,005722
13,961667;0,005722
13,963333;0,005722
13,965;0,005722
13,966667;0,005722
13,968333;0,005722
13,97;0,005722
13,971667;0,005722
13,973333;0,005722
13,975;0,005722
13,976667;0,005722
13,978333;0,005722
13,98;0,005722
13,981667;0,005722
13,983333;0,005722
13,985;0,005722
13,986667;0,005722
13,988333;0,005722
13,99;0,005722
13,991667;0,005722
13,993333;0,002861
13,995;0,002861
13,996667;0,002861
13,998333;0,002861
14;0,002861
14,001667;0,002861
14,003333;0,002861
14,005;0,002861
14,006667;0,002861
14,008333;0,002861
14,01;0,002861
14,011667;0,002861
14,013333;0,002861
14,015;0,002861
14,016667;0,002861
14,018333;0,002861
14,02;0,002861
14,021667;0,002861
14,023333;0,002861
14,025;0,002861
14,026667;0,002861
14,028333;0,002861
14,03;0,002861
14,031667;0,002861
14,033333;0
14,035;0
14,036667;0
14,038333;0
14,04;0
14,041667;0
14,043333;0
14,045;0
14,046667;0
14,048333;0
14,05;0
14,051667;0
14,053333;0
14,055;0
14,056667;0
14,058333;0
14,06;0
14,061667;0
14,063333;0
14,065;0
14,066667;0
14,068333;0
14,07;-0,002861
14,071667;-0,002861
14,073333;-0,002861
14,075;-0,002861
14,076667;-0,002861
14,078333;-0,002861
14,08;-0,002861
14,081667;-0,002861
14,083333;-0,002861
14,085;-0,002861
14,086667;-0,002861
14,088333;-0,002861
14,09;-0,002861
14,091667;-0,002861
14,093333;-0,002861
14,095;-0,002861
14,096667;-0,002861
14,098333;-0,002861
14,1;-0,002861
14,101667;-0,002861
14,103333;-0,002861
14,105;-0,002861
14,106667;-0,002861
14,108333;-0,002861
14,11;-0,002861
14,111667;-0,002861
14,113333;-0,002861
14,115;-0,002861
14,116667;-0,002861
14,118333;-0,002861
14,12;-0,002861
14,121667;-0,002861
14,123333;-0,002861
14,125;-0,002861
14,126667;-0,002861
14,128333;-0,002861
14,13;-0,002861
14,131667;-0,002861
14,133333;-0,002861
14,135;-0,002861
14,136667;-0,002861
14,138333;-0,002861
14,14;-0,002861
14,141667;-0,002861
14,143333;-0,002861
14,145;-0,002861
14,146667;-0,002861
14,148333;-0,002861
14,15;-0,002861
14,151667;-0,002861
14,153333;-0,002861
14,155;-0,002861
14,156667;-0,002861
14,158333;-0,002861
14,16;-0,002861
14,161667;-0,002861
14,163333;-0,002861
14,165;-0,002861
14,166667;-0,002861
14,168333;-0,002861
14,17;-0,002861
14,171667;-0,002861
14,173333;-0,002861
14,175;-0,002861
14,176667;-0,002861
14,178333;-0,002861
14,18;-0,002861
14,181667;-0,002861
14,183333;-0,002861
14,185;-0,002861
14,186667;-0,002861
14,188333;-0,005722
14,19;-0,005722
14,191667;-0,005722
14,193333;-0,005722
14,195;-0,005722
14,196667;-0,005722
14,198333;-0,005722
14,2;-0,005722
14,201667;-0,005722
14,203333;-0,005722
14,205;-0,005722
14,206667;-0,005722
14,208333;-0,005722
14,21;-0,005722
14,211667;-0,005722
14,213333;-0,005722
14,215;-0,005722
14,216667;-0,005722
14,218333;-0,005722
14,22;-0,005722
14,221667;-0,005722
14,223333;-0,005722
14,225;-0,005722
14,226667;-0,005722
14,228333;-0,005722
14,23;-0,005722
14,231667;-0,005722
14,233333;-0,005722
14,235;-0,005722
14,236667;-0,005722
14,238333;-0,005722
14,24;-0,005722
14,241667;-0,005722
14,243333;-0,005722
14,245;-0,005722
14,246667;-0,005722
14,248333;-0,005722
14,25;-0,005722
14,251667;-0,005722
14,253333;-0,005722
14,255;-0,005722
14,256667;-0,005722
14,258333;-0,005722
14,26;-0,005722
14,261667;-0,005722
14,263333;-0,005722
14,265;-0,005722
14,266667;-0,005722
14,268333;-0,005722
14,27;-0,005722
14,271667;-0,005722
14,273333;-0,005722
14,275;-0,005722
14,276667;-0,005722
14,278333;-0,005722
14,28;-0,005722
14,281667;-0,005722
14,283333;-0,005722
14,285;-0,005722
14,286667;-0,005722
14,288333;-0,005722
14,29;-0,005722
14,291667;-0,005722
14,293333;-0,005722
14,295;-0,005722
14,296667;-0,005722
14,298333;-0,005722
14,3;-0,005722
14,301667;-0,005722
14,303333;-0,005722
14,305;-0,005722
14,306667;-0,005722
14,308333;-0,005722
14,31;-0,005722
14,311667;-0,005722
14,313333;-0,005722
14,315;-0,005722
14,316667;-0,005722
14,318333;-0,005722
14,32;-0,005722
14,321667;-0,005722
14,323333;-0,005722
14,325;-0,005722
14,326667;-0,005722
14,328333;-0,005722
14,33;-0,005722
14,331667;-0,005722
14,333333;-0,005722
14,335;-0,005722
14,336667;-0,005722
14,338333;-0,005722
14,34;-0,005722
14,341667;-0,005722
14,343333;-0,005722
14,345;-0,005722
14,346667;-0,005722
14,348333;-0,005722
14,35;-0,005722
14,351667;-0,005722
14,353333;-0,005722
14,355;-0,005722
14,356667;-0,005722
14,358333;-0,005722
14,36;-0,005722
14,361667;-0,005722
14,363333;-0,005722
14,365;-0,005722
14,366667;-0,005722
14,368333;-0,005722
14,37;-0,005722
14,371667;-0,005722
14,373333;-0,005722
14,375;-0,005722
14,376667;-0,005722
14,378333;-0,005722
14,38;-0,005722
14,381667;-0,005722
14,383333;-0,005722
14,385;-0,005722
14,386667;-0,005722
14,388333;-0,005722
14,39;-0,005722
14,391667;-0,005722
14,393333;-0,005722
14,395;-0,005722
14,396667;-0,005722
14,398333;-0,005722
14,4;-0,005722
14,401667;-0,005722
14,403333;-0,005722
14,405;-0,005722
14,406667;-0,005722
14,408333;-0,005722
14,41;-0,005722
14,411667;-0,005722
14,413333;-0,005722
14,415;-0,005722
14,416667;-0,005722
14,418333;-0,005722
14,42;-0,005722
14,421667;-0,005722
14,423333;-0,005722
14,425;-0,005722
14,426667;-0,005722
14,428333;-0,005722
14,43;-0,005722
14,431667;-0,005722
14,433333;-0,005722
14,435;-0,005722
14,436667;-0,005722
14,438333;-0,005722
14,44;-0,005722
14,441667;-0,005722
14,443333;-0,005722
14,445;-0,005722
14,446667;-0,005722
14,448333;-0,005722
14,45;-0,005722
14,451667;-0,005722
14,453333;-0,005722
14,455;-0,005722
14,456667;-0,005722
14,458333;-0,005722
14,46;-0,005722
14,461667;-0,008583
14,463333;-0,008583
14,465;-0,008583
14,466667;-0,008583
14,468333;-0,008583
14,47;-0,008583
14,471667;-0,008583
14,473333;-0,008583
14,475;-0,008583
14,476667;-0,008583
14,478333;-0,008583
14,48;-0,008583
14,481667;-0,008583
14,483333;-0,008583
14,485;-0,008583
14,486667;-0,008583
14,488333;-0,008583
14,49;-0,008583
14,491667;-0,008583
14,493333;-0,008583
14,495;-0,008583
14,496667;-0,008583
14,498333;-0,008583
14,5;-0,008583
14,501667;-0,008583
14,503333;-0,005722
14,505;-0,005722
14,506667;-0,005722
14,508333;-0,005722
14,51;-0,005722
14,511667;-0,005722
14,513333;-0,005722
14,515;-0,005722
14,516667;-0,008583
14,518333;-0,008583
14,52;-0,008583
14,521667;-0,008583
14,523333;-0,008583
14,525;-0,008583
14,526667;-0,008583
14,528333;-0,008583
14,53;-0,008583
14,531667;-0,008583
14,533333;-0,008583
14,535;-0,008583
14,536667;-0,008583
14,538333;-0,008583
14,54;-0,008583
14,541667;-0,008583
14,543333;-0,008583
14,545;-0,008583
14,546667;-0,008583
14,548333;-0,008583
14,55;-0,008583
14,551667;-0,008583
14,553333;-0,008583
14,555;-0,008583
14,556667;-0,008583
14,558333;-0,008583
14,56;-0,008583
14,561667;-0,008583
14,563333;-0,008583
14,565;-0,008583
14,566667;-0,008583
14,568333;-0,008583
14,57;-0,008583
14,571667;-0,008583
14,573333;-0,008583
14,575;-0,008583
14,576667;-0,008583
14,578333;-0,008583
14,58;-0,008583
14,581667;-0,008583
14,583333;-0,008583
14,585;-0,008583
14,586667;-0,005722
14,588333;-0,005722
14,59;-0,005722
14,591667;-0,005722
14,593333;-0,005722
14,595;-0,005722
14,596667;-0,005722
14,598333;-0,005722
14,6;-0,005722
14,601667;-0,005722
14,603333;-0,005722
14,605;-0,005722
14,606667;-0,005722
14,608333;-0,005722
14,61;-0,005722
14,611667;-0,005722
14,613333;-0,005722
14,615;-0,005722
14,616667;-0,005722
14,618333;-0,005722
14,62;-0,005722
14,621667;-0,005722
14,623333;-0,005722
14,625;-0,005722
14,626667;-0,005722
14,628333;-0,005722
14,63;-0,005722
14,631667;-0,005722
14,633333;-0,005722
14,635;-0,005722
14,636667;-0,005722
14,638333;-0,005722
14,64;-0,005722
14,641667;-0,008583
14,643333;-0,008583
14,645;-0,008583
14,646667;-0,008583
14,648333;-0,008583
14,65;-0,008583
14,651667;-0,008583
14,653333;-0,008583
14,655;-0,008583
14,656667;-0,008583
14,658333;-0,008583
14,66;-0,008583
14,661667;-0,005722
14,663333;-0,005722
14,665;-0,005722
14,666667;-0,005722
14,668333;-0,005722
14,67;-0,005722
14,671667;-0,008583
14,673333;-0,008583
14,675;-0,008583
14,676667;-0,008583
14,678333;-0,008583
14,68;-0,008583
14,681667;-0,005722
14,683333;-0,008583
14,685;-0,008583
14,686667;-0,008583
14,688333;-0,008583
14,69;-0,008583
14,691667;-0,008583
14,693333;-0,008583
14,695;-0,008583
14,696667;-0,008583
14,698333;-0,008583
14,7;-0,008583
14,701667;-0,008583
14,703333;-0,008583
14,705;-0,008583
14,706667;-0,008583
14,708333;-0,008583
14,71;-0,008583
14,711667;-0,008583
14,713333;-0,008583
14,715;-0,008583
14,716667;-0,008583
14,718333;-0,008583
14,72;-0,008583
14,721667;-0,008583
14,723333;-0,008583
14,725;-0,008583
14,726667;-0,008583
14,728333;-0,008583
14,73;-0,008583
14,731667;-0,008583
14,733333;-0,008583
14,735;-0,008583
14,736667;-0,008583
14,738333;-0,008583
14,74;-0,008583
14,741667;-0,008583
14,743333;-0,008583
14,745;-0,008583
14,746667;-0,008583
14,748333;-0,008583
14,75;-0,008583
14,751667;-0,008583
14,753333;-0,008583
14,755;-0,008583
14,756667;-0,008583
14,758333;-0,008583
14,76;-0,008583
14,761667;-0,005722
14,763333;-0,005722
14,765;-0,005722
14,766667;-0,005722
14,768333;-0,005722
14,77;-0,005722
14,771667;-0,005722
14,773333;-0,005722
14,775;-0,005722
14,776667;-0,005722
14,778333;-0,005722
14,78;-0,005722
14,781667;-0,005722
14,783333;-0,005722
14,785;-0,005722
14,786667;-0,005722
14,788333;-0,005722
14,79;-0,005722
14,791667;-0,005722
14,793333;-0,005722
14,795;-0,008583
14,796667;-0,008583
14,798333;-0,008583
14,8;-0,005722
14,801667;-0,005722
14,803333;-0,005722
14,805;-0,005722
14,806667;-0,008583
14,808333;-0,008583
14,81;-0,008583
14,811667;-0,008583
14,813333;-0,005722
14,815;-0,005722
14,816667;-0,005722
14,818333;-0,005722
14,82;-0,005722
14,821667;-0,005722
14,823333;-0,005722
14,825;-0,005722
14,826667;-0,005722
14,828333;-0,005722
14,83;-0,005722
14,831667;-0,005722
14,833333;-0,005722
14,835;-0,005722
14,836667;-0,005722
14,838333;-0,005722
14,84;-0,005722
14,841667;-0,005722
14,843333;-0,005722
14,845;-0,005722
14,846667;-0,005722
14,848333;-0,005722
14,85;-0,005722
14,851667;-0,005722
14,853333;-0,005722
14,855;-0,005722
14,856667;-0,005722
14,858333;-0,005722
14,86;-0,005722
14,861667;-0,005722
14,863333;-0,005722
14,865;-0,005722
14,866667;-0,005722
14,868333;-0,005722
14,87;-0,005722
14,871667;-0,005722
14,873333;-0,005722
14,875;-0,005722
14,876667;-0,005722
14,878333;-0,005722
14,88;-0,005722
14,881667;-0,005722
14,883333;-0,005722
14,885;-0,005722
14,886667;-0,005722
14,888333;-0,005722
14,89;-0,005722
14,891667;-0,005722
14,893333;-0,005722
14,895;-0,005722
14,896667;-0,005722
14,898333;-0,005722
14,9;-0,005722
14,901667;-0,005722
14,903333;-0,005722
14,905;-0,005722
14,906667;-0,005722
14,908333;-0,005722
14,91;-0,005722
14,911667;-0,005722
14,913333;-0,005722
14,915;-0,005722
14,916667;-0,005722
14,918333;-0,005722
14,92;-0,005722
14,921667;-0,005722
14,923333;-0,005722
14,925;-0,005722
14,926667;-0,005722
14,928333;-0,005722
14,93;-0,005722
14,931667;-0,005722
14,933333;-0,005722
14,935;-0,005722
14,936667;-0,005722
14,938333;-0,005722
14,94;-0,005722
14,941667;-0,005722
14,943333;-0,005722
14,945;-0,005722
14,946667;-0,005722
14,948333;-0,005722
14,95;-0,005722
14,951667;-0,005722
14,953333;-0,005722
14,955;-0,005722
14,956667;-0,005722
14,958333;-0,005722
14,96;-0,005722
14,961667;-0,005722
14,963333;-0,008583
14,965;-0,008583
14,966667;-0,008583
14,968333;-0,008583
14,97;-0,005722
14,971667;-0,008583
14,973333;-0,008583
14,975;-0,008583
14,976667;-0,008583
14,978333;-0,008583
14,98;-0,008583
14,981667;-0,008583
14,983333;-0,008583
14,985;-0,008583
14,986667;-0,008583
14,988333;-0,005722
14,99;-0,005722
14,991667;-0,005722
14,993333;-0,005722
14,995;-0,005722
14,996667;-0,005722
14,998333;-0,005722
15;-0,005722
15,001667;-0,005722
15,003333;-0,005722
15,005;-0,005722
15,006667;-0,005722
15,008333;-0,005722
15,01;-0,005722
15,011667;-0,005722
15,013333;-0,005722
15,015;-0,005722
15,016667;-0,005722
15,018333;-0,005722
15,02;-0,005722
15,021667;-0,005722
15,023333;-0,005722
15,025;-0,005722
15,026667;-0,005722
15,028333;-0,005722
15,03;-0,005722
15,031667;-0,005722
15,033333;-0,005722
15,035;-0,005722
15,036667;-0,005722
15,038333;-0,005722
15,04;-0,005722
15,041667;-0,005722
15,043333;-0,005722
15,045;-0,005722
15,046667;-0,005722
15,048333;-0,005722
15,05;-0,005722
15,051667;-0,005722
15,053333;-0,005722
15,055;-0,005722
15,056667;-0,005722
15,058333;-0,005722
15,06;-0,005722
15,061667;-0,005722
15,063333;-0,005722
15,065;-0,005722
15,066667;-0,005722
15,068333;-0,005722
15,07;-0,005722
15,071667;-0,005722
15,073333;-0,005722
15,075;-0,005722
15,076667;-0,005722
15,078333;-0,005722
15,08;-0,005722
15,081667;-0,005722
15,083333;-0,005722
15,085;-0,005722
15,086667;-0,005722
15,088333;-0,005722
15,09;-0,005722
15,091667;-0,005722
15,093333;-0,005722
15,095;-0,005722
15,096667;-0,005722
15,098333;-0,005722
15,1;-0,005722
15,101667;-0,005722
15,103333;-0,005722
15,105;-0,005722
15,106667;-0,005722
15,108333;-0,005722
15,11;-0,005722
15,111667;-0,005722
15,113333;-0,005722
15,115;-0,005722
15,116667;-0,005722
15,118333;-0,005722
15,12;-0,005722
15,121667;-0,005722
15,123333;-0,005722
15,125;-0,005722
15,126667;-0,005722
15,128333;-0,005722
15,13;-0,005722
15,131667;-0,005722
15,133333;-0,005722
15,135;-0,005722
15,136667;-0,005722
15,138333;-0,005722
15,14;-0,005722
15,141667;-0,005722
15,143333;-0,005722
15,145;-0,005722
15,146667;-0,005722
15,148333;-0,005722
15,15;-0,005722
15,151667;-0,005722
15,153333;-0,005722
15,155;-0,005722
15,156667;-0,005722
15,158333;-0,005722
15,16;-0,005722
15,161667;-0,005722
15,163333;-0,005722
15,165;-0,005722
15,166667;-0,005722
15,168333;-0,005722
15,17;-0,005722
15,171667;-0,005722
15,173333;-0,005722
15,175;-0,005722
15,176667;-0,005722
15,178333;-0,005722
15,18;-0,005722
15,181667;-0,005722
15,183333;-0,005722
15,185;-0,005722
15,186667;-0,005722
15,188333;-0,005722
15,19;-0,005722
15,191667;-0,005722
15,193333;-0,005722
15,195;-0,005722
15,196667;-0,005722
15,198333;-0,005722
15,2;-0,005722
15,201667;-0,005722
15,203333;-0,005722
15,205;-0,005722
15,206667;-0,005722
15,208333;-0,005722
15,21;-0,005722
15,211667;-0,005722
15,213333;-0,005722
15,215;-0,005722
15,216667;-0,005722
15,218333;-0,005722
15,22;-0,005722
15,221667;-0,005722
15,223333;-0,005722
15,225;-0,005722
15,226667;-0,005722
15,228333;-0,005722
15,23;-0,005722
15,231667;-0,005722
15,233333;-0,005722
15,235;-0,005722
15,236667;-0,005722
15,238333;-0,005722
15,24;-0,005722
15,241667;-0,005722
15,243333;-0,005722
15,245;-0,005722
15,246667;-0,005722
15,248333;-0,005722
15,25;-0,005722
15,251667;-0,005722
15,253333;-0,005722
15,255;-0,005722
15,256667;-0,005722
15,258333;-0,005722
15,26;-0,005722
15,261667;-0,005722
15,263333;-0,005722
15,265;-0,005722
15,266667;-0,005722
15,268333;-0,005722
15,27;-0,005722
15,271667;-0,005722
15,273333;-0,005722
15,275;-0,005722
15,276667;-0,005722
15,278333;-0,005722
15,28;-0,005722
15,281667;-0,005722
15,283333;-0,005722
15,285;-0,005722
15,286667;-0,005722
15,288333;-0,005722
15,29;-0,005722
15,291667;-0,005722
15,293333;-0,005722
15,295;-0,005722
15,296667;-0,005722
15,298333;-0,005722
15,3;-0,005722
15,301667;-0,005722
15,303333;-0,005722
15,305;-0,005722
15,306667;-0,005722
15,308333;-0,005722
15,31;-0,005722
15,311667;-0,005722
15,313333;-0,005722
15,315;-0,005722
15,316667;-0,005722
15,318333;-0,005722
15,32;-0,005722
15,321667;-0,005722
15,323333;-0,005722
15,325;-0,005722
15,326667;-0,005722
15,328333;-0,005722
15,33;-0,005722
15,331667;-0,005722
15,333333;-0,005722
15,335;-0,005722
15,336667;-0,005722
15,338333;-0,005722
15,34;-0,005722
15,341667;-0,005722
15,343333;-0,005722
15,345;-0,005722
15,346667;-0,005722
15,348333;-0,005722
15,35;-0,005722
15,351667;-0,005722
15,353333;-0,005722
15,355;-0,005722
15,356667;-0,005722
15,358333;-0,005722
15,36;-0,005722
15,361667;-0,005722
15,363333;-0,005722
15,365;-0,005722
15,366667;-0,005722
15,368333;-0,005722
15,37;-0,005722
15,371667;-0,005722
15,373333;-0,005722
15,375;-0,005722
15,376667;-0,005722
15,378333;-0,005722
15,38;-0,005722
15,381667;-0,005722
15,383333;-0,005722
15,385;-0,005722
15,386667;-0,005722
15,388333;-0,005722
15,39;-0,005722
15,391667;-0,005722
15,393333;-0,005722
15,395;-0,005722
15,396667;-0,005722
15,398333;-0,005722
15,4;-0,005722
15,401667;-0,005722
15,403333;-0,005722
15,405;-0,005722
15,406667;-0,005722
15,408333;-0,005722
15,41;-0,005722
15,411667;-0,005722
15,413333;-0,005722
15,415;-0,005722
15,416667;-0,005722
15,418333;-0,005722
15,42;-0,005722
15,421667;-0,005722
15,423333;-0,005722
15,425;-0,005722
15,426667;-0,005722
15,428333;-0,005722
15,43;-0,005722
15,431667;-0,005722
15,433333;-0,005722
15,435;-0,005722
15,436667;-0,005722
15,438333;-0,005722
15,44;-0,005722
15,441667;-0,005722
15,443333;-0,005722
15,445;-0,005722
15,446667;-0,005722
15,448333;-0,005722
15,45;-0,005722
15,451667;-0,005722
15,453333;-0,005722
15,455;-0,005722
15,456667;-0,005722
15,458333;-0,005722
15,46;-0,005722
15,461667;-0,005722
15,463333;-0,005722
15,465;-0,005722
15,466667;-0,005722
15,468333;-0,005722
15,47;-0,005722
15,471667;-0,005722
15,473333;-0,005722
15,475;-0,005722
15,476667;-0,005722
15,478333;-0,005722
15,48;-0,005722
15,481667;-0,005722
15,483333;-0,005722
15,485;-0,005722
15,486667;-0,005722
15,488333;-0,005722
15,49;-0,005722
15,491667;-0,005722
15,493333;-0,005722
15,495;-0,005722
15,496667;-0,005722
15,498333;-0,005722
15,5;-0,005722
15,501667;-0,005722
15,503333;-0,005722
15,505;-0,005722
15,506667;-0,005722
15,508333;-0,005722
15,51;-0,005722
15,511667;-0,005722
15,513333;-0,005722
15,515;-0,005722
15,516667;-0,005722
15,518333;-0,005722
15,52;-0,005722
15,521667;-0,005722
15,523333;-0,005722
15,525;-0,005722
15,526667;-0,005722
15,528333;-0,005722
15,53;-0,005722
15,531667;-0,005722
15,533333;-0,005722
15,535;-0,005722
15,536667;-0,005722
15,538333;-0,005722
15,54;-0,005722
15,541667;-0,005722
15,543333;-0,005722
15,545;-0,005722
15,546667;-0,005722
15,548333;-0,005722
15,55;-0,005722
15,551667;-0,005722
15,553333;-0,005722
15,555;-0,005722
15,556667;-0,005722
15,558333;-0,002861
15,56;-0,002861
15,561667;-0,002861
15,563333;-0,005722
15,565;-0,005722
15,566667;-0,005722
15,568333;-0,005722
15,57;-0,005722
15,571667;-0,005722
15,573333;-0,005722
15,575;-0,005722
15,576667;-0,005722
15,578333;-0,005722
15,58;-0,005722
15,581667;-0,005722
15,583333;-0,005722
15,585;-0,005722
15,586667;-0,005722
15,588333;-0,005722
15,59;-0,005722
15,591667;-0,005722
15,593333;-0,005722
15,595;-0,005722
15,596667;-0,005722
15,598333;-0,005722
15,6;-0,005722
15,601667;-0,005722
15,603333;-0,005722
15,605;-0,005722
15,606667;-0,005722
15,608333;-0,005722
15,61;-0,005722
15,611667;-0,005722
15,613333;-0,005722
15,615;-0,005722
15,616667;-0,005722
15,618333;-0,005722
15,62;-0,005722
15,621667;-0,005722
15,623333;-0,005722
15,625;-0,005722
15,626667;-0,005722
15,628333;-0,005722
15,63;-0,005722
15,631667;-0,005722
15,633333;-0,005722
15,635;-0,005722
15,636667;-0,005722
15,638333;-0,005722
15,64;-0,005722
15,641667;-0,005722
15,643333;-0,005722
15,645;-0,005722
15,646667;-0,005722
15,648333;-0,005722
15,65;-0,005722
15,651667;-0,005722
15,653333;-0,005722
15,655;-0,005722
15,656667;-0,005722
15,658333;-0,005722
15,66;-0,005722
15,661667;-0,005722
15,663333;-0,005722
15,665;-0,005722
15,666667;-0,005722
15,668333;-0,005722
15,67;-0,005722
15,671667;-0,005722
15,673333;-0,005722
15,675;-0,005722
15,676667;-0,005722
15,678333;-0,005722
15,68;-0,005722
15,681667;-0,005722
15,683333;-0,005722
15,685;-0,005722
15,686667;-0,005722
15,688333;-0,005722
15,69;-0,005722
15,691667;-0,005722
15,693333;-0,005722
15,695;-0,005722
15,696667;-0,005722
15,698333;-0,005722
15,7;-0,005722
15,701667;-0,005722
15,703333;-0,005722
15,705;-0,005722
15,706667;-0,005722
15,708333;-0,005722
15,71;-0,005722
15,711667;-0,005722
15,713333;-0,005722
15,715;-0,005722
15,716667;-0,005722
15,718333;-0,005722
15,72;-0,005722
15,721667;-0,005722
15,723333;-0,005722
15,725;-0,005722
15,726667;-0,005722
15,728333;-0,005722
15,73;-0,005722
15,731667;-0,005722
15,733333;-0,005722
15,735;-0,005722
15,736667;-0,005722
15,738333;-0,005722
15,74;-0,005722
15,741667;-0,005722
15,743333;-0,005722
15,745;-0,005722
15,746667;-0,005722
15,748333;-0,005722
15,75;-0,005722
15,751667;-0,005722
15,753333;-0,005722
15,755;-0,005722
15,756667;-0,005722
15,758333;-0,005722
15,76;-0,005722
15,761667;-0,005722
15,763333;-0,005722
15,765;-0,005722
15,766667;-0,005722
15,768333;-0,005722
15,77;-0,005722
15,771667;-0,005722
15,773333;-0,005722
15,775;-0,005722
15,776667;-0,005722
15,778333;-0,005722
15,78;-0,005722
15,781667;-0,005722
15,783333;-0,005722
15,785;-0,005722
15,786667;-0,005722
15,788333;-0,005722
15,79;-0,005722
15,791667;-0,005722
15,793333;-0,005722
15,795;-0,005722
15,796667;-0,005722
15,798333;-0,005722
15,8;-0,005722
15,801667;-0,005722
15,803333;-0,005722
15,805;-0,005722
15,806667;-0,005722
15,808333;-0,005722
15,81;-0,005722
15,811667;-0,005722
15,813333;-0,005722
15,815;-0,005722
15,816667;-0,005722
15,818333;-0,005722
15,82;-0,005722
15,821667;-0,005722
15,823333;-0,005722
15,825;-0,005722
15,826667;-0,005722
15,828333;-0,005722
15,83;-0,005722
15,831667;-0,005722
15,833333;-0,005722
15,835;-0,005722
15,836667;-0,005722
15,838333;-0,005722
15,84;-0,005722
15,841667;-0,005722
15,843333;-0,005722
15,845;-0,005722
15,846667;-0,005722
15,848333;-0,005722
15,85;-0,005722
15,851667;-0,005722
15,853333;-0,005722
15,855;-0,005722
15,856667;-0,005722
15,858333;-0,005722
15,86;-0,005722
15,861667;-0,005722
15,863333;-0,005722
15,865;-0,005722
15,866667;-0,005722
15,868333;-0,005722
15,87;-0,005722
15,871667;-0,005722
15,873333;-0,005722
15,875;-0,005722
15,876667;-0,005722
15,878333;-0,005722
15,88;-0,005722
15,881667;-0,005722
15,883333;-0,005722
15,885;-0,005722
15,886667;-0,005722
15,888333;-0,005722
15,89;-0,005722
15,891667;-0,005722
15,893333;-0,005722
15,895;-0,005722
15,896667;-0,005722
15,898333;-0,005722
15,9;-0,005722
15,901667;-0,005722
15,903333;-0,005722
15,905;-0,005722
15,906667;-0,005722
15,908333;-0,005722
15,91;-0,005722
15,911667;-0,005722
15,913333;-0,005722
15,915;-0,005722
15,916667;-0,005722
15,918333;-0,005722
15,92;-0,005722
15,921667;-0,005722
15,923333;-0,005722
15,925;-0,005722
15,926667;-0,005722
15,928333;-0,005722
15,93;-0,005722
15,931667;-0,005722
15,933333;-0,005722
15,935;-0,005722
15,936667;-0,005722
15,938333;-0,005722
15,94;-0,005722
15,941667;-0,005722
15,943333;-0,005722
15,945;-0,005722
15,946667;-0,005722
15,948333;-0,005722
15,95;-0,005722
15,951667;-0,005722
15,953333;-0,005722
15,955;-0,005722
15,956667;-0,005722
15,958333;-0,005722
15,96;-0,005722
15,961667;-0,005722
15,963333;-0,005722
15,965;-0,005722
15,966667;-0,005722
15,968333;-0,005722
15,97;-0,005722
15,971667;-0,005722
15,973333;-0,005722
15,975;-0,005722
15,976667;-0,005722
15,978333;-0,005722
15,98;-0,005722
15,981667;-0,005722
15,983333;-0,005722
15,985;-0,005722
15,986667;-0,005722
15,988333;-0,005722
15,99;-0,005722
15,991667;-0,005722
15,993333;-0,005722
15,995;-0,005722
15,996667;-0,005722
15,998333;-0,005722
16;-0,005722
16,001667;-0,005722
16,003333;-0,005722
16,005;-0,005722
16,006667;-0,005722
16,008333;-0,005722
16,01;-0,005722
16,011667;-0,005722
16,013333;-0,005722
16,015;-0,005722
16,016667;-0,005722
16,018333;-0,005722
16,02;-0,005722
16,021667;-0,005722
16,023333;-0,005722
16,025;-0,005722
16,026667;-0,005722
16,028333;-0,005722
16,03;-0,005722
16,031667;-0,005722
16,033333;-0,005722
16,035;-0,005722
16,036667;-0,005722
16,038333;-0,005722
16,04;-0,005722
16,041667;-0,005722
16,043333;-0,005722
16,045;-0,005722
16,046667;-0,005722
16,048333;-0,005722
16,05;-0,005722
16,051667;-0,005722
16,053333;-0,005722
16,055;-0,005722
16,056667;-0,005722
16,058333;-0,005722
16,06;-0,005722
16,061667;-0,005722
16,063333;-0,005722
16,065;-0,005722
16,066667;-0,005722
16,068333;-0,005722
16,07;-0,005722
16,071667;-0,005722
16,073333;-0,005722
16,075;-0,005722
16,076667;-0,005722
16,078333;-0,005722
16,08;-0,005722
16,081667;-0,005722
16,083333;-0,005722
16,085;-0,005722
16,086667;-0,005722
16,088333;-0,005722
16,09;-0,005722
16,091667;-0,005722
16,093333;-0,005722
16,095;-0,005722
16,096667;-0,005722
16,098333;-0,005722
16,1;-0,005722
16,101667;-0,005722
16,103333;-0,005722
16,105;-0,005722
16,106667;-0,005722
16,108333;-0,005722
16,11;-0,005722
16,111667;-0,005722
16,113333;-0,005722
16,115;-0,005722
16,116667;-0,005722
16,118333;-0,005722
16,12;-0,005722
16,121667;-0,005722
16,123333;-0,005722
16,125;-0,005722
16,126667;-0,005722
16,128333;-0,008583
16,13;-0,008583
16,131667;-0,008583
16,133333;-0,008583
16,135;-0,008583
16,136667;-0,005722
16,138333;-0,005722
16,14;-0,005722
16,141667;-0,005722
16,143333;-0,005722
16,145;-0,005722
16,146667;-0,005722
16,148333;-0,005722
16,15;-0,005722
16,151667;-0,005722
16,153333;-0,005722
16,155;-0,005722
16,156667;-0,005722
16,158333;-0,005722
16,16;-0,005722
16,161667;-0,005722
16,163333;-0,005722
16,165;-0,005722
16,166667;-0,005722
16,168333;-0,005722
16,17;-0,005722
16,171667;-0,005722
16,173333;-0,005722
16,175;-0,005722
16,176667;-0,005722
16,178333;-0,005722
16,18;-0,005722
16,181667;-0,005722
16,183333;-0,005722
16,185;-0,005722
16,186667;-0,005722
16,188333;-0,005722
16,19;-0,005722
16,191667;-0,005722
16,193333;-0,005722
16,195;-0,005722
16,196667;-0,005722
16,198333;-0,005722
16,2;-0,005722
16,201667;-0,005722
16,203333;-0,005722
16,205;-0,005722
16,206667;-0,005722
16,208333;-0,005722
16,21;-0,005722
16,211667;-0,005722
16,213333;-0,005722
16,215;-0,005722
16,216667;-0,005722
16,218333;-0,005722
16,22;-0,005722
16,221667;-0,002861
16,223333;-0,002861
16,225;-0,002861
16,226667;-0,002861
16,228333;-0,002861
16,23;-0,002861
16,231667;-0,002861
16,233333;-0,002861
16,235;-0,002861
16,236667;-0,002861
16,238333;-0,002861
16,24;-0,002861
16,241667;-0,002861
16,243333;-0,002861
16,245;-0,002861
16,246667;-0,002861
16,248333;-0,002861
16,25;-0,002861
16,251667;-0,002861
16,253333;-0,002861
16,255;-0,002861
16,256667;-0,002861
16,258333;-0,002861
16,26;-0,002861
16,261667;-0,002861
16,263333;-0,002861
16,265;-0,002861
16,266667;-0,002861
16,268333;-0,002861
16,27;-0,002861
16,271667;-0,002861
16,273333;-0,002861
16,275;0
16,276667;0
16,278333;0
16,28;0
16,281667;0
16,283333;0
16,285;0
16,286667;0
16,288333;0
16,29;0
16,291667;0
16,293333;0
16,295;0
16,296667;0
16,298333;0
16,3;0,002861
16,301667;0,002861
16,303333;0,002861
16,305;0,002861
16,306667;0,002861
16,308333;0,002861
16,31;0,002861
16,311667;0,002861
16,313333;0,002861
16,315;0,002861
16,316667;0,005722
16,318333;0,005722
16,32;0,005722
16,321667;0,005722
16,323333;0,005722
16,325;0,005722
16,326667;0,005722
16,328333;0,005722
16,33;0,005722
16,331667;0,008583
16,333333;0,008583
16,335;0,008583
16,336667;0,008583
16,338333;0,008583
16,34;0,008583
16,341667;0,008583
16,343333;0,011444
16,345;0,011444
16,346667;0,011444
16,348333;0,011444
16,35;0,011444
16,351667;0,011444
16,353333;0,011444
16,355;0,011444
16,356667;0,014305
16,358333;0,014305
16,36;0,014305
16,361667;0,014305
16,363333;0,014305
16,365;0,014305
16,366667;0,014305
16,368333;0,014305
16,37;0,017166
16,371667;0,017166
16,373333;0,017166
16,375;0,017166
16,376667;0,017166
16,378333;0,017166
16,38;0,020027
16,381667;0,020027
16,383333;0,020027
16,385;0,020027
16,386667;0,020027
16,388333;0,022888
16,39;0,022888
16,391667;0,022888
16,393333;0,022888
16,395;0,022888
16,396667;0,025749
16,398333;0,025749
16,4;0,025749
16,401667;0,025749
16,403333;0,02861
16,405;0,02861
16,406667;0,02861
16,408333;0,02861
16,41;0,031471
16,411667;0,031471
16,413333;0,031471
16,415;0,034332
16,416667;0,034332
16,418333;0,034332
16,42;0,037193
16,421667;0,037193
16,423333;0,037193
16,425;0,040054
16,426667;0,040054
16,428333;0,042915
16,43;0,042915
16,431667;0,042915
16,433333;0,045776
16,435;0,045776
16,436667;0,045776
16,438333;0,048637
16,44;0,048637
16,441667;0,051498
16,443333;0,051498
16,445;0,051498
16,446667;0,054359
16,448333;0,054359
16,45;0,05722
16,451667;0,05722
16,453333;0,060081
16,455;0,060081
16,456667;0,062943
16,458333;0,062943
16,46;0,062943
16,461667;0,065804
16,463333;0,065804
16,465;0,068665
16,466667;0,068665
16,468333;0,071526
16,47;0,074387
16,471667;0,074387
16,473333;0,077248
16,475;0,080109
16,476667;0,080109
16,478333;0,08297
16,48;0,085831
16,481667;0,085831
16,483333;0,088692
16,485;0,091553
16,486667;0,094414
16,488333;0,094414
16,49;0,097275
16,491667;0,100136
16,493333;0,102997
16,495;0,105858
16,496667;0,108719
16,498333;0,11158
16,5;0,114441
16,501667;0,117302
16,503333;0,120163
16,505;0,123024
16,506667;0,125885
16,508333;0,128746
16,51;0,131607
16,511667;0,134468
16,513333;0,137329
16,515;0,14019
16,516667;0,143051
16,518333;0,145912
16,52;0,148773
16,521667;0,151634
16,523333;0,157356
16,525;0,160217
16,526667;0,163078
16,528333;0,1688
16,53;0,171661
16,531667;0,174522
16,533333;0,180244
16,535;0,183105
16,536667;0,188828
16,538333;0,191689
16,54;0,197411
16,541667;0,203133
16,543333;0,205994
16,545;0,211716
16,546667;0,217438
16,548333;0,220299
16,55;0,226021
16,551667;0,231743
16,553333;0,237465
16,555;0,243187
16,556667;0,248909
16,558333;0,254631
16,56;0,260353
16,561667;0,266075
16,563333;0,271797
16,565;0,277519
16,566667;0,286102
16,568333;0,291824
16,57;0,297546
16,571667;0,306129
16,573333;0,311852
16,575;0,320435
16,576667;0,326157
16,578333;0,33474
16,58;0,340462
16,581667;0,349045
16,583333;0,357628
16,585;0,36335
16,586667;0,371933
16,588333;0,380516
16,59;0,389099
16,591667;0,397682
16,593333;0,406265
16,595;0,414848
16,596667;0,426292
16,598333;0,434876
16,6;0,443459
16,601667;0,454903
16,603333;0,463486
16,605;0,47493
16,606667;0,486374
16,608333;0,494957
16,61;0,506401
16,611667;0,517845
16,613333;0,529289
16,615;0,540733
16,616667;0,552177
16,618333;0,563622
16,62;0,577927
16,621667;0,589371
16,623333;0,600815
16,625;0,61512
16,626667;0,626564
16,628333;0,640869
16,63;0,655174
16,631667;0,669479
16,633333;0,683785
16,635;0,69809
16,636667;0,712395
16,638333;0,7267
16,64;0,741005
16,641667;0,75531
16,643333;0,772476
16,645;0,786781
16,646667;0,803947
16,648333;0,821114
16,65;0,835419
16,651667;0,852585
16,653333;0,869751
16,655;0,886917
16,656667;0,904083
16,658333;0,92411
16,66;0,941277
16,661667;0,961304
16,663333;0,97847
16,665;0,998497
16,666667;1,015663
16,668333;1,03569
16,67;1,055718
16,671667;1,075745
16,673333;1,095772
16,675;1,115799
16,676667;1,135826
16,678333;1,158714
16,68;1,178742
16,681667;1,20163
16,683333;1,224518
16,685;1,244545
16,686667;1,267433
16,688333;1,290321
16,69;1,31321
16,691667;1,336098
16,693333;1,361847
16,695;1,384735
16,696667;1,407623
16,698333;1,433373
16,7;1,456261
16,701667;1,48201
16,703333;1,504898
16,705;1,530647
16,706667;1,556397
16,708333;1,582146
16,71;1,607895
16,711667;1,633644
16,713333;1,662254
16,715;1,688004
16,716667;1,713753
16,718333;1,742363
16,72;1,768112
16,721667;1,796723
16,723333;1,825333
16,725;1,853943
16,726667;1,882553
16,728333;1,911163
16,73;1,939774
16,731667;1,968384
16,733333;1,996994
16,735;2,025604
16,736667;2,057076
16,738333;2,085686
16,74;2,117157
16,741667;2,145767
16,743333;2,177239
16,745;2,205849
16,746667;2,23732
16,748333;2,268791
16,75;2,300263
16,751667;2,331734
16,753333;2,363205
16,755;2,394676
16,756667;2,426148
16,758333;2,457619
16,76;2,48909
16,761667;2,520561
16,763333;2,552033
16,765;2,586365
16,766667;2,617836
16,768333;2,649307
16,77;2,68364
16,771667;2,715111
16,773333;2,746582
16,775;2,780914
16,776667;2,812386
16,778333;2,846718
16,78;2,878189
16,781667;2,912522
16,783333;2,943993
16,785;2,978325
16,786667;3,009796
16,788333;3,044129
16,79;3,0756
16,791667;3,109932
16,793333;3,141403
16,795;3,175736
16,796667;3,207207
16,798333;3,241539
16,8;3,27301
16,801667;3,307343
16,803333;3,338814
16,805;3,404618
16,806667;3,43895
16,808333;3,470421
16,81;3,501892
16,811667;3,501892
16,813333;3,536225
16,815;3,599167
16,816667;3,633499
16,818333;3,664971
16,82;3,696442
16,821667;3,727913
16,823333;3,759384
16,825;3,759384
16,826667;3,790856
16,828333;3,822327
16,83;3,853798
16,831667;3,882408
16,833333;3,91388
16,835;3,945351
16,836667;3,976822
16,838333;4,005432
16,84;4,036904
16,841667;4,065514
16,843333;4,094124
16,845;4,125595
16,846667;4,154206
16,848333;4,182816
16,85;4,211426
16,851667;4,240036
16,853333;4,268646
16,855;4,294396
16,856667;4,323006
16,858333;4,348755
16,86;4,377365
16,861667;4,403115
16,863333;4,428864
16,865;4,454613
16,866667;4,480362
16,868333;4,506111
16,87;4,531861
16,871667;4,55761
16,873333;4,580498
16,875;4,606247
16,876667;4,629135
16,878333;4,652024
16,88;4,677773
16,881667;4,700661
16,883333;4,720688
16,885;4,743576
16,886667;4,766465
16,888333;4,786492
16,89;4,806519
16,891667;4,829407
16,893333;4,849434
16,895;4,869461
16,896667;4,886627
16,898333;4,906655
16,9;4,926682
16,901667;4,943848
16,903333;4,961014
16,905;4,97818
16,906667;4,995346
16,908333;5,012513
16,91;5,029679
16,911667;5,043984
16,913333;5,06115
16,915;5,075455
16,916667;5,08976
16,918333;5,104065
16,92;5,11837
16,921667;5,132675
16,923333;5,14412
16,925;5,155564
16,926667;5,167008
16,928333;5,192757
16,93;5,20134
16,931667;5,20134
16,933333;5,212784
16,935;5,221367
16,936667;5,232811
16,938333;5,249977
16,94;5,255699
16,941667;5,264283
16,943333;5,264283
16,945;5,272866
16,946667;5,278588
16,948333;5,28431
16,95;5,290032
16,951667;5,295754
16,953333;5,301476
16,955;5,304337
16,956667;5,310059
16,958333;5,31292
16,96;5,315781
16,961667;5,318642
16,963333;5,321503
16,965;5,321503
16,966667;5,324364
16,968333;5,324364
16,97;5,324364
16,971667;5,324364
16,973333;5,324364
16,975;5,324364
16,976667;5,324364
16,978333;5,321503
16,98;5,318642
16,981667;5,315781
16,983333;5,31292
16,985;5,310059
16,986667;5,307198
16,988333;5,301476
16,99;5,298615
16,991667;5,292893
16,993333;5,287171
16,995;5,281449
16,996667;5,275727
16,998333;5,270005
17;5,261422
17,001667;5,255699
17,003333;5,247116
17,005;5,238533
17,006667;5,22995
17,008333;5,221367
17,01;5,212784
17,011667;5,20134
17,013333;5,192757
17,015;5,181313
17,016667;5,17273
17,018333;5,161286
17,02;5,149842
17,021667;5,138398
17,023333;5,126953
17,025;5,112648
17,026667;5,101204
17,028333;5,086899
17,03;5,075455
17,031667;5,06115
17,033333;5,046845
17,035;5,03254
17,036667;5,018235
17,038333;5,003929
17,04;4,986763
17,041667;4,972458
17,043333;4,955292
17,045;4,940987
17,046667;4,923821
17,048333;4,906655
17,05;4,889489
17,051667;4,855156
17,053333;4,855156
17,055;4,83799
17,056667;4,820824
17,058333;4,803658
17,06;4,783631
17,061667;4,766465
17,063333;4,746437
17,065;4,72641
17,066667;4,709244
17,068333;4,689217
17,07;4,66919
17,071667;4,649163
17,073333;4,629135
17,075;4,609108
17,076667;4,589081
17,078333;4,566193
17,08;4,546166
17,081667;4,526139
17,083333;4,50325
17,085;4,483223
17,086667;4,460335
17,088333;4,440308
17,09;4,41742
17,091667;4,394532
17,093333;4,374504
17,095;4,351616
17,096667;4,328728
17,098333;4,30584
17,1;4,282952
17,101667;4,260063
17,103333;4,214287
17,105;4,191399
17,106667;4,168511
17,108333;4,145623
17,11;4,119873
17,111667;4,119873
17,113333;4,096985
17,115;4,074097
17,116667;4,051209
17,118333;4,02546
17,12;4,002571
17,121667;3,979683
17,123333;3,953934
17,125;3,931046
17,126667;3,905297
17,128333;3,882408
17,13;3,856659
17,131667;3,833771
17,133333;3,808022
17,135;3,785134
17,136667;3,759384
17,138333;3,736496
17,14;3,710747
17,141667;3,684998
17,143333;3,66211
17,145;3,63636
17,146667;3,613472
17,148333;3,587723
17,15;3,564835
17,151667;3,539086
17,153333;3,516197
17,155;3,490448
17,156667;3,46756
17,158333;3,441811
17,16;3,418923
17,161667;3,393173
17,163333;3,370285
17,165;3,344536
17,166667;3,321648
17,168333;3,295899
17,17;3,27301
17,171667;3,247261
17,173333;3,224373
17,175;3,201485
17,176667;3,175736
17,178333;3,152847
17,18;3,127098
17,181667;3,10421
17,183333;3,081322
17,185;3,055573
17,186667;3,032685
17,188333;3,009796
17,19;2,986908
17,191667;2,961159
17,193333;2,938271
17,195;2,915383
17,196667;2,892494
17,198333;2,869606
17,2;2,846718
17,201667;2,82383
17,203333;2,800942
17,205;2,778053
17,206667;2,755165
17,208333;2,732277
17,21;2,709389
17,211667;2,689362
17,213333;2,666474
17,215;2,643585
17,216667;2,620697
17,218333;2,60067
17,22;2,577782
17,221667;2,554894
17,223333;2,534866
17,225;2,511978
17,226667;2,491951
17,228333;2,469063
17,23;2,449036
17,231667;2,429009
17,233333;2,40612
17,235;2,386093
17,236667;2,366066
17,238333;2,343178
17,24;2,323151
17,241667;2,303124
17,243333;2,283096
17,245;2,263069
17,246667;2,243042
17,248333;2,223015
17,25;2,202988
17,251667;2,182961
17,253333;2,162933
17,255;2,145767
17,256667;2,12574
17,258333;2,105713
17,26;2,085686
17,261667;2,06852
17,263333;2,048493
17,265;2,031326
17,266667;2,011299
17,268333;1,994133
17,27;1,974106
17,271667;1,95694
17,273333;1,936913
17,275;1,919747
17,276667;1,90258
17,278333;1,885414
17,28;1,868248
17,281667;1,851082
17,283333;1,833916
17,285;1,81675
17,286667;1,799584
17,288333;1,782417
17,29;1,765251
17,291667;1,748085
17,293333;1,730919
17,295;1,713753
17,296667;1,699448
17,298333;1,682282
17,3;1,667976
17,301667;1,65081
17,303333;1,636505
17,305;1,619339
17,306667;1,605034
17,308333;1,587868
17,31;1,573563
17,311667;1,556397
17,313333;1,542091
17,315;1,527786
17,316667;1,513481
17,318333;1,499176
17,32;1,48201
17,321667;1,467705
17,323333;1,4534
17,325;1,441956
17,326667;1,427651
17,328333;1,413345
17,33;1,39904
17,331667;1,384735
17,333333;1,37043
17,335;1,358986
17,336667;1,344681
17,338333;1,330376
17,34;1,318932
17,341667;1,304627
17,343333;1,293182
17,345;1,278877
17,346667;1,264572
17,348333;1,253128
17,35;1,241684
17,351667;1,227379
17,353333;1,215935
17,355;1,204491
17,356667;1,193047
17,358333;1,178742
17,36;1,167297
17,361667;1,155853
17,363333;1,144409
17,365;1,132965
17,366667;1,121521
17,368333;1,110077
17,37;1,098633
17,371667;1,087189
17,373333;1,075745
17,375;1,067162
17,376667;1,055718
17,378333;1,044273
17,38;1,032829
17,381667;1,024246
17,383333;1,012802
17,385;1,004219
17,386667;0,981331
17,388333;0,972748
17,39;0,964165
17,391667;0,952721
17,393333;0,944138
17,395;0,932694
17,396667;0,932694
17,398333;0,92411
17,4;0,915527
17,401667;0,906944
17,403333;0,8955
17,405;0,886917
17,406667;0,878334
17,408333;0,869751
17,41;0,861168
17,411667;0,852585
17,413333;0,844002
17,415;0,835419
17,416667;0,826836
17,418333;0,818253
17,42;0,80967
17,421667;0,801086
17,423333;0,792503
17,425;0,78392
17,426667;0,775337
17,428333;0,769615
17,43;0,761032
17,431667;0,752449
17,433333;0,743866
17,435;0,738144
17,436667;0,729561
17,438333;0,723839
17,44;0,715256
17,441667;0,709534
17,443333;0,700951
17,445;0,695229
17,446667;0,686646
17,448333;0,67234
17,45;0,666618
17,451667;0,658035
17,453333;0,652313
17,455;0,652313
17,456667;0,646591
17,458333;0,638008
17,46;0,632286
17,461667;0,626564
17,463333;0,620842
17,465;0,612259
17,466667;0,606537
17,468333;0,600815
17,47;0,595093
17,471667;0,589371
17,473333;0,580788
17,475;0,575066
17,476667;0,569344
17,478333;0,563622
17,48;0,5579
17,481667;0,552177
17,483333;0,546455
17,485;0,540733
17,486667;0,535011
17,488333;0,529289
17,49;0,526428
17,491667;0,520706
17,493333;0,514984
17,495;0,509262
17,496667;0,50354
17,498333;0,497818
17,5;0,492096
17,501667;0,489235
17,503333;0,483513
17,505;0,477791
17,506667;0,472069
17,508333;0,469208
17,51;0,463486
17,511667;0,460625
17,513333;0,454903
17,515;0,449181
17,516667;0,44632
17,518333;0,440598
17,52;0,434876
17,521667;0,432014
17,523333;0,429153
17,525;0,423431
17,526667;0,42057
17,528333;0,414848
17,53;0,406265
17,531667;0,400543
17,533333;0,397682
17,535;0,394821
17,536667;0,394821
17,538333;0,389099
17,54;0,386238
17,541667;0,383377
17,543333;0,377655
17,545;0,374794
17,546667;0,369072
17,548333;0,366211
17,55;0,36335
17,551667;0,360489
17,553333;0,354767
17,555;0,351906
17,556667;0,349045
17,558333;0,346184
17,56;0,340462
17,561667;0,337601
17,563333;0,33474
17,565;0,331879
17,566667;0,326157
17,568333;0,323296
17,57;0,320435
17,571667;0,317574
17,573333;0,314713
17,575;0,311852
17,576667;0,30899
17,578333;0,306129
17,58;0,303268
17,581667;0,300407
17,583333;0,297546
17,585;0,294685
17,586667;0,291824
17,588333;0,288963
17,59;0,286102
17,591667;0,283241
17,593333;0,28038
17,595;0,277519
17,596667;0,274658
17,598333;0,271797
17,6;0,268936
17,601667;0,266075
17,603333;0,263214
17,605;0,263214
17,606667;0,260353
17,608333;0,257492
17,61;0,254631
17,611667;0,25177
17,613333;0,248909
17,615;0,248909
17,616667;0,246048
17,618333;0,243187
17,62;0,240326
17,621667;0,237465
17,623333;0,237465
17,625;0,234604
17,626667;0,231743
17,628333;0,228882
17,63;0,228882
17,631667;0,226021
17,633333;0,22316
17,635;0,22316
17,636667;0,220299
17,638333;0,217438
17,64;0,217438
17,641667;0,214577
17,643333;0,211716
17,645;0,211716
17,646667;0,208855
17,648333;0,205994
17,65;0,205994
17,651667;0,203133
17,653333;0,203133
17,655;0,200272
17,656667;0,197411
17,658333;0,197411
17,66;0,19455
17,661667;0,19455
17,663333;0,191689
17,665;0,191689
17,666667;0,188828
17,668333;0,188828
17,67;0,185967
17,671667;0,185967
17,673333;0,183105
17,675;0,183105
17,676667;0,180244
17,678333;0,180244
17,68;0,177383
17,681667;0,177383
17,683333;0,177383
17,685;0,174522
17,686667;0,174522
17,688333;0,171661
17,69;0,171661
17,691667;0,1688
17,693333;0,1688
17,695;0,1688
17,696667;0,165939
17,698333;0,165939
17,7;0,163078
17,701667;0,163078
17,703333;0,163078
17,705;0,160217
17,706667;0,160217
17,708333;0,160217
17,71;0,157356
17,711667;0,157356
17,713333;0,157356
17,715;0,154495
17,716667;0,154495
17,718333;0,154495
17,72;0,154495
17,721667;0,151634
17,723333;0,151634
17,725;0,151634
17,726667;0,148773
17,728333;0,148773
17,73;0,148773
17,731667;0,148773
17,733333;0,148773
17,735;0,148773
17,736667;0,148773
17,738333;0,145912
17,74;0,145912
17,741667;0,145912
17,743333;0,145912
17,745;0,145912
17,746667;0,143051
17,748333;0,143051
17,75;0,143051
17,751667;0,143051
17,753333;0,143051
17,755;0,143051
17,756667;0,143051
17,758333;0,143051
17,76;0,143051
17,761667;0,143051
17,763333;0,143051
17,765;0,143051
17,766667;0,143051
17,768333;0,143051
17,77;0,143051
17,771667;0,143051
17,773333;0,143051
17,775;0,143051
17,776667;0,143051
17,778333;0,143051
17,78;0,143051
17,781667;0,143051
17,783333;0,143051
17,785;0,145912
17,786667;0,145912
17,788333;0,145912
17,79;0,145912
17,791667;0,145912
17,793333;0,145912
17,795;0,145912
17,796667;0,145912
17,798333;0,148773
17,8;0,148773
17,801667;0,148773
17,803333;0,148773
17,805;0,148773
17,806667;0,148773
17,808333;0,151634
17,81;0,151634
17,811667;0,151634
17,813333;0,151634
17,815;0,154495
17,816667;0,154495
17,818333;0,154495
17,82;0,154495
17,821667;0,157356
17,823333;0,157356
17,825;0,157356
17,826667;0,157356
17,828333;0,160217
17,83;0,160217
17,831667;0,163078
17,833333;0,163078
17,835;0,163078
17,836667;0,165939
17,838333;0,165939
17,84;0,165939
17,841667;0,1688
17,843333;0,1688
17,845;0,171661
17,846667;0,171661
17,848333;0,174522
17,85;0,174522
17,851667;0,177383
17,853333;0,177383
17,855;0,180244
17,856667;0,183105
17,858333;0,183105
17,86;0,185967
17,861667;0,185967
17,863333;0,188828
17,865;0,191689
17,866667;0,191689
17,868333;0,19455
17,87;0,200272
17,871667;0,200272
17,873333;0,200272
17,875;0,203133
17,876667;0,205994
17,878333;0,208855
17,88;0,214577
17,881667;0,217438
17,883333;0,220299
17,885;0,22316
17,886667;0,226021
17,888333;0,226021
17,89;0,228882
17,891667;0,231743
17,893333;0,234604
17,895;0,237465
17,896667;0,240326
17,898333;0,243187
17,9;0,246048
17,901667;0,248909
17,903333;0,25177
17,905;0,257492
17,906667;0,260353
17,908333;0,263214
17,91;0,268936
17,911667;0,271797
17,913333;0,274658
17,915;0,28038
17,916667;0,283241
17,918333;0,288963
17,92;0,291824
17,921667;0,297546
17,923333;0,300407
17,925;0,306129
17,926667;0,311852
17,928333;0,314713
17,93;0,320435
17,931667;0,326157
17,933333;0,329018
17,935;0,33474
17,936667;0,340462
17,938333;0,346184
17,94;0,351906
17,941667;0,357628
17,943333;0,36335
17,945;0,369072
17,946667;0,374794
17,948333;0,383377
17,95;0,389099
17,951667;0,394821
17,953333;0,409126
17,955;0,414848
17,956667;0,423431
17,958333;0,429153
17,96;0,429153
17,961667;0,437737
17,963333;0,44632
17,965;0,452042
17,966667;0,460625
17,968333;0,469208
17,97;0,47493
17,971667;0,483513
17,973333;0,492096
17,975;0,500679
17,976667;0,509262
17,978333;0,520706
17,98;0,529289
17,981667;0,537872
17,983333;0,549316
17,985;0,566483
17,986667;0,577927
17,988333;0,589371
17,99;0,589371
17,991667;0,597954
17,993333;0,609398
17,995;0,620842
17,996667;0,632286
17,998333;0,64373
18;0,655174
18,001667;0,666618
18,003333;0,678062
18,005;0,689507
18,006667;0,703812
18,008333;0,715256
18,01;0,729561
18,011667;0,741005
18,013333;0,75531
18,015;0,769615
18,016667;0,78392
18,018333;0,795364
18,02;0,80967
18,021667;0,826836
18,023333;0,841141
18,025;0,855446
18,026667;0,869751
18,028333;0,886917
18,03;0,901222
18,031667;0,918388
18,033333;0,935555
18,035;0,952721
18,036667;0,969887
18,038333;0,987053
18,04;1,004219
18,041667;1,021385
18,043333;1,038551
18,045;1,058579
18,046667;1,075745
18,048333;1,095772
18,05;1,112938
18,051667;1,132965
18,053333;1,152992
18,055;1,173019
18,056667;1,193047
18,058333;1,213074
18,06;1,235962
18,061667;1,255989
18,063333;1,278877
18,065;1,298904
18,066667;1,344681
18,068333;1,367569
18,07;1,367569
18,071667;1,390457
18,073333;1,413345
18,075;1,436234
18,076667;1,484871
18,078333;1,507759
18,08;1,533508
18,081667;1,556397
18,083333;1,582146
18,085;1,607895
18,086667;1,607895
18,088333;1,633644
18,09;1,659393
18,091667;1,688004
18,093333;1,713753
18,095;1,739502
18,096667;1,768112
18,098333;1,793861
18,1;1,822472
18,101667;1,851082
18,103333;1,879692
18,105;1,908302
18,106667;1,936913
18,108333;1,965523
18,11;1,996994
18,111667;2,025604
18,113333;2,054215
18,115;2,085686
18,116667;2,117157
18,118333;2,145767
18,12;2,177239
18,121667;2,20871
18,123333;2,240181
18,125;2,274513
18,126667;2,305985
18,128333;2,371788
18,13;2,371788
18,131667;2,403259
18,133333;2,437592
18,135;2,469063
18,136667;2,503395
18,138333;2,537728
18,14;2,57206
18,141667;2,606392
18,143333;2,640724
18,145;2,675057
18,146667;2,709389
18,148333;2,743721
18,15;2,780914
18,151667;2,815247
18,153333;2,849579
18,155;2,886772
18,156667;2,923966
18,158333;2,958298
18,16;2,995491
18,161667;3,032685
18,163333;3,067017
18,165;3,10421
18,166667;3,141403
18,168333;3,178597
18,17;3,21579
18,171667;3,252983
18,173333;3,290177
18,175;3,32737
18,176667;3,364563
18,178333;3,401756
18,18;3,43895
18,181667;3,479004
18,183333;3,516197
18,185;3,553391
18,186667;3,590584
18,188333;3,630638
18,19;3,667832
18,191667;3,705025
18,193333;3,745079
18,195;3,782273
18,196667;3,819466
18,198333;3,85952
18,2;3,896713
18,201667;3,936768
18,203333;3,973961
18,205;4,011154
18,206667;4,051209
18,208333;4,088402
18,21;4,125595
18,211667;4,16565
18,213333;4,202843
18,215;4,240036
18,216667;4,280091
18,218333;4,317284
18,22;4,354477
18,221667;4,39167
18,223333;4,428864
18,225;4,466057
18,226667;4,50325
18,228333;4,540444
18,23;4,577637
18,231667;4,61483
18,233333;4,652024
18,235;4,689217
18,236667;4,72641
18,238333;4,763603
18,24;4,797936
18,241667;4,835129
18,243333;4,869461
18,245;4,906655
18,246667;4,940987
18,248333;4,975319
18,25;5,009651
18,251667;5,043984
18,253333;5,078316
18,255;5,112648
18,256667;5,181313
18,258333;5,212784
18,26;5,247116
18,261667;5,247116
18,263333;5,278588
18,265;5,31292
18,266667;5,344391
18,268333;5,375862
18,27;5,407334
18,271667;5,438805
18,273333;5,470276
18,275;5,501747
18,276667;5,530358
18,278333;5,590439
18,28;5,590439
18,281667;5,62191
18,283333;5,650521
18,285;5,679131
18,286667;5,707741
18,288333;5,736351
18,29;5,762101
18,291667;5,790711
18,293333;5,81646
18,295;5,84507
18,296667;5,870819
18,298333;5,896569
18,3;5,922318
18,301667;5,945206
18,303333;5,970955
18,305;5,993843
18,306667;6,019593
18,308333;6,042481
18,31;6,065369
18,311667;6,085396
18,313333;6,108284
18,315;6,131173
18,316667;6,1512
18,318333;6,171227
18,32;6,211281
18,321667;6,231308
18,323333;6,251336
18,325;6,268502
18,326667;6,268502
18,328333;6,288529
18,33;6,305695
18,331667;6,322861
18,333333;6,340027
18,335;6,354332
18,336667;6,371498
18,338333;6,385804
18,34;6,400109
18,341667;6,414414
18,343333;6,428719
18,345;6,443024
18,346667;6,454468
18,348333;6,465912
18,35;6,480217
18,351667;6,491661
18,353333;6,500245
18,355;6,511689
18,356667;6,520272
18,358333;6,531716
18,36;6,540299
18,361667;6,548882
18,363333;6,557465
18,365;6,563187
18,366667;6,57177
18,368333;6,577492
18,37;6,583214
18,371667;6,594658
18,373333;6,597519
18,375;6,603241
18,376667;6,603241
18,378333;6,606102
18,38;6,608963
18,381667;6,611824
18,383333;6,614685
18,385;6,614685
18,386667;6,617546
18,388333;6,617546
18,39;6,617546
18,391667;6,617546
18,393333;6,617546
18,395;6,614685
18,396667;6,614685
18,398333;6,611824
18,4;6,608963
18,401667;6,606102
18,403333;6,60038
18,405;6,597519
18,406667;6,591797
18,408333;6,588936
18,41;6,583214
18,411667;6,577492
18,413333;6,57177
18,415;6,563187
18,416667;6,557465
18,418333;6,548882
18,42;6,540299
18,421667;6,534577
18,423333;6,523133
18,425;6,51455
18,426667;6,505967
18,428333;6,494522
18,43;6,485939
18,431667;6,474495
18,433333;6,463051
18,435;6,451607
18,436667;6,440163
18,438333;6,428719
18,44;6,414414
18,441667;6,40297
18,443333;6,388665
18,445;6,37436
18,446667;6,360054
18,448333;6,345749
18,45;6,331444
18,451667;6,314278
18,453333;6,299973
18,455;6,282807
18,456667;6,265641
18,458333;6,251336
18,46;6,234169
18,461667;6,217003
18,463333;6,17981
18,465;6,162644
18,466667;6,142617
18,468333;6,142617
18,47;6,12545
18,471667;6,105423
18,473333;6,085396
18,475;6,065369
18,476667;6,045342
18,478333;6,025315
18,48;6,005288
18,481667;5,98526
18,483333;5,965233
18,485;5,942345
18,486667;5,922318
18,488333;5,89943
18,49;5,879403
18,491667;5,856514
18,493333;5,833626
18,495;5,810738
18,496667;5,78785
18,498333;5,764962
18,5;5,742073
18,501667;5,716324
18,503333;5,693436
18,505;5,667687
18,506667;5,644799
18,508333;5,619049
18,51;5,596161
18,511667;5,570412
18,513333;5,544663
18,515;5,518914
18,516667;5,496025
18,518333;5,470276
18,52;5,444527
18,521667;5,418778
18,523333;5,393029
18,525;5,364418
18,526667;5,338669
18,528333;5,31292
18,53;5,287171
18,531667;5,25856
18,533333;5,232811
18,535;5,207062
18,536667;5,178452
18,538333;5,152703
18,54;5,124092
18,541667;5,098343
18,543333;5,069733
18,545;5,015374
18,546667;4,986763
18,548333;4,961014
18,55;4,961014
18,551667;4,932404
18,553333;4,906655
18,555;4,878044
18,556667;4,849434
18,558333;4,820824
18,56;4,792214
18,561667;4,766465
18,563333;4,737854
18,565;4,709244
18,566667;4,680634
18,568333;4,652024
18,57;4,626274
18,571667;4,597664
18,573333;4,569054
18,575;4,540444
18,576667;4,511833
18,578333;4,483223
18,58;4,454613
18,581667;4,426003
18,583333;4,397393
18,585;4,368782
18,586667;4,343033
18,588333;4,314423
18,59;4,285813
18,591667;4,257202
18,593333;4,228592
18,595;4,202843
18,596667;4,174233
18,598333;4,145623
18,6;4,117012
18,601667;4,091263
18,603333;4,062653
18,605;4,034043
18,606667;4,005432
18,608333;3,976822
18,61;3,951073
18,611667;3,922463
18,613333;3,893852
18,615;3,865242
18,616667;3,839493
18,618333;3,810883
18,62;3,785134
18,621667;3,756523
18,623333;3,730774
18,625;3,702164
18,626667;3,676415
18,628333;3,647804
18,63;3,622055
18,631667;3,593445
18,633333;3,567696
18,635;3,539086
18,636667;3,513336
18,638333;3,484726
18,64;3,458977
18,641667;3,433228
18,643333;3,407479
18,645;3,381729
18,646667;3,353119
18,648333;3,32737
18,65;3,301621
18,651667;3,275871
18,653333;3,250122
18,655;3,224373
18,656667;3,198624
18,658333;3,147125
18,66;3,147125
18,661667;3,121376
18,663333;3,098488
18,665;3,072739
18,666667;3,04699
18,668333;3,02124
18,67;2,998352
18,671667;2,972603
18,673333;2,949715
18,675;2,923966
18,676667;2,901077
18,678333;2,878189
18,68;2,85244
18,681667;2,829552
18,683333;2,803803
18,685;2,780914
18,686667;2,758026
18,688333;2,735138
18,69;2,71225
18,691667;2,689362
18,693333;2,666474
18,695;2,643585
18,696667;2,620697
18,698333;2,597809
18,7;2,574921
18,701667;2,552033
18,703333;2,532005
18,705;2,509117
18,706667;2,486229
18,708333;2,466202
18,71;2,443314
18,711667;2,423287
18,713333;2,400398
18,715;2,380371
18,716667;2,360344
18,718333;2,337456
18,72;2,317429
18,721667;2,297402
18,723333;2,277374
18,725;2,254486
18,726667;2,234459
18,728333;2,214432
18,73;2,194405
18,731667;2,174378
18,733333;2,15435
18,735;2,137184
18,736667;2,117157
18,738333;2,09713
18,74;2,079964
18,741667;2,059937
18,743333;2,039909
18,745;2,022743
18,746667;2,002716
18,748333;1,98555
18,75;1,968384
18,751667;1,931191
18,753333;1,914024
18,755;1,893997
18,756667;1,893997
18,758333;1,876831
18,76;1,859665
18,761667;1,842499
18,763333;1,825333
18,765;1,808167
18,766667;1,791
18,768333;1,773834
18,77;1,756668
18,771667;1,742363
18,773333;1,725197
18,775;1,708031
18,776667;1,693726
18,778333;1,67656
18,78;1,659393
18,781667;1,645088
18,783333;1,613617
18,785;1,596451
18,786667;1,582146
18,788333;1,567841
18,79;1,550675
18,791667;1,536369
18,793333;1,536369
18,795;1,522064
18,796667;1,507759
18,798333;1,493454
18,8;1,479149
18,801667;1,464844
18,803333;1,450539
18,805;1,421928
18,806667;1,407623
18,808333;1,407623
18,81;1,393318
18,811667;1,381874
18,813333;1,367569
18,815;1,34182
18,816667;1,327515
18,818333;1,31321
18,82;1,31321
18,821667;1,301766
18,823333;1,28746
18,825;1,276016
18,826667;1,264572
18,828333;1,250267
18,83;1,238823
18,831667;1,227379
18,833333;1,213074
18,835;1,20163
18,836667;1,190186
18,838333;1,178742
18,84;1,167297
18,841667;1,155853
18,843333;1,144409
18,845;1,132965
18,846667;1,121521
18,848333;1,110077
18,85;1,101494
18,851667;1,09005
18,853333;1,078606
18,855;1,067162
18,856667;1,058579
18,858333;1,047134
18,86;1,03569
18,861667;1,027107
18,863333;1,015663
18,865;1,00708
18,866667;0,995636
18,868333;0,987053
18,87;0,975609
18,871667;0,967026
18,873333;0,955582
18,875;0,946999
18,876667;0,938416
18,878333;0,926971
18,88;0,918388
18,881667;0,909805
18,883333;0,901222
18,885;0,889778
18,886667;0,881195
18,888333;0,872612
18,89;0,864029
18,891667;0,855446
18,893333;0,846863
18,895;0,83828
18,896667;0,829697
18,898333;0,821114
18,9;0,812531
18,901667;0,803947
18,903333;0,795364
18,905;0,789642
18,906667;0,781059
18,908333;0,772476
18,91;0,75531
18,911667;0,749588
18,913333;0,749588
18,915;0,741005
18,916667;0,732422
18,918333;0,7267
18,92;0,712395
18,921667;0,703812
18,923333;0,69809
18,925;0,689507
18,926667;0,689507
18,928333;0,683785
18,93;0,675201
18,931667;0,669479
18,933333;0,663757
18,935;0,655174
18,936667;0,649452
18,938333;0,64373
18,94;0,635147
18,941667;0,629425
18,943333;0,623703
18,945;0,617981
18,946667;0,612259
18,948333;0,603676
18,95;0,597954
18,951667;0,592232
18,953333;0,58651
18,955;0,580788
18,956667;0,575066
18,958333;0,569344
18,96;0,563622
18,961667;0,5579
18,963333;0,552177
18,965;0,546455
18,966667;0,543594
18,968333;0,537872
18,97;0,53215
18,971667;0,526428
18,973333;0,520706
18,975;0,514984
18,976667;0,509262
18,978333;0,50354
18,98;0,500679
18,981667;0,494957
18,983333;0,489235
18,985;0,483513
18,986667;0,480652
18,988333;0,47493
18,99;0,469208
18,991667;0,463486
18,993333;0,460625
18,995;0,454903
18,996667;0,452042
18,998333;0,44632
19;0,440598
19,001667;0,437737
19,003333;0,432014
19,005;0,429153
19,006667;0,423431
19,008333;0,42057
19,01;0,414848
19,011667;0,411987
19,013333;0,406265
19,015;0,403404
19,016667;0,397682
19,018333;0,394821
19,02;0,389099
19,021667;0,383377
19,023333;0,377655
19,025;0,374794
19,026667;0,374794
19,028333;0,371933
19,03;0,366211
19,031667;0,36335
19,033333;0,360489
19,035;0,354767
19,036667;0,351906
19,038333;0,349045
19,04;0,343323
19,041667;0,340462
19,043333;0,337601
19,045;0,33474
19,046667;0,329018
19,048333;0,326157
19,05;0,323296
19,051667;0,320435
19,053333;0,317574
19,055;0,314713
19,056667;0,30899
19,058333;0,306129
19,06;0,303268
19,061667;0,300407
19,063333;0,297546
19,065;0,294685
19,066667;0,291824
19,068333;0,288963
19,07;0,286102
19,071667;0,283241
19,073333;0,277519
19,075;0,277519
19,076667;0,274658
19,078333;0,271797
19,08;0,268936
19,081667;0,266075
19,083333;0,260353
19,085;0,257492
19,086667;0,254631
19,088333;0,254631
19,09;0,25177
19,091667;0,25177
19,093333;0,248909
19,095;0,246048
19,096667;0,243187
19,098333;0,240326
19,1;0,237465
19,101667;0,234604
19,103333;0,234604
19,105;0,231743
19,106667;0,228882
19,108333;0,226021
19,11;0,22316
19,111667;0,220299
19,113333;0,217438
19,115;0,217438
19,116667;0,214577
19,118333;0,211716
19,12;0,208855
19,121667;0,208855
19,123333;0,205994
19,125;0,203133
19,126667;0,203133
19,128333;0,200272
19,13;0,197411
19,131667;0,197411
19,133333;0,19455
19,135;0,191689
19,136667;0,191689
19,138333;0,188828
19,14;0,185967
19,141667;0,185967
19,143333;0,183105
19,145;0,183105
19,146667;0,180244
19,148333;0,177383
19,15;0,177383
19,151667;0,174522
19,153333;0,171661
19,155;0,171661
19,156667;0,1688
19,158333;0,1688
19,16;0,165939
19,161667;0,165939
19,163333;0,163078
19,165;0,160217
19,166667;0,160217
19,168333;0,157356
19,17;0,157356
19,171667;0,154495
19,173333;0,154495
19,175;0,151634
19,176667;0,151634
19,178333;0,148773
19,18;0,148773
19,181667;0,145912
19,183333;0,143051
19,185;0,143051
19,186667;0,14019
19,188333;0,14019
19,19;0,137329
19,191667;0,137329
19,193333;0,134468
19,195;0,134468
19,196667;0,131607
19,198333;0,131607
19,2;0,128746
19,201667;0,128746
19,203333;0,125885
19,205;0,125885
19,206667;0,125885
19,208333;0,123024
19,21;0,123024
19,211667;0,120163
19,213333;0,120163
19,215;0,120163
19,216667;0,117302
19,218333;0,117302
19,22;0,114441
19,221667;0,114441
19,223333;0,11158
19,225;0,11158
19,226667;0,108719
19,228333;0,108719
19,23;0,108719
19,231667;0,105858
19,233333;0,105858
19,235;0,105858
19,236667;0,102997
19,238333;0,102997
19,24;0,102997
19,241667;0,100136
19,243333;0,100136
19,245;0,100136
19,246667;0,097275
19,248333;0,097275
19,25;0,094414
19,251667;0,094414
19,253333;0,094414
19,255;0,091553
19,256667;0,091553
19,258333;0,091553
19,26;0,088692
19,261667;0,088692
19,263333;0,088692
19,265;0,088692
19,266667;0,085831
19,268333;0,085831
19,27;0,085831
19,271667;0,08297
19,273333;0,08297
19,275;0,08297
19,276667;0,08297
19,278333;0,08297
19,28;0,080109
19,281667;0,080109
19,283333;0,080109
19,285;0,080109
19,286667;0,077248
19,288333;0,077248
19,29;0,077248
19,291667;0,077248
19,293333;0,074387
19,295;0,074387
19,296667;0,074387
19,298333;0,074387
19,3;0,071526
19,301667;0,071526
19,303333;0,071526
19,305;0,071526
19,306667;0,068665
19,308333;0,068665
19,31;0,068665
19,311667;0,068665
19,313333;0,065804
19,315;0,065804
19,316667;0,065804
19,318333;0,065804
19,32;0,062943
19,321667;0,062943
19,323333;0,062943
19,325;0,062943
19,326667;0,062943
19,328333;0,060081
19,33;0,060081
19,331667;0,060081
19,333333;0,060081
19,335;0,05722
19,336667;0,05722
19,338333;0,05722
19,34;0,05722
19,341667;0,05722
19,343333;0,05722
19,345;0,054359
19,346667;0,054359
19,348333;0,054359
19,35;0,054359
19,351667;0,054359
19,353333;0,054359
19,355;0,051498
19,356667;0,051498
19,358333;0,051498
19,36;0,051498
19,361667;0,051498
19,363333;0,048637
19,365;0,048637
19,366667;0,048637
19,368333;0,048637
19,37;0,048637
19,371667;0,048637
19,373333;0,045776
19,375;0,045776
19,376667;0,045776
19,378333;0,045776
19,38;0,045776
19,381667;0,045776
19,383333;0,042915
19,385;0,042915
19,386667;0,042915
19,388333;0,042915
19,39;0,042915
19,391667;0,040054
19,393333;0,040054
19,395;0,040054
19,396667;0,040054
19,398333;0,040054
19,4;0,040054
19,401667;0,040054
19,403333;0,040054
19,405;0,037193
19,406667;0,037193
19,408333;0,037193
19,41;0,037193
19,411667;0,037193
19,413333;0,037193
19,415;0,034332
19,416667;0,034332
19,418333;0,034332
19,42;0,034332
19,421667;0,034332
19,423333;0,034332
19,425;0,034332
19,426667;0,034332
19,428333;0,031471
19,43;0,031471
19,431667;0,031471
19,433333;0,031471
19,435;0,031471
19,436667;0,031471
19,438333;0,031471
19,44;0,031471
19,441667;0,031471
19,443333;0,02861
19,445;0,02861
19,446667;0,02861
19,448333;0,02861
19,45;0,02861
19,451667;0,02861
19,453333;0,02861
19,455;0,02861
19,456667;0,02861
19,458333;0,02861
19,46;0,02861
19,461667;0,02861
19,463333;0,02861
19,465;0,025749
19,466667;0,025749
19,468333;0,025749
19,47;0,025749
19,471667;0,025749
19,473333;0,025749
19,475;0,025749
19,476667;0,025749
19,478333;0,025749
19,48;0,025749
19,481667;0,025749
19,483333;0,022888
19,485;0,022888
19,486667;0,022888
19,488333;0,022888
19,49;0,022888
19,491667;0,022888
19,493333;0,022888
19,495;0,022888
19,496667;0,022888
19,498333;0,022888
19,5;0,022888
19,501667;0,020027
19,503333;0,020027
19,505;0,020027
19,506667;0,020027
19,508333;0,020027
19,51;0,020027
19,511667;0,020027
19,513333;0,020027
19,515;0,020027
19,516667;0,020027
19,518333;0,020027
19,52;0,020027
19,521667;0,020027
19,523333;0,020027
19,525;0,020027
19,526667;0,020027
19,528333;0,020027
19,53;0,020027
19,531667;0,020027
19,533333;0,020027
19,535;0,020027
19,536667;0,017166
19,538333;0,017166
19,54;0,017166
19,541667;0,017166
19,543333;0,017166
19,545;0,017166
19,546667;0,017166
19,548333;0,017166
19,55;0,017166
19,551667;0,017166
19,553333;0,017166
19,555;0,017166
19,556667;0,017166
19,558333;0,017166
19,56;0,017166
19,561667;0,017166
19,563333;0,014305
19,565;0,014305
19,566667;0,014305
19,568333;0,014305
19,57;0,014305
19,571667;0,014305
19,573333;0,014305
19,575;0,014305
19,576667;0,014305
19,578333;0,014305
19,58;0,014305
19,581667;0,014305
19,583333;0,014305
19,585;0,014305
19,586667;0,014305
19,588333;0,014305
19,59;0,011444
19,591667;0,011444
19,593333;0,011444
19,595;0,011444
19,596667;0,011444
19,598333;0,011444
19,6;0,011444
19,601667;0,011444
19,603333;0,011444
19,605;0,011444
19,606667;0,011444
19,608333;0,011444
19,61;0,011444
19,611667;0,011444
19,613333;0,011444
19,615;0,008583
19,616667;0,008583
19,618333;0,008583
19,62;0,008583
19,621667;0,008583
19,623333;0,008583
19,625;0,008583
19,626667;0,008583
19,628333;0,008583
19,63;0,008583
19,631667;0,008583
19,633333;0,008583
19,635;0,008583
19,636667;0,008583
19,638333;0,008583
19,64;0,008583
19,641667;0,008583
19,643333;0,008583
19,645;0,008583
19,646667;0,008583
19,648333;0,008583
19,65;0,008583
19,651667;0,008583
19,653333;0,008583
19,655;0,008583
19,656667;0,008583
19,658333;0,008583
19,66;0,008583
19,661667;0,008583
19,663333;0,008583
19,665;0,008583
19,666667;0,008583
19,668333;0,008583
19,67;0,008583
19,671667;0,008583
19,673333;0,008583
19,675;0,008583
19,676667;0,008583
19,678333;0,008583
19,68;0,005722
19,681667;0,005722
19,683333;0,005722
19,685;0,005722
19,686667;0,005722
19,688333;0,005722
19,69;0,005722
19,691667;0,005722
19,693333;0,005722
19,695;0,005722
19,696667;0,005722
19,698333;0,005722
19,7;0,005722
19,701667;0,005722
19,703333;0,005722
19,705;0,005722
19,706667;0,005722
19,708333;0,005722
19,71;0,002861
19,711667;0,002861
19,713333;0,002861
19,715;0,002861
19,716667;0,002861
19,718333;0,002861
19,72;0,002861
19,721667;0,002861
19,723333;0,002861
19,725;0,002861
19,726667;0,002861
19,728333;0,002861
19,73;0,002861
19,731667;0,002861
19,733333;0,002861
19,735;0,002861
19,736667;0,002861
19,738333;0,002861
19,74;0,002861
19,741667;0,002861
19,743333;0,002861
19,745;0,002861
19,746667;0,002861
19,748333;0,002861
19,75;0,002861
19,751667;0,002861
19,753333;0,002861
19,755;0,002861
19,756667;0,002861
19,758333;0,002861
19,76;0,002861
19,761667;0,002861
19,763333;0,002861
19,765;0,002861
19,766667;0,002861
19,768333;0,002861
19,77;0,002861
19,771667;0,002861
19,773333;0,002861
19,775;0,002861
19,776667;0,002861
19,778333;0,002861
19,78;0,002861
19,781667;0,002861
19,783333;0,002861
19,785;0,002861
19,786667;0,002861
19,788333;0,002861
19,79;0
19,791667;0
19,793333;0
19,795;0
19,796667;0
19,798333;0
19,8;0
19,801667;0
19,803333;0
19,805;0
19,806667;0
19,808333;0
19,81;0
19,811667;0
19,813333;0
19,815;0
19,816667;0
19,818333;0
19,82;0
19,821667;0
19,823333;0
19,825;0
19,826667;0
19,828333;0
19,83;0
19,831667;0
19,833333;0
19,835;0
19,836667;0
19,838333;0
19,84;0
19,841667;0
19,843333;-0,002861
19,845;-0,002861
19,846667;-0,002861
19,848333;-0,002861
19,85;-0,002861
19,851667;-0,002861
19,853333;-0,002861
19,855;-0,002861
19,856667;-0,002861
19,858333;-0,002861
19,86;-0,002861
19,861667;-0,002861
19,863333;-0,002861
19,865;-0,002861
19,866667;-0,002861
19,868333;-0,002861
19,87;-0,002861
19,871667;-0,002861
19,873333;-0,002861
19,875;-0,002861
19,876667;-0,002861
19,878333;-0,002861
19,88;-0,002861
19,881667;-0,002861
19,883333;-0,002861
19,885;-0,002861
19,886667;-0,002861
19,888333;-0,002861
19,89;-0,002861
19,891667;-0,002861
19,893333;-0,002861
19,895;-0,002861
19,896667;-0,002861
19,898333;-0,002861
19,9;-0,002861
19,901667;-0,002861
19,903333;-0,002861
19,905;-0,002861
19,906667;-0,002861
19,908333;-0,002861
19,91;-0,002861
19,911667;-0,002861
19,913333;-0,002861
19,915;-0,002861
19,916667;-0,002861
19,918333;-0,002861
19,92;-0,002861
19,921667;-0,002861
19,923333;-0,002861
19,925;-0,002861
19,926667;-0,002861
19,928333;-0,002861
19,93;-0,002861
19,931667;-0,002861
19,933333;-0,002861
19,935;-0,005722
19,936667;-0,005722
19,938333;-0,005722
19,94;-0,005722
19,941667;-0,005722
19,943333;-0,005722
19,945;-0,005722
19,946667;-0,005722
19,948333;-0,005722
19,95;-0,005722
19,951667;-0,005722
19,953333;-0,005722
19,955;-0,005722
19,956667;-0,005722
19,958333;-0,005722
19,96;-0,005722
19,961667;-0,005722
19,963333;-0,005722
19,965;-0,005722
19,966667;-0,005722
19,968333;-0,005722
19,97;-0,005722
19,971667;-0,005722
19,973333;-0,005722
19,975;-0,005722
19,976667;-0,005722
19,978333;-0,005722
19,98;-0,005722
19,981667;-0,005722
19,983333;-0,005722
19,985;-0,005722
19,986667;-0,005722
19,988333;-0,005722
19,99;-0,005722
19,991667;-0,005722
19,993333;-0,005722
19,995;-0,005722
19,996667;-0,005722
19,998333;-0,005722
20;-0,005722
20,001667;-0,005722
20,003333;-0,005722
20,005;-0,005722
20,006667;-0,005722
20,008333;-0,005722
20,01;-0,005722
20,011667;-0,005722
20,013333;-0,005722
20,015;-0,005722
20,016667;-0,005722
20,018333;-0,005722
20,02;-0,005722
20,021667;-0,005722
20,023333;-0,005722
20,025;-0,005722
20,026667;-0,005722
20,028333;-0,005722
20,03;-0,005722
20,031667;-0,005722
20,033333;-0,005722
20,035;-0,005722
20,036667;-0,005722
20,038333;-0,005722
20,04;-0,005722
20,041667;-0,005722
20,043333;-0,005722
20,045;-0,005722
20,046667;-0,005722
20,048333;-0,005722
20,05;-0,005722
20,051667;-0,005722
20,053333;-0,005722
20,055;-0,005722
20,056667;-0,005722
20,058333;-0,005722
20,06;-0,005722
20,061667;-0,005722
20,063333;-0,005722
20,065;-0,005722
20,066667;-0,005722
20,068333;-0,005722
20,07;-0,005722
20,071667;-0,005722
20,073333;-0,005722
20,075;-0,005722
20,076667;-0,005722
20,078333;-0,005722
20,08;-0,005722
20,081667;-0,005722
20,083333;-0,005722
20,085;-0,005722
20,086667;-0,005722
20,088333;-0,005722
20,09;-0,005722
20,091667;-0,005722
20,093333;-0,005722
20,095;-0,005722
20,096667;-0,005722
20,098333;-0,005722
20,1;-0,005722
20,101667;-0,005722
20,103333;-0,005722
20,105;-0,005722
20,106667;-0,005722
20,108333;-0,005722
20,11;-0,005722
20,111667;-0,005722
20,113333;-0,005722
20,115;-0,005722
20,116667;-0,005722
20,118333;-0,005722
20,12;-0,005722
20,121667;-0,005722
20,123333;-0,005722
20,125;-0,005722
20,126667;-0,005722
20,128333;-0,005722
20,13;-0,005722
20,131667;-0,005722
20,133333;-0,005722
20,135;-0,005722
20,136667;-0,005722
20,138333;-0,005722
20,14;-0,005722
20,141667;-0,005722
20,143333;-0,005722
20,145;-0,005722
20,146667;-0,005722
20,148333;-0,005722
20,15;-0,005722
20,151667;-0,005722
20,153333;-0,005722
20,155;-0,005722
20,156667;-0,005722
20,158333;-0,005722
20,16;-0,005722
20,161667;-0,005722
20,163333;-0,005722
20,165;-0,005722
20,166667;-0,005722
20,168333;-0,005722
20,17;-0,005722
20,171667;-0,005722
20,173333;-0,005722
20,175;-0,005722
20,176667;-0,005722
20,178333;-0,005722
20,18;-0,005722
20,181667;-0,005722
20,183333;-0,005722
20,185;-0,005722
20,186667;-0,005722
20,188333;-0,005722
20,19;-0,005722
20,191667;-0,005722
20,193333;-0,005722
20,195;-0,005722
20,196667;-0,005722
20,198333;-0,005722
20,2;-0,005722
20,201667;-0,005722
20,203333;-0,005722
20,205;-0,005722
20,206667;-0,005722
20,208333;-0,005722
20,21;-0,005722
20,211667;-0,005722
20,213333;-0,005722
20,215;-0,005722
20,216667;-0,002861
20,218333;-0,002861
20,22;-0,002861
20,221667;-0,005722
20,223333;-0,005722
20,225;-0,005722
20,226667;-0,005722
20,228333;-0,005722
20,23;-0,005722
20,231667;-0,005722
20,233333;-0,005722
20,235;-0,005722
20,236667;-0,005722
20,238333;-0,005722
20,24;-0,005722
20,241667;-0,005722
20,243333;-0,005722
20,245;-0,005722
20,246667;-0,005722
20,248333;-0,005722
20,25;-0,005722
20,251667;-0,005722
20,253333;-0,005722
20,255;-0,005722
20,256667;-0,005722
20,258333;-0,005722
20,26;-0,005722
20,261667;-0,005722
20,263333;-0,005722
20,265;-0,005722
20,266667;-0,005722
20,268333;-0,005722
20,27;-0,005722
20,271667;-0,005722
20,273333;-0,005722
20,275;-0,005722
20,276667;-0,005722
20,278333;-0,005722
20,28;-0,005722
20,281667;-0,005722
20,283333;-0,005722
20,285;-0,005722
20,286667;-0,005722
20,288333;-0,005722
20,29;-0,005722
20,291667;-0,005722
20,293333;-0,005722
20,295;-0,005722
20,296667;-0,005722
20,298333;-0,005722
20,3;-0,005722
20,301667;-0,005722
20,303333;-0,005722
20,305;-0,005722
20,306667;-0,005722
20,308333;-0,005722
20,31;-0,005722
20,311667;-0,005722
20,313333;-0,005722
20,315;-0,005722
20,316667;-0,005722
20,318333;-0,005722
20,32;-0,005722
20,321667;-0,005722
20,323333;-0,005722
20,325;-0,005722
20,326667;-0,005722
20,328333;-0,005722
20,33;-0,005722
20,331667;-0,005722
20,333333;-0,005722
20,335;-0,005722
20,336667;-0,005722
20,338333;-0,005722
20,34;-0,005722
20,341667;-0,005722
20,343333;-0,005722
20,345;-0,005722
20,346667;-0,005722
20,348333;-0,005722
20,35;-0,005722
20,351667;-0,005722
20,353333;-0,005722
20,355;-0,005722
20,356667;-0,005722
20,358333;-0,005722
20,36;-0,005722
20,361667;-0,005722
20,363333;-0,005722
20,365;-0,005722
20,366667;-0,005722
20,368333;-0,005722
20,37;-0,008583
20,371667;-0,008583
20,373333;-0,008583
20,375;-0,008583
20,376667;-0,008583
20,378333;-0,008583
20,38;-0,008583
20,381667;-0,008583
20,383333;-0,008583
20,385;-0,008583
20,386667;-0,008583
20,388333;-0,008583
20,39;-0,008583
20,391667;-0,008583
20,393333;-0,008583
20,395;-0,008583
20,396667;-0,008583
20,398333;-0,008583
20,4;-0,008583
20,401667;-0,008583
20,403333;-0,008583
20,405;-0,008583
20,406667;-0,008583
20,408333;-0,008583
20,41;-0,008583
20,411667;-0,008583
20,413333;-0,008583
20,415;-0,008583
20,416667;-0,008583
20,418333;-0,008583
20,42;-0,008583
20,421667;-0,008583
20,423333;-0,008583
20,425;-0,008583
20,426667;-0,008583
20,428333;-0,008583
20,43;-0,008583
20,431667;-0,008583
20,433333;-0,008583
20,435;-0,008583
20,436667;-0,008583
20,438333;-0,008583
20,44;-0,008583
20,441667;-0,008583
20,443333;-0,008583
20,445;-0,008583
20,446667;-0,008583
20,448333;-0,008583
20,45;-0,008583
20,451667;-0,008583
20,453333;-0,008583
20,455;-0,008583
20,456667;-0,008583
20,458333;-0,008583
20,46;-0,008583
20,461667;-0,008583
20,463333;-0,008583
20,465;-0,008583
20,466667;-0,008583
20,468333;-0,008583
20,47;-0,011444
20,471667;-0,011444
20,473333;-0,011444
20,475;-0,011444
20,476667;-0,011444
20,478333;-0,008583
20,48;-0,008583
20,481667;-0,008583
20,483333;-0,008583
20,485;-0,008583
20,486667;-0,008583
20,488333;-0,008583
20,49;-0,008583
20,491667;-0,008583
20,493333;-0,008583
20,495;-0,008583
20,496667;-0,008583
20,498333;-0,008583
20,5;-0,008583
20,501667;-0,008583
20,503333;-0,008583
20,505;-0,008583
20,506667;-0,008583
20,508333;-0,008583
20,51;-0,008583
20,511667;-0,008583
20,513333;-0,008583
20,515;-0,008583
20,516667;-0,008583
20,518333;-0,008583
20,52;-0,008583
20,521667;-0,008583
20,523333;-0,011444
20,525;-0,011444
20,526667;-0,011444
20,528333;-0,011444
20,53;-0,008583
20,531667;-0,008583
20,533333;-0,008583
20,535;-0,008583
20,536667;-0,008583
20,538333;-0,008583
20,54;-0,008583
20,541667;-0,008583
20,543333;-0,008583
20,545;-0,008583
20,546667;-0,008583
20,548333;-0,008583
20,55;-0,008583
20,551667;-0,008583
20,553333;-0,008583
20,555;-0,008583
20,556667;-0,008583
20,558333;-0,011444
20,56;-0,011444
20,561667;-0,011444
20,563333;-0,011444
20,565;-0,011444
20,566667;-0,011444
20,568333;-0,011444
20,57;-0,011444
20,571667;-0,011444
20,573333;-0,011444
20,575;-0,011444
20,576667;-0,011444
20,578333;-0,011444
20,58;-0,011444
20,581667;-0,011444
20,583333;-0,011444
20,585;-0,011444
20,586667;-0,011444
20,588333;-0,011444
20,59;-0,011444
20,591667;-0,011444
20,593333;-0,011444
20,595;-0,011444
20,596667;-0,011444
20,598333;-0,011444
20,6;-0,011444
20,601667;-0,011444
20,603333;-0,011444
20,605;-0,011444
20,606667;-0,011444
20,608333;-0,011444
20,61;-0,011444
20,611667;-0,011444
20,613333;-0,011444
20,615;-0,011444
20,616667;-0,011444
20,618333;-0,011444
20,62;-0,011444
20,621667;-0,011444
20,623333;-0,011444
20,625;-0,011444
20,626667;-0,011444
20,628333;-0,011444
20,63;-0,011444
20,631667;-0,011444
20,633333;-0,011444
20,635;-0,011444
20,636667;-0,011444
20,638333;-0,011444
20,64;-0,011444
20,641667;-0,011444
20,643333;-0,011444
20,645;-0,011444
20,646667;-0,011444
20,648333;-0,011444
20,65;-0,011444
20,651667;-0,011444
20,653333;-0,011444
20,655;-0,011444
20,656667;-0,011444
20,658333;-0,011444
20,66;-0,011444
20,661667;-0,011444
20,663333;-0,011444
20,665;-0,011444
20,666667;-0,011444
20,668333;-0,011444
20,67;-0,011444
20,671667;-0,011444
20,673333;-0,011444
20,675;-0,011444
20,676667;-0,011444
20,678333;-0,011444
20,68;-0,011444
20,681667;-0,011444
20,683333;-0,011444
20,685;-0,011444
20,686667;-0,011444
20,688333;-0,011444
20,69;-0,011444
20,691667;-0,011444
20,693333;-0,011444
20,695;-0,011444
20,696667;-0,011444
20,698333;-0,011444
20,7;-0,011444
20,701667;-0,011444
20,703333;-0,011444
20,705;-0,011444
20,706667;-0,011444
20,708333;-0,011444
20,71;-0,011444
20,711667;-0,008583
20,713333;-0,008583
20,715;-0,008583
20,716667;-0,008583
20,718333;-0,008583
20,72;-0,008583
20,721667;-0,008583
20,723333;-0,008583
20,725;-0,008583
20,726667;-0,008583
20,728333;-0,008583
20,73;-0,008583
20,731667;-0,008583
20,733333;-0,008583
20,735;-0,008583
20,736667;-0,008583
20,738333;-0,008583
20,74;-0,008583
20,741667;-0,008583
20,743333;-0,008583
20,745;-0,008583
20,746667;-0,008583
20,748333;-0,008583
20,75;-0,008583
20,751667;-0,008583
20,753333;-0,008583
20,755;-0,008583
20,756667;-0,008583
20,758333;-0,008583
20,76;-0,008583
20,761667;-0,008583
20,763333;-0,008583
20,765;-0,008583
20,766667;-0,008583
20,768333;-0,008583
20,77;-0,008583
20,771667;-0,008583
20,773333;-0,008583
20,775;-0,008583
20,776667;-0,008583
20,778333;-0,008583
20,78;-0,008583
20,781667;-0,008583
20,783333;-0,008583
20,785;-0,008583
20,786667;-0,008583
20,788333;-0,008583
20,79;-0,008583
20,791667;-0,008583
20,793333;-0,008583
20,795;-0,008583
20,796667;-0,008583
20,798333;-0,008583
20,8;-0,008583
20,801667;-0,008583
20,803333;-0,005722
20,805;-0,005722
20,806667;-0,005722
20,808333;-0,005722
20,81;-0,005722
20,811667;-0,005722
20,813333;-0,005722
20,815;-0,005722
20,816667;-0,005722
20,818333;-0,005722
20,82;-0,005722
20,821667;-0,005722
20,823333;-0,005722
20,825;-0,005722
20,826667;-0,005722
20,828333;-0,005722
20,83;-0,002861
20,831667;-0,002861
20,833333;-0,002861
20,835;-0,002861
20,836667;-0,002861
20,838333;-0,002861
20,84;-0,002861
20,841667;-0,002861
20,843333;-0,002861
20,845;-0,002861
20,846667;-0,002861
20,848333;-0,002861
20,85;0
20,851667;0
20,853333;0
20,855;0
20,856667;0
20,858333;0
20,86;0
20,861667;0
20,863333;0
20,865;0
20,866667;0
20,868333;0
20,87;0
20,871667;0,002861
20,873333;0,002861
20,875;0,002861
20,876667;0,002861
20,878333;0,002861
20,88;0,002861
20,881667;0,002861
20,883333;0,002861
20,885;0,005722
20,886667;0,005722
20,888333;0,005722
20,89;0,005722
20,891667;0,005722
20,893333;0,008583
20,895;0,008583
20,896667;0,008583
20,898333;0,008583
20,9;0,008583
20,901667;0,008583
20,903333;0,011444
20,905;0,011444
20,906667;0,011444
20,908333;0,011444
20,91;0,011444
20,911667;0,014305
20,913333;0,014305
20,915;0,014305
20,916667;0,014305
20,918333;0,014305
20,92;0,017166
20,921667;0,017166
20,923333;0,017166
20,925;0,017166
20,926667;0,017166
20,928333;0,017166
20,93;0,020027
20,931667;0,020027
20,933333;0,020027
20,935;0,020027
20,936667;0,020027
20,938333;0,022888
20,94;0,022888
20,941667;0,022888
20,943333;0,022888
20,945;0,025749
20,946667;0,025749
20,948333;0,025749
20,95;0,025749
20,951667;0,02861
20,953333;0,02861
20,955;0,02861
20,956667;0,02861
20,958333;0,031471
20,96;0,031471
20,961667;0,031471
20,963333;0,034332
20,965;0,034332
20,966667;0,034332
20,968333;0,037193
20,97;0,037193
20,971667;0,037193
20,973333;0,040054
20,975;0,040054
20,976667;0,042915
20,978333;0,042915
20,98;0,042915
20,981667;0,045776
20,983333;0,045776
20,985;0,045776
20,986667;0,048637
20,988333;0,048637
20,99;0,051498
20,991667;0,051498
20,993333;0,051498
20,995;0,054359
20,996667;0,054359
20,998333;0,054359
21;0,05722
21,001667;0,05722
21,003333;0,05722
21,005;0,060081
21,006667;0,060081
21,008333;0,062943
21,01;0,062943
21,011667;0,065804
21,013333;0,065804
21,015;0,068665
21,016667;0,068665
21,018333;0,071526
21,02;0,071526
21,021667;0,074387
21,023333;0,074387
21,025;0,077248
21,026667;0,080109
21,028333;0,08297
21,03;0,08297
21,031667;0,08297
21,033333;0,085831
21,035;0,088692
21,036667;0,088692
21,038333;0,091553
21,04;0,094414
21,041667;0,094414
21,043333;0,097275
21,045;0,097275
21,046667;0,100136
21,048333;0,100136
21,05;0,102997
21,051667;0,105858
21,053333;0,105858
21,055;0,108719
21,056667;0,11158
21,058333;0,114441
21,06;0,114441
21,061667;0,117302
21,063333;0,120163
21,065;0,123024
21,066667;0,123024
21,068333;0,125885
21,07;0,128746
21,071667;0,131607
21,073333;0,134468
21,075;0,137329
21,076667;0,137329
21,078333;0,14019
21,08;0,143051
21,081667;0,145912
21,083333;0,148773
21,085;0,151634
21,086667;0,154495
21,088333;0,157356
21,09;0,160217
21,091667;0,163078
21,093333;0,165939
21,095;0,1688
21,096667;0,171661
21,098333;0,174522
21,1;0,177383
21,101667;0,183105
21,103333;0,185967
21,105;0,188828
21,106667;0,191689
21,108333;0,19455
21,11;0,200272
21,111667;0,203133
21,113333;0,205994
21,115;0,208855
21,116667;0,214577
21,118333;0,217438
21,12;0,220299
21,121667;0,22316
21,123333;0,228882
21,125;0,231743
21,126667;0,237465
21,128333;0,240326
21,13;0,246048
21,131667;0,248909
21,133333;0,254631
21,135;0,257492
21,136667;0,263214
21,138333;0,266075
21,14;0,271797
21,141667;0,277519
21,143333;0,28038
21,145;0,286102
21,146667;0,291824
21,148333;0,294685
21,15;0,300407
21,151667;0,306129
21,153333;0,311852
21,155;0,317574
21,156667;0,323296
21,158333;0,329018
21,16;0,33474
21,161667;0,340462
21,163333;0,346184
21,165;0,351906
21,166667;0,357628
21,168333;0,36335
21,17;0,369072
21,171667;0,374794
21,173333;0,383377
21,175;0,389099
21,176667;0,397682
21,178333;0,403404
21,18;0,409126
21,181667;0,417709
21,183333;0,423431
21,185;0,432014
21,186667;0,437737
21,188333;0,44632
21,19;0,460625
21,191667;0,469208
21,193333;0,477791
21,195;0,486374
21,196667;0,494957
21,198333;0,494957
21,2;0,50354
21,201667;0,512123
21,203333;0,520706
21,205;0,529289
21,206667;0,537872
21,208333;0,546455
21,21;0,555038
21,211667;0,563622
21,213333;0,575066
21,215;0,583649
21,216667;0,592232
21,218333;0,603676
21,22;0,612259
21,221667;0,623703
21,223333;0,635147
21,225;0,64373
21,226667;0,655174
21,228333;0,666618
21,23;0,678062
21,231667;0,686646
21,233333;0,69809
21,235;0,709534
21,236667;0,720978
21,238333;0,732422
21,24;0,746727
21,241667;0,758171
21,243333;0,769615
21,245;0,781059
21,246667;0,795364
21,248333;0,806809
21,25;0,821114
21,251667;0,846863
21,253333;0,846863
21,255;0,861168
21,256667;0,875473
21,258333;0,886917
21,26;0,901222
21,261667;0,915527
21,263333;0,929833
21,265;0,944138
21,266667;0,961304
21,268333;0,975609
21,27;0,989914
21,271667;1,004219
21,273333;1,021385
21,275;1,03569
21,276667;1,052857
21,278333;1,070023
21,28;1,084328
21,281667;1,101494
21,283333;1,11866
21,285;1,135826
21,286667;1,152992
21,288333;1,170158
21,29;1,187325
21,291667;1,207352
21,293333;1,224518
21,295;1,241684
21,296667;1,261711
21,298333;1,278877
21,3;1,298904
21,301667;1,318932
21,303333;1,336098
21,305;1,356125
21,306667;1,376152
21,308333;1,396179
21,31;1,416206
21,311667;1,436234
21,313333;1,456261
21,315;1,476288
21,316667;1,499176
21,318333;1,519203
21,32;1,53923
21,321667;1,562119
21,323333;1,585007
21,325;1,605034
21,326667;1,627922
21,328333;1,65081
21,33;1,673699
21,331667;1,696587
21,333333;1,719475
21,335;1,742363
21,336667;1,765251
21,338333;1,788139
21,34;1,813889
21,341667;1,836777
21,343333;1,862526
21,345;1,885414
21,346667;1,911163
21,348333;1,936913
21,35;1,962662
21,351667;1,98555
21,353333;2,011299
21,355;2,037048
21,356667;2,062798
21,358333;2,091408
21,36;2,117157
21,361667;2,142906
21,363333;2,168656
21,365;2,197266
21,366667;2,223015
21,368333;2,251625
21,37;2,280235
21,371667;2,305985
21,373333;2,334595
21,375;2,363205
21,376667;2,391815
21,378333;2,420426
21,38;2,449036
21,381667;2,477646
21,383333;2,506256
21,385;2,534866
21,386667;2,563477
21,388333;2,592087
21,39;2,623558
21,391667;2,652168
21,393333;2,68364
21,395;2,71225
21,396667;2,743721
21,398333;2,772331
21,4;2,803803
21,401667;2,835274
21,403333;2,866745
21,405;2,895355
21,406667;2,926827
21,408333;2,958298
21,41;2,989769
21,411667;3,02124
21,413333;3,052712
21,415;3,084183
21,416667;3,115654
21,418333;3,147125
21,42;3,178597
21,421667;3,212929
21,423333;3,2444
21,425;3,275871
21,426667;3,310204
21,428333;3,341675
21,43;3,373146
21,431667;3,407479
21,433333;3,43895
21,435;3,473282
21,436667;3,504753
21,438333;3,539086
21,44;3,570557
21,441667;3,604889
21,443333;3,63636
21,445;3,670693
21,446667;3,705025
21,448333;3,736496
21,45;3,770828
21,451667;3,805161
21,453333;3,836632
21,455;3,870964
21,456667;3,902436
21,458333;3,936768
21,46;3,9711
21,461667;4,005432
21,463333;4,036904
21,465;4,071236
21,466667;4,105568
21,468333;4,137039
21,47;4,171372
21,471667;4,205704
21,473333;4,240036
21,475;4,271508
21,476667;4,30584
21,478333;4,337311
21,48;4,371643
21,481667;4,405976
21,483333;4,437447
21,485;4,471779
21,486667;4,50325
21,488333;4,537583
21,49;4,569054
21,491667;4,603386
21,493333;4,634857
21,495;4,66919
21,496667;4,700661
21,498333;4,732132
21,5;4,766465
21,501667;4,797936
21,503333;4,829407
21,505;4,863739
21,506667;4,895211
21,508333;4,926682
21,51;4,958153
21,511667;4,989624
21,513333;5,021096
21,515;5,052567
21,516667;5,084038
21,518333;5,115509
21,52;5,14412
21,521667;5,175591
21,523333;5,207062
21,525;5,235672
21,526667;5,267144
21,528333;5,295754
21,53;5,327225
21,531667;5,355835
21,533333;5,384446
21,535;5,413056
21,536667;5,441666
21,538333;5,470276
21,54;5,498886
21,541667;5,527497
21,543333;5,556107
21,545;5,581856
21,546667;5,610466
21,548333;5,639077
21,55;5,664826
21,551667;5,690575
21,553333;5,719185
21,555;5,744934
21,556667;5,770684
21,558333;5,796433
21,56;5,822182
21,561667;5,847931
21,563333;5,87368
21,565;5,896569
21,566667;5,922318
21,568333;5,945206
21,57;5,970955
21,571667;5,993843
21,573333;6,016732
21,575;6,03962
21,576667;6,062508
21,578333;6,085396
21,58;6,108284
21,581667;6,131173
21,583333;6,1512
21,585;6,174088
21,586667;6,194115
21,588333;6,214142
21,59;6,23703
21,591667;6,257058
21,593333;6,277085
21,595;6,294251
21,596667;6,314278
21,598333;6,334305
21,6;6,351471
21,601667;6,388665
21,603333;6,388665
21,605;6,405831
21,606667;6,422997
21,608333;6,440163
21,61;6,454468
21,611667;6,4888
21,613333;6,503106
21,615;6,517411
21,616667;6,531716
21,618333;6,546021
21,62;6,546021
21,621667;6,560326
21,623333;6,574631
21,625;6,588936
21,626667;6,60038
21,628333;6,614685
21,63;6,62613
21,631667;6,637574
21,633333;6,649018
21,635;6,660462
21,636667;6,671906
21,638333;6,68335
21,64;6,691933
21,641667;6,700516
21,643333;6,71196
21,645;6,720543
21,646667;6,729126
21,648333;6,737709
21,65;6,743431
21,651667;6,752015
21,653333;6,760598
21,655;6,76632
21,656667;6,772042
21,658333;6,777764
21,66;6,783486
21,661667;6,789208
21,663333;6,79493
21,665;6,803513
21,666667;6,806374
21,668333;6,809235
21,67;6,809235
21,671667;6,812096
21,673333;6,814957
21,675;6,820679
21,676667;6,82354
21,678333;6,82354
21,68;6,82354
21,681667;6,826401
21,683333;6,826401
21,685;6,826401
21,686667;6,826401
21,688333;6,826401
21,69;6,82354
21,691667;6,82354
21,693333;6,820679
21,695;6,820679
21,696667;6,817818
21,698333;6,814957
21,7;6,812096
21,701667;6,809235
21,703333;6,803513
21,705;6,800652
21,706667;6,797791
21,708333;6,792069
21,71;6,789208
21,711667;6,783486
21,713333;6,777764
21,715;6,772042
21,716667;6,763459
21,718333;6,757737
21,72;6,752015
21,721667;6,743431
21,723333;6,737709
21,725;6,729126
21,726667;6,720543
21,728333;6,71196
21,73;6,703377
21,731667;6,694794
21,733333;6,686211
21,735;6,674767
21,736667;6,666184
21,738333;6,65474
21,74;6,646157
21,741667;6,634713
21,743333;6,623269
21,745;6,611824
21,746667;6,60038
21,748333;6,588936
21,75;6,574631
21,751667;6,563187
21,753333;6,548882
21,755;6,537438
21,756667;6,523133
21,758333;6,508828
21,76;6,494522
21,761667;6,480217
21,763333;6,465912
21,765;6,451607
21,766667;6,437302
21,768333;6,422997
21,77;6,405831
21,771667;6,391526
21,773333;6,37436
21,775;6,360054
21,776667;6,342888
21,778333;6,325722
21,78;6,308556
21,781667;6,29139
21,783333;6,274224
21,785;6,257058
21,786667;6,239891
21,788333;6,222725
21,79;6,202698
21,791667;6,185532
21,793333;6,168366
21,795;6,148339
21,796667;6,131173
21,798333;6,111145
21,8;6,091118
21,801667;6,071091
21,803333;6,051064
21,805;6,033898
21,806667;6,01101
21,808333;5,990982
21,81;5,970955
21,811667;5,950928
21,813333;5,930901
21,815;5,910874
21,816667;5,887986
21,818333;5,867958
21,82;5,84507
21,821667;5,825043
21,823333;5,802155
21,825;5,779267
21,826667;5,75924
21,828333;5,736351
21,83;5,713463
21,831667;5,690575
21,833333;5,667687
21,835;5,644799
21,836667;5,62191
21,838333;5,601883
21,84;5,576134
21,841667;5,553246
21,843333;5,530358
21,845;5,50747
21,846667;5,484581
21,848333;5,461693
21,85;5,438805
21,851667;5,413056
21,853333;5,390168
21,855;5,367279
21,856667;5,34153
21,858333;5,318642
21,86;5,292893
21,861667;5,270005
21,863333;5,244255
21,865;5,221367
21,866667;5,195618
21,868333;5,169869
21,87;5,146981
21,871667;5,121231
21,873333;5,098343
21,875;5,072594
21,876667;5,046845
21,878333;5,023957
21,88;4,998207
21,881667;4,972458
21,883333;4,94957
21,885;4,923821
21,886667;4,898072
21,888333;4,872322
21,89;4,846573
21,891667;4,820824
21,893333;4,797936
21,895;4,772187
21,896667;4,746437
21,898333;4,720688
21,9;4,694939
21,901667;4,66919
21,903333;4,643441
21,905;4,620552
21,906667;4,594803
21,908333;4,569054
21,91;4,543305
21,911667;4,517556
21,913333;4,491806
21,915;4,466057
21,916667;4,440308
21,918333;4,41742
21,92;4,39167
21,921667;4,365921
21,923333;4,340172
21,925;4,314423
21,926667;4,288674
21,928333;4,265785
21,93;4,240036
21,931667;4,214287
21,933333;4,188538
21,935;4,162789
21,936667;4,1399
21,938333;4,114151
21,94;4,088402
21,941667;4,062653
21,943333;4,039765
21,945;4,014015
21,946667;3,988266
21,948333;3,962517
21,95;3,939629
21,951667;3,91388
21,953333;3,88813
21,955;3,865242
21,956667;3,839493
21,958333;3,813744
21,96;3,790856
21,961667;3,765106
21,963333;3,742218
21,965;3,716469
21,966667;3,693581
21,968333;3,667832
21,97;3,644943
21,971667;3,619194
21,973333;3,596306
21,975;3,573418
21,976667;3,547669
21,978333;3,52478
21,98;3,499031
21,981667;3,476143
21,983333;3,453255
21,985;3,427506
21,986667;3,404618
21,988333;3,381729
21,99;3,358841
21,991667;3,335953
21,993333;3,310204
21,995;3,287316
21,996667;3,264427
21,998333;3,241539
22;3,218651
22,001667;3,175736
22,003333;3,152847
22,005;3,152847
22,006667;3,129959
22,008333;3,107071
22,01;3,084183
22,011667;3,061295
22,013333;3,038407
22,015;3,018379
22,016667;2,995491
22,018333;2,972603
22,02;2,952576
22,021667;2,929688
22,023333;2,906799
22,025;2,886772
22,026667;2,863884
22,028333;2,843857
22,03;2,820969
22,031667;2,800942
22,033333;2,780914
22,035;2,758026
22,036667;2,737999
22,038333;2,717972
22,04;2,697945
22,041667;2,677918
22,043333;2,655029
22,045;2,635002
22,046667;2,614975
22,048333;2,594948
22,05;2,574921
22,051667;2,554894
22,053333;2,534866
22,055;2,514839
22,056667;2,494812
22,058333;2,474785
22,06;2,457619
22,061667;2,437592
22,063333;2,417565
22,065;2,397537
22,066667;2,380371
22,068333;2,360344
22,07;2,340317
22,071667;2,323151
22,073333;2,303124
22,075;2,285957
22,076667;2,26593
22,078333;2,248764
22,08;2,231598
22,081667;2,211571
22,083333;2,194405
22,085;2,177239
22,086667;2,157211
22,088333;2,140045
22,09;2,122879
22,091667;2,105713
22,093333;2,088547
22,095;2,071381
22,096667;2,054215
22,098333;2,037048
22,1;2,019882
22,101667;2,002716
22,103333;1,98555
22,105;1,968384
22,106667;1,951218
22,108333;1,936913
22,11;1,919747
22,111667;1,90258
22,113333;1,888275
22,115;1,871109
22,116667;1,856804
22,118333;1,825333
22,12;1,825333
22,121667;1,808167
22,123333;1,793861
22,125;1,776695
22,126667;1,76239
22,128333;1,730919
22,13;1,716614
22,131667;1,702309
22,133333;1,685143
22,135;1,685143
22,136667;1,670838
22,138333;1,656532
22,14;1,642227
22,141667;1,627922
22,143333;1,613617
22,145;1,599312
22,146667;1,585007
22,148333;1,570702
22,15;1,556397
22,151667;1,542091
22,153333;1,527786
22,155;1,516342
22,156667;1,502037
22,158333;1,487732
22,16;1,476288
22,161667;1,461983
22,163333;1,447678
22,165;1,436234
22,166667;1,421928
22,168333;1,410484
22,17;1,396179
22,171667;1,384735
22,173333;1,37043
22,175;1,358986
22,176667;1,347542
22,178333;1,336098
22,18;1,321793
22,181667;1,310349
22,183333;1,298904
22,185;1,28746
22,186667;1,276016
22,188333;1,261711
22,19;1,250267
22,191667;1,238823
22,193333;1,227379
22,195;1,215935
22,196667;1,204491
22,198333;1,195908
22,2;1,184464
22,201667;1,173019
22,203333;1,161575
22,205;1,150131
22,206667;1,141548
22,208333;1,130104
22,21;1,11866
22,211667;1,110077
22,213333;1,098633
22,215;1,087189
22,216667;1,078606
22,218333;1,067162
22,22;1,055718
22,221667;1,047134
22,223333;1,03569
22,225;1,027107
22,226667;1,018524
22,228333;1,00708
22,23;0,987053
22,231667;0,97847
22,233333;0,969887
22,235;0,961304
22,236667;0,961304
22,238333;0,94986
22,24;0,941277
22,241667;0,932694
22,243333;0,92411
22,245;0,915527
22,246667;0,906944
22,248333;0,898361
22,25;0,889778
22,251667;0,881195
22,253333;0,872612
22,255;0,864029
22,256667;0,855446
22,258333;0,846863
22,26;0,83828
22,261667;0,829697
22,263333;0,821114
22,265;0,812531
22,266667;0,803947
22,268333;0,798225
22,27;0,789642
22,271667;0,781059
22,273333;0,775337
22,275;0,766754
22,276667;0,758171
22,278333;0,752449
22,28;0,743866
22,281667;0,738144
22,283333;0,729561
22,285;0,720978
22,286667;0,715256
22,288333;0,709534
22,29;0,700951
22,291667;0,695229
22,293333;0,686646
22,295;0,680924
22,296667;0,67234
22,298333;0,666618
22,3;0,660896
22,301667;0,652313
22,303333;0,646591
22,305;0,640869
22,306667;0,635147
22,308333;0,626564
22,31;0,620842
22,311667;0,606537
22,313333;0,600815
22,315;0,595093
22,316667;0,589371
22,318333;0,589371
22,32;0,583649
22,321667;0,572205
22,323333;0,566483
22,325;0,560761
22,326667;0,555038
22,328333;0,549316
22,33;0,543594
22,331667;0,543594
22,333333;0,537872
22,335;0,53215
22,336667;0,526428
22,338333;0,520706
22,34;0,514984
22,341667;0,509262
22,343333;0,506401
22,345;0,500679
22,346667;0,494957
22,348333;0,489235
22,35;0,486374
22,351667;0,480652
22,353333;0,47493
22,355;0,469208
22,356667;0,463486
22,358333;0,460625
22,36;0,454903
22,361667;0,449181
22,363333;0,44632
22,365;0,440598
22,366667;0,437737
22,368333;0,432014
22,37;0,426292
22,371667;0,423431
22,373333;0,414848
22,375;0,414848
22,376667;0,409126
22,378333;0,406265
22,38;0,400543
22,381667;0,397682
22,383333;0,389099
22,385;0,383377
22,386667;0,380516
22,388333;0,374794
22,39;0,374794
22,391667;0,371933
22,393333;0,366211
22,395;0,36335
22,396667;0,360489
22,398333;0,354767
22,4;0,351906
22,401667;0,349045
22,403333;0,343323
22,405;0,340462
22,406667;0,337601
22,408333;0,331879
22,41;0,329018
22,411667;0,326157
22,413333;0,323296
22,415;0,320435
22,416667;0,314713
22,418333;0,311852
22,42;0,30899
22,421667;0,306129
22,423333;0,303268
22,425;0,297546
22,426667;0,294685
22,428333;0,291824
22,43;0,288963
22,431667;0,286102
22,433333;0,283241
22,435;0,28038
22,436667;0,277519
22,438333;0,274658
22,44;0,271797
22,441667;0,268936
22,443333;0,266075
22,445;0,263214
22,446667;0,260353
22,448333;0,257492
22,45;0,254631
22,451667;0,25177
22,453333;0,248909
22,455;0,246048
22,456667;0,243187
22,458333;0,240326
22,46;0,237465
22,461667;0,234604
22,463333;0,231743
22,465;0,228882
22,466667;0,228882
22,468333;0,226021
22,47;0,22316
22,471667;0,220299
22,473333;0,217438
22,475;0,211716
22,476667;0,208855
22,478333;0,208855
22,48;0,205994
22,481667;0,203133
22,483333;0,200272
22,485;0,200272
22,486667;0,197411
22,488333;0,197411
22,49;0,19455
22,491667;0,191689
22,493333;0,188828
22,495;0,188828
22,496667;0,183105
22,498333;0,180244
22,5;0,180244
22,501667;0,180244
22,503333;0,177383
22,505;0,174522
22,506667;0,174522
22,508333;0,171661
22,51;0,171661
22,511667;0,1688
22,513333;0,165939
22,515;0,165939
22,516667;0,163078
22,518333;0,160217
22,52;0,160217
22,521667;0,157356
22,523333;0,154495
22,525;0,154495
22,526667;0,151634
22,528333;0,148773
22,53;0,148773
22,531667;0,145912
22,533333;0,145912
22,535;0,143051
22,536667;0,143051
22,538333;0,14019
22,54;0,137329
22,541667;0,137329
22,543333;0,134468
22,545;0,134468
22,546667;0,131607
22,548333;0,131607
22,55;0,128746
22,551667;0,128746
22,553333;0,125885
22,555;0,125885
22,556667;0,123024
22,558333;0,123024
22,56;0,120163
22,561667;0,120163
22,563333;0,117302
22,565;0,117302
22,566667;0,117302
22,568333;0,114441
22,57;0,11158
22,571667;0,11158
22,573333;0,11158
22,575;0,108719
22,576667;0,108719
22,578333;0,105858
22,58;0,105858
22,581667;0,102997
22,583333;0,102997
22,585;0,102997
22,586667;0,100136
22,588333;0,100136
22,59;0,097275
22,591667;0,097275
22,593333;0,097275
22,595;0,094414
22,596667;0,094414
22,598333;0,091553
22,6;0,091553
22,601667;0,091553
22,603333;0,088692
22,605;0,088692
22,606667;0,088692
22,608333;0,085831
22,61;0,085831
22,611667;0,085831
22,613333;0,08297
22,615;0,08297
22,616667;0,08297
22,618333;0,080109
22,62;0,080109
22,621667;0,080109
22,623333;0,077248
22,625;0,077248
22,626667;0,077248
22,628333;0,077248
22,63;0,074387
22,631667;0,074387
22,633333;0,074387
22,635;0,071526
22,636667;0,071526
22,638333;0,071526
22,64;0,068665
22,641667;0,068665
22,643333;0,068665
22,645;0,068665
22,646667;0,065804
22,648333;0,065804
22,65;0,065804
22,651667;0,062943
22,653333;0,062943
22,655;0,062943
22,656667;0,062943
22,658333;0,062943
22,66;0,060081
22,661667;0,060081
22,663333;0,05722
22,665;0,05722
22,666667;0,05722
22,668333;0,05722
22,67;0,054359
22,671667;0,054359
22,673333;0,054359
22,675;0,054359
22,676667;0,054359
22,678333;0,054359
22,68;0,051498
22,681667;0,051498
22,683333;0,051498
22,685;0,051498
22,686667;0,048637
22,688333;0,048637
22,69;0,048637
22,691667;0,048637
22,693333;0,048637
22,695;0,045776
22,696667;0,045776
22,698333;0,045776
22,7;0,045776
22,701667;0,042915
22,703333;0,042915
22,705;0,042915
22,706667;0,042915
22,708333;0,042915
22,71;0,042915
22,711667;0,040054
22,713333;0,040054
22,715;0,040054
22,716667;0,040054
22,718333;0,040054
22,72;0,040054
22,721667;0,037193
22,723333;0,037193
22,725;0,037193
22,726667;0,037193
22,728333;0,037193
22,73;0,037193
22,731667;0,034332
22,733333;0,034332
22,735;0,034332
22,736667;0,034332
22,738333;0,034332
22,74;0,034332
22,741667;0,031471
22,743333;0,031471
22,745;0,031471
22,746667;0,031471
22,748333;0,031471
22,75;0,031471
22,751667;0,031471
22,753333;0,02861
22,755;0,02861
22,756667;0,02861
22,758333;0,02861
22,76;0,02861
22,761667;0,02861
22,763333;0,02861
22,765;0,02861
22,766667;0,02861
22,768333;0,02861
22,77;0,02861
22,771667;0,025749
22,773333;0,025749
22,775;0,025749
22,776667;0,025749
22,778333;0,025749
22,78;0,025749
22,781667;0,025749
22,783333;0,025749
22,785;0,025749
22,786667;0,025749
22,788333;0,025749
22,79;0,022888
22,791667;0,022888
22,793333;0,022888
22,795;0,022888
22,796667;0,022888
22,798333;0,022888
22,8;0,022888
22,801667;0,022888
22,803333;0,022888
22,805;0,022888
22,806667;0,022888
22,808333;0,022888
22,81;0,020027
22,811667;0,020027
22,813333;0,020027
22,815;0,020027
22,816667;0,020027
22,818333;0,020027
22,82;0,020027
22,821667;0,020027
22,823333;0,020027
22,825;0,017166
22,826667;0,017166
22,828333;0,017166
22,83;0,017166
22,831667;0,017166
22,833333;0,017166
22,835;0,017166
22,836667;0,017166
22,838333;0,014305
22,84;0,014305
22,841667;0,014305
22,843333;0,014305
22,845;0,014305
22,846667;0,014305
22,848333;0,014305
22,85;0,014305
22,851667;0,014305
22,853333;0,014305
22,855;0,014305
22,856667;0,014305
22,858333;0,014305
22,86;0,014305
22,861667;0,014305
22,863333;0,014305
22,865;0,014305
22,866667;0,011444
22,868333;0,011444
22,87;0,011444
22,871667;0,011444
22,873333;0,011444
22,875;0,011444
22,876667;0,011444
22,878333;0,011444
22,88;0,011444
22,881667;0,011444
22,883333;0,011444
22,885;0,011444
22,886667;0,011444
22,888333;0,011444
22,89;0,011444
22,891667;0,011444
22,893333;0,011444
22,895;0,011444
22,896667;0,008583
22,898333;0,008583
22,9;0,008583
22,901667;0,008583
22,903333;0,008583
22,905;0,008583
22,906667;0,008583
22,908333;0,008583
22,91;0,008583
22,911667;0,008583
22,913333;0,008583
22,915;0,008583
22,916667;0,008583
22,918333;0,008583
22,92;0,008583
22,921667;0,005722
22,923333;0,005722
22,925;0,005722
22,926667;0,005722
22,928333;0,005722
22,93;0,005722
22,931667;0,005722
22,933333;0,005722
22,935;0,005722
22,936667;0,005722
22,938333;0,005722
22,94;0,005722
22,941667;0,005722
22,943333;0,002861
22,945;0,002861
22,946667;0,002861
22,948333;0,002861
22,95;0,002861
22,951667;0,002861
22,953333;0,002861
22,955;0,002861
22,956667;0,002861
22,958333;0,002861
22,96;0,002861
22,961667;0,002861
22,963333;0,002861
22,965;0,002861
22,966667;0,002861
22,968333;0,002861
22,97;0,002861
22,971667;0,002861
22,973333;0,002861
22,975;0,002861
22,976667;0,002861
22,978333;0,002861
22,98;0
22,981667;0
22,983333;0
22,985;0
22,986667;0
22,988333;0
22,99;0
22,991667;0
22,993333;0
22,995;0
22,996667;0
22,998333;0
23;0
23,001667;0
23,003333;0
23,005;-0,002861
23,006667;-0,002861
23,008333;-0,002861
23,01;-0,002861
23,011667;-0,002861
23,013333;-0,002861
23,015;-0,002861
23,016667;-0,002861
23,018333;-0,002861
23,02;-0,002861
23,021667;-0,002861
23,023333;-0,002861
23,025;-0,002861
23,026667;-0,002861
23,028333;-0,002861
23,03;-0,002861
23,031667;-0,002861
23,033333;-0,002861
23,035;-0,002861
23,036667;-0,002861
23,038333;-0,002861
23,04;-0,002861
23,041667;-0,002861
23,043333;-0,002861
23,045;-0,002861
23,046667;-0,002861
23,048333;-0,002861
23,05;-0,002861
23,051667;-0,002861
23,053333;-0,002861
23,055;-0,002861
23,056667;-0,002861
23,058333;-0,002861
23,06;-0,002861
23,061667;-0,002861
23,063333;-0,002861
23,065;-0,002861
23,066667;-0,002861
23,068333;-0,002861
23,07;-0,002861
23,071667;-0,002861
23,073333;-0,002861
23,075;-0,002861
23,076667;-0,002861
23,078333;-0,002861
23,08;-0,002861
23,081667;-0,002861
23,083333;-0,002861
23,085;-0,002861
23,086667;-0,002861
23,088333;-0,002861
23,09;-0,002861
23,091667;-0,002861
23,093333;-0,002861
23,095;-0,002861
23,096667;-0,002861
23,098333;-0,002861
23,1;-0,002861
23,101667;-0,002861
23,103333;-0,002861
23,105;-0,002861
23,106667;-0,002861
23,108333;-0,002861
23,11;-0,002861
23,111667;-0,002861
23,113333;-0,002861
23,115;-0,005722
23,116667;-0,005722
23,118333;-0,005722
23,12;-0,005722
23,121667;-0,005722
23,123333;-0,005722
23,125;-0,005722
23,126667;-0,005722
23,128333;-0,005722
23,13;-0,005722
23,131667;-0,005722
23,133333;-0,005722
23,135;-0,005722
23,136667;-0,005722
23,138333;-0,005722
23,14;-0,005722
23,141667;-0,005722
23,143333;-0,005722
23,145;-0,005722
23,146667;-0,005722
23,148333;-0,005722
23,15;-0,005722
23,151667;-0,005722
23,153333;-0,005722
23,155;-0,005722
23,156667;-0,005722
23,158333;-0,005722
23,16;-0,005722
23,161667;-0,005722
23,163333;-0,005722
23,165;-0,005722
23,166667;-0,005722
23,168333;-0,005722
23,17;-0,005722
23,171667;-0,005722
23,173333;-0,005722
23,175;-0,005722
23,176667;-0,005722
23,178333;-0,005722
23,18;-0,005722
23,181667;-0,005722
23,183333;-0,005722
23,185;-0,008583
23,186667;-0,008583
23,188333;-0,008583
23,19;-0,008583
23,191667;-0,008583
23,193333;-0,008583
23,195;-0,008583
23,196667;-0,008583
23,198333;-0,008583
23,2;-0,008583
23,201667;-0,008583
23,203333;-0,008583
23,205;-0,008583
23,206667;-0,008583
23,208333;-0,008583
23,21;-0,008583
23,211667;-0,008583
23,213333;-0,008583
23,215;-0,008583
23,216667;-0,008583
23,218333;-0,008583
23,22;-0,008583
23,221667;-0,008583
23,223333;-0,008583
23,225;-0,008583
23,226667;-0,008583
23,228333;-0,008583
23,23;-0,008583
23,231667;-0,008583
23,233333;-0,008583
23,235;-0,008583
23,236667;-0,008583
23,238333;-0,008583
23,24;-0,008583
23,241667;-0,008583
23,243333;-0,008583
23,245;-0,008583
23,246667;-0,008583
23,248333;-0,008583
23,25;-0,008583
23,251667;-0,008583
23,253333;-0,008583
23,255;-0,008583
23,256667;-0,008583
23,258333;-0,008583
23,26;-0,008583
23,261667;-0,008583
23,263333;-0,008583
23,265;-0,008583
23,266667;-0,008583
23,268333;-0,008583
23,27;-0,008583
23,271667;-0,008583
23,273333;-0,008583
23,275;-0,008583
23,276667;-0,008583
23,278333;-0,008583
23,28;-0,008583
23,281667;-0,008583
23,283333;-0,008583
23,285;-0,008583
23,286667;-0,008583
23,288333;-0,008583
23,29;-0,008583
23,291667;-0,008583
23,293333;-0,008583
23,295;-0,008583
23,296667;-0,008583
23,298333;-0,008583
23,3;-0,008583
23,301667;-0,008583
23,303333;-0,008583
23,305;-0,008583
23,306667;-0,008583
23,308333;-0,008583
23,31;-0,008583
23,311667;-0,008583
23,313333;-0,008583
23,315;-0,008583
23,316667;-0,008583
23,318333;-0,008583
23,32;-0,008583
23,321667;-0,008583
23,323333;-0,008583
23,325;-0,008583
23,326667;-0,008583
23,328333;-0,008583
23,33;-0,008583
23,331667;-0,008583
23,333333;-0,008583
23,335;-0,008583
23,336667;-0,008583
23,338333;-0,008583
23,34;-0,008583
23,341667;-0,008583
23,343333;-0,008583
23,345;-0,008583
23,346667;-0,008583
23,348333;-0,008583
23,35;-0,008583
23,351667;-0,008583
23,353333;-0,008583
23,355;-0,008583
23,356667;-0,008583
23,358333;-0,008583
23,36;-0,008583
23,361667;-0,008583
23,363333;-0,008583
23,365;-0,008583
23,366667;-0,008583
23,368333;-0,008583
23,37;-0,008583
23,371667;-0,008583
23,373333;-0,008583
23,375;-0,008583
23,376667;-0,008583
23,378333;-0,008583
23,38;-0,011444
23,381667;-0,011444
23,383333;-0,011444
23,385;-0,011444
23,386667;-0,011444
23,388333;-0,011444
23,39;-0,011444
23,391667;-0,011444
23,393333;-0,011444
23,395;-0,011444
23,396667;-0,011444
23,398333;-0,011444
23,4;-0,011444
23,401667;-0,011444
23,403333;-0,011444
23,405;-0,011444
23,406667;-0,011444
23,408333;-0,011444
23,41;-0,011444
23,411667;-0,011444
23,413333;-0,011444
23,415;-0,008583
23,416667;-0,008583
23,418333;-0,008583
23,42;-0,008583
23,421667;-0,008583
23,423333;-0,008583
23,425;-0,008583
23,426667;-0,008583
23,428333;-0,008583
23,43;-0,008583
23,431667;-0,008583
23,433333;-0,008583
23,435;-0,008583
23,436667;-0,008583
23,438333;-0,008583
23,44;-0,008583
23,441667;-0,008583
23,443333;-0,008583
23,445;-0,008583
23,446667;-0,008583
23,448333;-0,008583
23,45;-0,008583
23,451667;-0,008583
23,453333;-0,008583
23,455;-0,008583
23,456667;-0,008583
23,458333;-0,008583
23,46;-0,008583
23,461667;-0,008583
23,463333;-0,008583
23,465;-0,008583
23,466667;-0,008583
23,468333;-0,008583
23,47;-0,008583
23,471667;-0,008583
23,473333;-0,008583
23,475;-0,008583
23,476667;-0,008583
23,478333;-0,008583
23,48;-0,008583
23,481667;-0,008583
23,483333;-0,008583
23,485;-0,008583
23,486667;-0,008583
23,488333;-0,008583
23,49;-0,008583
23,491667;-0,008583
23,493333;-0,008583
23,495;-0,008583
23,496667;-0,008583
23,498333;-0,008583
23,5;-0,008583
23,501667;-0,008583
23,503333;-0,008583
23,505;-0,008583
23,506667;-0,008583
23,508333;-0,008583
23,51;-0,008583
23,511667;-0,008583
23,513333;-0,011444
23,515;-0,011444
23,516667;-0,011444
23,518333;-0,011444
23,52;-0,011444
23,521667;-0,011444
23,523333;-0,011444
23,525;-0,011444
23,526667;-0,011444
23,528333;-0,011444
23,53;-0,008583
23,531667;-0,008583
23,533333;-0,008583
23,535;-0,008583
23,536667;-0,011444
23,538333;-0,011444
23,54;-0,011444
23,541667;-0,011444
23,543333;-0,011444
23,545;-0,011444
23,546667;-0,011444
23,548333;-0,011444
23,55;-0,011444
23,551667;-0,011444
23,553333;-0,011444
23,555;-0,011444
23,556667;-0,011444
23,558333;-0,011444
23,56;-0,011444
23,561667;-0,011444
23,563333;-0,011444
23,565;-0,011444
23,566667;-0,011444
23,568333;-0,011444
23,57;-0,011444
23,571667;-0,011444
23,573333;-0,011444
23,575;-0,011444
23,576667;-0,011444
23,578333;-0,011444
23,58;-0,011444
23,581667;-0,011444
23,583333;-0,011444
23,585;-0,011444
23,586667;-0,011444
23,588333;-0,011444
23,59;-0,011444
23,591667;-0,011444
23,593333;-0,011444
23,595;-0,011444
23,596667;-0,011444
23,598333;-0,011444
23,6;-0,011444
23,601667;-0,011444
23,603333;-0,011444
23,605;-0,011444
23,606667;-0,011444
23,608333;-0,011444
23,61;-0,011444
23,611667;-0,011444
23,613333;-0,011444
23,615;-0,011444
23,616667;-0,011444
23,618333;-0,011444
23,62;-0,011444
23,621667;-0,011444
23,623333;-0,011444
23,625;-0,011444
23,626667;-0,011444
23,628333;-0,011444
23,63;-0,011444
23,631667;-0,011444
23,633333;-0,011444
23,635;-0,011444
23,636667;-0,011444
23,638333;-0,011444
23,64;-0,011444
23,641667;-0,011444
23,643333;-0,011444
23,645;-0,011444
23,646667;-0,011444
23,648333;-0,011444
23,65;-0,011444
23,651667;-0,011444
23,653333;-0,011444
23,655;-0,011444
23,656667;-0,011444
23,658333;-0,011444
23,66;-0,011444
23,661667;-0,011444
23,663333;-0,011444
23,665;-0,011444
23,666667;-0,011444
23,668333;-0,011444
23,67;-0,011444
23,671667;-0,011444
23,673333;-0,011444
23,675;-0,011444
23,676667;-0,011444
23,678333;-0,011444
23,68;-0,011444
23,681667;-0,011444
23,683333;-0,011444
23,685;-0,011444
23,686667;-0,011444
23,688333;-0,011444
23,69;-0,011444
23,691667;-0,011444
23,693333;-0,011444
23,695;-0,011444
23,696667;-0,011444
23,698333;-0,011444
23,7;-0,011444
23,701667;-0,011444
23,703333;-0,011444
23,705;-0,011444
23,706667;-0,011444
23,708333;-0,011444
23,71;-0,011444
23,711667;-0,011444
23,713333;-0,011444
23,715;-0,011444
23,716667;-0,011444
23,718333;-0,011444
23,72;-0,011444
23,721667;-0,011444
23,723333;-0,011444
23,725;-0,011444
23,726667;-0,011444
23,728333;-0,011444
23,73;-0,011444
23,731667;-0,011444
23,733333;-0,011444
23,735;-0,011444
23,736667;-0,011444
23,738333;-0,011444
23,74;-0,011444
23,741667;-0,011444
23,743333;-0,011444
23,745;-0,011444
23,746667;-0,011444
23,748333;-0,011444
23,75;-0,011444
23,751667;-0,011444
23,753333;-0,011444
23,755;-0,011444
23,756667;-0,011444
23,758333;-0,011444
23,76;-0,011444
23,761667;-0,011444
23,763333;-0,011444
23,765;-0,011444
23,766667;-0,011444
23,768333;-0,011444
23,77;-0,011444
23,771667;-0,011444
23,773333;-0,011444
23,775;-0,011444
23,776667;-0,011444
23,778333;-0,011444
23,78;-0,011444
23,781667;-0,011444
23,783333;-0,011444
23,785;-0,011444
23,786667;-0,011444
23,788333;-0,011444
23,79;-0,011444
23,791667;-0,011444
23,793333;-0,011444
23,795;-0,011444
23,796667;-0,011444
23,798333;-0,011444
23,8;-0,011444
23,801667;-0,011444
23,803333;-0,011444
23,805;-0,011444
23,806667;-0,014305
23,808333;-0,014305
23,81;-0,014305
23,811667;-0,014305
23,813333;-0,014305
23,815;-0,014305
23,816667;-0,014305
23,818333;-0,014305
23,82;-0,014305
23,821667;-0,014305
23,823333;-0,014305
23,825;-0,014305
23,826667;-0,014305
23,828333;-0,014305
23,83;-0,014305
23,831667;-0,014305
23,833333;-0,014305
23,835;-0,014305
23,836667;-0,014305
23,838333;-0,014305
23,84;-0,011444
23,841667;-0,011444
23,843333;-0,011444
23,845;-0,011444
23,846667;-0,011444
23,848333;-0,011444
23,85;-0,011444
23,851667;-0,011444
23,853333;-0,011444
23,855;-0,011444
23,856667;-0,011444
23,858333;-0,011444
23,86;-0,011444
23,861667;-0,011444
23,863333;-0,011444
23,865;-0,011444
23,866667;-0,011444
23,868333;-0,011444
23,87;-0,011444
23,871667;-0,011444
23,873333;-0,011444
23,875;-0,014305
23,876667;-0,014305
23,878333;-0,014305
23,88;-0,014305
23,881667;-0,014305
23,883333;-0,014305
23,885;-0,014305
23,886667;-0,014305
23,888333;-0,014305
23,89;-0,014305
23,891667;-0,014305
23,893333;-0,014305
23,895;-0,014305
23,896667;-0,014305
23,898333;-0,014305
23,9;-0,014305
23,901667;-0,014305
23,903333;-0,014305
23,905;-0,014305
23,906667;-0,014305
23,908333;-0,014305
23,91;-0,014305
23,911667;-0,014305
23,913333;-0,014305
23,915;-0,014305
23,916667;-0,014305
23,918333;-0,014305
23,92;-0,014305
23,921667;-0,014305
23,923333;-0,014305
23,925;-0,014305
23,926667;-0,014305
23,928333;-0,014305
23,93;-0,014305
23,931667;-0,014305
23,933333;-0,014305
23,935;-0,014305
23,936667;-0,014305
23,938333;-0,014305
23,94;-0,014305
23,941667;-0,014305
23,943333;-0,014305
23,945;-0,014305
23,946667;-0,014305
23,948333;-0,011444
23,95;-0,011444
23,951667;-0,011444
23,953333;-0,011444
23,955;-0,014305
23,956667;-0,014305
23,958333;-0,014305
23,96;-0,014305
23,961667;-0,014305
23,963333;-0,014305
23,965;-0,014305
23,966667;-0,014305
23,968333;-0,014305
23,97;-0,011444
23,971667;-0,011444
23,973333;-0,011444
23,975;-0,011444
23,976667;-0,011444
23,978333;-0,011444
23,98;-0,011444
23,981667;-0,011444
23,983333;-0,011444
23,985;-0,011444
23,986667;-0,011444
23,988333;-0,011444
23,99;-0,011444
23,991667;-0,011444
23,993333;-0,011444
23,995;-0,011444
23,996667;-0,011444
23,998333;-0,011444
24;-0,011444
24,001667;-0,011444
24,003333;-0,011444
24,005;-0,011444
24,006667;-0,011444
24,008333;-0,011444
24,01;-0,011444
24,011667;-0,011444
24,013333;-0,011444
24,015;-0,014305
24,016667;-0,014305
24,018333;-0,014305
24,02;-0,014305
24,021667;-0,014305
24,023333;-0,014305
24,025;-0,014305
24,026667;-0,011444
24,028333;-0,011444
24,03;-0,011444
24,031667;-0,011444
24,033333;-0,011444
24,035;-0,011444
24,036667;-0,011444
24,038333;-0,011444
24,04;-0,011444
24,041667;-0,011444
24,043333;-0,011444
24,045;-0,011444
24,046667;-0,011444
24,048333;-0,011444
24,05;-0,011444
24,051667;-0,011444
24,053333;-0,011444
24,055;-0,011444
24,056667;-0,011444
24,058333;-0,011444
24,06;-0,011444
24,061667;-0,011444
24,063333;-0,011444
24,065;-0,011444
24,066667;-0,011444
24,068333;-0,011444
24,07;-0,011444
24,071667;-0,011444
24,073333;-0,011444
24,075;-0,011444
24,076667;-0,011444
24,078333;-0,011444
24,08;-0,011444
24,081667;-0,011444
24,083333;-0,011444
24,085;-0,011444
24,086667;-0,011444
24,088333;-0,011444
24,09;-0,011444
24,091667;-0,011444
24,093333;-0,011444
24,095;-0,011444
24,096667;-0,011444
24,098333;-0,011444
24,1;-0,011444
24,101667;-0,011444
24,103333;-0,011444
24,105;-0,011444
24,106667;-0,011444
24,108333;-0,011444
24,11;-0,011444
24,111667;-0,011444
24,113333;-0,014305
24,115;-0,014305
24,116667;-0,014305
24,118333;-0,014305
24,12;-0,014305
24,121667;-0,014305
24,123333;-0,014305
24,125;-0,011444
24,126667;-0,011444
24,128333;-0,011444
24,13;-0,011444
24,131667;-0,011444
24,133333;-0,011444
24,135;-0,011444
24,136667;-0,011444
24,138333;-0,011444
24,14;-0,011444
24,141667;-0,011444
24,143333;-0,011444
24,145;-0,011444
24,146667;-0,011444
24,148333;-0,011444
24,15;-0,011444
24,151667;-0,011444
24,153333;-0,011444
24,155;-0,011444
24,156667;-0,011444
24,158333;-0,011444
24,16;-0,011444
24,161667;-0,011444
24,163333;-0,011444
24,165;-0,011444
24,166667;-0,011444
24,168333;-0,011444
24,17;-0,011444
24,171667;-0,011444
24,173333;-0,011444
24,175;-0,011444
24,176667;-0,011444
24,178333;-0,011444
24,18;-0,011444
24,181667;-0,011444
24,183333;-0,011444
24,185;-0,011444
24,186667;-0,011444
24,188333;-0,011444
24,19;-0,011444
24,191667;-0,011444
24,193333;-0,011444
24,195;-0,011444
24,196667;-0,011444
24,198333;-0,011444
24,2;-0,011444
24,201667;-0,011444
24,203333;-0,011444
24,205;-0,011444
24,206667;-0,011444
24,208333;-0,011444
24,21;-0,011444
24,211667;-0,011444
24,213333;-0,011444
24,215;-0,011444
24,216667;-0,011444
24,218333;-0,011444
24,22;-0,011444
24,221667;-0,011444
24,223333;-0,011444
24,225;-0,011444
24,226667;-0,011444
24,228333;-0,011444
24,23;-0,011444
24,231667;-0,011444
24,233333;-0,011444
24,235;-0,011444
24,236667;-0,011444
24,238333;-0,011444
24,24;-0,011444
24,241667;-0,011444
24,243333;-0,011444
24,245;-0,011444
24,246667;-0,011444
24,248333;-0,011444
24,25;-0,011444
24,251667;-0,011444
24,253333;-0,011444
24,255;-0,011444
24,256667;-0,011444
24,258333;-0,011444
24,26;-0,011444
24,261667;-0,011444
24,263333;-0,011444
24,265;-0,011444
24,266667;-0,011444
24,268333;-0,011444
24,27;-0,011444
24,271667;-0,011444
24,273333;-0,011444
24,275;-0,011444
24,276667;-0,011444
24,278333;-0,011444
24,28;-0,011444
24,281667;-0,011444
24,283333;-0,011444
24,285;-0,011444
24,286667;-0,011444
24,288333;-0,011444
24,29;-0,011444
24,291667;-0,011444
24,293333;-0,011444
24,295;-0,011444
24,296667;-0,011444
24,298333;-0,011444
24,3;-0,011444
24,301667;-0,011444
24,303333;-0,011444
24,305;-0,011444
24,306667;-0,011444
24,308333;-0,011444
24,31;-0,011444
24,311667;-0,011444
24,313333;-0,011444
24,315;-0,011444
24,316667;-0,011444
24,318333;-0,011444
24,32;-0,011444
24,321667;-0,011444
24,323333;-0,011444
24,325;-0,011444
24,326667;-0,011444
24,328333;-0,011444
24,33;-0,011444
24,331667;-0,011444
24,333333;-0,011444
24,335;-0,011444
24,336667;-0,011444
24,338333;-0,011444
24,34;-0,011444
24,341667;-0,011444
24,343333;-0,011444
24,345;-0,011444
24,346667;-0,011444
24,348333;-0,011444
24,35;-0,011444
24,351667;-0,011444
24,353333;-0,011444
24,355;-0,011444
24,356667;-0,011444
24,358333;-0,011444
24,36;-0,011444
24,361667;-0,011444
24,363333;-0,011444
24,365;-0,011444
24,366667;-0,011444
24,368333;-0,011444
24,37;-0,011444
24,371667;-0,011444
24,373333;-0,011444
24,375;-0,011444
24,376667;-0,011444
24,378333;-0,011444
24,38;-0,008583
24,381667;-0,008583
24,383333;-0,008583
24,385;-0,008583
24,386667;-0,008583
24,388333;-0,008583
24,39;-0,008583
24,391667;-0,008583
24,393333;-0,008583
24,395;-0,008583
24,396667;-0,008583
24,398333;-0,008583
24,4;-0,008583
24,401667;-0,008583
24,403333;-0,008583
24,405;-0,008583
24,406667;-0,008583
24,408333;-0,008583
24,41;-0,008583
24,411667;-0,008583
24,413333;-0,008583
24,415;-0,008583
24,416667;-0,008583
24,418333;-0,008583
24,42;-0,008583
24,421667;-0,008583
24,423333;-0,008583
24,425;-0,008583
24,426667;-0,008583
24,428333;-0,008583
24,43;-0,008583
24,431667;-0,008583
24,433333;-0,008583
24,435;-0,008583
24,436667;-0,008583
24,438333;-0,008583
24,44;-0,008583
24,441667;-0,008583
24,443333;-0,008583
24,445;-0,008583
24,446667;-0,008583
24,448333;-0,008583
24,45;-0,008583
24,451667;-0,008583
24,453333;-0,008583
24,455;-0,008583
24,456667;-0,008583
24,458333;-0,008583
24,46;-0,008583
24,461667;-0,008583
24,463333;-0,008583
24,465;-0,008583
24,466667;-0,008583
24,468333;-0,008583
24,47;-0,008583
24,471667;-0,008583
24,473333;-0,008583
24,475;-0,008583
24,476667;-0,008583
24,478333;-0,008583
24,48;-0,008583
24,481667;-0,008583
24,483333;-0,008583
24,485;-0,008583
24,486667;-0,008583
24,488333;-0,008583
24,49;-0,008583
24,491667;-0,008583
24,493333;-0,008583
24,495;-0,008583
24,496667;-0,008583
24,498333;-0,008583
24,5;-0,008583
24,501667;-0,008583
24,503333;-0,008583
24,505;-0,008583
24,506667;-0,008583
24,508333;-0,008583
24,51;-0,008583
24,511667;-0,008583
24,513333;-0,008583
24,515;-0,008583
24,516667;-0,008583
24,518333;-0,008583
24,52;-0,008583
24,521667;-0,008583
24,523333;-0,008583
24,525;-0,008583
24,526667;-0,008583
24,528333;-0,008583
24,53;-0,008583
24,531667;-0,008583
24,533333;-0,011444
24,535;-0,011444
24,536667;-0,011444
24,538333;-0,011444
24,54;-0,011444
24,541667;-0,011444
24,543333;-0,011444
24,545;-0,011444
24,546667;-0,011444
24,548333;-0,011444
24,55;-0,011444
24,551667;-0,011444
24,553333;-0,011444
24,555;-0,011444
24,556667;-0,011444
24,558333;-0,011444
24,56;-0,011444
24,561667;-0,011444
24,563333;-0,011444
24,565;-0,011444
24,566667;-0,011444
24,568333;-0,011444
24,57;-0,011444
24,571667;-0,011444
24,573333;-0,011444
24,575;-0,011444
24,576667;-0,011444
24,578333;-0,011444
24,58;-0,011444
24,581667;-0,011444
24,583333;-0,011444
24,585;-0,011444
24,586667;-0,011444
24,588333;-0,011444
24,59;-0,011444
24,591667;-0,011444
24,593333;-0,011444
24,595;-0,011444
24,596667;-0,011444
24,598333;-0,011444
24,6;-0,011444
24,601667;-0,011444
24,603333;-0,011444
24,605;-0,011444
24,606667;-0,011444
24,608333;-0,011444
24,61;-0,011444
24,611667;-0,011444
24,613333;-0,011444
24,615;-0,011444
24,616667;-0,011444
24,618333;-0,011444
24,62;-0,011444
24,621667;-0,011444
24,623333;-0,011444
24,625;-0,011444
24,626667;-0,011444
24,628333;-0,011444
24,63;-0,011444
24,631667;-0,011444
24,633333;-0,011444
24,635;-0,011444
24,636667;-0,011444
24,638333;-0,011444
24,64;-0,011444
24,641667;-0,011444
24,643333;-0,011444
24,645;-0,011444
24,646667;-0,011444
24,648333;-0,011444
24,65;-0,008583
24,651667;-0,008583
24,653333;-0,008583
24,655;-0,008583
24,656667;-0,008583
24,658333;-0,008583
24,66;-0,011444
24,661667;-0,011444
24,663333;-0,011444
24,665;-0,011444
24,666667;-0,011444
24,668333;-0,011444
24,67;-0,011444
24,671667;-0,011444
24,673333;-0,011444
24,675;-0,011444
24,676667;-0,011444
24,678333;-0,011444
24,68;-0,011444
24,681667;-0,011444
24,683333;-0,011444
24,685;-0,011444
24,686667;-0,011444
24,688333;-0,011444
24,69;-0,011444
24,691667;-0,011444
24,693333;-0,011444
24,695;-0,011444
24,696667;-0,011444
24,698333;-0,011444
24,7;-0,011444
24,701667;-0,011444
24,703333;-0,011444
24,705;-0,011444
24,706667;-0,011444
24,708333;-0,011444
24,71;-0,011444
24,711667;-0,011444
24,713333;-0,011444
24,715;-0,011444
24,716667;-0,011444
24,718333;-0,011444
24,72;-0,011444
24,721667;-0,011444
24,723333;-0,011444
24,725;-0,011444
24,726667;-0,011444
24,728333;-0,011444
24,73;-0,011444
24,731667;-0,011444
24,733333;-0,011444
24,735;-0,011444
24,736667;-0,011444
24,738333;-0,011444
24,74;-0,011444
24,741667;-0,011444
24,743333;-0,011444
24,745;-0,011444
24,746667;-0,011444
24,748333;-0,011444
24,75;-0,011444
24,751667;-0,011444
24,753333;-0,011444
24,755;-0,011444
24,756667;-0,011444
24,758333;-0,011444
24,76;-0,011444
24,761667;-0,011444
24,763333;-0,011444
24,765;-0,011444
24,766667;-0,011444
24,768333;-0,011444
24,77;-0,011444
24,771667;-0,011444
24,773333;-0,011444
24,775;-0,011444
24,776667;-0,011444
24,778333;-0,011444
24,78;-0,011444
24,781667;-0,011444
24,783333;-0,011444
24,785;-0,011444
24,786667;-0,011444
24,788333;-0,011444
24,79;-0,011444
24,791667;-0,011444
24,793333;-0,011444
24,795;-0,011444
24,796667;-0,011444
24,798333;-0,011444
24,8;-0,011444
24,801667;-0,011444
24,803333;-0,011444
24,805;-0,011444
24,806667;-0,011444
24,808333;-0,011444
24,81;-0,011444
24,811667;-0,011444
24,813333;-0,011444
24,815;-0,011444
24,816667;-0,011444
24,818333;-0,011444
24,82;-0,011444
24,821667;-0,011444
24,823333;-0,011444
24,825;-0,011444
24,826667;-0,011444
24,828333;-0,011444
24,83;-0,011444
24,831667;-0,011444
24,833333;-0,011444
24,835;-0,011444
24,836667;-0,011444
24,838333;-0,011444
24,84;-0,011444
24,841667;-0,011444
24,843333;-0,011444
24,845;-0,011444
24,846667;-0,011444
24,848333;-0,011444
24,85;-0,011444
24,851667;-0,011444
24,853333;-0,011444
24,855;-0,011444
24,856667;-0,011444
24,858333;-0,011444
24,86;-0,011444
24,861667;-0,011444
24,863333;-0,011444
24,865;-0,011444
24,866667;-0,011444
24,868333;-0,011444
24,87;-0,011444
24,871667;-0,011444
24,873333;-0,011444
24,875;-0,011444
24,876667;-0,011444
24,878333;-0,011444
24,88;-0,011444
24,881667;-0,011444
24,883333;-0,011444
24,885;-0,011444
24,886667;-0,011444
24,888333;-0,011444
24,89;-0,011444
24,891667;-0,011444
24,893333;-0,011444
24,895;-0,011444
24,896667;-0,011444
24,898333;-0,011444
24,9;-0,011444
24,901667;-0,011444
24,903333;-0,011444
24,905;-0,011444
24,906667;-0,011444
24,908333;-0,014305
24,91;-0,014305
24,911667;-0,014305
24,913333;-0,014305
24,915;-0,014305
24,916667;-0,014305
24,918333;-0,014305
24,92;-0,014305
24,921667;-0,014305
24,923333;-0,014305
24,925;-0,014305
24,926667;-0,011444
24,928333;-0,011444
24,93;-0,011444
24,931667;-0,011444
24,933333;-0,011444
24,935;-0,011444
24,936667;-0,011444
24,938333;-0,011444
24,94;-0,011444
24,941667;-0,011444
24,943333;-0,011444
24,945;-0,011444
24,946667;-0,011444
24,948333;-0,011444
24,95;-0,011444
24,951667;-0,011444
24,953333;-0,011444
24,955;-0,011444
24,956667;-0,014305
24,958333;-0,014305
24,96;-0,014305
24,961667;-0,014305
24,963333;-0,011444
24,965;-0,011444
24,966667;-0,011444
24,968333;-0,011444
24,97;-0,011444
24,971667;-0,011444
24,973333;-0,011444
24,975;-0,011444
24,976667;-0,011444
24,978333;-0,011444
24,98;-0,011444
24,981667;-0,011444
24,983333;-0,011444
24,985;-0,011444
24,986667;-0,011444
24,988333;-0,011444
24,99;-0,011444
24,991667;-0,011444
24,993333;-0,011444
24,995;-0,011444
24,996667;-0,011444
24,998333;-0,011444
25;-0,011444
25,001667;-0,011444
25,003333;-0,011444
25,005;-0,011444
25,006667;-0,011444
25,008333;-0,011444
25,01;-0,011444
25,011667;-0,011444
25,013333;-0,011444
25,015;-0,011444
25,016667;-0,011444
25,018333;-0,011444
25,02;-0,011444
25,021667;-0,011444
25,023333;-0,011444
25,025;-0,011444
25,026667;-0,011444
25,028333;-0,011444
25,03;-0,011444
25,031667;-0,011444
25,033333;-0,011444
25,035;-0,011444
25,036667;-0,011444
25,038333;-0,011444
25,04;-0,011444
25,041667;-0,011444
25,043333;-0,014305
25,045;-0,014305
25,046667;-0,014305
25,048333;-0,014305
25,05;-0,014305
25,051667;-0,014305
25,053333;-0,014305
25,055;-0,014305
25,056667;-0,014305
25,058333;-0,014305
25,06;-0,014305
25,061667;-0,014305
25,063333;-0,014305
25,065;-0,014305
25,066667;-0,014305
25,068333;-0,014305
25,07;-0,014305
25,071667;-0,014305
25,073333;-0,014305
25,075;-0,014305
25,076667;-0,014305
25,078333;-0,014305
25,08;-0,014305
25,081667;-0,014305
25,083333;-0,014305
25,085;-0,014305
25,086667;-0,014305
25,088333;-0,014305
25,09;-0,014305
25,091667;-0,014305
25,093333;-0,014305
25,095;-0,014305
25,096667;-0,014305
25,098333;-0,014305
25,1;-0,014305
25,101667;-0,014305
25,103333;-0,014305
25,105;-0,014305
25,106667;-0,014305
25,108333;-0,014305
25,11;-0,014305
25,111667;-0,014305
25,113333;-0,014305
25,115;-0,014305
25,116667;-0,014305
25,118333;-0,014305
25,12;-0,014305
25,121667;-0,014305
25,123333;-0,014305
25,125;-0,014305
25,126667;-0,014305
25,128333;-0,014305
25,13;-0,014305
25,131667;-0,014305
25,133333;-0,014305
25,135;-0,014305
25,136667;-0,014305
25,138333;-0,014305
25,14;-0,014305
25,141667;-0,014305
25,143333;-0,014305
25,145;-0,014305
25,146667;-0,014305
25,148333;-0,014305
25,15;-0,014305
25,151667;-0,014305
25,153333;-0,014305
25,155;-0,014305
25,156667;-0,014305
25,158333;-0,014305
25,16;-0,014305
25,161667;-0,014305
25,163333;-0,014305
25,165;-0,014305
25,166667;-0,014305
25,168333;-0,014305
25,17;-0,014305
25,171667;-0,014305
25,173333;-0,014305
25,175;-0,014305
25,176667;-0,014305
25,178333;-0,014305
25,18;-0,014305
25,181667;-0,014305
25,183333;-0,014305
25,185;-0,014305
25,186667;-0,014305
25,188333;-0,014305
25,19;-0,014305
25,191667;-0,014305
25,193333;-0,014305
25,195;-0,014305
25,196667;-0,014305
25,198333;-0,014305
25,2;-0,014305
25,201667;-0,014305
25,203333;-0,014305
25,205;-0,014305
25,206667;-0,014305
25,208333;-0,014305
25,21;-0,014305
25,211667;-0,014305
25,213333;-0,014305
25,215;-0,014305
25,216667;-0,014305
25,218333;-0,014305
25,22;-0,014305
25,221667;-0,014305
25,223333;-0,014305
25,225;-0,014305
25,226667;-0,014305
25,228333;-0,014305
25,23;-0,014305
25,231667;-0,014305
25,233333;-0,014305
25,235;-0,014305
25,236667;-0,014305
25,238333;-0,014305
25,24;-0,014305
25,241667;-0,014305
25,243333;-0,014305
25,245;-0,014305
25,246667;-0,014305
25,248333;-0,014305
25,25;-0,014305
25,251667;-0,014305
25,253333;-0,014305
25,255;-0,014305
25,256667;-0,014305
25,258333;-0,014305
25,26;-0,014305
25,261667;-0,014305
25,263333;-0,014305
25,265;-0,014305
25,266667;-0,014305
25,268333;-0,014305
25,27;-0,014305
25,271667;-0,014305
25,273333;-0,014305
25,275;-0,014305
25,276667;-0,014305
25,278333;-0,014305
25,28;-0,014305
25,281667;-0,014305
25,283333;-0,014305
25,285;-0,014305
25,286667;-0,014305
25,288333;-0,014305
25,29;-0,014305
25,291667;-0,014305
25,293333;-0,014305
25,295;-0,014305
25,296667;-0,014305
25,298333;-0,014305
25,3;-0,014305
25,301667;-0,014305
25,303333;-0,014305
25,305;-0,014305
25,306667;-0,014305
25,308333;-0,011444
25,31;-0,011444
25,311667;-0,011444
25,313333;-0,011444
25,315;-0,011444
25,316667;-0,011444
25,318333;-0,011444
25,32;-0,011444
25,321667;-0,011444
25,323333;-0,011444
25,325;-0,011444
25,326667;-0,011444
25,328333;-0,011444
25,33;-0,011444
25,331667;-0,011444
25,333333;-0,011444
25,335;-0,011444
25,336667;-0,011444
25,338333;-0,011444
25,34;-0,011444
25,341667;-0,011444
25,343333;-0,011444
25,345;-0,011444
25,346667;-0,011444
25,348333;-0,011444
25,35;-0,011444
25,351667;-0,011444
25,353333;-0,011444
25,355;-0,011444
25,356667;-0,011444
25,358333;-0,011444
25,36;-0,011444
25,361667;-0,011444
25,363333;-0,011444
25,365;-0,011444
25,366667;-0,011444
25,368333;-0,011444
25,37;-0,011444
25,371667;-0,011444
25,373333;-0,011444
25,375;-0,011444
25,376667;-0,011444
25,378333;-0,011444
25,38;-0,011444
25,381667;-0,011444
25,383333;-0,011444
25,385;-0,011444
25,386667;-0,011444
25,388333;-0,011444
25,39;-0,011444
25,391667;-0,011444
25,393333;-0,011444
25,395;-0,011444
25,396667;-0,011444
25,398333;-0,011444
25,4;-0,011444
25,401667;-0,011444
25,403333;-0,011444
25,405;-0,011444
25,406667;-0,011444
25,408333;-0,011444
25,41;-0,011444
25,411667;-0,011444
25,413333;-0,011444
25,415;-0,008583
25,416667;-0,008583
25,418333;-0,008583
25,42;-0,008583
25,421667;-0,008583
25,423333;-0,008583
25,425;-0,008583
25,426667;-0,008583
25,428333;-0,008583
25,43;-0,008583
25,431667;-0,008583
25,433333;-0,008583
25,435;-0,008583
25,436667;-0,008583
25,438333;-0,008583
25,44;-0,008583
25,441667;-0,008583
25,443333;-0,008583
25,445;-0,008583
25,446667;-0,008583
25,448333;-0,005722
25,45;-0,005722
25,451667;-0,005722
25,453333;-0,005722
25,455;-0,005722
25,456667;-0,005722
25,458333;-0,005722
25,46;-0,005722
25,461667;-0,005722
25,463333;-0,005722
25,465;-0,005722
25,466667;-0,005722
25,468333;-0,005722
25,47;-0,005722
25,471667;-0,005722
25,473333;-0,005722
25,475;-0,005722
25,476667;-0,005722
25,478333;-0,005722
25,48;-0,005722
25,481667;-0,005722
25,483333;-0,005722
25,485;-0,005722
25,486667;-0,005722
25,488333;-0,005722
25,49;-0,005722
25,491667;-0,005722
25,493333;-0,005722
25,495;-0,005722
25,496667;-0,005722
25,498333;-0,005722
25,5;-0,005722
25,501667;-0,005722
25,503333;-0,005722
25,505;-0,005722
25,506667;-0,005722
25,508333;-0,005722
25,51;-0,005722
25,511667;-0,005722
25,513333;-0,005722
25,515;-0,005722
25,516667;-0,005722
25,518333;-0,005722
25,52;-0,005722
25,521667;-0,005722
25,523333;-0,005722
25,525;-0,005722
25,526667;-0,005722
25,528333;-0,005722
25,53;-0,005722
25,531667;-0,005722
25,533333;-0,005722
25,535;-0,005722
25,536667;-0,005722
25,538333;-0,005722
25,54;-0,005722
25,541667;-0,005722
25,543333;-0,002861
25,545;-0,002861
25,546667;-0,002861
25,548333;-0,002861
25,55;-0,002861
25,551667;-0,002861
25,553333;-0,002861
25,555;-0,002861
25,556667;-0,002861
25,558333;-0,002861
25,56;-0,002861
25,561667;-0,002861
25,563333;-0,002861
25,565;-0,002861
25,566667;-0,002861
25,568333;-0,002861
25,57;-0,002861
25,571667;-0,002861
25,573333;-0,002861
25,575;-0,002861
25,576667;-0,002861
25,578333;-0,002861
25,58;-0,002861
25,581667;0
25,583333;0
25,585;0
25,586667;0
25,588333;0
25,59;0
25,591667;0
25,593333;0
25,595;0
25,596667;0
25,598333;0
25,6;0,002861
25,601667;0,002861
25,603333;0,002861
25,605;0,002861
25,606667;0,002861
25,608333;0,002861
25,61;0,002861
25,611667;0,002861
25,613333;0,002861
25,615;0,002861
25,616667;0,002861
25,618333;0,002861
25,62;0,002861
25,621667;0,002861
25,623333;0,002861
25,625;0,002861
25,626667;0,005722
25,628333;0,005722
25,63;0,005722
25,631667;0,005722
25,633333;0,005722
25,635;0,005722
25,636667;0,005722
25,638333;0,005722
25,64;0,008583
25,641667;0,008583
25,643333;0,008583
25,645;0,008583
25,646667;0,008583
25,648333;0,008583
25,65;0,008583
25,651667;0,008583
25,653333;0,008583
25,655;0,008583
25,656667;0,008583
25,658333;0,008583
25,66;0,008583
25,661667;0,011444
25,663333;0,011444
25,665;0,011444
25,666667;0,011444
25,668333;0,011444
25,67;0,011444
25,671667;0,011444
25,673333;0,011444
25,675;0,011444
25,676667;0,011444
25,678333;0,011444
25,68;0,011444
25,681667;0,011444
25,683333;0,014305
25,685;0,014305
25,686667;0,014305
25,688333;0,014305
25,69;0,014305
25,691667;0,014305
25,693333;0,014305
25,695;0,017166
25,696667;0,017166
25,698333;0,017166
25,7;0,017166
25,701667;0,017166
25,703333;0,017166
25,705;0,017166
25,706667;0,017166
25,708333;0,017166
25,71;0,020027
25,711667;0,020027
25,713333;0,020027
25,715;0,020027
25,716667;0,020027
25,718333;0,020027
25,72;0,020027
25,721667;0,020027
25,723333;0,022888
25,725;0,022888
25,726667;0,022888
25,728333;0,022888
25,73;0,022888
25,731667;0,022888
25,733333;0,022888
25,735;0,022888
25,736667;0,022888
25,738333;0,025749
25,74;0,025749
25,741667;0,025749
25,743333;0,025749
25,745;0,025749
25,746667;0,025749
25,748333;0,025749
25,75;0,02861
25,751667;0,02861
25,753333;0,02861
25,755;0,02861
25,756667;0,02861
25,758333;0,02861
25,76;0,02861
25,761667;0,031471
25,763333;0,031471
25,765;0,031471
25,766667;0,031471
25,768333;0,031471
25,77;0,031471
25,771667;0,034332
25,773333;0,034332
25,775;0,034332
25,776667;0,034332
25,778333;0,034332
25,78;0,034332
25,781667;0,037193
25,783333;0,037193
25,785;0,037193
25,786667;0,037193
25,788333;0,037193
25,79;0,037193
25,791667;0,037193
25,793333;0,040054
25,795;0,040054
25,796667;0,040054
25,798333;0,040054
25,8;0,040054
25,801667;0,042915
25,803333;0,042915
25,805;0,042915
25,806667;0,042915
25,808333;0,042915
25,81;0,045776
25,811667;0,045776
25,813333;0,045776
25,815;0,045776
25,816667;0,045776
25,818333;0,048637
25,82;0,048637
25,821667;0,048637
25,823333;0,048637
25,825;0,051498
25,826667;0,051498
25,828333;0,051498
25,83;0,051498
25,831667;0,054359
25,833333;0,054359
25,835;0,054359
25,836667;0,054359
25,838333;0,05722
25,84;0,05722
25,841667;0,05722
25,843333;0,05722
25,845;0,060081
25,846667;0,060081
25,848333;0,060081
25,85;0,060081
25,851667;0,062943
25,853333;0,062943
25,855;0,062943
25,856667;0,062943
25,858333;0,065804
25,86;0,065804
25,861667;0,065804
25,863333;0,065804
25,865;0,068665
25,866667;0,068665
25,868333;0,068665
25,87;0,071526
25,871667;0,071526
25,873333;0,071526
25,875;0,071526
25,876667;0,074387
25,878333;0,074387
25,88;0,074387
25,881667;0,077248
25,883333;0,077248
25,885;0,077248
25,886667;0,080109
25,888333;0,080109
25,89;0,080109
25,891667;0,08297
25,893333;0,08297
25,895;0,08297
25,896667;0,085831
25,898333;0,085831
25,9;0,088692
25,901667;0,088692
25,903333;0,088692
25,905;0,091553
25,906667;0,091553
25,908333;0,091553
25,91;0,094414
25,911667;0,094414
25,913333;0,097275
25,915;0,097275
25,916667;0,097275
25,918333;0,100136
25,92;0,100136
25,921667;0,102997
25,923333;0,102997
25,925;0,105858
25,926667;0,105858
25,928333;0,108719
25,93;0,108719
25,931667;0,11158
25,933333;0,11158
25,935;0,11158
25,936667;0,114441
25,938333;0,114441
25,94;0,117302
25,941667;0,117302
25,943333;0,120163
25,945;0,120163
25,946667;0,123024
25,948333;0,123024
25,95;0,125885
25,951667;0,128746
25,953333;0,128746
25,955;0,128746
25,956667;0,131607
25,958333;0,131607
25,96;0,134468
25,961667;0,134468
25,963333;0,137329
25,965;0,137329
25,966667;0,14019
25,968333;0,143051
25,97;0,143051
25,971667;0,145912
25,973333;0,145912
25,975;0,148773
25,976667;0,151634
25,978333;0,151634
25,98;0,154495
25,981667;0,154495
25,983333;0,157356
25,985;0,160217
25,986667;0,160217
25,988333;0,163078
25,99;0,165939
25,991667;0,165939
25,993333;0,1688
25,995;0,171661
25,996667;0,174522
25,998333;0,177383
26;0,177383
26,001667;0,180244
26,003333;0,183105
26,005;0,183105
26,006667;0,185967
26,008333;0,188828
26,01;0,191689
26,011667;0,19455
26,013333;0,19455
26,015;0,197411
26,016667;0,200272
26,018333;0,203133
26,02;0,205994
26,021667;0,211716
26,023333;0,214577
26,025;0,217438
26,026667;0,217438
26,028333;0,220299
26,03;0,220299
26,031667;0,22316
26,033333;0,226021
26,035;0,228882
26,036667;0,231743
26,038333;0,234604
26,04;0,237465
26,041667;0,240326
26,043333;0,243187
26,045;0,246048
26,046667;0,248909
26,048333;0,25177
26,05;0,257492
26,051667;0,260353
26,053333;0,263214
26,055;0,266075
26,056667;0,268936
26,058333;0,271797
26,06;0,274658
26,061667;0,277519
26,063333;0,283241
26,065;0,286102
26,066667;0,288963
26,068333;0,291824
26,07;0,297546
26,071667;0,300407
26,073333;0,303268
26,075;0,306129
26,076667;0,311852
26,078333;0,314713
26,08;0,317574
26,081667;0,323296
26,083333;0,326157
26,085;0,329018
26,086667;0,33474
26,088333;0,337601
26,09;0,343323
26,091667;0,346184
26,093333;0,349045
26,095;0,354767
26,096667;0,357628
26,098333;0,36335
26,1;0,366211
26,101667;0,371933
26,103333;0,380516
26,105;0,380516
26,106667;0,386238
26,108333;0,389099
26,11;0,394821
26,111667;0,400543
26,113333;0,409126
26,115;0,414848
26,116667;0,42057
26,118333;0,423431
26,12;0,429153
26,121667;0,429153
26,123333;0,434876
26,125;0,440598
26,126667;0,44632
26,128333;0,452042
26,13;0,457764
26,131667;0,463486
26,133333;0,469208
26,135;0,47493
26,136667;0,480652
26,138333;0,486374
26,14;0,492096
26,141667;0,497818
26,143333;0,50354
26,145;0,509262
26,146667;0,514984
26,148333;0,520706
26,15;0,526428
26,151667;0,53215
26,153333;0,540733
26,155;0,546455
26,156667;0,552177
26,158333;0,5579
26,16;0,566483
26,161667;0,572205
26,163333;0,580788
26,165;0,58651
26,166667;0,592232
26,168333;0,600815
26,17;0,606537
26,171667;0,61512
26,173333;0,623703
26,175;0,629425
26,176667;0,638008
26,178333;0,646591
26,18;0,652313
26,181667;0,660896
26,183333;0,669479
26,185;0,678062
26,186667;0,683785
26,188333;0,692368
26,19;0,700951
26,191667;0,709534
26,193333;0,718117
26,195;0,7267
26,196667;0,735283
26,198333;0,743866
26,2;0,752449
26,201667;0,761032
26,203333;0,772476
26,205;0,781059
26,206667;0,789642
26,208333;0,798225
26,21;0,80967
26,211667;0,818253
26,213333;0,826836
26,215;0,83828
26,216667;0,846863
26,218333;0,858307
26,22;0,86689
26,221667;0,878334
26,223333;0,889778
26,225;0,898361
26,226667;0,909805
26,228333;0,921249
26,23;0,929833
26,231667;0,941277
26,233333;0,952721
26,235;0,964165
26,236667;0,975609
26,238333;0,987053
26,24;0,998497
26,241667;1,009941
26,243333;1,021385
26,245;1,032829
26,246667;1,044273
26,248333;1,055718
26,25;1,067162
26,251667;1,081467
26,253333;1,092911
26,255;1,104355
26,256667;1,11866
26,258333;1,130104
26,26;1,144409
26,261667;1,155853
26,263333;1,170158
26,265;1,181603
26,266667;1,195908
26,268333;1,210213
26,27;1,221657
26,271667;1,235962
26,273333;1,250267
26,275;1,264572
26,276667;1,278877
26,278333;1,293182
26,28;1,307488
26,281667;1,321793
26,283333;1,333237
26,285;1,350403
26,286667;1,364708
26,288333;1,379013
26,29;1,393318
26,291667;1,407623
26,293333;1,42479
26,295;1,439095
26,296667;1,456261
26,298333;1,470566
26,3;1,487732
26,301667;1,502037
26,303333;1,519203
26,305;1,536369
26,306667;1,550675
26,308333;1,567841
26,31;1,585007
26,311667;1,602173
26,313333;1,616478
26,315;1,633644
26,316667;1,65081
26,318333;1,667976
26,32;1,685143
26,321667;1,702309
26,323333;1,722336
26,325;1,739502
26,326667;1,756668
26,328333;1,773834
26,33;1,791
26,331667;1,811028
26,333333;1,828194
26,335;1,848221
26,336667;1,865387
26,338333;1,885414
26,34;1,90258
26,341667;1,922608
26,343333;1,939774
26,345;1,959801
26,346667;1,979828
26,348333;1,999855
26,35;2,017021
26,351667;2,037048
26,353333;2,057076
26,355;2,077103
26,356667;2,09713
26,358333;2,117157
26,36;2,137184
26,361667;2,157211
26,363333;2,177239
26,365;2,197266
26,366667;2,217293
26,368333;2,240181
26,37;2,260208
26,371667;2,280235
26,373333;2,300263
26,375;2,323151
26,376667;2,343178
26,378333;2,366066
26,38;2,386093
26,381667;2,408981
26,383333;2,429009
26,385;2,451897
26,386667;2,474785
26,388333;2,494812
26,39;2,5177
26,391667;2,560616
26,393333;2,583504
26,395;2,606392
26,396667;2,62928
26,398333;2,652168
26,4;2,652168
26,401667;2,672196
26,403333;2,695084
26,405;2,717972
26,406667;2,74086
26,408333;2,763748
26,41;2,786637
26,411667;2,809525
26,413333;2,832413
26,415;2,858162
26,416667;2,88105
26,418333;2,903938
26,42;2,926827
26,421667;2,949715
26,423333;2,975464
26,425;2,998352
26,426667;3,02124
26,428333;3,044129
26,43;3,069878
26,431667;3,092766
26,433333;3,115654
26,435;3,141403
26,436667;3,164292
26,438333;3,18718
26,44;3,212929
26,441667;3,235817
26,443333;3,261566
26,445;3,284455
26,446667;3,310204
26,448333;3,333092
26,45;3,358841
26,451667;3,381729
26,453333;3,407479
26,455;3,430367
26,456667;3,456116
26,458333;3,479004
26,46;3,504753
26,461667;3,530503
26,463333;3,553391
26,465;3,57914
26,466667;3,602028
26,468333;3,627777
26,47;3,650666
26,471667;3,676415
26,473333;3,702164
26,475;3,725052
26,476667;3,750801
26,478333;3,776551
26,48;3,799439
26,481667;3,825188
26,483333;3,848076
26,485;3,873825
26,486667;3,899575
26,488333;3,922463
26,49;3,948212
26,491667;3,9711
26,493333;3,996849
26,495;4,022599
26,496667;4,045487
26,498333;4,071236
26,5;4,094124
26,501667;4,119873
26,503333;4,145623
26,505;4,168511
26,506667;4,19426
26,508333;4,217148
26,51;4,242897
26,511667;4,265785
26,513333;4,291535
26,515;4,314423
26,516667;4,337311
26,518333;4,36306
26,52;4,385948
26,521667;4,411698
26,523333;4,434586
26,525;4,457474
26,526667;4,483223
26,528333;4,506111
26,53;4,529
26,531667;4,551888
26,533333;4,577637
26,535;4,600525
26,536667;4,623413
26,538333;4,646302
26,54;4,66919
26,541667;4,692078
26,543333;4,714966
26,545;4,737854
26,546667;4,760742
26,548333;4,783631
26,55;4,806519
26,551667;4,829407
26,553333;4,852295
26,555;4,875183
26,556667;4,898072
26,558333;4,92096
26,56;4,940987
26,561667;4,963875
26,563333;4,986763
26,565;5,00679
26,566667;5,029679
26,568333;5,049706
26,57;5,072594
26,571667;5,092621
26,573333;5,115509
26,575;5,135536
26,576667;5,155564
26,578333;5,175591
26,58;5,198479
26,581667;5,218506
26,583333;5,238533
26,585;5,25856
26,586667;5,278588
26,588333;5,298615
26,59;5,318642
26,591667;5,338669
26,593333;5,355835
26,595;5,375862
26,596667;5,39589
26,598333;5,415917
26,6;5,433083
26,601667;5,45311
26,603333;5,470276
26,605;5,490303
26,606667;5,50747
26,608333;5,527497
26,61;5,544663
26,611667;5,561829
26,613333;5,578995
26,615;5,596161
26,616667;5,613327
26,618333;5,630493
26,62;5,64766
26,621667;5,664826
26,623333;5,681992
26,625;5,699158
26,626667;5,713463
26,628333;5,730629
26,63;5,744934
26,631667;5,762101
26,633333;5,776406
26,635;5,793572
26,636667;5,807877
26,638333;5,822182
26,64;5,836487
26,641667;5,867958
26,643333;5,882264
26,645;5,893708
26,646667;5,893708
26,648333;5,908013
26,65;5,922318
26,651667;5,950928
26,653333;5,950928
26,655;5,962372
26,656667;5,976677
26,658333;5,988121
26,66;5,999565
26,661667;6,013871
26,663333;6,025315
26,665;6,036759
26,666667;6,048203
26,668333;6,059647
26,67;6,071091
26,671667;6,082535
26,673333;6,093979
26,675;6,105423
26,676667;6,116867
26,678333;6,12545
26,68;6,136895
26,681667;6,145478
26,683333;6,156922
26,685;6,165505
26,686667;6,174088
26,688333;6,182671
26,69;6,191254
26,691667;6,199837
26,693333;6,20842
26,695;6,217003
26,696667;6,225586
26,698333;6,234169
26,7;6,239891
26,701667;6,248474
26,703333;6,254197
26,705;6,268502
26,706667;6,277085
26,708333;6,277085
26,71;6,282807
26,711667;6,288529
26,713333;6,294251
26,715;6,299973
26,716667;6,305695
26,718333;6,311417
26,72;6,317139
26,721667;6,32
26,723333;6,325722
26,725;6,328583
26,726667;6,334305
26,728333;6,337166
26,73;6,342888
26,731667;6,345749
26,733333;6,34861
26,735;6,351471
26,736667;6,354332
26,738333;6,357193
26,74;6,360054
26,741667;6,360054
26,743333;6,362915
26,745;6,365776
26,746667;6,365776
26,748333;6,368637
26,75;6,368637
26,751667;6,368637
26,753333;6,371498
26,755;6,371498
26,756667;6,371498
26,758333;6,371498
26,76;6,371498
26,761667;6,371498
26,763333;6,368637
26,765;6,368637
26,766667;6,368637
26,768333;6,365776
26,77;6,365776
26,771667;6,362915
26,773333;6,362915
26,775;6,360054
26,776667;6,357193
26,778333;6,354332
26,78;6,351471
26,781667;6,34861
26,783333;6,345749
26,785;6,342888
26,786667;6,340027
26,788333;6,337166
26,79;6,331444
26,791667;6,328583
26,793333;6,325722
26,795;6,32
26,796667;6,317139
26,798333;6,311417
26,8;6,305695
26,801667;6,299973
26,803333;6,294251
26,805;6,29139
26,806667;6,285668
26,808333;6,277085
26,81;6,271363
26,811667;6,265641
26,813333;6,259919
26,815;6,254197
26,816667;6,245613
26,818333;6,239891
26,82;6,231308
26,821667;6,225586
26,823333;6,217003
26,825;6,20842
26,826667;6,202698
26,828333;6,194115
26,83;6,185532
26,831667;6,176949
26,833333;6,168366
26,835;6,159783
26,836667;6,1512
26,838333;6,142617
26,84;6,131173
26,841667;6,122589
26,843333;6,114006
26,845;6,102562
26,846667;6,093979
26,848333;6,082535
26,85;6,073952
26,851667;6,062508
26,853333;6,051064
26,855;6,03962
26,856667;6,031037
26,858333;6,019593
26,86;6,008149
26,861667;5,996704
26,863333;5,98526
26,865;5,973816
26,866667;5,962372
26,868333;5,950928
26,87;5,936623
26,871667;5,925179
26,873333;5,913735
26,875;5,902291
26,876667;5,887986
26,878333;5,876541
26,88;5,862236
26,881667;5,850792
26,883333;5,836487
26,885;5,825043
26,886667;5,810738
26,888333;5,799294
26,89;5,784989
26,891667;5,770684
26,893333;5,756379
26,895;5,742073
26,896667;5,727768
26,898333;5,713463
26,9;5,702019
26,901667;5,684853
26,903333;5,670548
26,905;5,656243
26,906667;5,641938
26,908333;5,627632
26,91;5,613327
26,911667;5,596161
26,913333;5,581856
26,915;5,567551
26,916667;5,550385
26,918333;5,53608
26,92;5,521775
26,921667;5,504608
26,923333;5,490303
26,925;5,473137
26,926667;5,455971
26,928333;5,441666
26,93;5,4245
26,931667;5,407334
26,933333;5,393029
26,935;5,375862
26,936667;5,358696
26,938333;5,34153
26,94;5,324364
26,941667;5,310059
26,943333;5,292893
26,945;5,275727
26,946667;5,25856
26,948333;5,241394
26,95;5,224228
26,951667;5,207062
26,953333;5,17273
26,955;5,155564
26,956667;5,138398
26,958333;5,121231
26,96;5,101204
26,961667;5,084038
26,963333;5,084038
26,965;5,066872
26,966667;5,049706
26,968333;5,03254
26,97;5,012513
26,971667;4,995346
26,973333;4,97818
26,975;4,958153
26,976667;4,940987
26,978333;4,923821
26,98;4,903794
26,981667;4,886627
26,983333;4,8666
26,985;4,849434
26,986667;4,829407
26,988333;4,812241
26,99;4,792214
26,991667;4,775048
26,993333;4,75502
26,995;4,737854
26,996667;4,717827
26,998333;4,700661
27;4,680634
27,001667;4,663468
27,003333;4,643441
27,005;4,626274
27,006667;4,606247
27,008333;4,589081
27,01;4,569054
27,011667;4,549027
27,013333;4,531861
27,015;4,511833
27,016667;4,494667
27,018333;4,47464
27,02;4,454613
27,021667;4,434586
27,023333;4,41742
27,025;4,397393
27,026667;4,377365
27,028333;4,360199
27,03;4,340172
27,031667;4,320145
27,033333;4,302979
27,035;4,282952
27,036667;4,262924
27,038333;4,245758
27,04;4,225731
27,041667;4,205704
27,043333;4,188538
27,045;4,168511
27,046667;4,148484
27,048333;4,131317
27,05;4,11129
27,051667;4,091263
27,053333;4,074097
27,055;4,05407
27,056667;4,034043
27,058333;4,014015
27,06;3,996849
27,061667;3,976822
27,063333;3,959656
27,065;3,939629
27,066667;3,919602
27,068333;3,902436
27,07;3,882408
27,071667;3,862381
27,073333;3,845215
27,075;3,825188
27,076667;3,805161
27,078333;3,787995
27,08;3,767967
27,081667;3,74794
27,083333;3,730774
27,085;3,710747
27,086667;3,693581
27,088333;3,673554
27,09;3,656388
27,091667;3,63636
27,093333;3,619194
27,095;3,599167
27,096667;3,582001
27,098333;3,561974
27,1;3,544808
27,101667;3,52478
27,103333;3,507614
27,105;3,487587
27,106667;3,470421
27,108333;3,450394
27,11;3,433228
27,111667;3,416062
27,113333;3,396034
27,115;3,378868
27,116667;3,358841
27,118333;3,341675
27,12;3,304482
27,121667;3,287316
27,123333;3,270149
27,125;3,270149
27,126667;3,250122
27,128333;3,232956
27,13;3,198624
27,131667;3,178597
27,133333;3,161431
27,135;3,144264
27,136667;3,127098
27,138333;3,109932
27,14;3,109932
27,141667;3,089905
27,143333;3,072739
27,145;3,055573
27,146667;3,038407
27,148333;3,02124
27,15;3,004074
27,151667;2,986908
27,153333;2,969742
27,155;2,952576
27,156667;2,93541
27,158333;2,918244
27,16;2,901077
27,161667;2,883911
27,163333;2,866745
27,165;2,849579
27,166667;2,832413
27,168333;2,815247
27,17;2,798081
27,171667;2,780914
27,173333;2,763748
27,175;2,746582
27,176667;2,732277
27,178333;2,715111
27,18;2,697945
27,181667;2,680779
27,183333;2,666474
27,185;2,649307
27,186667;2,632141
27,188333;2,617836
27,19;2,60067
27,191667;2,583504
27,193333;2,569199
27,195;2,552033
27,196667;2,534866
27,198333;2,520561
27,2;2,503395
27,201667;2,48909
27,203333;2,471924
27,205;2,457619
27,206667;2,443314
27,208333;2,426148
27,21;2,411842
27,211667;2,397537
27,213333;2,380371
27,215;2,366066
27,216667;2,351761
27,218333;2,334595
27,22;2,32029
27,221667;2,305985
27,223333;2,29168
27,225;2,277374
27,226667;2,263069
27,228333;2,245903
27,23;2,231598
27,231667;2,217293
27,233333;2,202988
27,235;2,188683
27,236667;2,174378
27,238333;2,160072
27,24;2,145767
27,241667;2,131462
27,243333;2,117157
27,245;2,102852
27,246667;2,088547
27,248333;2,074242
27,25;2,059937
27,251667;2,048493
27,253333;2,034187
27,255;2,019882
27,256667;2,005577
27,258333;1,994133
27,26;1,979828
27,261667;1,965523
27,263333;1,954079
27,265;1,92833
27,266667;1,914024
27,268333;1,914024
27,27;1,899719
27,271667;1,888275
27,273333;1,87397
27,275;1,848221
27,276667;1,836777
27,278333;1,825333
27,28;1,825333
27,281667;1,811028
27,283333;1,799584
27,285;1,785278
27,286667;1,773834
27,288333;1,76239
27,29;1,748085
27,291667;1,736641
27,293333;1,725197
27,295;1,713753
27,296667;1,702309
27,298333;1,690865
27,3;1,67656
27,301667;1,665115
27,303333;1,653671
27,305;1,642227
27,306667;1,630783
27,308333;1,619339
27,31;1,607895
27,311667;1,596451
27,313333;1,585007
27,315;1,573563
27,316667;1,562119
27,318333;1,550675
27,32;1,53923
27,321667;1,530647
27,323333;1,519203
27,325;1,507759
27,326667;1,496315
27,328333;1,484871
27,33;1,476288
27,331667;1,464844
27,333333;1,4534
27,335;1,444817
27,336667;1,433373
27,338333;1,413345
27,34;1,401901
27,341667;1,401901
27,343333;1,393318
27,345;1,381874
27,346667;1,37043
27,348333;1,361847
27,35;1,350403
27,351667;1,34182
27,353333;1,333237
27,355;1,321793
27,356667;1,31321
27,358333;1,304627
27,36;1,293182
27,361667;1,284599
27,363333;1,273155
27,365;1,264572
27,366667;1,255989
27,368333;1,247406
27,37;1,235962
27,371667;1,227379
27,373333;1,218796
27,375;1,210213
27,376667;1,20163
27,378333;1,193047
27,38;1,181603
27,381667;1,173019
27,383333;1,164436
27,385;1,155853
27,386667;1,14727
27,388333;1,138687
27,39;1,130104
27,391667;1,121521
27,393333;1,112938
27,395;1,104355
27,396667;1,095772
27,398333;1,087189
27,4;1,078606
27,401667;1,064301
27,403333;1,064301
27,405;1,055718
27,406667;1,047134
27,408333;1,038551
27,41;1,032829
27,411667;1,024246
27,413333;1,015663
27,415;1,009941
27,416667;1,001358
27,418333;0,992775
27,42;0,987053
27,421667;0,97847
27,423333;0,969887
27,425;0,964165
27,426667;0,955582
27,428333;0,946999
27,43;0,941277
27,431667;0,932694
27,433333;0,926971
27,435;0,918388
27,436667;0,912666
27,438333;0,904083
27,44;0,898361
27,441667;0,892639
27,443333;0,884056
27,445;0,878334
27,446667;0,869751
27,448333;0,864029
27,45;0,855446
27,451667;0,849724
27,453333;0,844002
27,455;0,835419
27,456667;0,829697
27,458333;0,823975
27,46;0,818253
27,461667;0,80967
27,463333;0,803947
27,465;0,798225
27,466667;0,792503
27,468333;0,786781
27,47;0,781059
27,471667;0,775337
27,473333;0,769615
27,475;0,761032
27,476667;0,75531
27,478333;0,749588
27,48;0,743866
27,481667;0,738144
27,483333;0,732422
27,485;0,7267
27,486667;0,720978
27,488333;0,715256
27,49;0,709534
27,491667;0,703812
27,493333;0,69809
27,495;0,695229
27,496667;0,689507
27,498333;0,683785
27,5;0,678062
27,501667;0,67234
27,503333;0,666618
27,505;0,660896
27,506667;0,655174
27,508333;0,649452
27,51;0,646591
27,511667;0,640869
27,513333;0,635147
27,515;0,629425
27,516667;0,626564
27,518333;0,620842
27,52;0,61512
27,521667;0,609398
27,523333;0,603676
27,525;0,600815
27,526667;0,595093
27,528333;0,589371
27,53;0,58651
27,531667;0,580788
27,533333;0,575066
27,535;0,572205
27,536667;0,566483
27,538333;0,563622
27,54;0,5579
27,541667;0,552177
27,543333;0,549316
27,545;0,543594
27,546667;0,540733
27,548333;0,535011
27,55;0,53215
27,551667;0,526428
27,553333;0,523567
27,555;0,517845
27,556667;0,514984
27,558333;0,512123
27,56;0,506401
27,561667;0,50354
27,563333;0,497818
27,565;0,494957
27,566667;0,492096
27,568333;0,486374
27,57;0,483513
27,571667;0,477791
27,573333;0,47493
27,575;0,472069
27,576667;0,466347
27,578333;0,463486
27,58;0,460625
27,581667;0,454903
27,583333;0,452042
27,585;0,449181
27,586667;0,44632
27,588333;0,440598
27,59;0,437737
27,591667;0,434876
27,593333;0,432014
27,595;0,426292
27,596667;0,423431
27,598333;0,42057
27,6;0,417709
27,601667;0,409126
27,603333;0,406265
27,605;0,403404
27,606667;0,400543
27,608333;0,397682
27,61;0,394821
27,611667;0,394821
27,613333;0,39196
27,615;0,386238
27,616667;0,383377
27,618333;0,380516
27,62;0,377655
27,621667;0,374794
27,623333;0,371933
27,625;0,369072
27,626667;0,366211
27,628333;0,36335
27,63;0,360489
27,631667;0,357628
27,633333;0,354767
27,635;0,351906
27,636667;0,349045
27,638333;0,346184
27,64;0,343323
27,641667;0,340462
27,643333;0,337601
27,645;0,33474
27,646667;0,331879
27,648333;0,329018
27,65;0,326157
27,651667;0,323296
27,653333;0,320435
27,655;0,317574
27,656667;0,314713
27,658333;0,311852
27,66;0,30899
27,661667;0,306129
27,663333;0,303268
27,665;0,303268
27,666667;0,300407
27,668333;0,297546
27,67;0,294685
27,671667;0,291824
27,673333;0,286102
27,675;0,286102
27,676667;0,286102
27,678333;0,283241
27,68;0,28038
27,681667;0,277519
27,683333;0,274658
27,685;0,274658
27,686667;0,271797
27,688333;0,268936
27,69;0,266075
27,691667;0,263214
27,693333;0,260353
27,695;0,260353
27,696667;0,257492
27,698333;0,254631
27,7;0,25177
27,701667;0,25177
27,703333;0,248909
27,705;0,246048
27,706667;0,246048
27,708333;0,243187
27,71;0,240326
27,711667;0,240326
27,713333;0,237465
27,715;0,234604
27,716667;0,231743
27,718333;0,228882
27,72;0,228882
27,721667;0,228882
27,723333;0,226021
27,725;0,22316
27,726667;0,220299
27,728333;0,217438
27,73;0,217438
27,731667;0,214577
27,733333;0,214577
27,735;0,214577
27,736667;0,211716
27,738333;0,208855
27,74;0,208855
27,741667;0,205994
27,743333;0,203133
27,745;0,203133
27,746667;0,200272
27,748333;0,200272
27,75;0,197411
27,751667;0,197411
27,753333;0,19455
27,755;0,19455
27,756667;0,191689
27,758333;0,188828
27,76;0,188828
27,761667;0,185967
27,763333;0,185967
27,765;0,183105
27,766667;0,180244
27,768333;0,180244
27,77;0,177383
27,771667;0,177383
27,773333;0,177383
27,775;0,174522
27,776667;0,174522
27,778333;0,171661
27,78;0,1688
27,781667;0,1688
27,783333;0,165939
27,785;0,165939
27,786667;0,163078
27,788333;0,163078
27,79;0,160217
27,791667;0,160217
27,793333;0,160217
27,795;0,157356
27,796667;0,157356
27,798333;0,154495
27,8;0,154495
27,801667;0,151634
27,803333;0,151634
27,805;0,148773
27,806667;0,148773
27,808333;0,148773
27,81;0,145912
27,811667;0,145912
27,813333;0,143051
27,815;0,143051
27,816667;0,143051
27,818333;0,14019
27,82;0,14019
27,821667;0,137329
27,823333;0,137329
27,825;0,134468
27,826667;0,134468
27,828333;0,131607
27,83;0,131607
27,831667;0,128746
27,833333;0,128746
27,835;0,125885
27,836667;0,125885
27,838333;0,125885
27,84;0,123024
27,841667;0,123024
27,843333;0,123024
27,845;0,120163
27,846667;0,120163
27,848333;0,120163
27,85;0,117302
27,851667;0,117302
27,853333;0,117302
27,855;0,114441
27,856667;0,114441
27,858333;0,114441
27,86;0,114441
27,861667;0,11158
27,863333;0,11158
27,865;0,11158
27,866667;0,108719
27,868333;0,108719
27,87;0,108719
27,871667;0,105858
27,873333;0,105858
27,875;0,105858
27,876667;0,102997
27,878333;0,102997
27,88;0,102997
27,881667;0,100136
27,883333;0,100136
27,885;0,097275
27,886667;0,097275
27,888333;0,097275
27,89;0,097275
27,891667;0,094414
27,893333;0,094414
27,895;0,094414
27,896667;0,094414
27,898333;0,094414
27,9;0,091553
27,901667;0,091553
27,903333;0,091553
27,905;0,088692
27,906667;0,088692
27,908333;0,088692
27,91;0,088692
27,911667;0,085831
27,913333;0,085831
27,915;0,085831
27,916667;0,085831
27,918333;0,085831
27,92;0,08297
27,921667;0,08297
27,923333;0,08297
27,925;0,080109
27,926667;0,080109
27,928333;0,080109
27,93;0,080109
27,931667;0,080109
27,933333;0,077248
27,935;0,077248
27,936667;0,077248
27,938333;0,074387
27,94;0,074387
27,941667;0,074387
27,943333;0,074387
27,945;0,071526
27,946667;0,071526
27,948333;0,071526
27,95;0,071526
27,951667;0,068665
27,953333;0,068665
27,955;0,068665
27,956667;0,068665
27,958333;0,068665
27,96;0,065804
27,961667;0,065804
27,963333;0,065804
27,965;0,065804
27,966667;0,065804
27,968333;0,062943
27,97;0,062943
27,971667;0,062943
27,973333;0,062943
27,975;0,060081
27,976667;0,060081
27,978333;0,060081
27,98;0,060081
27,981667;0,060081
27,983333;0,060081
27,985;0,05722
27,986667;0,05722
27,988333;0,05722
27,99;0,05722
27,991667;0,05722
27,993333;0,054359
27,995;0,054359
27,996667;0,054359
27,998333;0,054359
28;0,054359
28,001667;0,054359
28,003333;0,054359
28,005;0,054359
28,006667;0,051498
28,008333;0,051498
28,01;0,051498
28,011667;0,051498
28,013333;0,051498
28,015;0,051498
28,016667;0,051498
28,018333;0,048637
28,02;0,048637
28,021667;0,048637
28,023333;0,048637
28,025;0,048637
28,026667;0,045776
28,028333;0,045776
28,03;0,045776
28,031667;0,045776
28,033333;0,045776
28,035;0,042915
28,036667;0,042915
28,038333;0,042915
28,04;0,042915
28,041667;0,042915
28,043333;0,042915
28,045;0,040054
28,046667;0,040054
28,048333;0,040054
28,05;0,040054
28,051667;0,040054
28,053333;0,040054
28,055;0,040054
28,056667;0,040054
28,058333;0,040054
28,06;0,037193
28,061667;0,037193
28,063333;0,037193
28,065;0,037193
28,066667;0,037193
28,068333;0,037193
28,07;0,037193
28,071667;0,037193
28,073333;0,037193
28,075;0,034332
28,076667;0,034332
28,078333;0,034332
28,08;0,034332
28,081667;0,034332
28,083333;0,034332
28,085;0,034332
28,086667;0,031471
28,088333;0,031471
28,09;0,031471
28,091667;0,031471
28,093333;0,031471
28,095;0,031471
28,096667;0,031471
28,098333;0,031471
28,1;0,031471
28,101667;0,02861
28,103333;0,02861
28,105;0,02861
28,106667;0,02861
28,108333;0,02861
28,11;0,02861
28,111667;0,02861
28,113333;0,02861
28,115;0,02861
28,116667;0,02861
28,118333;0,02861
28,12;0,025749
28,121667;0,025749
28,123333;0,025749
28,125;0,025749
28,126667;0,025749
28,128333;0,025749
28,13;0,025749
28,131667;0,025749
28,133333;0,025749
28,135;0,025749
28,136667;0,022888
28,138333;0,022888
28,14;0,022888
28,141667;0,022888
28,143333;0,022888
28,145;0,022888
28,146667;0,022888
28,148333;0,022888
28,15;0,022888
28,151667;0,022888
28,153333;0,022888
28,155;0,022888
28,156667;0,022888
28,158333;0,020027
28,16;0,020027
28,161667;0,020027
28,163333;0,020027
28,165;0,020027
28,166667;0,020027
28,168333;0,020027
28,17;0,020027
28,171667;0,020027
28,173333;0,020027
28,175;0,020027
28,176667;0,020027
28,178333;0,017166
28,18;0,017166
28,181667;0,017166
28,183333;0,017166
28,185;0,017166
28,186667;0,017166
28,188333;0,017166
28,19;0,017166
28,191667;0,017166
28,193333;0,017166
28,195;0,017166
28,196667;0,014305
28,198333;0,014305
28,2;0,014305
28,201667;0,014305
28,203333;0,014305
28,205;0,014305
28,206667;0,014305
28,208333;0,014305
28,21;0,014305
28,211667;0,014305
28,213333;0,014305
28,215;0,014305
28,216667;0,014305
28,218333;0,014305
28,22;0,014305
28,221667;0,011444
28,223333;0,011444
28,225;0,011444
28,226667;0,011444
28,228333;0,011444
28,23;0,011444
28,231667;0,011444
28,233333;0,011444
28,235;0,011444
28,236667;0,011444
28,238333;0,011444
28,24;0,011444
28,241667;0,011444
28,243333;0,011444
28,245;0,011444
28,246667;0,011444
28,248333;0,011444
28,25;0,008583
28,251667;0,008583
28,253333;0,008583
28,255;0,008583
28,256667;0,008583
28,258333;0,008583
28,26;0,008583
28,261667;0,008583
28,263333;0,008583
28,265;0,008583
28,266667;0,008583
28,268333;0,008583
28,27;0,008583
28,271667;0,005722
28,273333;0,005722
28,275;0,005722
28,276667;0,005722
28,278333;0,005722
28,28;0,005722
28,281667;0,005722
28,283333;0,005722
28,285;0,005722
28,286667;0,005722
28,288333;0,005722
28,29;0,005722
28,291667;0,005722
28,293333;0,005722
28,295;0,005722
28,296667;0,002861
28,298333;0,002861
28,3;0,002861
28,301667;0,002861
28,303333;0,002861
28,305;0,002861
28,306667;0,002861
28,308333;0,002861
28,31;0,002861
28,311667;0,002861
28,313333;0,002861
28,315;0,002861
28,316667;0,002861
28,318333;0,002861
28,32;0,002861
28,321667;0,002861
28,323333;0,002861
28,325;0,002861
28,326667;0,002861
28,328333;0,002861
28,33;0,002861
28,331667;0,002861
28,333333;0,002861
28,335;0,002861
28,336667;0,002861
28,338333;0,002861
28,34;0,002861
28,341667;0,002861
28,343333;0
28,345;0
28,346667;0
28,348333;0
28,35;0
28,351667;0
28,353333;0
28,355;0
28,356667;0
28,358333;0
28,36;0
28,361667;0
28,363333;0
28,365;0
28,366667;0
28,368333;0
28,37;0
28,371667;0
28,373333;0
28,375;0
28,376667;0
28,378333;0
28,38;0
28,381667;0
28,383333;0
28,385;0
28,386667;0
28,388333;0
28,39;0
28,391667;0
28,393333;0
28,395;0
28,396667;0
28,398333;0
28,4;0
28,401667;0
28,403333;0
28,405;0
28,406667;0
28,408333;0
28,41;0
28,411667;0
28,413333;0
28,415;0
28,416667;0
28,418333;0
28,42;0
28,421667;0
28,423333;0
28,425;0
28,426667;0
28,428333;-0,002861
28,43;-0,002861
28,431667;-0,002861
28,433333;-0,002861
28,435;-0,002861
28,436667;-0,002861
28,438333;-0,002861
28,44;-0,002861
28,441667;-0,002861
28,443333;-0,002861
28,445;-0,002861
28,446667;-0,002861
28,448333;-0,002861
28,45;-0,002861
28,451667;-0,002861
28,453333;-0,002861
28,455;-0,002861
28,456667;-0,002861
28,458333;-0,002861
28,46;-0,002861
28,461667;-0,002861
28,463333;-0,002861
28,465;-0,002861
28,466667;-0,002861
28,468333;-0,002861
28,47;-0,002861
28,471667;-0,002861
28,473333;-0,002861
28,475;-0,002861
28,476667;-0,005722
28,478333;-0,005722
28,48;-0,005722
28,481667;-0,005722
28,483333;-0,005722
28,485;-0,005722
28,486667;-0,005722
28,488333;-0,005722
28,49;-0,005722
28,491667;-0,005722
28,493333;-0,005722
28,495;-0,005722
28,496667;-0,005722
28,498333;-0,005722
28,5;-0,005722
28,501667;-0,005722
28,503333;-0,005722
28,505;-0,005722
28,506667;-0,005722
28,508333;-0,005722
28,51;-0,005722
28,511667;-0,005722
28,513333;-0,005722
28,515;-0,005722
28,516667;-0,005722
28,518333;-0,005722
28,52;-0,005722
28,521667;-0,005722
28,523333;-0,005722
28,525;-0,005722
28,526667;-0,005722
28,528333;-0,005722
28,53;-0,005722
28,531667;-0,005722
28,533333;-0,005722
28,535;-0,005722
28,536667;-0,005722
28,538333;-0,005722
28,54;-0,005722
28,541667;-0,005722
28,543333;-0,005722
28,545;-0,005722
28,546667;-0,005722
28,548333;-0,005722
28,55;-0,005722
28,551667;-0,005722
28,553333;-0,005722
28,555;-0,005722
28,556667;-0,005722
28,558333;-0,005722
28,56;-0,005722
28,561667;-0,005722
28,563333;-0,005722
28,565;-0,005722
28,566667;-0,005722
28,568333;-0,005722
28,57;-0,005722
28,571667;-0,005722
28,573333;-0,005722
28,575;-0,005722
28,576667;-0,008583
28,578333;-0,008583
28,58;-0,008583
28,581667;-0,008583
28,583333;-0,008583
28,585;-0,008583
28,586667;-0,008583
28,588333;-0,008583
28,59;-0,005722
28,591667;-0,005722
28,593333;-0,005722
28,595;-0,005722
28,596667;-0,005722
28,598333;-0,005722
28,6;-0,008583
28,601667;-0,008583
28,603333;-0,008583
28,605;-0,008583
28,606667;-0,008583
28,608333;-0,008583
28,61;-0,008583
28,611667;-0,008583
28,613333;-0,008583
28,615;-0,008583
28,616667;-0,008583
28,618333;-0,008583
28,62;-0,008583
28,621667;-0,008583
28,623333;-0,008583
28,625;-0,008583
28,626667;-0,008583
28,628333;-0,008583
28,63;-0,008583
28,631667;-0,008583
28,633333;-0,008583
28,635;-0,008583
28,636667;-0,008583
28,638333;-0,008583
28,64;-0,008583
28,641667;-0,008583
28,643333;-0,008583
28,645;-0,008583
28,646667;-0,008583
28,648333;-0,008583
28,65;-0,008583
28,651667;-0,008583
28,653333;-0,008583
28,655;-0,008583
28,656667;-0,008583
28,658333;-0,008583
28,66;-0,008583
28,661667;-0,008583
28,663333;-0,008583
28,665;-0,008583
28,666667;-0,008583
28,668333;-0,008583
28,67;-0,008583
28,671667;-0,008583
28,673333;-0,008583
28,675;-0,008583
28,676667;-0,008583
28,678333;-0,008583
28,68;-0,008583
28,681667;-0,008583
28,683333;-0,008583
28,685;-0,008583
28,686667;-0,008583
28,688333;-0,008583
28,69;-0,008583
28,691667;-0,008583
28,693333;-0,011444
28,695;-0,011444
28,696667;-0,011444
28,698333;-0,011444
28,7;-0,011444
28,701667;-0,011444
28,703333;-0,011444
28,705;-0,011444
28,706667;-0,011444
28,708333;-0,011444
28,71;-0,011444
28,711667;-0,011444
28,713333;-0,011444
28,715;-0,011444
28,716667;-0,011444
28,718333;-0,011444
28,72;-0,011444
28,721667;-0,011444
28,723333;-0,011444
28,725;-0,011444
28,726667;-0,011444
28,728333;-0,011444
28,73;-0,011444
28,731667;-0,011444
28,733333;-0,011444
28,735;-0,011444
28,736667;-0,011444
28,738333;-0,011444
28,74;-0,011444
28,741667;-0,011444
28,743333;-0,011444
28,745;-0,011444
28,746667;-0,011444
28,748333;-0,011444
28,75;-0,011444
28,751667;-0,011444
28,753333;-0,011444
28,755;-0,011444
28,756667;-0,011444
28,758333;-0,011444
28,76;-0,011444
28,761667;-0,011444
28,763333;-0,011444
28,765;-0,011444
28,766667;-0,011444
28,768333;-0,011444
28,77;-0,011444
28,771667;-0,011444
28,773333;-0,011444
28,775;-0,011444
28,776667;-0,011444
28,778333;-0,011444
28,78;-0,011444
28,781667;-0,011444
28,783333;-0,011444
28,785;-0,011444
28,786667;-0,011444
28,788333;-0,011444
28,79;-0,011444
28,791667;-0,011444
28,793333;-0,011444
28,795;-0,014305
28,796667;-0,014305
28,798333;-0,014305
28,8;-0,014305
28,801667;-0,014305
28,803333;-0,014305
28,805;-0,014305
28,806667;-0,014305
28,808333;-0,014305
28,81;-0,014305
28,811667;-0,014305
28,813333;-0,014305
28,815;-0,014305
28,816667;-0,014305
28,818333;-0,014305
28,82;-0,014305
28,821667;-0,014305
28,823333;-0,014305
28,825;-0,014305
28,826667;-0,014305
28,828333;-0,014305
28,83;-0,014305
28,831667;-0,014305
28,833333;-0,014305
28,835;-0,014305
28,836667;-0,014305
28,838333;-0,014305
28,84;-0,014305
28,841667;-0,014305
28,843333;-0,014305
28,845;-0,014305
28,846667;-0,014305
28,848333;-0,014305
28,85;-0,014305
28,851667;-0,014305
28,853333;-0,014305
28,855;-0,014305
28,856667;-0,014305
28,858333;-0,014305
28,86;-0,014305
28,861667;-0,014305
28,863333;-0,014305
28,865;-0,014305
28,866667;-0,014305
28,868333;-0,014305
28,87;-0,014305
28,871667;-0,014305
28,873333;-0,011444
28,875;-0,011444
28,876667;-0,011444
28,878333;-0,011444
28,88;-0,014305
28,881667;-0,014305
28,883333;-0,014305
28,885;-0,014305
28,886667;-0,014305
28,888333;-0,014305
28,89;-0,014305
28,891667;-0,014305
28,893333;-0,014305
28,895;-0,014305
28,896667;-0,014305
28,898333;-0,014305
28,9;-0,014305
28,901667;-0,014305
28,903333;-0,014305
28,905;-0,014305
28,906667;-0,014305
28,908333;-0,014305
28,91;-0,014305
28,911667;-0,014305
28,913333;-0,014305
28,915;-0,014305
28,916667;-0,014305
28,918333;-0,014305
28,92;-0,014305
28,921667;-0,014305
28,923333;-0,014305
28,925;-0,014305
28,926667;-0,014305
28,928333;-0,014305
28,93;-0,014305
28,931667;-0,014305
28,933333;-0,017166
28,935;-0,014305
28,936667;-0,014305
28,938333;-0,014305
28,94;-0,014305
28,941667;-0,017166
28,943333;-0,017166
28,945;-0,017166
28,946667;-0,017166
28,948333;-0,017166
28,95;-0,017166
28,951667;-0,017166
28,953333;-0,017166
28,955;-0,017166
28,956667;-0,017166
28,958333;-0,017166
28,96;-0,017166
28,961667;-0,017166
28,963333;-0,017166
28,965;-0,017166
28,966667;-0,017166
28,968333;-0,017166
28,97;-0,017166
28,971667;-0,017166
28,973333;-0,017166
28,975;-0,017166
28,976667;-0,017166
28,978333;-0,017166
28,98;-0,017166
28,981667;-0,017166
28,983333;-0,017166
28,985;-0,017166
28,986667;-0,017166
28,988333;-0,017166
28,99;-0,017166
28,991667;-0,017166
28,993333;-0,017166
28,995;-0,017166
28,996667;-0,017166
28,998333;-0,017166
29;-0,017166
29,001667;-0,017166
29,003333;-0,017166
29,005;-0,017166
29,006667;-0,017166
29,008333;-0,017166
29,01;-0,017166
29,011667;-0,017166
29,013333;-0,017166
29,015;-0,017166
29,016667;-0,017166
29,018333;-0,017166
29,02;-0,017166
29,021667;-0,017166
29,023333;-0,017166
29,025;-0,017166
29,026667;-0,017166
29,028333;-0,017166
29,03;-0,017166
29,031667;-0,017166
29,033333;-0,017166
29,035;-0,017166
29,036667;-0,017166
29,038333;-0,017166
29,04;-0,017166
29,041667;-0,017166
29,043333;-0,017166
29,045;-0,017166
29,046667;-0,017166
29,048333;-0,017166
29,05;-0,017166
29,051667;-0,017166
29,053333;-0,017166
29,055;-0,017166
29,056667;-0,017166
29,058333;-0,017166
29,06;-0,017166
29,061667;-0,017166
29,063333;-0,017166
29,065;-0,017166
29,066667;-0,017166
29,068333;-0,017166
29,07;-0,017166
29,071667;-0,017166
29,073333;-0,017166
29,075;-0,017166
29,076667;-0,017166
29,078333;-0,017166
29,08;-0,017166
29,081667;-0,017166
29,083333;-0,017166
29,085;-0,017166
29,086667;-0,017166
29,088333;-0,017166
29,09;-0,017166
29,091667;-0,017166
29,093333;-0,017166
29,095;-0,017166
29,096667;-0,017166
29,098333;-0,017166
29,1;-0,017166
29,101667;-0,017166
29,103333;-0,020027
29,105;-0,020027
29,106667;-0,020027
29,108333;-0,020027
29,11;-0,020027
29,111667;-0,020027
29,113333;-0,020027
29,115;-0,020027
29,116667;-0,020027
29,118333;-0,020027
29,12;-0,020027
29,121667;-0,020027
29,123333;-0,020027
29,125;-0,020027
29,126667;-0,020027
29,128333;-0,017166
29,13;-0,017166
29,131667;-0,020027
29,133333;-0,017166
29,135;-0,017166
29,136667;-0,017166
29,138333;-0,017166
29,14;-0,017166
29,141667;-0,017166
29,143333;-0,017166
29,145;-0,017166
29,146667;-0,017166
29,148333;-0,017166
29,15;-0,017166
29,151667;-0,017166
29,153333;-0,017166
29,155;-0,017166
29,156667;-0,017166
29,158333;-0,017166
29,16;-0,017166
29,161667;-0,017166
29,163333;-0,017166
29,165;-0,017166
29,166667;-0,020027
29,168333;-0,020027
29,17;-0,020027
29,171667;-0,020027
29,173333;-0,020027
29,175;-0,020027
29,176667;-0,020027
29,178333;-0,020027
29,18;-0,020027
29,181667;-0,020027
29,183333;-0,020027
29,185;-0,020027
29,186667;-0,020027
29,188333;-0,020027
29,19;-0,020027
29,191667;-0,020027
29,193333;-0,020027
29,195;-0,020027
29,196667;-0,020027
29,198333;-0,020027
29,2;-0,020027
29,201667;-0,020027
29,203333;-0,020027
29,205;-0,020027
29,206667;-0,020027
29,208333;-0,020027
29,21;-0,020027
29,211667;-0,020027
29,213333;-0,020027
29,215;-0,020027
29,216667;-0,020027
29,218333;-0,020027
29,22;-0,020027
29,221667;-0,020027
29,223333;-0,020027
29,225;-0,020027
29,226667;-0,020027
29,228333;-0,020027
29,23;-0,020027
29,231667;-0,020027
29,233333;-0,020027
29,235;-0,020027
29,236667;-0,020027
29,238333;-0,020027
29,24;-0,020027
29,241667;-0,020027
29,243333;-0,020027
29,245;-0,020027
29,246667;-0,020027
29,248333;-0,020027
29,25;-0,020027
29,251667;-0,020027
29,253333;-0,020027
29,255;-0,020027
29,256667;-0,020027
29,258333;-0,020027
29,26;-0,020027
29,261667;-0,020027
29,263333;-0,020027
29,265;-0,020027
29,266667;-0,020027
29,268333;-0,020027
29,27;-0,020027
29,271667;-0,020027
29,273333;-0,020027
29,275;-0,020027
29,276667;-0,020027
29,278333;-0,020027
29,28;-0,020027
29,281667;-0,020027
29,283333;-0,020027
29,285;-0,020027
29,286667;-0,020027
29,288333;-0,020027
29,29;-0,020027
29,291667;-0,020027
29,293333;-0,020027
29,295;-0,020027
29,296667;-0,020027
29,298333;-0,020027
29,3;-0,020027
29,301667;-0,020027
29,303333;-0,020027
29,305;-0,020027
29,306667;-0,020027
29,308333;-0,020027
29,31;-0,020027
29,311667;-0,020027
29,313333;-0,020027
29,315;-0,020027
29,316667;-0,020027
29,318333;-0,020027
29,32;-0,020027
29,321667;-0,020027
29,323333;-0,020027
29,325;-0,020027
29,326667;-0,020027
29,328333;-0,020027
29,33;-0,020027
29,331667;-0,020027
29,333333;-0,020027
29,335;-0,020027
29,336667;-0,020027
29,338333;-0,020027
29,34;-0,020027
29,341667;-0,020027
29,343333;-0,020027
29,345;-0,020027
29,346667;-0,020027
29,348333;-0,020027
29,35;-0,020027
29,351667;-0,020027
29,353333;-0,020027
29,355;-0,020027
29,356667;-0,020027
29,358333;-0,020027
29,36;-0,020027
29,361667;-0,020027
29,363333;-0,020027
29,365;-0,020027
29,366667;-0,020027
29,368333;-0,020027
29,37;-0,020027
29,371667;-0,020027
29,373333;-0,020027
29,375;-0,020027
29,376667;-0,020027
29,378333;-0,020027
29,38;-0,020027
29,381667;-0,020027
29,383333;-0,020027
29,385;-0,020027
29,386667;-0,020027
29,388333;-0,020027
29,39;-0,020027
29,391667;-0,020027
29,393333;-0,020027
29,395;-0,020027
29,396667;-0,020027
29,398333;-0,020027
29,4;-0,020027
29,401667;-0,020027
29,403333;-0,020027
29,405;-0,020027
29,406667;-0,020027
29,408333;-0,020027
29,41;-0,020027
29,411667;-0,020027
29,413333;-0,020027
29,415;-0,020027
29,416667;-0,020027
29,418333;-0,020027
29,42;-0,020027
29,421667;-0,020027
29,423333;-0,020027
29,425;-0,020027
29,426667;-0,020027
29,428333;-0,020027
29,43;-0,020027
29,431667;-0,020027
29,433333;-0,020027
29,435;-0,020027
29,436667;-0,020027
29,438333;-0,020027
29,44;-0,020027
29,441667;-0,020027
29,443333;-0,020027
29,445;-0,020027
29,446667;-0,020027
29,448333;-0,020027
29,45;-0,020027
29,451667;-0,020027
29,453333;-0,020027
29,455;-0,020027
29,456667;-0,020027
29,458333;-0,020027
29,46;-0,020027
29,461667;-0,020027
29,463333;-0,020027
29,465;-0,020027
29,466667;-0,020027
29,468333;-0,020027
29,47;-0,020027
29,471667;-0,020027
29,473333;-0,020027
29,475;-0,020027
29,476667;-0,020027
29,478333;-0,020027
29,48;-0,020027
29,481667;-0,020027
29,483333;-0,020027
29,485;-0,020027
29,486667;-0,020027
29,488333;-0,020027
29,49;-0,020027
29,491667;-0,020027
29,493333;-0,020027
29,495;-0,020027
29,496667;-0,020027
29,498333;-0,020027
29,5;-0,020027
29,501667;-0,020027
29,503333;-0,020027
29,505;-0,020027
29,506667;-0,020027
29,508333;-0,020027
29,51;-0,020027
29,511667;-0,020027
29,513333;-0,020027
29,515;-0,020027
29,516667;-0,020027
29,518333;-0,020027
29,52;-0,020027
29,521667;-0,020027
29,523333;-0,020027
29,525;-0,020027
29,526667;-0,020027
29,528333;-0,020027
29,53;-0,020027
29,531667;-0,020027
29,533333;-0,020027
29,535;-0,020027
29,536667;-0,020027
29,538333;-0,020027
29,54;-0,020027
29,541667;-0,020027
29,543333;-0,020027
29,545;-0,020027
29,546667;-0,020027
29,548333;-0,020027
29,55;-0,020027
29,551667;-0,020027
29,553333;-0,020027
29,555;-0,020027
29,556667;-0,020027
29,558333;-0,020027
29,56;-0,020027
29,561667;-0,020027
29,563333;-0,020027
29,565;-0,020027
29,566667;-0,020027
29,568333;-0,020027
29,57;-0,020027
29,571667;-0,020027
29,573333;-0,020027
29,575;-0,020027
29,576667;-0,020027
29,578333;-0,020027
29,58;-0,020027
29,581667;-0,020027
29,583333;-0,020027
29,585;-0,020027
29,586667;-0,020027
29,588333;-0,020027
29,59;-0,020027
29,591667;-0,020027
29,593333;-0,020027
29,595;-0,020027
29,596667;-0,020027
29,598333;-0,020027
29,6;-0,020027
29,601667;-0,020027
29,603333;-0,020027
29,605;-0,020027
29,606667;-0,020027
29,608333;-0,020027
29,61;-0,020027
29,611667;-0,020027
29,613333;-0,020027
29,615;-0,020027
29,616667;-0,020027
29,618333;-0,020027
29,62;-0,020027
29,621667;-0,020027
29,623333;-0,020027
29,625;-0,020027
29,626667;-0,020027
29,628333;-0,020027
29,63;-0,020027
29,631667;-0,020027
29,633333;-0,020027
29,635;-0,020027
29,636667;-0,020027
29,638333;-0,020027
29,64;-0,020027
29,641667;-0,020027
29,643333;-0,020027
29,645;-0,020027
29,646667;-0,020027
29,648333;-0,020027
29,65;-0,020027
29,651667;-0,020027
29,653333;-0,020027
29,655;-0,020027
29,656667;-0,020027
29,658333;-0,020027
29,66;-0,020027
29,661667;-0,020027
29,663333;-0,020027
29,665;-0,020027
29,666667;-0,020027
29,668333;-0,020027
29,67;-0,020027
29,671667;-0,020027
29,673333;-0,020027
29,675;-0,020027
29,676667;-0,020027
29,678333;-0,020027
29,68;-0,020027
29,681667;-0,020027
29,683333;-0,020027
29,685;-0,020027
29,686667;-0,020027
29,688333;-0,020027
29,69;-0,020027
29,691667;-0,020027
29,693333;-0,020027
29,695;-0,020027
29,696667;-0,020027
29,698333;-0,020027
29,7;-0,020027
29,701667;-0,020027
29,703333;-0,020027
29,705;-0,020027
29,706667;-0,020027
29,708333;-0,020027
29,71;-0,020027
29,711667;-0,020027
29,713333;-0,020027
29,715;-0,020027
29,716667;-0,020027
29,718333;-0,020027
29,72;-0,020027
29,721667;-0,020027
29,723333;-0,020027
29,725;-0,020027
29,726667;-0,020027
29,728333;-0,020027
29,73;-0,020027
29,731667;-0,020027
29,733333;-0,020027
29,735;-0,020027
29,736667;-0,020027
29,738333;-0,020027
29,74;-0,020027
29,741667;-0,020027
29,743333;-0,020027
29,745;-0,020027
29,746667;-0,020027
29,748333;-0,020027
29,75;-0,020027
29,751667;-0,020027
29,753333;-0,020027
29,755;-0,020027
29,756667;-0,020027
29,758333;-0,020027
29,76;-0,020027
29,761667;-0,020027
29,763333;-0,020027
29,765;-0,020027
29,766667;-0,017166
29,768333;-0,017166
29,77;-0,017166
29,771667;-0,017166
29,773333;-0,017166
29,775;-0,017166
29,776667;-0,017166
29,778333;-0,017166
29,78;-0,017166
29,781667;-0,017166
29,783333;-0,017166
29,785;-0,017166
29,786667;-0,017166
29,788333;-0,017166
29,79;-0,017166
29,791667;-0,017166
29,793333;-0,017166
29,795;-0,017166
29,796667;-0,017166
29,798333;-0,017166
29,8;-0,017166
29,801667;-0,020027
29,803333;-0,020027
29,805;-0,020027
29,806667;-0,020027
29,808333;-0,020027
29,81;-0,020027
29,811667;-0,020027
29,813333;-0,020027
29,815;-0,020027
29,816667;-0,020027
29,818333;-0,020027
29,82;-0,020027
29,821667;-0,020027
29,823333;-0,020027
29,825;-0,020027
29,826667;-0,017166
29,828333;-0,017166
29,83;-0,017166
29,831667;-0,017166
29,833333;-0,017166
29,835;-0,017166
29,836667;-0,017166
29,838333;-0,020027
29,84;-0,020027
29,841667;-0,020027
29,843333;-0,020027
29,845;-0,020027
29,846667;-0,020027
29,848333;-0,020027
29,85;-0,020027
29,851667;-0,020027
29,853333;-0,020027
29,855;-0,020027
29,856667;-0,020027
29,858333;-0,020027
29,86;-0,020027
29,861667;-0,020027
29,863333;-0,020027
29,865;-0,020027
29,866667;-0,020027
29,868333;-0,020027
29,87;-0,020027
29,871667;-0,020027
29,873333;-0,020027
29,875;-0,020027
29,876667;-0,020027
29,878333;-0,020027
29,88;-0,020027
29,881667;-0,020027
29,883333;-0,020027
29,885;-0,020027
29,886667;-0,020027
29,888333;-0,020027
29,89;-0,020027
29,891667;-0,020027
29,893333;-0,020027
29,895;-0,020027
29,896667;-0,020027
29,898333;-0,020027
29,9;-0,020027
29,901667;-0,020027
29,903333;-0,020027
29,905;-0,020027
29,906667;-0,020027
29,908333;-0,022888
29,91;-0,022888
29,911667;-0,022888
29,913333;-0,022888
29,915;-0,022888
29,916667;-0,022888
29,918333;-0,022888
29,92;-0,022888
29,921667;-0,022888
29,923333;-0,022888
29,925;-0,022888
29,926667;-0,020027
29,928333;-0,020027
29,93;-0,020027
29,931667;-0,020027
29,933333;-0,022888
29,935;-0,022888
29,936667;-0,022888
29,938333;-0,022888
29,94;-0,022888
29,941667;-0,022888
29,943333;-0,022888
29,945;-0,022888
29,946667;-0,022888
29,948333;-0,022888
29,95;-0,022888
29,951667;-0,022888
29,953333;-0,022888
29,955;-0,022888
29,956667;-0,022888
29,958333;-0,022888
29,96;-0,022888
29,961667;-0,022888
29,963333;-0,022888
29,965;-0,022888
29,966667;-0,022888
29,968333;-0,022888
29,97;-0,022888
29,971667;-0,022888
29,973333;-0,022888
29,975;-0,022888
29,976667;-0,022888
29,978333;-0,022888
29,98;-0,022888
29,981667;-0,022888
29,983333;-0,022888
29,985;-0,022888
29,986667;-0,022888
29,988333;-0,022888
29,99;-0,022888
29,991667;-0,022888
29,993333;-0,022888
29,995;-0,022888
29,996667;-0,022888
29,998333;-0,022888
30;-0,022888
30,001667;-0,022888
30,003333;-0,020027
30,005;-0,020027
30,006667;-0,020027
30,008333;-0,020027
30,01;-0,020027
30,011667;-0,020027
30,013333;-0,020027
30,015;-0,022888
30,016667;-0,022888
30,018333;-0,022888
30,02;-0,022888
30,021667;-0,022888
30,023333;-0,022888
30,025;-0,022888
30,026667;-0,022888
30,028333;-0,022888
30,03;-0,022888
30,031667;-0,022888
30,033333;-0,022888
30,035;-0,022888
30,036667;-0,022888
30,038333;-0,022888
30,04;-0,022888
30,041667;-0,022888
30,043333;-0,022888
30,045;-0,022888
30,046667;-0,022888
30,048333;-0,022888
30,05;-0,022888
30,051667;-0,022888
30,053333;-0,022888
30,055;-0,022888
30,056667;-0,022888
30,058333;-0,022888
30,06;-0,022888
30,061667;-0,022888
30,063333;-0,022888
30,065;-0,022888
30,066667;-0,022888
30,068333;-0,022888
30,07;-0,022888
30,071667;-0,022888
30,073333;-0,022888
30,075;-0,022888
30,076667;-0,022888
30,078333;-0,022888
30,08;-0,022888
30,081667;-0,022888
30,083333;-0,022888
30,085;-0,022888
30,086667;-0,022888
30,088333;-0,022888
30,09;-0,022888
30,091667;-0,025749
30,093333;-0,025749
30,095;-0,025749
30,096667;-0,025749
30,098333;-0,025749
30,1;-0,025749
30,101667;-0,025749
30,103333;-0,025749
30,105;-0,025749
30,106667;-0,025749
30,108333;-0,025749
30,11;-0,025749
30,111667;-0,025749
30,113333;-0,025749
30,115;-0,025749
30,116667;-0,022888
30,118333;-0,022888
30,12;-0,022888
30,121667;-0,022888
30,123333;-0,022888
30,125;-0,022888
30,126667;-0,022888
30,128333;-0,022888
30,13;-0,022888
30,131667;-0,022888
30,133333;-0,022888
30,135;-0,022888
30,136667;-0,022888
30,138333;-0,022888
30,14;-0,022888
30,141667;-0,022888
30,143333;-0,022888
30,145;-0,022888
30,146667;-0,022888
30,148333;-0,022888
30,15;-0,022888
30,151667;-0,022888
30,153333;-0,022888
30,155;-0,022888
30,156667;-0,022888
30,158333;-0,022888
30,16;-0,022888
30,161667;-0,022888
30,163333;-0,022888
30,165;-0,022888
30,166667;-0,022888
30,168333;-0,022888
30,17;-0,022888
30,171667;-0,022888
30,173333;-0,022888
30,175;-0,022888
30,176667;-0,022888
30,178333;-0,022888
30,18;-0,022888
30,181667;-0,022888
30,183333;-0,022888
30,185;-0,022888
30,186667;-0,022888
30,188333;-0,022888
30,19;-0,022888
30,191667;-0,022888
30,193333;-0,022888
30,195;-0,022888
30,196667;-0,022888
30,198333;-0,022888
30,2;-0,022888
30,201667;-0,022888
30,203333;-0,022888
30,205;-0,022888
30,206667;-0,022888
30,208333;-0,022888
30,21;-0,022888
30,211667;-0,022888
30,213333;-0,022888
30,215;-0,022888
30,216667;-0,022888
30,218333;-0,022888
30,22;-0,022888
30,221667;-0,022888
30,223333;-0,022888
30,225;-0,022888
30,226667;-0,022888
30,228333;-0,022888
30,23;-0,022888
30,231667;-0,022888
30,233333;-0,022888
30,235;-0,022888
30,236667;-0,022888
30,238333;-0,022888
30,24;-0,022888
30,241667;-0,022888
30,243333;-0,022888
30,245;-0,022888
30,246667;-0,022888
30,248333;-0,022888
30,25;-0,022888
30,251667;-0,022888
30,253333;-0,022888
30,255;-0,022888
30,256667;-0,022888
30,258333;-0,022888
30,26;-0,022888
30,261667;-0,022888
30,263333;-0,022888
30,265;-0,022888
30,266667;-0,022888
30,268333;-0,022888
30,27;-0,022888
30,271667;-0,022888
30,273333;-0,022888
30,275;-0,022888
30,276667;-0,022888
30,278333;-0,022888
30,28;-0,022888
30,281667;-0,022888
30,283333;-0,022888
30,285;-0,022888
30,286667;-0,022888
30,288333;-0,022888
30,29;-0,022888
30,291667;-0,022888
30,293333;-0,022888
30,295;-0,022888
30,296667;-0,022888
30,298333;-0,022888
30,3;-0,022888
30,301667;-0,022888
30,303333;-0,022888
30,305;-0,022888
30,306667;-0,022888
30,308333;-0,022888
30,31;-0,022888
30,311667;-0,022888
30,313333;-0,022888
30,315;-0,022888
30,316667;-0,022888
30,318333;-0,022888
30,32;-0,022888
30,321667;-0,022888
30,323333;-0,022888
30,325;-0,022888
30,326667;-0,022888
30,328333;-0,022888
30,33;-0,022888
30,331667;-0,022888
30,333333;-0,022888
30,335;-0,022888
30,336667;-0,022888
30,338333;-0,022888
30,34;-0,022888
30,341667;-0,022888
30,343333;-0,022888
30,345;-0,022888
30,346667;-0,022888
30,348333;-0,022888
30,35;-0,022888
30,351667;-0,022888
30,353333;-0,022888
30,355;-0,022888
30,356667;-0,022888
30,358333;-0,022888
30,36;-0,022888
30,361667;-0,022888
30,363333;-0,022888
30,365;-0,022888
30,366667;-0,022888
30,368333;-0,022888
30,37;-0,022888
30,371667;-0,022888
30,373333;-0,022888
30,375;-0,022888
30,376667;-0,022888
30,378333;-0,022888
30,38;-0,022888
30,381667;-0,022888
30,383333;-0,022888
30,385;-0,025749
30,386667;-0,025749
30,388333;-0,025749
30,39;-0,025749
30,391667;-0,025749
30,393333;-0,025749
30,395;-0,025749
30,396667;-0,025749
30,398333;-0,025749
30,4;-0,025749
30,401667;-0,025749
30,403333;-0,025749
30,405;-0,025749
30,406667;-0,025749
30,408333;-0,025749
30,41;-0,025749
30,411667;-0,025749
30,413333;-0,025749
30,415;-0,025749
30,416667;-0,025749
30,418333;-0,025749
30,42;-0,025749
30,421667;-0,025749
30,423333;-0,025749
30,425;-0,025749
30,426667;-0,025749
30,428333;-0,025749
30,43;-0,025749
30,431667;-0,025749
30,433333;-0,025749
30,435;-0,025749
30,436667;-0,025749
30,438333;-0,022888
30,44;-0,022888
30,441667;-0,022888
30,443333;-0,022888
30,445;-0,022888
30,446667;-0,022888
30,448333;-0,022888
30,45;-0,022888
30,451667;-0,022888
30,453333;-0,022888
30,455;-0,022888
30,456667;-0,022888
30,458333;-0,022888
30,46;-0,022888
30,461667;-0,022888
30,463333;-0,022888
30,465;-0,022888
30,466667;-0,022888
30,468333;-0,022888
30,47;-0,022888
30,471667;-0,022888
30,473333;-0,022888
30,475;-0,022888
30,476667;-0,022888
30,478333;-0,022888
30,48;-0,022888
30,481667;-0,022888
30,483333;-0,022888
30,485;-0,022888
30,486667;-0,022888
30,488333;-0,022888
30,49;-0,022888
30,491667;-0,022888
30,493333;-0,022888
30,495;-0,022888
30,496667;-0,022888
30,498333;-0,022888
30,5;-0,022888
30,501667;-0,022888
30,503333;-0,022888
30,505;-0,022888
30,506667;-0,022888
30,508333;-0,022888
30,51;-0,022888
30,511667;-0,022888
30,513333;-0,022888
30,515;-0,022888
30,516667;-0,022888
30,518333;-0,022888
30,52;-0,022888
30,521667;-0,022888
30,523333;-0,022888
30,525;-0,022888
30,526667;-0,022888
30,528333;-0,022888
30,53;-0,022888
30,531667;-0,022888
30,533333;-0,022888
30,535;-0,022888
30,536667;-0,022888
30,538333;-0,022888
30,54;-0,022888
30,541667;-0,022888
30,543333;-0,022888
30,545;-0,022888
30,546667;-0,022888
30,548333;-0,022888
30,55;-0,022888
30,551667;-0,022888
30,553333;-0,022888
30,555;-0,022888
30,556667;-0,022888
30,558333;-0,022888
30,56;-0,022888
30,561667;-0,022888
30,563333;-0,022888
30,565;-0,022888
30,566667;-0,022888
30,568333;-0,022888
30,57;-0,022888
30,571667;-0,022888
30,573333;-0,022888
30,575;-0,022888
30,576667;-0,022888
30,578333;-0,022888
30,58;-0,022888
30,581667;-0,022888
30,583333;-0,022888
30,585;-0,022888
30,586667;-0,022888
30,588333;-0,022888
30,59;-0,022888
30,591667;-0,022888
30,593333;-0,022888
30,595;-0,022888
30,596667;-0,022888
30,598333;-0,022888
30,6;-0,022888
30,601667;-0,022888
30,603333;-0,022888
30,605;-0,022888
30,606667;-0,020027
30,608333;-0,020027
30,61;-0,020027
30,611667;-0,020027
30,613333;-0,020027
30,615;-0,020027
30,616667;-0,020027
30,618333;-0,020027
30,62;-0,020027
30,621667;-0,020027
30,623333;-0,020027
30,625;-0,020027
30,626667;-0,020027
30,628333;-0,020027
30,63;-0,020027
30,631667;-0,020027
30,633333;-0,020027
30,635;-0,020027
30,636667;-0,020027
30,638333;-0,020027
30,64;-0,020027
30,641667;-0,020027
30,643333;-0,020027
30,645;-0,020027
30,646667;-0,020027
30,648333;-0,020027
30,65;-0,020027
30,651667;-0,020027
30,653333;-0,020027
30,655;-0,020027
30,656667;-0,020027
30,658333;-0,020027
30,66;-0,020027
30,661667;-0,020027
30,663333;-0,020027
30,665;-0,020027
30,666667;-0,020027
30,668333;-0,020027
30,67;-0,020027
30,671667;-0,020027
30,673333;-0,020027
30,675;-0,020027
30,676667;-0,020027
30,678333;-0,020027
30,68;-0,020027
30,681667;-0,020027
30,683333;-0,020027
30,685;-0,020027
30,686667;-0,020027
30,688333;-0,020027
30,69;-0,020027
30,691667;-0,020027
30,693333;-0,020027
30,695;-0,020027
30,696667;-0,020027
30,698333;-0,020027
30,7;-0,020027
30,701667;-0,020027
30,703333;-0,020027
30,705;-0,020027
30,706667;-0,020027
30,708333;-0,020027
30,71;-0,020027
30,711667;-0,020027
30,713333;-0,020027
30,715;-0,020027
30,716667;-0,020027
30,718333;-0,020027
30,72;-0,020027
30,721667;-0,020027
30,723333;-0,020027
30,725;-0,020027
30,726667;-0,020027
30,728333;-0,020027
30,73;-0,020027
30,731667;-0,020027
30,733333;-0,020027
30,735;-0,020027
30,736667;-0,020027
30,738333;-0,020027
30,74;-0,020027
30,741667;-0,020027
30,743333;-0,020027
30,745;-0,020027
30,746667;-0,020027
30,748333;-0,020027
30,75;-0,020027
30,751667;-0,020027
30,753333;-0,020027
30,755;-0,020027
30,756667;-0,020027
30,758333;-0,020027
30,76;-0,020027
30,761667;-0,020027
30,763333;-0,020027
30,765;-0,020027
30,766667;-0,020027
30,768333;-0,020027
30,77;-0,020027
30,771667;-0,020027
30,773333;-0,020027
30,775;-0,020027
30,776667;-0,020027
30,778333;-0,020027
30,78;-0,020027
30,781667;-0,020027
30,783333;-0,020027
30,785;-0,020027
30,786667;-0,020027
30,788333;-0,020027
30,79;-0,020027
30,791667;-0,020027
30,793333;-0,020027
30,795;-0,020027
30,796667;-0,020027
30,798333;-0,020027
30,8;-0,020027
30,801667;-0,020027
30,803333;-0,020027
30,805;-0,020027
30,806667;-0,020027
30,808333;-0,020027
30,81;-0,020027
30,811667;-0,020027
30,813333;-0,020027
30,815;-0,020027
30,816667;-0,020027
30,818333;-0,017166
30,82;-0,017166
30,821667;-0,017166
30,823333;-0,017166
30,825;-0,017166
30,826667;-0,017166
30,828333;-0,017166
30,83;-0,017166
30,831667;-0,017166
30,833333;-0,017166
30,835;-0,017166
30,836667;-0,017166
30,838333;-0,017166
30,84;-0,017166
30,841667;-0,017166
30,843333;-0,017166
30,845;-0,017166
30,846667;-0,017166
30,848333;-0,017166
30,85;-0,017166
30,851667;-0,017166
30,853333;-0,017166
30,855;-0,017166
30,856667;-0,017166
30,858333;-0,017166
30,86;-0,017166
30,861667;-0,017166
30,863333;-0,017166
30,865;-0,017166
30,866667;-0,017166
30,868333;-0,017166
30,87;-0,017166
30,871667;-0,017166
30,873333;-0,017166
30,875;-0,017166
30,876667;-0,017166
30,878333;-0,017166
30,88;-0,017166
30,881667;-0,020027
30,883333;-0,020027
30,885;-0,020027
30,886667;-0,020027
30,888333;-0,020027
30,89;-0,020027
30,891667;-0,020027
30,893333;-0,020027
30,895;-0,020027
30,896667;-0,020027
30,898333;-0,017166
30,9;-0,017166
30,901667;-0,017166
30,903333;-0,017166
30,905;-0,017166
30,906667;-0,017166
30,908333;-0,017166
30,91;-0,017166
30,911667;-0,017166
30,913333;-0,017166
30,915;-0,017166
30,916667;-0,017166
30,918333;-0,017166
30,92;-0,017166
30,921667;-0,017166
30,923333;-0,017166
30,925;-0,017166
30,926667;-0,017166
30,928333;-0,017166
30,93;-0,017166
30,931667;-0,017166
30,933333;-0,017166
30,935;-0,017166
30,936667;-0,017166
30,938333;-0,017166
30,94;-0,017166
30,941667;-0,017166
30,943333;-0,017166
30,945;-0,017166
30,946667;-0,017166
30,948333;-0,017166
30,95;-0,017166
30,951667;-0,017166
30,953333;-0,017166
30,955;-0,017166
30,956667;-0,017166
30,958333;-0,017166
30,96;-0,017166
30,961667;-0,017166
30,963333;-0,017166
30,965;-0,017166
30,966667;-0,017166
30,968333;-0,017166
30,97;-0,017166
30,971667;-0,017166
30,973333;-0,017166
30,975;-0,017166
30,976667;-0,017166
30,978333;-0,017166
30,98;-0,017166
30,981667;-0,017166
30,983333;-0,017166
30,985;-0,017166
30,986667;-0,017166
30,988333;-0,017166
30,99;-0,017166
30,991667;-0,017166
30,993333;-0,017166
30,995;-0,017166
30,996667;-0,017166
30,998333;-0,017166
31;-0,017166
31,001667;-0,017166
31,003333;-0,017166
31,005;-0,017166
31,006667;-0,017166
31,008333;-0,017166
31,01;-0,017166
31,011667;-0,017166
31,013333;-0,017166
31,015;-0,017166
31,016667;-0,017166
31,018333;-0,017166
31,02;-0,017166
31,021667;-0,017166
31,023333;-0,017166
31,025;-0,017166
31,026667;-0,017166
31,028333;-0,017166
31,03;-0,017166
31,031667;-0,017166
31,033333;-0,017166
31,035;-0,017166
31,036667;-0,017166
31,038333;-0,017166
31,04;-0,017166
31,041667;-0,017166
31,043333;-0,017166
31,045;-0,017166
31,046667;-0,017166
31,048333;-0,017166
31,05;-0,020027
31,051667;-0,020027
31,053333;-0,020027
31,055;-0,017166
31,056667;-0,017166
31,058333;-0,017166
31,06;-0,017166
31,061667;-0,017166
31,063333;-0,017166
31,065;-0,017166
31,066667;-0,017166
31,068333;-0,017166
31,07;-0,017166
31,071667;-0,017166
31,073333;-0,017166
31,075;-0,017166
31,076667;-0,017166
31,078333;-0,017166
31,08;-0,017166
31,081667;-0,017166
31,083333;-0,017166
31,085;-0,017166
31,086667;-0,017166
31,088333;-0,017166
31,09;-0,017166
31,091667;-0,017166
31,093333;-0,017166
31,095;-0,017166
31,096667;-0,017166
31,098333;-0,017166
31,1;-0,017166
31,101667;-0,017166
31,103333;-0,017166
31,105;-0,017166
31,106667;-0,017166
31,108333;-0,017166
31,11;-0,017166
31,111667;-0,017166
31,113333;-0,017166
31,115;-0,017166
31,116667;-0,017166
31,118333;-0,017166
31,12;-0,017166
31,121667;-0,017166
31,123333;-0,017166
31,125;-0,017166
31,126667;-0,017166
31,128333;-0,017166
31,13;-0,017166
31,131667;-0,017166
31,133333;-0,017166
31,135;-0,017166
31,136667;-0,017166
31,138333;-0,017166
31,14;-0,017166
31,141667;-0,017166
31,143333;-0,017166
31,145;-0,017166
31,146667;-0,017166
31,148333;-0,017166
31,15;-0,017166
31,151667;-0,017166
31,153333;-0,017166
31,155;-0,017166
31,156667;-0,017166
31,158333;-0,017166
31,16;-0,017166
31,161667;-0,017166
31,163333;-0,017166
31,165;-0,017166
31,166667;-0,017166
31,168333;-0,017166
31,17;-0,017166
31,171667;-0,017166
31,173333;-0,017166
31,175;-0,017166
31,176667;-0,017166
31,178333;-0,017166
31,18;-0,017166
31,181667;-0,017166
31,183333;-0,020027
31,185;-0,020027
31,186667;-0,020027
31,188333;-0,020027
31,19;-0,020027
31,191667;-0,020027
31,193333;-0,020027
31,195;-0,020027
31,196667;-0,020027
31,198333;-0,020027
31,2;-0,020027
31,201667;-0,020027
31,203333;-0,020027
31,205;-0,020027
31,206667;-0,020027
31,208333;-0,020027
31,21;-0,017166
31,211667;-0,017166
31,213333;-0,017166
31,215;-0,017166
31,216667;-0,017166
31,218333;-0,017166
31,22;-0,017166
31,221667;-0,017166
31,223333;-0,017166
31,225;-0,017166
31,226667;-0,017166
31,228333;-0,017166
31,23;-0,017166
31,231667;-0,017166
31,233333;-0,017166
31,235;-0,017166
31,236667;-0,017166
31,238333;-0,017166
31,24;-0,017166
31,241667;-0,017166
31,243333;-0,017166
31,245;-0,017166
31,246667;-0,017166
31,248333;-0,017166
31,25;-0,017166
31,251667;-0,017166
31,253333;-0,017166
31,255;-0,020027
31,256667;-0,020027
31,258333;-0,020027
31,26;-0,020027
31,261667;-0,020027
31,263333;-0,020027
31,265;-0,020027
31,266667;-0,020027
31,268333;-0,020027
31,27;-0,020027
31,271667;-0,020027
31,273333;-0,017166
31,275;-0,017166
31,276667;-0,020027
31,278333;-0,020027
31,28;-0,020027
31,281667;-0,020027
31,283333;-0,020027
31,285;-0,020027
31,286667;-0,020027
31,288333;-0,020027
31,29;-0,020027
31,291667;-0,020027
31,293333;-0,020027
31,295;-0,020027
31,296667;-0,020027
31,298333;-0,020027
31,3;-0,020027
31,301667;-0,020027
31,303333;-0,020027
31,305;-0,020027
31,306667;-0,020027
31,308333;-0,020027
31,31;-0,020027
31,311667;-0,020027
31,313333;-0,020027
31,315;-0,020027
31,316667;-0,020027
31,318333;-0,020027
31,32;-0,020027
31,321667;-0,020027
31,323333;-0,020027
31,325;-0,017166
31,326667;-0,017166
31,328333;-0,017166
31,33;-0,017166
31,331667;-0,017166
31,333333;-0,017166
31,335;-0,017166
31,336667;-0,017166
31,338333;-0,017166
31,34;-0,017166
31,341667;-0,017166
31,343333;-0,017166
31,345;-0,017166
31,346667;-0,017166
31,348333;-0,017166
31,35;-0,017166
31,351667;-0,017166
31,353333;-0,017166
31,355;-0,017166
31,356667;-0,017166
31,358333;-0,017166
31,36;-0,017166
31,361667;-0,017166
31,363333;-0,017166
31,365;-0,017166
31,366667;-0,017166
31,368333;-0,017166
31,37;-0,017166
31,371667;-0,017166
31,373333;-0,017166
31,375;-0,017166
31,376667;-0,017166
31,378333;-0,017166
31,38;-0,017166
31,381667;-0,017166
31,383333;-0,017166
31,385;-0,017166
31,386667;-0,017166
31,388333;-0,017166
31,39;-0,017166
31,391667;-0,017166
31,393333;-0,017166
31,395;-0,017166
31,396667;-0,017166
31,398333;-0,017166
31,4;-0,017166
31,401667;-0,017166
31,403333;-0,017166
31,405;-0,017166
31,406667;-0,017166
31,408333;-0,017166
31,41;-0,017166
31,411667;-0,017166
31,413333;-0,017166
31,415;-0,017166
31,416667;-0,017166
31,418333;-0,017166
31,42;-0,017166
31,421667;-0,017166
31,423333;-0,017166
31,425;-0,017166
31,426667;-0,017166
31,428333;-0,017166
31,43;-0,017166
31,431667;-0,017166
31,433333;-0,017166
31,435;-0,017166
31,436667;-0,017166
31,438333;-0,017166
31,44;-0,020027
31,441667;-0,020027
31,443333;-0,020027
31,445;-0,020027
31,446667;-0,020027
31,448333;-0,020027
31,45;-0,020027
31,451667;-0,020027
31,453333;-0,020027
31,455;-0,020027
31,456667;-0,020027
31,458333;-0,020027
31,46;-0,020027
31,461667;-0,020027
31,463333;-0,020027
31,465;-0,020027
31,466667;-0,020027
31,468333;-0,020027
31,47;-0,020027
31,471667;-0,020027
31,473333;-0,020027
31,475;-0,017166
31,476667;-0,017166
31,478333;-0,017166
31,48;-0,017166
31,481667;-0,017166
31,483333;-0,020027
31,485;-0,017166
31,486667;-0,017166
31,488333;-0,017166
31,49;-0,017166
31,491667;-0,017166
31,493333;-0,017166
31,495;-0,017166
31,496667;-0,017166
31,498333;-0,017166
31,5;-0,017166
31,501667;-0,017166
31,503333;-0,017166
31,505;-0,017166
31,506667;-0,017166
31,508333;-0,017166
31,51;-0,017166
31,511667;-0,017166
31,513333;-0,017166
31,515;-0,017166
31,516667;-0,017166
31,518333;-0,017166
31,52;-0,017166
31,521667;-0,017166
31,523333;-0,017166
31,525;-0,017166
31,526667;-0,017166
31,528333;-0,017166
31,53;-0,017166
31,531667;-0,017166
31,533333;-0,017166
31,535;-0,017166
31,536667;-0,017166
31,538333;-0,017166
31,54;-0,017166
31,541667;-0,017166
31,543333;-0,017166
31,545;-0,017166
31,546667;-0,017166
31,548333;-0,017166
31,55;-0,017166
31,551667;-0,017166
31,553333;-0,017166
31,555;-0,017166
31,556667;-0,017166
31,558333;-0,017166
31,56;-0,017166
31,561667;-0,017166
31,563333;-0,017166
31,565;-0,017166
31,566667;-0,017166
31,568333;-0,017166
31,57;-0,017166
31,571667;-0,017166
31,573333;-0,017166
31,575;-0,017166
31,576667;-0,017166
31,578333;-0,017166
31,58;-0,017166
31,581667;-0,017166
31,583333;-0,017166
31,585;-0,017166
31,586667;-0,017166
31,588333;-0,020027
31,59;-0,020027
31,591667;-0,020027
31,593333;-0,017166
31,595;-0,017166
31,596667;-0,017166
31,598333;-0,017166
31,6;-0,017166
31,601667;-0,017166
31,603333;-0,017166
31,605;-0,017166
31,606667;-0,017166
31,608333;-0,017166
31,61;-0,017166
31,611667;-0,017166
31,613333;-0,017166
31,615;-0,017166
31,616667;-0,017166
31,618333;-0,017166
31,62;-0,017166
31,621667;-0,017166
31,623333;-0,017166
31,625;-0,017166
31,626667;-0,017166
31,628333;-0,017166
31,63;-0,017166
31,631667;-0,017166
31,633333;-0,017166
31,635;-0,017166
31,636667;-0,017166
31,638333;-0,017166
31,64;-0,017166
31,641667;-0,017166
31,643333;-0,017166
31,645;-0,017166
31,646667;-0,017166
31,648333;-0,017166
31,65;-0,017166
31,651667;-0,017166
31,653333;-0,017166
31,655;-0,017166
31,656667;-0,017166
31,658333;-0,017166
31,66;-0,017166
31,661667;-0,017166
31,663333;-0,020027
31,665;-0,020027
31,666667;-0,020027
31,668333;-0,020027
31,67;-0,020027
31,671667;-0,020027
31,673333;-0,020027
31,675;-0,020027
31,676667;-0,020027
31,678333;-0,020027
31,68;-0,020027
31,681667;-0,020027
31,683333;-0,020027
31,685;-0,020027
31,686667;-0,020027
31,688333;-0,020027
31,69;-0,020027
31,691667;-0,017166
31,693333;-0,017166
31,695;-0,017166
31,696667;-0,017166
31,698333;-0,017166
31,7;-0,017166
31,701667;-0,017166
31,703333;-0,017166
31,705;-0,017166
31,706667;-0,017166
31,708333;-0,017166
31,71;-0,017166
31,711667;-0,017166
31,713333;-0,017166
31,715;-0,017166
31,716667;-0,017166
31,718333;-0,017166
31,72;-0,017166
31,721667;-0,017166
31,723333;-0,017166
31,725;-0,017166
31,726667;-0,017166
31,728333;-0,017166
31,73;-0,017166
31,731667;-0,017166
31,733333;-0,017166
31,735;-0,017166
31,736667;-0,017166
31,738333;-0,017166
31,74;-0,017166
31,741667;-0,017166
31,743333;-0,017166
31,745;-0,017166
31,746667;-0,017166
31,748333;-0,017166
31,75;-0,017166
31,751667;-0,017166
31,753333;-0,017166
31,755;-0,017166
31,756667;-0,017166
31,758333;-0,017166
31,76;-0,017166
31,761667;-0,017166
31,763333;-0,017166
31,765;-0,017166
31,766667;-0,017166
31,768333;-0,017166
31,77;-0,017166
31,771667;-0,017166
31,773333;-0,017166
31,775;-0,017166
31,776667;-0,017166
31,778333;-0,017166
31,78;-0,017166
31,781667;-0,017166
31,783333;-0,017166
31,785;-0,017166
31,786667;-0,017166
31,788333;-0,017166
31,79;-0,017166
31,791667;-0,017166
31,793333;-0,017166
31,795;-0,020027
31,796667;-0,020027
31,798333;-0,020027
31,8;-0,020027
31,801667;-0,020027
31,803333;-0,020027
31,805;-0,020027
31,806667;-0,020027
31,808333;-0,020027
31,81;-0,020027
31,811667;-0,020027
31,813333;-0,020027
31,815;-0,020027
31,816667;-0,020027
31,818333;-0,020027
31,82;-0,020027
31,821667;-0,020027
31,823333;-0,020027
31,825;-0,020027
31,826667;-0,020027
31,828333;-0,020027
31,83;-0,020027
31,831667;-0,020027
31,833333;-0,020027
31,835;-0,020027
31,836667;-0,020027
31,838333;-0,020027
31,84;-0,020027
31,841667;-0,020027
31,843333;-0,020027
31,845;-0,020027
31,846667;-0,020027
31,848333;-0,020027
31,85;-0,020027
31,851667;-0,020027
31,853333;-0,020027
31,855;-0,020027
31,856667;-0,020027
31,858333;-0,020027
31,86;-0,020027
31,861667;-0,020027
31,863333;-0,020027
31,865;-0,020027
31,866667;-0,020027
31,868333;-0,020027
31,87;-0,020027
31,871667;-0,020027
31,873333;-0,020027
31,875;-0,020027
31,876667;-0,020027
31,878333;-0,020027
31,88;-0,020027
31,881667;-0,020027
31,883333;-0,020027
31,885;-0,020027
31,886667;-0,020027
31,888333;-0,020027
31,89;-0,020027
31,891667;-0,020027
31,893333;-0,020027
31,895;-0,020027
31,896667;-0,020027
31,898333;-0,020027
31,9;-0,020027
31,901667;-0,020027
31,903333;-0,020027
31,905;-0,020027
31,906667;-0,020027
31,908333;-0,020027
31,91;-0,020027
31,911667;-0,020027
31,913333;-0,020027
31,915;-0,020027
31,916667;-0,020027
31,918333;-0,020027
31,92;-0,020027
31,921667;-0,020027
31,923333;-0,020027
31,925;-0,020027
31,926667;-0,020027
31,928333;-0,020027
31,93;-0,020027
31,931667;-0,020027
31,933333;-0,020027
31,935;-0,020027
31,936667;-0,020027
31,938333;-0,020027
31,94;-0,020027
31,941667;-0,020027
31,943333;-0,020027
31,945;-0,020027
31,946667;-0,020027
31,948333;-0,020027
31,95;-0,020027
31,951667;-0,020027
31,953333;-0,020027
31,955;-0,020027
31,956667;-0,020027
31,958333;-0,020027
31,96;-0,020027
31,961667;-0,020027
31,963333;-0,020027
31,965;-0,020027
31,966667;-0,020027
31,968333;-0,020027
31,97;-0,020027
31,971667;-0,020027
31,973333;-0,020027
31,975;-0,020027
31,976667;-0,020027
31,978333;-0,020027
31,98;-0,020027
31,981667;-0,020027
31,983333;-0,020027
31,985;-0,020027
31,986667;-0,020027
31,988333;-0,020027
31,99;-0,020027
31,991667;-0,020027
31,993333;-0,020027
31,995;-0,020027
31,996667;-0,020027
31,998333;-0,020027
32;-0,020027
32,001667;-0,020027
32,003333;-0,020027
32,005;-0,020027
32,006667;-0,020027
32,008333;-0,020027
32,01;-0,020027
32,011667;-0,020027
32,013333;-0,020027
32,015;-0,020027
32,016667;-0,020027
32,018333;-0,020027
32,02;-0,020027
32,021667;-0,020027
32,023333;-0,020027
32,025;-0,020027
32,026667;-0,020027
32,028333;-0,020027
32,03;-0,020027
32,031667;-0,020027
32,033333;-0,020027
32,035;-0,020027
32,036667;-0,020027
32,038333;-0,020027
32,04;-0,020027
32,041667;-0,020027
32,043333;-0,020027
32,045;-0,020027
32,046667;-0,020027
32,048333;-0,017166
32,05;-0,017166
32,051667;-0,017166
32,053333;-0,017166
32,055;-0,017166
32,056667;-0,017166
32,058333;-0,017166
32,06;-0,017166
32,061667;-0,017166
32,063333;-0,017166
32,065;-0,017166
32,066667;-0,017166
32,068333;-0,017166
32,07;-0,017166
32,071667;-0,017166
32,073333;-0,017166
32,075;-0,017166
32,076667;-0,017166
32,078333;-0,017166
32,08;-0,020027
32,081667;-0,020027
32,083333;-0,020027
32,085;-0,020027
32,086667;-0,020027
32,088333;-0,020027
32,09;-0,020027
32,091667;-0,020027
32,093333;-0,020027
32,095;-0,020027
32,096667;-0,020027
32,098333;-0,020027
32,1;-0,020027
32,101667;-0,020027
32,103333;-0,020027
32,105;-0,020027
32,106667;-0,020027
32,108333;-0,020027
32,11;-0,020027
32,111667;-0,020027
32,113333;-0,020027
32,115;-0,020027
32,116667;-0,020027
32,118333;-0,020027
32,12;-0,020027
32,121667;-0,020027
32,123333;-0,020027
32,125;-0,020027
32,126667;-0,020027
32,128333;-0,020027
32,13;-0,020027
32,131667;-0,020027
32,133333;-0,020027
32,135;-0,020027
32,136667;-0,020027
32,138333;-0,020027
32,14;-0,020027
32,141667;-0,020027
32,143333;-0,020027
32,145;-0,020027
32,146667;-0,020027
32,148333;-0,020027
32,15;-0,020027
32,151667;-0,020027
32,153333;-0,020027
32,155;-0,020027
32,156667;-0,020027
32,158333;-0,020027
32,16;-0,020027
32,161667;-0,020027
32,163333;-0,020027
32,165;-0,017166
32,166667;-0,017166
32,168333;-0,017166
32,17;-0,017166
32,171667;-0,017166
32,173333;-0,017166
32,175;-0,017166
32,176667;-0,017166
32,178333;-0,017166
32,18;-0,020027
32,181667;-0,020027
32,183333;-0,020027
32,185;-0,020027
32,186667;-0,020027
32,188333;-0,020027
32,19;-0,020027
32,191667;-0,020027
32,193333;-0,020027
32,195;-0,020027
32,196667;-0,020027
32,198333;-0,020027
32,2;-0,020027
32,201667;-0,020027
32,203333;-0,020027
32,205;-0,020027
32,206667;-0,020027
32,208333;-0,020027
32,21;-0,020027
32,211667;-0,020027
32,213333;-0,020027
32,215;-0,020027
32,216667;-0,020027
32,218333;-0,020027
32,22;-0,020027
32,221667;-0,020027
32,223333;-0,020027
32,225;-0,020027
32,226667;-0,020027
32,228333;-0,020027
32,23;-0,020027
32,231667;-0,020027
32,233333;-0,020027
32,235;-0,020027
32,236667;-0,020027
32,238333;-0,020027
32,24;-0,020027
32,241667;-0,020027
32,243333;-0,020027
32,245;-0,020027
32,246667;-0,020027
32,248333;-0,020027
32,25;-0,020027
32,251667;-0,020027
32,253333;-0,020027
32,255;-0,020027
32,256667;-0,020027
32,258333;-0,020027
32,26;-0,020027
32,261667;-0,020027
32,263333;-0,020027
32,265;-0,020027
32,266667;-0,020027
32,268333;-0,020027
32,27;-0,020027
32,271667;-0,020027
32,273333;-0,020027
32,275;-0,020027
32,276667;-0,020027
32,278333;-0,020027
32,28;-0,020027
32,281667;-0,020027
32,283333;-0,020027
32,285;-0,020027
32,286667;-0,020027
32,288333;-0,020027
32,29;-0,020027
32,291667;-0,020027
32,293333;-0,020027
32,295;-0,020027
32,296667;-0,020027
32,298333;-0,020027
32,3;-0,020027
32,301667;-0,020027
32,303333;-0,020027
32,305;-0,020027
32,306667;-0,020027
32,308333;-0,020027
32,31;-0,020027
32,311667;-0,020027
32,313333;-0,020027
32,315;-0,020027
32,316667;-0,020027
32,318333;-0,020027
32,32;-0,020027
32,321667;-0,020027
32,323333;-0,020027
32,325;-0,020027
32,326667;-0,020027
32,328333;-0,020027
32,33;-0,020027
32,331667;-0,020027
32,333333;-0,020027
32,335;-0,020027
32,336667;-0,020027
32,338333;-0,020027
32,34;-0,020027
32,341667;-0,020027
32,343333;-0,020027
32,345;-0,020027
32,346667;-0,020027
32,348333;-0,020027
32,35;-0,020027
32,351667;-0,020027
32,353333;-0,020027
32,355;-0,020027
32,356667;-0,020027
32,358333;-0,020027
32,36;-0,020027
32,361667;-0,020027
32,363333;-0,020027
32,365;-0,020027
32,366667;-0,020027
32,368333;-0,020027
32,37;-0,020027
32,371667;-0,020027
32,373333;-0,020027
32,375;-0,020027
32,376667;-0,020027
32,378333;-0,020027
32,38;-0,020027
32,381667;-0,020027
32,383333;-0,020027
32,385;-0,020027
32,386667;-0,020027
32,388333;-0,020027
32,39;-0,020027
32,391667;-0,020027
32,393333;-0,020027
32,395;-0,020027
32,396667;-0,020027
32,398333;-0,020027
32,4;-0,020027
32,401667;-0,020027
32,403333;-0,020027
32,405;-0,020027
32,406667;-0,020027
32,408333;-0,020027
32,41;-0,020027
32,411667;-0,020027
32,413333;-0,020027
32,415;-0,020027
32,416667;-0,020027
32,418333;-0,020027
32,42;-0,020027
32,421667;-0,020027
32,423333;-0,020027
32,425;-0,020027
32,426667;-0,020027
32,428333;-0,020027
32,43;-0,020027
32,431667;-0,020027
32,433333;-0,020027
32,435;-0,020027
32,436667;-0,020027
32,438333;-0,020027
32,44;-0,020027
32,441667;-0,020027
32,443333;-0,020027
32,445;-0,020027
32,446667;-0,020027
32,448333;-0,020027
32,45;-0,020027
32,451667;-0,020027
32,453333;-0,020027
32,455;-0,020027
32,456667;-0,020027
32,458333;-0,020027
32,46;-0,020027
32,461667;-0,020027
32,463333;-0,020027
32,465;-0,020027
32,466667;-0,020027
32,468333;-0,020027
32,47;-0,020027
32,471667;-0,020027
32,473333;-0,020027
32,475;-0,020027
32,476667;-0,020027
32,478333;-0,020027
32,48;-0,020027
32,481667;-0,020027
32,483333;-0,020027
32,485;-0,020027
32,486667;-0,020027
32,488333;-0,020027
32,49;-0,020027
32,491667;-0,020027
32,493333;-0,020027
32,495;-0,020027
32,496667;-0,020027
32,498333;-0,020027
32,5;-0,020027
32,501667;-0,020027
32,503333;-0,020027
32,505;-0,020027
32,506667;-0,020027
32,508333;-0,020027
32,51;-0,020027
32,511667;-0,020027
32,513333;-0,020027
32,515;-0,020027
32,516667;-0,020027
32,518333;-0,020027
32,52;-0,020027
32,521667;-0,020027
32,523333;-0,020027
32,525;-0,020027
32,526667;-0,020027
32,528333;-0,020027
32,53;-0,020027
32,531667;-0,020027
32,533333;-0,020027
32,535;-0,020027
32,536667;-0,020027
32,538333;-0,020027
32,54;-0,020027
32,541667;-0,020027
32,543333;-0,020027
32,545;-0,020027
32,546667;-0,020027
32,548333;-0,020027
32,55;-0,020027
32,551667;-0,020027
32,553333;-0,020027
32,555;-0,020027
32,556667;-0,020027
32,558333;-0,020027
32,56;-0,020027
32,561667;-0,020027
32,563333;-0,020027
32,565;-0,020027
32,566667;-0,020027
32,568333;-0,020027
32,57;-0,020027
32,571667;-0,020027
32,573333;-0,020027
32,575;-0,020027
32,576667;-0,020027
32,578333;-0,020027
32,58;-0,020027
32,581667;-0,020027
32,583333;-0,020027
32,585;-0,020027
32,586667;-0,020027
32,588333;-0,020027
32,59;-0,020027
32,591667;-0,020027
32,593333;-0,020027
32,595;-0,020027
32,596667;-0,020027
32,598333;-0,020027
32,6;-0,017166
32,601667;-0,017166
32,603333;-0,017166
32,605;-0,017166
32,606667;-0,017166
32,608333;-0,017166
32,61;-0,017166
32,611667;-0,017166
32,613333;-0,017166
32,615;-0,017166
32,616667;-0,017166
32,618333;-0,017166
32,62;-0,017166
32,621667;-0,017166
32,623333;-0,017166
32,625;-0,017166
32,626667;-0,017166
32,628333;-0,017166
32,63;-0,017166
32,631667;-0,020027
32,633333;-0,020027
32,635;-0,020027
32,636667;-0,020027
32,638333;-0,020027
32,64;-0,020027
32,641667;-0,020027
32,643333;-0,020027
32,645;-0,020027
32,646667;-0,020027
32,648333;-0,020027
32,65;-0,020027
32,651667;-0,020027
32,653333;-0,020027
32,655;-0,020027
32,656667;-0,020027
32,658333;-0,020027
32,66;-0,020027
32,661667;-0,020027
32,663333;-0,020027
32,665;-0,020027
32,666667;-0,020027
32,668333;-0,020027
32,67;-0,020027
32,671667;-0,020027
32,673333;-0,020027
32,675;-0,020027
32,676667;-0,020027
32,678333;-0,020027
32,68;-0,020027
32,681667;-0,020027
32,683333;-0,020027
32,685;-0,020027
32,686667;-0,020027
32,688333;-0,020027
32,69;-0,020027
32,691667;-0,020027
32,693333;-0,020027
32,695;-0,020027
32,696667;-0,020027
32,698333;-0,020027
32,7;-0,020027
32,701667;-0,020027
32,703333;-0,020027
32,705;-0,020027
32,706667;-0,020027
32,708333;-0,020027
32,71;-0,020027
32,711667;-0,020027
32,713333;-0,020027
32,715;-0,020027
32,716667;-0,020027
32,718333;-0,020027
32,72;-0,020027
32,721667;-0,020027
32,723333;-0,020027
32,725;-0,020027
32,726667;-0,020027
32,728333;-0,020027
32,73;-0,020027
32,731667;-0,020027
32,733333;-0,020027
32,735;-0,020027
32,736667;-0,020027
32,738333;-0,020027
32,74;-0,020027
32,741667;-0,020027
32,743333;-0,020027
32,745;-0,020027
32,746667;-0,020027
32,748333;-0,020027
32,75;-0,020027
32,751667;-0,020027
32,753333;-0,020027
32,755;-0,020027
32,756667;-0,020027
32,758333;-0,020027
32,76;-0,020027
32,761667;-0,020027
32,763333;-0,020027
32,765;-0,020027
32,766667;-0,020027
32,768333;-0,020027
32,77;-0,020027
32,771667;-0,020027
32,773333;-0,020027
32,775;-0,020027
32,776667;-0,020027
32,778333;-0,020027
32,78;-0,020027
32,781667;-0,020027
32,783333;-0,020027
32,785;-0,020027
32,786667;-0,020027
32,788333;-0,020027
32,79;-0,020027
32,791667;-0,020027
32,793333;-0,020027
32,795;-0,020027
32,796667;-0,020027
32,798333;-0,020027
32,8;-0,020027
32,801667;-0,020027
32,803333;-0,020027
32,805;-0,020027
32,806667;-0,020027
32,808333;-0,020027
32,81;-0,020027
32,811667;-0,020027
32,813333;-0,020027
32,815;-0,020027
32,816667;-0,020027
32,818333;-0,020027
32,82;-0,020027
32,821667;-0,020027
32,823333;-0,020027
32,825;-0,020027
32,826667;-0,020027
32,828333;-0,020027
32,83;-0,020027
32,831667;-0,020027
32,833333;-0,020027
32,835;-0,020027
32,836667;-0,020027
32,838333;-0,020027
32,84;-0,020027
32,841667;-0,020027
32,843333;-0,020027
32,845;-0,020027
32,846667;-0,020027
32,848333;-0,020027
32,85;-0,020027
32,851667;-0,020027
32,853333;-0,020027
32,855;-0,020027
32,856667;-0,020027
32,858333;-0,020027
32,86;-0,020027
32,861667;-0,020027
32,863333;-0,020027
32,865;-0,020027
32,866667;-0,020027
32,868333;-0,020027
32,87;-0,020027
32,871667;-0,020027
32,873333;-0,020027
32,875;-0,020027
32,876667;-0,020027
32,878333;-0,020027
32,88;-0,020027
32,881667;-0,020027
32,883333;-0,020027
32,885;-0,020027
32,886667;-0,020027
32,888333;-0,020027
32,89;-0,020027
32,891667;-0,020027
32,893333;-0,020027
32,895;-0,020027
32,896667;-0,020027
32,898333;-0,020027
32,9;-0,020027
32,901667;-0,020027
32,903333;-0,020027
32,905;-0,020027
32,906667;-0,020027
32,908333;-0,020027
32,91;-0,020027
32,911667;-0,020027
32,913333;-0,020027
32,915;-0,020027
32,916667;-0,020027
32,918333;-0,020027
32,92;-0,020027
32,921667;-0,020027
32,923333;-0,020027
32,925;-0,020027
32,926667;-0,020027
32,928333;-0,020027
32,93;-0,020027
32,931667;-0,020027
32,933333;-0,020027
32,935;-0,020027
32,936667;-0,020027
32,938333;-0,020027
32,94;-0,020027
32,941667;-0,020027
32,943333;-0,020027
32,945;-0,020027
32,946667;-0,020027
32,948333;-0,020027
32,95;-0,020027
32,951667;-0,020027
32,953333;-0,020027
32,955;-0,020027
32,956667;-0,020027
32,958333;-0,020027
32,96;-0,020027
32,961667;-0,020027
32,963333;-0,020027
32,965;-0,020027
32,966667;-0,020027
32,968333;-0,020027
32,97;-0,020027
32,971667;-0,020027
32,973333;-0,020027
32,975;-0,020027
32,976667;-0,020027
32,978333;-0,020027
32,98;-0,020027
32,981667;-0,020027
32,983333;-0,020027
32,985;-0,020027
32,986667;-0,020027
32,988333;-0,020027
32,99;-0,020027
32,991667;-0,020027
32,993333;-0,020027
32,995;-0,020027
32,996667;-0,020027
32,998333;-0,020027
33;-0,020027
33,001667;-0,020027
33,003333;-0,022888
33,005;-0,022888
33,006667;-0,022888
33,008333;-0,022888
33,01;-0,022888
33,011667;-0,022888
33,013333;-0,022888
33,015;-0,022888
33,016667;-0,022888
33,018333;-0,022888
33,02;-0,022888
33,021667;-0,022888
33,023333;-0,022888
33,025;-0,022888
33,026667;-0,022888
33,028333;-0,022888
33,03;-0,022888
33,031667;-0,022888
33,033333;-0,022888
33,035;-0,022888
33,036667;-0,022888
33,038333;-0,022888
33,04;-0,022888
33,041667;-0,022888
33,043333;-0,020027
33,045;-0,020027
33,046667;-0,020027
33,048333;-0,020027
33,05;-0,020027
33,051667;-0,020027
33,053333;-0,020027
33,055;-0,020027
33,056667;-0,020027
33,058333;-0,022888
33,06;-0,022888
33,061667;-0,022888
33,063333;-0,022888
33,065;-0,020027
33,066667;-0,020027
33,068333;-0,020027
33,07;-0,020027
33,071667;-0,020027
33,073333;-0,020027
33,075;-0,020027
33,076667;-0,020027
33,078333;-0,020027
33,08;-0,020027
33,081667;-0,020027
33,083333;-0,020027
33,085;-0,020027
33,086667;-0,020027
33,088333;-0,020027
33,09;-0,020027
33,091667;-0,020027
33,093333;-0,020027
33,095;-0,020027
33,096667;-0,020027
33,098333;-0,020027
33,1;-0,020027
33,101667;-0,020027
33,103333;-0,020027
33,105;-0,020027
33,106667;-0,020027
33,108333;-0,020027
33,11;-0,020027
33,111667;-0,020027
33,113333;-0,020027
33,115;-0,020027
33,116667;-0,020027
33,118333;-0,020027
33,12;-0,020027
33,121667;-0,020027
33,123333;-0,020027
33,125;-0,020027
33,126667;-0,020027
33,128333;-0,020027
33,13;-0,020027
33,131667;-0,020027
33,133333;-0,020027
33,135;-0,020027
33,136667;-0,020027
33,138333;-0,020027
33,14;-0,020027
33,141667;-0,020027
33,143333;-0,020027
33,145;-0,020027
33,146667;-0,020027
33,148333;-0,020027
33,15;-0,020027
33,151667;-0,020027
33,153333;-0,020027
33,155;-0,020027
33,156667;-0,020027
33,158333;-0,020027
33,16;-0,022888
33,161667;-0,022888
33,163333;-0,022888
33,165;-0,022888
33,166667;-0,022888
33,168333;-0,022888
33,17;-0,022888
33,171667;-0,022888
33,173333;-0,022888
33,175;-0,022888
33,176667;-0,022888
33,178333;-0,022888
33,18;-0,022888
33,181667;-0,022888
33,183333;-0,022888
33,185;-0,022888
33,186667;-0,022888
33,188333;-0,022888
33,19;-0,022888
33,191667;-0,022888
33,193333;-0,022888
33,195;-0,022888
33,196667;-0,022888
33,198333;-0,022888
33,2;-0,022888
33,201667;-0,022888
33,203333;-0,022888
33,205;-0,022888
33,206667;-0,022888
33,208333;-0,022888
33,21;-0,022888
33,211667;-0,022888
33,213333;-0,022888
33,215;-0,022888
33,216667;-0,022888
33,218333;-0,022888
33,22;-0,022888
33,221667;-0,022888
33,223333;-0,022888
33,225;-0,022888
33,226667;-0,022888
33,228333;-0,022888
33,23;-0,022888
33,231667;-0,022888
33,233333;-0,022888
33,235;-0,022888
33,236667;-0,022888
33,238333;-0,022888
33,24;-0,022888
33,241667;-0,022888
33,243333;-0,022888
33,245;-0,022888
33,246667;-0,022888
33,248333;-0,022888
33,25;-0,022888
33,251667;-0,022888
33,253333;-0,022888
33,255;-0,022888
33,256667;-0,022888
33,258333;-0,022888
33,26;-0,022888
33,261667;-0,022888
33,263333;-0,022888
33,265;-0,022888
33,266667;-0,022888
33,268333;-0,022888
33,27;-0,022888
33,271667;-0,022888
33,273333;-0,022888
33,275;-0,022888
33,276667;-0,022888
33,278333;-0,022888
33,28;-0,022888
33,281667;-0,022888
33,283333;-0,022888
33,285;-0,022888
33,286667;-0,022888
33,288333;-0,022888
33,29;-0,022888
33,291667;-0,022888
33,293333;-0,022888
33,295;-0,022888
33,296667;-0,022888
33,298333;-0,022888
33,3;-0,022888
33,301667;-0,022888
33,303333;-0,022888
33,305;-0,022888
33,306667;-0,022888
33,308333;-0,022888
33,31;-0,022888
33,311667;-0,022888
33,313333;-0,022888
33,315;-0,022888
33,316667;-0,022888
33,318333;-0,022888
33,32;-0,022888
33,321667;-0,022888
33,323333;-0,022888
33,325;-0,022888
33,326667;-0,022888
33,328333;-0,022888
33,33;-0,020027
33,331667;-0,020027
33,333333;-0,020027
33,335;-0,020027
33,336667;-0,020027
33,338333;-0,020027
33,34;-0,020027
33,341667;-0,020027
33,343333;-0,020027
33,345;-0,020027
33,346667;-0,020027
33,348333;-0,020027
33,35;-0,020027
33,351667;-0,020027
33,353333;-0,020027
33,355;-0,022888
33,356667;-0,022888
33,358333;-0,022888
33,36;-0,022888
33,361667;-0,022888
33,363333;-0,022888
33,365;-0,022888
33,366667;-0,022888
33,368333;-0,022888
33,37;-0,020027
33,371667;-0,020027
33,373333;-0,020027
33,375;-0,020027
33,376667;-0,020027
33,378333;-0,020027
33,38;-0,020027
33,381667;-0,020027
33,383333;-0,020027
33,385;-0,020027
33,386667;-0,020027
33,388333;-0,020027
33,39;-0,020027
33,391667;-0,020027
33,393333;-0,020027
33,395;-0,020027
33,396667;-0,020027
33,398333;-0,020027
33,4;-0,020027
33,401667;-0,020027
33,403333;-0,020027
33,405;-0,020027
33,406667;-0,020027
33,408333;-0,020027
33,41;-0,020027
33,411667;-0,020027
33,413333;-0,020027
33,415;-0,020027
33,416667;-0,020027
33,418333;-0,020027
33,42;-0,020027
33,421667;-0,020027
33,423333;-0,020027
33,425;-0,020027
33,426667;-0,020027
33,428333;-0,020027
33,43;-0,020027
33,431667;-0,020027
33,433333;-0,020027
33,435;-0,020027
33,436667;-0,020027
33,438333;-0,020027
33,44;-0,020027
33,441667;-0,020027
33,443333;-0,020027
33,445;-0,020027
33,446667;-0,020027
33,448333;-0,020027
33,45;-0,020027
33,451667;-0,020027
33,453333;-0,020027
33,455;-0,020027
33,456667;-0,020027
33,458333;-0,020027
33,46;-0,020027
33,461667;-0,020027
33,463333;-0,020027
33,465;-0,020027
33,466667;-0,020027
33,468333;-0,020027
33,47;-0,020027
33,471667;-0,020027
33,473333;-0,020027
33,475;-0,020027
33,476667;-0,020027
33,478333;-0,020027
33,48;-0,020027
33,481667;-0,020027
33,483333;-0,020027
33,485;-0,020027
33,486667;-0,020027
33,488333;-0,020027
33,49;-0,020027
33,491667;-0,020027
33,493333;-0,020027
33,495;-0,020027
33,496667;-0,020027
33,498333;-0,020027
33,5;-0,020027
33,501667;-0,020027
33,503333;-0,020027
33,505;-0,020027
33,506667;-0,020027
33,508333;-0,020027
33,51;-0,020027
33,511667;-0,020027
33,513333;-0,020027
33,515;-0,020027
33,516667;-0,020027
33,518333;-0,020027
33,52;-0,020027
33,521667;-0,020027
33,523333;-0,020027
33,525;-0,020027
33,526667;-0,020027
33,528333;-0,020027
33,53;-0,020027
33,531667;-0,020027
33,533333;-0,020027
33,535;-0,020027
33,536667;-0,020027
33,538333;-0,020027
33,54;-0,020027
33,541667;-0,020027
33,543333;-0,020027
33,545;-0,020027
33,546667;-0,020027
33,548333;-0,020027
33,55;-0,020027
33,551667;-0,020027
33,553333;-0,020027
33,555;-0,020027
33,556667;-0,020027
33,558333;-0,020027
33,56;-0,020027
33,561667;-0,020027
33,563333;-0,020027
33,565;-0,020027
33,566667;-0,020027
33,568333;-0,022888
33,57;-0,022888
33,571667;-0,022888
33,573333;-0,022888
33,575;-0,022888
33,576667;-0,022888
33,578333;-0,022888
33,58;-0,022888
33,581667;-0,022888
33,583333;-0,022888
33,585;-0,022888
33,586667;-0,022888
33,588333;-0,022888
33,59;-0,022888
33,591667;-0,022888
33,593333;-0,022888
33,595;-0,022888
33,596667;-0,022888
33,598333;-0,022888
33,6;-0,022888
33,601667;-0,022888
33,603333;-0,022888
33,605;-0,022888
33,606667;-0,022888
33,608333;-0,022888
33,61;-0,022888
33,611667;-0,022888
33,613333;-0,022888
33,615;-0,022888
33,616667;-0,022888
33,618333;-0,022888
33,62;-0,022888
33,621667;-0,022888
33,623333;-0,022888
33,625;-0,022888
33,626667;-0,022888
33,628333;-0,022888
33,63;-0,022888
33,631667;-0,022888
33,633333;-0,022888
33,635;-0,022888
33,636667;-0,022888
33,638333;-0,022888
33,64;-0,022888
33,641667;-0,022888
33,643333;-0,022888
33,645;-0,022888
33,646667;-0,022888
33,648333;-0,022888
33,65;-0,022888
33,651667;-0,022888
33,653333;-0,022888
33,655;-0,022888
33,656667;-0,022888
33,658333;-0,022888
33,66;-0,022888
33,661667;-0,022888
33,663333;-0,022888
33,665;-0,022888
33,666667;-0,022888
33,668333;-0,022888
33,67;-0,022888
33,671667;-0,022888
33,673333;-0,022888
33,675;-0,022888
33,676667;-0,022888
33,678333;-0,022888
33,68;-0,022888
33,681667;-0,022888
33,683333;-0,022888
33,685;-0,022888
33,686667;-0,022888
33,688333;-0,022888
33,69;-0,022888
33,691667;-0,022888
33,693333;-0,022888
33,695;-0,022888
33,696667;-0,022888
33,698333;-0,022888
33,7;-0,022888
33,701667;-0,022888
33,703333;-0,022888
33,705;-0,022888
33,706667;-0,022888
33,708333;-0,022888
33,71;-0,022888
33,711667;-0,022888
33,713333;-0,022888
33,715;-0,022888
33,716667;-0,022888
33,718333;-0,022888
33,72;-0,022888
33,721667;-0,022888
33,723333;-0,022888
33,725;-0,022888
33,726667;-0,022888
33,728333;-0,022888
33,73;-0,022888
33,731667;-0,022888
33,733333;-0,022888
33,735;-0,022888
33,736667;-0,022888
33,738333;-0,022888
33,74;-0,022888
33,741667;-0,022888
33,743333;-0,022888
33,745;-0,022888
33,746667;-0,022888
33,748333;-0,022888
33,75;-0,022888
33,751667;-0,022888
33,753333;-0,022888
33,755;-0,022888
33,756667;-0,022888
33,758333;-0,022888
33,76;-0,022888
33,761667;-0,022888
33,763333;-0,022888
33,765;-0,022888
33,766667;-0,022888
33,768333;-0,022888
33,77;-0,022888
33,771667;-0,022888
33,773333;-0,022888
33,775;-0,022888
33,776667;-0,022888
33,778333;-0,022888
33,78;-0,022888
33,781667;-0,022888
33,783333;-0,022888
33,785;-0,022888
33,786667;-0,022888
33,788333;-0,022888
33,79;-0,022888
33,791667;-0,022888
33,793333;-0,022888
33,795;-0,022888
33,796667;-0,025749
33,798333;-0,025749
33,8;-0,025749
33,801667;-0,025749
33,803333;-0,025749
33,805;-0,022888
33,806667;-0,022888
33,808333;-0,022888
33,81;-0,022888
33,811667;-0,022888
33,813333;-0,022888
33,815;-0,025749
33,816667;-0,025749
33,818333;-0,025749
33,82;-0,025749
33,821667;-0,025749
33,823333;-0,025749
33,825;-0,025749
33,826667;-0,025749
33,828333;-0,025749
33,83;-0,025749
33,831667;-0,025749
33,833333;-0,025749
33,835;-0,025749
33,836667;-0,025749
33,838333;-0,025749
33,84;-0,025749
33,841667;-0,025749
33,843333;-0,025749
33,845;-0,025749
33,846667;-0,025749
33,848333;-0,025749
33,85;-0,025749
33,851667;-0,025749
33,853333;-0,025749
33,855;-0,025749
33,856667;-0,025749
33,858333;-0,025749
33,86;-0,025749
33,861667;-0,025749
33,863333;-0,022888
33,865;-0,022888
33,866667;-0,022888
33,868333;-0,022888
33,87;-0,022888
33,871667;-0,022888
33,873333;-0,022888
33,875;-0,022888
33,876667;-0,022888
33,878333;-0,022888
33,88;-0,022888
33,881667;-0,022888
33,883333;-0,022888
33,885;-0,022888
33,886667;-0,022888
33,888333;-0,022888
33,89;-0,022888
33,891667;-0,022888
33,893333;-0,022888
33,895;-0,022888
33,896667;-0,022888
33,898333;-0,022888
33,9;-0,022888
33,901667;-0,022888
33,903333;-0,022888
33,905;-0,022888
33,906667;-0,022888
33,908333;-0,022888
33,91;-0,022888
33,911667;-0,022888
33,913333;-0,022888
33,915;-0,022888
33,916667;-0,022888
33,918333;-0,022888
33,92;-0,022888
33,921667;-0,022888
33,923333;-0,022888
33,925;-0,022888
33,926667;-0,022888
33,928333;-0,022888
33,93;-0,022888
33,931667;-0,022888
33,933333;-0,022888
33,935;-0,022888
33,936667;-0,022888
33,938333;-0,022888
33,94;-0,022888
33,941667;-0,022888
33,943333;-0,022888
33,945;-0,022888
33,946667;-0,022888
33,948333;-0,022888
33,95;-0,022888
33,951667;-0,022888
33,953333;-0,022888
33,955;-0,022888
33,956667;-0,022888
33,958333;-0,022888
33,96;-0,022888
33,961667;-0,022888
33,963333;-0,022888
33,965;-0,022888
33,966667;-0,022888
33,968333;-0,022888
33,97;-0,022888
33,971667;-0,022888
33,973333;-0,022888
33,975;-0,022888
33,976667;-0,022888
33,978333;-0,022888
33,98;-0,022888
33,981667;-0,022888
33,983333;-0,022888
33,985;-0,022888
33,986667;-0,022888
33,988333;-0,022888
33,99;-0,022888
33,991667;-0,022888
33,993333;-0,022888
33,995;-0,022888
33,996667;-0,022888
33,998333;-0,022888
34;-0,022888
34,001667;-0,022888
34,003333;-0,022888
34,005;-0,022888
34,006667;-0,022888
34,008333;-0,022888
34,01;-0,022888
34,011667;-0,022888
34,013333;-0,025749
34,015;-0,025749
34,016667;-0,025749
34,018333;-0,025749
34,02;-0,025749
34,021667;-0,025749
34,023333;-0,025749
34,025;-0,025749
34,026667;-0,025749
34,028333;-0,025749
34,03;-0,025749
34,031667;-0,025749
34,033333;-0,025749
34,035;-0,025749
34,036667;-0,025749
34,038333;-0,025749
34,04;-0,025749
34,041667;-0,025749
34,043333;-0,025749
34,045;-0,025749
34,046667;-0,025749
34,048333;-0,025749
34,05;-0,025749
34,051667;-0,022888
34,053333;-0,022888
34,055;-0,022888
34,056667;-0,022888
34,058333;-0,022888
34,06;-0,022888
34,061667;-0,022888
34,063333;-0,022888
34,065;-0,022888
34,066667;-0,022888
34,068333;-0,022888
34,07;-0,022888
34,071667;-0,022888
34,073333;-0,022888
34,075;-0,022888
34,076667;-0,022888
34,078333;-0,022888
34,08;-0,022888
34,081667;-0,022888
34,083333;-0,022888
34,085;-0,022888
34,086667;-0,022888
34,088333;-0,022888
34,09;-0,022888
34,091667;-0,022888
34,093333;-0,022888
34,095;-0,022888
34,096667;-0,022888
34,098333;-0,022888
34,1;-0,022888
34,101667;-0,022888
34,103333;-0,022888
34,105;-0,022888
34,106667;-0,022888
34,108333;-0,022888
34,11;-0,022888
34,111667;-0,022888
34,113333;-0,022888
34,115;-0,022888
34,116667;-0,022888
34,118333;-0,022888
34,12;-0,022888
34,121667;-0,022888
34,123333;-0,022888
34,125;-0,022888
34,126667;-0,022888
34,128333;-0,022888
34,13;-0,022888
34,131667;-0,022888
34,133333;-0,022888
34,135;-0,022888
34,136667;-0,022888
34,138333;-0,022888
34,14;-0,022888
34,141667;-0,022888
34,143333;-0,022888
34,145;-0,022888
34,146667;-0,022888
34,148333;-0,022888
34,15;-0,022888
34,151667;-0,022888
34,153333;-0,022888
34,155;-0,022888
34,156667;-0,022888
34,158333;-0,022888
34,16;-0,022888
34,161667;-0,022888
34,163333;-0,022888
34,165;-0,022888
34,166667;-0,022888
34,168333;-0,022888
34,17;-0,022888
34,171667;-0,022888
34,173333;-0,022888
34,175;-0,022888
34,176667;-0,022888
34,178333;-0,022888
34,18;-0,022888
34,181667;-0,022888
34,183333;-0,022888
34,185;-0,022888
34,186667;-0,022888
34,188333;-0,022888
34,19;-0,022888
34,191667;-0,022888
34,193333;-0,022888
34,195;-0,022888
34,196667;-0,022888
34,198333;-0,022888
34,2;-0,022888
34,201667;-0,022888
34,203333;-0,022888
34,205;-0,022888
34,206667;-0,022888
34,208333;-0,022888
34,21;-0,022888
34,211667;-0,022888
34,213333;-0,022888
34,215;-0,022888
34,216667;-0,022888
34,218333;-0,022888
34,22;-0,022888
34,221667;-0,022888
34,223333;-0,022888
34,225;-0,022888
34,226667;-0,022888
34,228333;-0,022888
34,23;-0,022888
34,231667;-0,022888
34,233333;-0,022888
34,235;-0,022888
34,236667;-0,022888
34,238333;-0,022888
34,24;-0,022888
34,241667;-0,022888
34,243333;-0,022888
34,245;-0,022888
34,246667;-0,022888
34,248333;-0,022888
34,25;-0,022888
34,251667;-0,022888
34,253333;-0,022888
34,255;-0,022888
34,256667;-0,022888
34,258333;-0,022888
34,26;-0,022888
34,261667;-0,022888
34,263333;-0,022888
34,265;-0,022888
34,266667;-0,022888
34,268333;-0,022888
34,27;-0,022888
34,271667;-0,022888
34,273333;-0,022888
34,275;-0,022888
34,276667;-0,022888
34,278333;-0,022888
34,28;-0,022888
34,281667;-0,022888
34,283333;-0,022888
34,285;-0,022888
34,286667;-0,022888
34,288333;-0,022888
34,29;-0,022888
34,291667;-0,022888
34,293333;-0,022888
34,295;-0,022888
34,296667;-0,022888
34,298333;-0,022888
34,3;-0,022888
34,301667;-0,022888
34,303333;-0,022888
34,305;-0,022888
34,306667;-0,022888
34,308333;-0,022888
34,31;-0,022888
34,311667;-0,022888
34,313333;-0,022888
34,315;-0,022888
34,316667;-0,022888
34,318333;-0,022888
34,32;-0,022888
34,321667;-0,022888
34,323333;-0,022888
34,325;-0,022888
34,326667;-0,022888
34,328333;-0,022888
34,33;-0,022888
34,331667;-0,022888
34,333333;-0,022888
34,335;-0,020027
34,336667;-0,020027
34,338333;-0,020027
34,34;-0,020027
34,341667;-0,020027
34,343333;-0,020027
34,345;-0,020027
34,346667;-0,020027
34,348333;-0,020027
34,35;-0,020027
34,351667;-0,020027
34,353333;-0,020027
34,355;-0,020027
34,356667;-0,020027
34,358333;-0,020027
34,36;-0,020027
34,361667;-0,020027
34,363333;-0,020027
34,365;-0,020027
34,366667;-0,020027
34,368333;-0,020027
34,37;-0,020027
34,371667;-0,020027
34,373333;-0,020027
34,375;-0,020027
34,376667;-0,022888
34,378333;-0,022888
34,38;-0,022888
34,381667;-0,022888
34,383333;-0,022888
34,385;-0,022888
34,386667;-0,022888
34,388333;-0,022888
34,39;-0,022888
34,391667;-0,022888
34,393333;-0,022888
34,395;-0,022888
34,396667;-0,022888
34,398333;-0,022888
34,4;-0,020027
34,401667;-0,020027
34,403333;-0,020027
34,405;-0,020027
34,406667;-0,020027
34,408333;-0,020027
34,41;-0,020027
34,411667;-0,020027
34,413333;-0,020027
34,415;-0,020027
34,416667;-0,020027
34,418333;-0,020027
34,42;-0,020027
34,421667;-0,020027
34,423333;-0,020027
34,425;-0,020027
34,426667;-0,020027
34,428333;-0,020027
34,43;-0,020027
34,431667;-0,020027
34,433333;-0,020027
34,435;-0,020027
34,436667;-0,020027
34,438333;-0,020027
34,44;-0,020027
34,441667;-0,020027
34,443333;-0,020027
34,445;-0,020027
34,446667;-0,020027
34,448333;-0,020027
34,45;-0,020027
34,451667;-0,020027
34,453333;-0,020027
34,455;-0,020027
34,456667;-0,020027
34,458333;-0,020027
34,46;-0,020027
34,461667;-0,020027
34,463333;-0,020027
34,465;-0,020027
34,466667;-0,020027
34,468333;-0,020027
34,47;-0,020027
34,471667;-0,022888
34,473333;-0,022888
34,475;-0,022888
34,476667;-0,022888
34,478333;-0,022888
34,48;-0,022888
34,481667;-0,022888
34,483333;-0,022888
34,485;-0,022888
34,486667;-0,022888
34,488333;-0,022888
34,49;-0,022888
34,491667;-0,022888
34,493333;-0,022888
34,495;-0,022888
34,496667;-0,022888
34,498333;-0,022888
34,5;-0,022888
34,501667;-0,022888
34,503333;-0,022888
34,505;-0,022888
34,506667;-0,022888
34,508333;-0,022888
34,51;-0,022888
34,511667;-0,022888
34,513333;-0,022888
34,515;-0,022888
34,516667;-0,022888
34,518333;-0,022888
34,52;-0,022888
34,521667;-0,022888
34,523333;-0,020027
34,525;-0,020027
34,526667;-0,020027
34,528333;-0,020027
34,53;-0,020027
34,531667;-0,020027
34,533333;-0,020027
34,535;-0,020027
34,536667;-0,020027
34,538333;-0,020027
34,54;-0,020027
34,541667;-0,020027
34,543333;-0,020027
34,545;-0,020027
34,546667;-0,020027
34,548333;-0,020027
34,55;-0,020027
34,551667;-0,020027
34,553333;-0,020027
34,555;-0,020027
34,556667;-0,020027
34,558333;-0,020027
34,56;-0,020027
34,561667;-0,020027
34,563333;-0,020027
34,565;-0,020027
34,566667;-0,022888
34,568333;-0,022888
34,57;-0,022888
34,571667;-0,022888
34,573333;-0,022888
34,575;-0,022888
34,576667;-0,022888
34,578333;-0,022888
34,58;-0,022888
34,581667;-0,022888
34,583333;-0,022888
34,585;-0,022888
34,586667;-0,022888
34,588333;-0,022888
34,59;-0,022888
34,591667;-0,022888
34,593333;-0,022888
34,595;-0,022888
34,596667;-0,022888
34,598333;-0,022888
34,6;-0,022888
34,601667;-0,022888
34,603333;-0,022888
34,605;-0,022888
34,606667;-0,022888
34,608333;-0,022888
34,61;-0,022888
34,611667;-0,022888
34,613333;-0,022888
34,615;-0,022888
34,616667;-0,022888
34,618333;-0,022888
34,62;-0,022888
34,621667;-0,022888
34,623333;-0,022888
34,625;-0,022888
34,626667;-0,022888
34,628333;-0,022888
34,63;-0,022888
34,631667;-0,022888
34,633333;-0,022888
34,635;-0,022888
34,636667;-0,022888
34,638333;-0,022888
34,64;-0,022888
34,641667;-0,022888
34,643333;-0,022888
34,645;-0,022888
34,646667;-0,022888
34,648333;-0,022888
34,65;-0,022888
34,651667;-0,022888
34,653333;-0,022888
34,655;-0,022888
34,656667;-0,022888
34,658333;-0,022888
34,66;-0,022888
34,661667;-0,022888
34,663333;-0,022888
34,665;-0,022888
34,666667;-0,022888
34,668333;-0,022888
34,67;-0,022888
34,671667;-0,022888
34,673333;-0,022888
34,675;-0,022888
34,676667;-0,022888
34,678333;-0,022888
34,68;-0,022888
34,681667;-0,022888
34,683333;-0,022888
34,685;-0,022888
34,686667;-0,022888
34,688333;-0,022888
34,69;-0,022888
34,691667;-0,022888
34,693333;-0,022888
34,695;-0,022888
34,696667;-0,022888
34,698333;-0,022888
34,7;-0,022888
34,701667;-0,022888
34,703333;-0,022888
34,705;-0,022888
34,706667;-0,022888
34,708333;-0,022888
34,71;-0,022888
34,711667;-0,022888
34,713333;-0,022888
34,715;-0,022888
34,716667;-0,022888
34,718333;-0,022888
34,72;-0,022888
34,721667;-0,022888
34,723333;-0,022888
34,725;-0,022888
34,726667;-0,022888
34,728333;-0,022888
34,73;-0,022888
34,731667;-0,022888
34,733333;-0,022888
34,735;-0,022888
34,736667;-0,022888
34,738333;-0,022888
34,74;-0,022888
34,741667;-0,022888
34,743333;-0,022888
34,745;-0,022888
34,746667;-0,022888
34,748333;-0,022888
34,75;-0,022888
34,751667;-0,022888
34,753333;-0,022888
34,755;-0,022888
34,756667;-0,022888
34,758333;-0,022888
34,76;-0,022888
34,761667;-0,022888
34,763333;-0,022888
34,765;-0,022888
34,766667;-0,022888
34,768333;-0,022888
34,77;-0,022888
34,771667;-0,022888
34,773333;-0,022888
34,775;-0,022888
34,776667;-0,022888
34,778333;-0,022888
34,78;-0,022888
34,781667;-0,022888
34,783333;-0,022888
34,785;-0,022888
34,786667;-0,022888
34,788333;-0,022888
34,79;-0,022888
34,791667;-0,022888
34,793333;-0,022888
34,795;-0,022888
34,796667;-0,022888
34,798333;-0,022888
34,8;-0,022888
34,801667;-0,022888
34,803333;-0,022888
34,805;-0,022888
34,806667;-0,022888
34,808333;-0,022888
34,81;-0,022888
34,811667;-0,022888
34,813333;-0,022888
34,815;-0,022888
34,816667;-0,022888
34,818333;-0,022888
34,82;-0,022888
34,821667;-0,022888
34,823333;-0,022888
34,825;-0,022888
34,826667;-0,022888
34,828333;-0,022888
34,83;-0,022888
34,831667;-0,022888
34,833333;-0,022888
34,835;-0,022888
34,836667;-0,022888
34,838333;-0,022888
34,84;-0,022888
34,841667;-0,022888
34,843333;-0,022888
34,845;-0,022888
34,846667;-0,022888
34,848333;-0,022888
34,85;-0,022888
34,851667;-0,022888
34,853333;-0,022888
34,855;-0,022888
34,856667;-0,022888
34,858333;-0,022888
34,86;-0,022888
34,861667;-0,022888
34,863333;-0,022888
34,865;-0,022888
34,866667;-0,022888
34,868333;-0,022888
34,87;-0,022888
34,871667;-0,022888
34,873333;-0,022888
34,875;-0,022888
34,876667;-0,022888
34,878333;-0,022888
34,88;-0,022888
34,881667;-0,022888
34,883333;-0,022888
34,885;-0,022888
34,886667;-0,022888
34,888333;-0,022888
34,89;-0,022888
34,891667;-0,022888
34,893333;-0,022888
34,895;-0,022888
34,896667;-0,022888
34,898333;-0,022888
34,9;-0,022888
34,901667;-0,022888
34,903333;-0,022888
34,905;-0,022888
34,906667;-0,022888
34,908333;-0,022888
34,91;-0,022888
34,911667;-0,022888
34,913333;-0,022888
34,915;-0,022888
34,916667;-0,022888
34,918333;-0,022888
34,92;-0,022888
34,921667;-0,022888
34,923333;-0,022888
34,925;-0,022888
34,926667;-0,022888
34,928333;-0,022888
34,93;-0,022888
34,931667;-0,022888
34,933333;-0,022888
34,935;-0,022888
34,936667;-0,022888
34,938333;-0,022888
34,94;-0,022888
34,941667;-0,022888
34,943333;-0,022888
34,945;-0,022888
34,946667;-0,022888
34,948333;-0,022888
34,95;-0,022888
34,951667;-0,022888
34,953333;-0,022888
34,955;-0,022888
34,956667;-0,022888
34,958333;-0,022888
34,96;-0,022888
34,961667;-0,022888
34,963333;-0,022888
34,965;-0,022888
34,966667;-0,022888
34,968333;-0,022888
34,97;-0,022888
34,971667;-0,022888
34,973333;-0,022888
34,975;-0,022888
34,976667;-0,022888
34,978333;-0,022888
34,98;-0,022888
34,981667;-0,022888
34,983333;-0,022888
34,985;-0,022888
34,986667;-0,022888
34,988333;-0,022888
34,99;-0,022888
34,991667;-0,022888
34,993333;-0,022888
34,995;-0,022888
34,996667;-0,022888
34,998333;-0,022888
35;-0,022888
35,001667;-0,022888
35,003333;-0,022888
35,005;-0,022888
35,006667;-0,022888
35,008333;-0,022888
35,01;-0,022888
35,011667;-0,022888
35,013333;-0,022888
35,015;-0,022888
35,016667;-0,022888
35,018333;-0,022888
35,02;-0,022888
35,021667;-0,022888
35,023333;-0,022888
35,025;-0,022888
35,026667;-0,022888
35,028333;-0,022888
35,03;-0,022888
35,031667;-0,022888
35,033333;-0,022888
35,035;-0,022888
35,036667;-0,022888
35,038333;-0,022888
35,04;-0,022888
35,041667;-0,022888
35,043333;-0,022888
35,045;-0,022888
35,046667;-0,022888
35,048333;-0,022888
35,05;-0,022888
35,051667;-0,022888
35,053333;-0,022888
35,055;-0,022888
35,056667;-0,022888
35,058333;-0,022888
35,06;-0,022888
35,061667;-0,022888
35,063333;-0,022888
35,065;-0,022888
35,066667;-0,022888
35,068333;-0,022888
35,07;-0,022888
35,071667;-0,022888
35,073333;-0,022888
35,075;-0,022888
35,076667;-0,022888
35,078333;-0,022888
35,08;-0,022888
35,081667;-0,022888
35,083333;-0,022888
35,085;-0,022888
35,086667;-0,022888
35,088333;-0,022888
35,09;-0,022888
35,091667;-0,022888
35,093333;-0,022888
35,095;-0,022888
35,096667;-0,022888
35,098333;-0,022888
35,1;-0,022888
35,101667;-0,022888
35,103333;-0,022888
35,105;-0,022888
35,106667;-0,022888
35,108333;-0,022888
35,11;-0,022888
35,111667;-0,022888
35,113333;-0,022888
35,115;-0,022888
35,116667;-0,022888
35,118333;-0,022888
35,12;-0,022888
35,121667;-0,022888
35,123333;-0,022888
35,125;-0,022888
35,126667;-0,022888
35,128333;-0,022888
35,13;-0,022888
35,131667;-0,022888
35,133333;-0,022888
35,135;-0,022888
35,136667;-0,022888
35,138333;-0,022888
35,14;-0,022888
35,141667;-0,022888
35,143333;-0,022888
35,145;-0,022888
35,146667;-0,022888
35,148333;-0,025749
35,15;-0,025749
35,151667;-0,025749
35,153333;-0,025749
35,155;-0,025749
35,156667;-0,025749
35,158333;-0,025749
35,16;-0,025749
35,161667;-0,025749
35,163333;-0,025749
35,165;-0,025749
35,166667;-0,025749
35,168333;-0,025749
35,17;-0,025749
35,171667;-0,025749
35,173333;-0,025749
35,175;-0,025749
35,176667;-0,025749
35,178333;-0,025749
35,18;-0,025749
35,181667;-0,025749
35,183333;-0,025749
35,185;-0,025749
35,186667;-0,025749
35,188333;-0,025749
35,19;-0,025749
35,191667;-0,025749
35,193333;-0,025749
35,195;-0,025749
35,196667;-0,025749
35,198333;-0,025749
35,2;-0,025749
35,201667;-0,025749
35,203333;-0,025749
35,205;-0,022888
35,206667;-0,022888
35,208333;-0,022888
35,21;-0,022888
35,211667;-0,022888
35,213333;-0,022888
35,215;-0,022888
35,216667;-0,025749
35,218333;-0,025749
35,22;-0,025749
35,221667;-0,025749
35,223333;-0,025749
35,225;-0,025749
35,226667;-0,025749
35,228333;-0,025749
35,23;-0,025749
35,231667;-0,025749
35,233333;-0,025749
35,235;-0,025749
35,236667;-0,025749
35,238333;-0,025749
35,24;-0,025749
35,241667;-0,025749
35,243333;-0,025749
35,245;-0,025749
35,246667;-0,025749
35,248333;-0,022888
35,25;-0,022888
35,251667;-0,022888
35,253333;-0,022888
35,255;-0,022888
35,256667;-0,022888
35,258333;-0,022888
35,26;-0,022888
35,261667;-0,022888
35,263333;-0,022888
35,265;-0,022888
35,266667;-0,022888
35,268333;-0,022888
35,27;-0,022888
35,271667;-0,022888
35,273333;-0,025749
35,275;-0,022888
35,276667;-0,022888
35,278333;-0,022888
35,28;-0,022888
35,281667;-0,025749
35,283333;-0,025749
35,285;-0,025749
35,286667;-0,025749
35,288333;-0,022888
35,29;-0,022888
35,291667;-0,022888
35,293333;-0,022888
35,295;-0,022888
35,296667;-0,022888
35,298333;-0,022888
35,3;-0,022888
35,301667;-0,022888
35,303333;-0,022888
35,305;-0,022888
35,306667;-0,022888
35,308333;-0,022888
35,31;-0,022888
35,311667;-0,022888
35,313333;-0,022888
35,315;-0,022888
35,316667;-0,025749
35,318333;-0,025749
35,32;-0,025749
35,321667;-0,025749
35,323333;-0,025749
35,325;-0,022888
35,326667;-0,022888
35,328333;-0,022888
35,33;-0,025749
35,331667;-0,025749
35,333333;-0,022888
35,335;-0,022888
35,336667;-0,022888
35,338333;-0,022888
35,34;-0,022888
35,341667;-0,022888
35,343333;-0,022888
35,345;-0,022888
35,346667;-0,022888
35,348333;-0,022888
35,35;-0,022888
35,351667;-0,025749
35,353333;-0,025749
35,355;-0,025749
35,356667;-0,022888
35,358333;-0,022888
35,36;-0,022888
35,361667;-0,022888
35,363333;-0,022888
35,365;-0,022888
35,366667;-0,022888
35,368333;-0,022888
35,37;-0,022888
35,371667;-0,022888
35,373333;-0,022888
35,375;-0,022888
35,376667;-0,022888
35,378333;-0,022888
35,38;-0,022888
35,381667;-0,022888
35,383333;-0,022888
35,385;-0,022888
35,386667;-0,022888
35,388333;-0,022888
35,39;-0,022888
35,391667;-0,022888
35,393333;-0,022888
35,395;-0,022888
35,396667;-0,022888
35,398333;-0,022888
35,4;-0,022888
35,401667;-0,022888
35,403333;-0,022888
35,405;-0,022888
35,406667;-0,022888
35,408333;-0,022888
35,41;-0,022888
35,411667;-0,022888
35,413333;-0,025749
35,415;-0,025749
35,416667;-0,025749
35,418333;-0,025749
35,42;-0,025749
35,421667;-0,025749
35,423333;-0,025749
35,425;-0,025749
35,426667;-0,025749
35,428333;-0,025749
35,43;-0,025749
35,431667;-0,025749
35,433333;-0,022888
35,435;-0,022888
35,436667;-0,022888
35,438333;-0,022888
35,44;-0,025749
35,441667;-0,025749
35,443333;-0,025749
35,445;-0,025749
35,446667;-0,025749
35,448333;-0,025749
35,45;-0,025749
35,451667;-0,022888
35,453333;-0,022888
35,455;-0,022888
35,456667;-0,022888
35,458333;-0,022888
35,46;-0,022888
35,461667;-0,022888
35,463333;-0,022888
35,465;-0,022888
35,466667;-0,022888
35,468333;-0,022888
35,47;-0,022888
35,471667;-0,022888
35,473333;-0,022888
35,475;-0,022888
35,476667;-0,022888
35,478333;-0,022888
35,48;-0,022888
35,481667;-0,022888
35,483333;-0,022888
35,485;-0,022888
35,486667;-0,022888
35,488333;-0,022888
35,49;-0,022888
35,491667;-0,022888
35,493333;-0,022888
35,495;-0,022888
35,496667;-0,022888
35,498333;-0,022888
35,5;-0,022888
35,501667;-0,022888
35,503333;-0,022888
35,505;-0,025749
35,506667;-0,025749
35,508333;-0,025749
35,51;-0,025749
35,511667;-0,025749
35,513333;-0,025749
35,515;-0,025749
35,516667;-0,025749
35,518333;-0,025749
35,52;-0,025749
35,521667;-0,025749
35,523333;-0,025749
35,525;-0,025749
35,526667;-0,025749
35,528333;-0,025749
35,53;-0,025749
35,531667;-0,025749
35,533333;-0,025749
35,535;-0,025749
35,536667;-0,025749
35,538333;-0,022888
35,54;-0,022888
35,541667;-0,022888
35,543333;-0,022888
35,545;-0,022888
35,546667;-0,022888
35,548333;-0,025749
35,55;-0,025749
35,551667;-0,025749
35,553333;-0,025749
35,555;-0,025749
35,556667;-0,025749
35,558333;-0,025749
35,56;-0,022888
35,561667;-0,022888
35,563333;-0,022888
35,565;-0,022888
35,566667;-0,022888
35,568333;-0,022888
35,57;-0,022888
35,571667;-0,022888
35,573333;-0,022888
35,575;-0,022888
35,576667;-0,022888
35,578333;-0,022888
35,58;-0,022888
35,581667;-0,022888
35,583333;-0,022888
35,585;-0,022888
35,586667;-0,022888
35,588333;-0,022888
35,59;-0,022888
35,591667;-0,022888
35,593333;-0,022888
35,595;-0,022888
35,596667;-0,022888
35,598333;-0,022888
35,6;-0,022888
35,601667;-0,022888
35,603333;-0,022888
35,605;-0,022888
35,606667;-0,022888
35,608333;-0,022888
35,61;-0,022888
35,611667;-0,022888
35,613333;-0,022888
35,615;-0,022888
35,616667;-0,022888
35,618333;-0,022888
35,62;-0,022888
35,621667;-0,022888
35,623333;-0,022888
35,625;-0,022888
35,626667;-0,022888
35,628333;-0,022888
35,63;-0,022888
35,631667;-0,022888
35,633333;-0,022888
35,635;-0,022888
35,636667;-0,022888
35,638333;-0,022888
35,64;-0,022888
35,641667;-0,022888
35,643333;-0,022888
35,645;-0,022888
35,646667;-0,022888
35,648333;-0,022888
35,65;-0,022888
35,651667;-0,022888
35,653333;-0,022888
35,655;-0,022888
35,656667;-0,022888
35,658333;-0,022888
35,66;-0,022888
35,661667;-0,022888
35,663333;-0,022888
35,665;-0,022888
35,666667;-0,022888
35,668333;-0,022888
35,67;-0,022888
35,671667;-0,022888
35,673333;-0,022888
35,675;-0,022888
35,676667;-0,022888
35,678333;-0,022888
35,68;-0,022888
35,681667;-0,022888
35,683333;-0,022888
35,685;-0,022888
35,686667;-0,022888
35,688333;-0,025749
35,69;-0,025749
35,691667;-0,025749
35,693333;-0,025749
35,695;-0,025749
35,696667;-0,025749
35,698333;-0,025749
35,7;-0,025749
35,701667;-0,025749
35,703333;-0,025749
35,705;-0,025749
35,706667;-0,025749
35,708333;-0,025749
35,71;-0,025749
35,711667;-0,025749
35,713333;-0,025749
35,715;-0,025749
35,716667;-0,025749
35,718333;-0,025749
35,72;-0,025749
35,721667;-0,025749
35,723333;-0,025749
35,725;-0,025749
35,726667;-0,025749
35,728333;-0,025749
35,73;-0,025749
35,731667;-0,025749
35,733333;-0,025749
35,735;-0,025749
35,736667;-0,025749
35,738333;-0,025749
35,74;-0,025749
35,741667;-0,025749
35,743333;-0,025749
35,745;-0,025749
35,746667;-0,025749
35,748333;-0,025749
35,75;-0,025749
35,751667;-0,025749
35,753333;-0,025749
35,755;-0,025749
35,756667;-0,025749
35,758333;-0,025749
35,76;-0,025749
35,761667;-0,025749
35,763333;-0,025749
35,765;-0,025749
35,766667;-0,025749
35,768333;-0,025749
35,77;-0,025749
35,771667;-0,025749
35,773333;-0,025749
35,775;-0,025749
35,776667;-0,025749
35,778333;-0,025749
35,78;-0,025749
35,781667;-0,025749
35,783333;-0,025749
35,785;-0,025749
35,786667;-0,025749
35,788333;-0,025749
35,79;-0,025749
35,791667;-0,025749
35,793333;-0,025749
35,795;-0,025749
35,796667;-0,025749
35,798333;-0,025749
35,8;-0,025749
35,801667;-0,025749
35,803333;-0,025749
35,805;-0,025749
35,806667;-0,025749
35,808333;-0,025749
35,81;-0,025749
35,811667;-0,025749
35,813333;-0,025749
35,815;-0,025749
35,816667;-0,025749
35,818333;-0,025749
35,82;-0,025749
35,821667;-0,025749
35,823333;-0,025749
35,825;-0,025749
35,826667;-0,025749
35,828333;-0,025749
35,83;-0,025749
35,831667;-0,025749
35,833333;-0,025749
35,835;-0,025749
35,836667;-0,025749
35,838333;-0,025749
35,84;-0,025749
35,841667;-0,025749
35,843333;-0,025749
35,845;-0,025749
35,846667;-0,025749
35,848333;-0,025749
35,85;-0,025749
35,851667;-0,025749
35,853333;-0,025749
35,855;-0,025749
35,856667;-0,025749
35,858333;-0,025749
35,86;-0,025749
35,861667;-0,025749
35,863333;-0,025749
35,865;-0,025749
35,866667;-0,025749
35,868333;-0,025749
35,87;-0,025749
35,871667;-0,025749
35,873333;-0,025749
35,875;-0,025749
35,876667;-0,025749
35,878333;-0,025749
35,88;-0,025749
35,881667;-0,025749
35,883333;-0,025749
35,885;-0,025749
35,886667;-0,025749
35,888333;-0,025749
35,89;-0,025749
35,891667;-0,025749
35,893333;-0,025749
35,895;-0,025749
35,896667;-0,025749
35,898333;-0,025749
35,9;-0,025749
35,901667;-0,025749
35,903333;-0,025749
35,905;-0,025749
35,906667;-0,025749
35,908333;-0,025749
35,91;-0,025749
35,911667;-0,025749
35,913333;-0,025749
35,915;-0,025749
35,916667;-0,025749
35,918333;-0,025749
35,92;-0,025749
35,921667;-0,025749
35,923333;-0,025749
35,925;-0,025749
35,926667;-0,025749
35,928333;-0,025749
35,93;-0,025749
35,931667;-0,025749
35,933333;-0,025749
35,935;-0,025749
35,936667;-0,025749
35,938333;-0,025749
35,94;-0,025749
35,941667;-0,025749
35,943333;-0,025749
35,945;-0,025749
35,946667;-0,025749
35,948333;-0,025749
35,95;-0,025749
35,951667;-0,025749
35,953333;-0,025749
35,955;-0,025749
35,956667;-0,025749
35,958333;-0,025749
35,96;-0,025749
35,961667;-0,025749
35,963333;-0,025749
35,965;-0,025749
35,966667;-0,025749
35,968333;-0,025749
35,97;-0,025749
35,971667;-0,025749
35,973333;-0,025749
35,975;-0,025749
35,976667;-0,025749
35,978333;-0,025749
35,98;-0,025749
35,981667;-0,025749
35,983333;-0,025749
35,985;-0,025749
35,986667;-0,025749
35,988333;-0,025749
35,99;-0,025749
35,991667;-0,025749
35,993333;-0,025749
35,995;-0,025749
35,996667;-0,025749
35,998333;-0,025749
36;-0,025749
36,001667;-0,025749
36,003333;-0,025749
36,005;-0,025749
36,006667;-0,025749
36,008333;-0,025749
36,01;-0,025749
36,011667;-0,025749
36,013333;-0,025749
36,015;-0,025749
36,016667;-0,025749
36,018333;-0,025749
36,02;-0,025749
36,021667;-0,025749
36,023333;-0,025749
36,025;-0,025749
36,026667;-0,025749
36,028333;-0,025749
36,03;-0,025749
36,031667;-0,025749
36,033333;-0,025749
36,035;-0,025749
36,036667;-0,025749
36,038333;-0,025749
36,04;-0,025749
36,041667;-0,025749
36,043333;-0,025749
36,045;-0,025749
36,046667;-0,025749
36,048333;-0,025749
36,05;-0,025749
36,051667;-0,025749
36,053333;-0,025749
36,055;-0,025749
36,056667;-0,025749
36,058333;-0,025749
36,06;-0,02861
36,061667;-0,02861
36,063333;-0,02861
36,065;-0,02861
36,066667;-0,02861
36,068333;-0,02861
36,07;-0,02861
36,071667;-0,02861
36,073333;-0,025749
36,075;-0,025749
36,076667;-0,025749
36,078333;-0,025749
36,08;-0,025749
36,081667;-0,025749
36,083333;-0,025749
36,085;-0,025749
36,086667;-0,025749
36,088333;-0,025749
36,09;-0,025749
36,091667;-0,025749
36,093333;-0,025749
36,095;-0,025749
36,096667;-0,025749
36,098333;-0,02861
36,1;-0,02861
36,101667;-0,02861
36,103333;-0,02861
36,105;-0,02861
36,106667;-0,02861
36,108333;-0,02861
36,11;-0,02861
36,111667;-0,02861
36,113333;-0,02861
36,115;-0,02861
36,116667;-0,025749
36,118333;-0,025749
36,12;-0,025749
36,121667;-0,025749
36,123333;-0,02861
36,125;-0,02861
36,126667;-0,02861
36,128333;-0,02861
36,13;-0,02861
36,131667;-0,02861
36,133333;-0,02861
36,135;-0,02861
36,136667;-0,02861
36,138333;-0,02861
36,14;-0,02861
36,141667;-0,02861
36,143333;-0,02861
36,145;-0,02861
36,146667;-0,02861
36,148333;-0,02861
36,15;-0,02861
36,151667;-0,02861
36,153333;-0,02861
36,155;-0,02861
36,156667;-0,02861
36,158333;-0,02861
36,16;-0,02861
36,161667;-0,02861
36,163333;-0,02861
36,165;-0,02861
36,166667;-0,02861
36,168333;-0,02861
36,17;-0,02861
36,171667;-0,02861
36,173333;-0,02861
36,175;-0,02861
36,176667;-0,02861
36,178333;-0,02861
36,18;-0,02861
36,181667;-0,02861
36,183333;-0,02861
36,185;-0,02861
36,186667;-0,02861
36,188333;-0,02861
36,19;-0,02861
36,191667;-0,02861
36,193333;-0,02861
36,195;-0,02861
36,196667;-0,02861
36,198333;-0,02861
36,2;-0,02861
36,201667;-0,02861
36,203333;-0,02861
36,205;-0,02861
36,206667;-0,02861
36,208333;-0,02861
36,21;-0,02861
36,211667;-0,02861
36,213333;-0,02861
36,215;-0,02861
36,216667;-0,02861
36,218333;-0,02861
36,22;-0,02861
36,221667;-0,02861
36,223333;-0,02861
36,225;-0,02861
36,226667;-0,02861
36,228333;-0,02861
36,23;-0,02861
36,231667;-0,02861
36,233333;-0,02861
36,235;-0,02861
36,236667;-0,02861
36,238333;-0,02861
36,24;-0,02861
36,241667;-0,02861
36,243333;-0,02861
36,245;-0,02861
36,246667;-0,02861
36,248333;-0,02861
36,25;-0,02861
36,251667;-0,02861
36,253333;-0,02861
36,255;-0,02861
36,256667;-0,02861
36,258333;-0,02861
36,26;-0,02861
36,261667;-0,02861
36,263333;-0,02861
36,265;-0,02861
36,266667;-0,02861
36,268333;-0,02861
36,27;-0,02861
36,271667;-0,02861
36,273333;-0,02861
36,275;-0,02861
36,276667;-0,02861
36,278333;-0,02861
36,28;-0,02861
36,281667;-0,02861
36,283333;-0,02861
36,285;-0,02861
36,286667;-0,02861
36,288333;-0,02861
36,29;-0,02861
36,291667;-0,02861
36,293333;-0,02861
36,295;-0,02861
36,296667;-0,02861
36,298333;-0,02861
36,3;-0,02861
36,301667;-0,02861
36,303333;-0,02861
36,305;-0,02861
36,306667;-0,02861
36,308333;-0,02861
36,31;-0,02861
36,311667;-0,02861
36,313333;-0,02861
36,315;-0,02861
36,316667;-0,02861
36,318333;-0,02861
36,32;-0,02861
36,321667;-0,02861
36,323333;-0,02861
36,325;-0,02861
36,326667;-0,02861
36,328333;-0,02861
36,33;-0,02861
36,331667;-0,02861
36,333333;-0,02861
36,335;-0,02861
36,336667;-0,02861
36,338333;-0,02861
36,34;-0,02861
36,341667;-0,02861
36,343333;-0,02861
36,345;-0,02861
36,346667;-0,02861
36,348333;-0,02861
36,35;-0,02861
36,351667;-0,02861
36,353333;-0,02861
36,355;-0,02861
36,356667;-0,02861
36,358333;-0,02861
36,36;-0,02861
36,361667;-0,02861
36,363333;-0,02861
36,365;-0,02861
36,366667;-0,02861
36,368333;-0,02861
36,37;-0,02861
36,371667;-0,02861
36,373333;-0,02861
36,375;-0,02861
36,376667;-0,02861
36,378333;-0,02861
36,38;-0,02861
36,381667;-0,02861
36,383333;-0,02861
36,385;-0,02861
36,386667;-0,02861
36,388333;-0,02861
36,39;-0,02861
36,391667;-0,02861
36,393333;-0,02861
36,395;-0,02861
36,396667;-0,02861
36,398333;-0,02861
36,4;-0,02861
36,401667;-0,02861
36,403333;-0,02861
36,405;-0,02861
36,406667;-0,02861
36,408333;-0,02861
36,41;-0,02861
36,411667;-0,02861
36,413333;-0,02861
36,415;-0,02861
36,416667;-0,02861
36,418333;-0,02861
36,42;-0,02861
36,421667;-0,02861
36,423333;-0,02861
36,425;-0,02861
36,426667;-0,02861
36,428333;-0,02861
36,43;-0,02861
36,431667;-0,02861
36,433333;-0,02861
36,435;-0,02861
36,436667;-0,02861
36,438333;-0,02861
36,44;-0,02861
36,441667;-0,02861
36,443333;-0,02861
36,445;-0,02861
36,446667;-0,02861
36,448333;-0,02861
36,45;-0,02861
36,451667;-0,02861
36,453333;-0,02861
36,455;-0,02861
36,456667;-0,02861
36,458333;-0,02861
36,46;-0,02861
36,461667;-0,02861
36,463333;-0,02861
36,465;-0,02861
36,466667;-0,02861
36,468333;-0,02861
36,47;-0,02861
36,471667;-0,02861
36,473333;-0,02861
36,475;-0,02861
36,476667;-0,02861
36,478333;-0,02861
36,48;-0,02861
36,481667;-0,02861
36,483333;-0,02861
36,485;-0,02861
36,486667;-0,02861
36,488333;-0,02861
36,49;-0,02861
36,491667;-0,02861
36,493333;-0,02861
36,495;-0,02861
36,496667;-0,02861
36,498333;-0,02861
36,5;-0,02861
36,501667;-0,02861
36,503333;-0,02861
36,505;-0,02861
36,506667;-0,02861
36,508333;-0,02861
36,51;-0,02861
36,511667;-0,02861
36,513333;-0,02861
36,515;-0,02861
36,516667;-0,02861
36,518333;-0,02861
36,52;-0,02861
36,521667;-0,02861
36,523333;-0,02861
36,525;-0,02861
36,526667;-0,02861
36,528333;-0,02861
36,53;-0,02861
36,531667;-0,02861
36,533333;-0,02861
36,535;-0,02861
36,536667;-0,02861
36,538333;-0,02861
36,54;-0,02861
36,541667;-0,02861
36,543333;-0,02861
36,545;-0,02861
36,546667;-0,02861
36,548333;-0,02861
36,55;-0,02861
36,551667;-0,02861
36,553333;-0,02861
36,555;-0,02861
36,556667;-0,02861
36,558333;-0,02861
36,56;-0,02861
36,561667;-0,02861
36,563333;-0,02861
36,565;-0,02861
36,566667;-0,02861
36,568333;-0,02861
36,57;-0,02861
36,571667;-0,02861
36,573333;-0,02861
36,575;-0,02861
36,576667;-0,02861
36,578333;-0,02861
36,58;-0,02861
36,581667;-0,02861
36,583333;-0,02861
36,585;-0,02861
36,586667;-0,02861
36,588333;-0,02861
36,59;-0,02861
36,591667;-0,02861
36,593333;-0,02861
36,595;-0,02861
36,596667;-0,02861
36,598333;-0,02861
36,6;-0,02861
36,601667;-0,02861
36,603333;-0,02861
36,605;-0,02861
36,606667;-0,02861
36,608333;-0,02861
36,61;-0,02861
36,611667;-0,02861
36,613333;-0,02861
36,615;-0,02861
36,616667;-0,02861
36,618333;-0,02861
36,62;-0,02861
36,621667;-0,02861
36,623333;-0,02861
36,625;-0,02861
36,626667;-0,02861
36,628333;-0,02861
36,63;-0,02861
36,631667;-0,02861
36,633333;-0,02861
36,635;-0,02861
36,636667;-0,02861
36,638333;-0,02861
36,64;-0,02861
36,641667;-0,02861
36,643333;-0,02861
36,645;-0,02861
36,646667;-0,02861
36,648333;-0,02861
36,65;-0,02861
36,651667;-0,02861
36,653333;-0,02861
36,655;-0,02861
36,656667;-0,02861
36,658333;-0,02861
36,66;-0,02861
36,661667;-0,02861
36,663333;-0,02861
36,665;-0,02861
36,666667;-0,02861
36,668333;-0,02861
36,67;-0,02861
36,671667;-0,02861
36,673333;-0,02861
36,675;-0,02861
36,676667;-0,02861
36,678333;-0,02861
36,68;-0,02861
36,681667;-0,02861
36,683333;-0,02861
36,685;-0,02861
36,686667;-0,02861
36,688333;-0,02861
36,69;-0,02861
36,691667;-0,02861
36,693333;-0,02861
36,695;-0,02861
36,696667;-0,02861
36,698333;-0,02861
36,7;-0,02861
36,701667;-0,02861
36,703333;-0,02861
36,705;-0,02861
36,706667;-0,02861
36,708333;-0,02861
36,71;-0,02861
36,711667;-0,02861
36,713333;-0,02861
36,715;-0,02861
36,716667;-0,02861
36,718333;-0,02861
36,72;-0,02861
36,721667;-0,02861
36,723333;-0,02861
36,725;-0,02861
36,726667;-0,02861
36,728333;-0,02861
36,73;-0,02861
36,731667;-0,02861
36,733333;-0,02861
36,735;-0,02861
36,736667;-0,02861
36,738333;-0,02861
36,74;-0,02861
36,741667;-0,02861
36,743333;-0,02861
36,745;-0,02861
36,746667;-0,02861
36,748333;-0,02861
36,75;-0,02861
36,751667;-0,02861
36,753333;-0,02861
36,755;-0,02861
36,756667;-0,02861
36,758333;-0,02861
36,76;-0,02861
36,761667;-0,02861
36,763333;-0,02861
36,765;-0,02861
36,766667;-0,02861
36,768333;-0,02861
36,77;-0,02861
36,771667;-0,02861
36,773333;-0,02861
36,775;-0,02861
36,776667;-0,02861
36,778333;-0,02861
36,78;-0,02861
36,781667;-0,02861
36,783333;-0,02861
36,785;-0,02861
36,786667;-0,02861
36,788333;-0,02861
36,79;-0,02861
36,791667;-0,02861
36,793333;-0,02861
36,795;-0,02861
36,796667;-0,02861
36,798333;-0,02861
36,8;-0,02861
36,801667;-0,02861
36,803333;-0,02861
36,805;-0,02861
36,806667;-0,02861
36,808333;-0,02861
36,81;-0,02861
36,811667;-0,02861
36,813333;-0,02861
36,815;-0,02861
36,816667;-0,02861
36,818333;-0,02861
36,82;-0,02861
36,821667;-0,02861
36,823333;-0,02861
36,825;-0,02861
36,826667;-0,02861
36,828333;-0,02861
36,83;-0,02861
36,831667;-0,02861
36,833333;-0,02861
36,835;-0,02861
36,836667;-0,02861
36,838333;-0,02861
36,84;-0,02861
36,841667;-0,02861
36,843333;-0,02861
36,845;-0,02861
36,846667;-0,02861
36,848333;-0,02861
36,85;-0,02861
36,851667;-0,02861
36,853333;-0,02861
36,855;-0,02861
36,856667;-0,02861
36,858333;-0,02861
36,86;-0,02861
36,861667;-0,02861
36,863333;-0,02861
36,865;-0,02861
36,866667;-0,02861
36,868333;-0,02861
36,87;-0,02861
36,871667;-0,02861
36,873333;-0,02861
36,875;-0,02861
36,876667;-0,02861
36,878333;-0,02861
36,88;-0,02861
36,881667;-0,02861
36,883333;-0,02861
36,885;-0,02861
36,886667;-0,02861
36,888333;-0,02861
36,89;-0,02861
36,891667;-0,02861
36,893333;-0,02861
36,895;-0,02861
36,896667;-0,02861
36,898333;-0,02861
36,9;-0,02861
36,901667;-0,02861
36,903333;-0,02861
36,905;-0,02861
36,906667;-0,02861
36,908333;-0,02861
36,91;-0,02861
36,911667;-0,025749
36,913333;-0,025749
36,915;-0,025749
36,916667;-0,025749
36,918333;-0,025749
36,92;-0,025749
36,921667;-0,025749
36,923333;-0,025749
36,925;-0,025749
36,926667;-0,025749
36,928333;-0,025749
36,93;-0,025749
36,931667;-0,025749
36,933333;-0,025749
36,935;-0,025749
36,936667;-0,025749
36,938333;-0,025749
36,94;-0,025749
36,941667;-0,025749
36,943333;-0,025749
36,945;-0,025749
36,946667;-0,025749
36,948333;-0,025749
36,95;-0,025749
36,951667;-0,025749
36,953333;-0,025749
36,955;-0,025749
36,956667;-0,025749
36,958333;-0,025749
36,96;-0,025749
36,961667;-0,025749
36,963333;-0,025749
36,965;-0,025749
36,966667;-0,025749
36,968333;-0,025749
36,97;-0,025749
36,971667;-0,025749
36,973333;-0,025749
36,975;-0,025749
36,976667;-0,025749
36,978333;-0,025749
36,98;-0,025749
36,981667;-0,025749
36,983333;-0,025749
36,985;-0,025749
36,986667;-0,025749
36,988333;-0,025749
36,99;-0,025749
36,991667;-0,025749
36,993333;-0,025749
36,995;-0,025749
36,996667;-0,025749
36,998333;-0,025749
37;-0,025749
37,001667;-0,025749
37,003333;-0,025749
37,005;-0,025749
37,006667;-0,025749
37,008333;-0,025749
37,01;-0,025749
37,011667;-0,025749
37,013333;-0,025749
37,015;-0,025749
37,016667;-0,025749
37,018333;-0,025749
37,02;-0,025749
37,021667;-0,025749
37,023333;-0,025749
37,025;-0,025749
37,026667;-0,025749
37,028333;-0,025749
37,03;-0,025749
37,031667;-0,025749
37,033333;-0,025749
37,035;-0,025749
37,036667;-0,025749
37,038333;-0,025749
37,04;-0,025749
37,041667;-0,025749
37,043333;-0,025749
37,045;-0,025749
37,046667;-0,025749
37,048333;-0,025749
37,05;-0,025749
37,051667;-0,025749
37,053333;-0,025749
37,055;-0,025749
37,056667;-0,025749
37,058333;-0,025749
37,06;-0,025749
37,061667;-0,025749
37,063333;-0,025749
37,065;-0,025749
37,066667;-0,025749
37,068333;-0,025749
37,07;-0,025749
37,071667;-0,025749
37,073333;-0,025749
37,075;-0,025749
37,076667;-0,025749
37,078333;-0,025749
37,08;-0,025749
37,081667;-0,025749
37,083333;-0,025749
37,085;-0,025749
37,086667;-0,025749
37,088333;-0,025749
37,09;-0,025749
37,091667;-0,025749
37,093333;-0,025749
37,095;-0,025749
37,096667;-0,02861
37,098333;-0,02861
37,1;-0,02861
37,101667;-0,02861
37,103333;-0,02861
37,105;-0,02861
37,106667;-0,02861
37,108333;-0,02861
37,11;-0,02861
37,111667;-0,02861
37,113333;-0,02861
37,115;-0,02861
37,116667;-0,02861
37,118333;-0,02861
37,12;-0,02861
37,121667;-0,02861
37,123333;-0,02861
37,125;-0,02861
37,126667;-0,02861
37,128333;-0,025749
37,13;-0,025749
37,131667;-0,025749
37,133333;-0,025749
37,135;-0,025749
37,136667;-0,025749
37,138333;-0,025749
37,14;-0,025749
37,141667;-0,025749
37,143333;-0,025749
37,145;-0,025749
37,146667;-0,025749
37,148333;-0,025749
37,15;-0,025749
37,151667;-0,025749
37,153333;-0,025749
37,155;-0,025749
37,156667;-0,025749
37,158333;-0,025749
37,16;-0,025749
37,161667;-0,025749
37,163333;-0,025749
37,165;-0,025749
37,166667;-0,025749
37,168333;-0,025749
37,17;-0,025749
37,171667;-0,025749
37,173333;-0,025749
37,175;-0,025749
37,176667;-0,025749
37,178333;-0,025749
37,18;-0,025749
37,181667;-0,025749
37,183333;-0,025749
37,185;-0,025749
37,186667;-0,025749
37,188333;-0,025749
37,19;-0,025749
37,191667;-0,025749
37,193333;-0,025749
37,195;-0,025749
37,196667;-0,025749
37,198333;-0,025749
37,2;-0,025749
37,201667;-0,025749
37,203333;-0,025749
37,205;-0,025749
37,206667;-0,025749
37,208333;-0,025749
37,21;-0,025749
37,211667;-0,025749
37,213333;-0,025749
37,215;-0,025749
37,216667;-0,025749
37,218333;-0,025749
37,22;-0,025749
37,221667;-0,025749
37,223333;-0,025749
37,225;-0,025749
37,226667;-0,025749
37,228333;-0,025749
37,23;-0,025749
37,231667;-0,025749
37,233333;-0,025749
37,235;-0,025749
37,236667;-0,025749
37,238333;-0,025749
37,24;-0,025749
37,241667;-0,025749
37,243333;-0,025749
37,245;-0,025749
37,246667;-0,025749
37,248333;-0,025749
37,25;-0,025749
37,251667;-0,025749
37,253333;-0,025749
37,255;-0,025749
37,256667;-0,025749
37,258333;-0,025749
37,26;-0,025749
37,261667;-0,025749
37,263333;-0,025749
37,265;-0,025749
37,266667;-0,025749
37,268333;-0,025749
37,27;-0,025749
37,271667;-0,025749
37,273333;-0,025749
37,275;-0,025749
37,276667;-0,025749
37,278333;-0,025749
37,28;-0,025749
37,281667;-0,025749
37,283333;-0,025749
37,285;-0,025749
37,286667;-0,025749
37,288333;-0,025749
37,29;-0,025749
37,291667;-0,025749
37,293333;-0,025749
37,295;-0,025749
37,296667;-0,025749
37,298333;-0,025749
37,3;-0,025749
37,301667;-0,025749
37,303333;-0,025749
37,305;-0,025749
37,306667;-0,025749
37,308333;-0,025749
37,31;-0,025749
37,311667;-0,025749
37,313333;-0,025749
37,315;-0,025749
37,316667;-0,025749
37,318333;-0,025749
37,32;-0,025749
37,321667;-0,025749
37,323333;-0,025749
37,325;-0,025749
37,326667;-0,025749
37,328333;-0,025749
37,33;-0,025749
37,331667;-0,025749
37,333333;-0,025749
37,335;-0,025749
37,336667;-0,025749
37,338333;-0,025749
37,34;-0,025749
37,341667;-0,025749
37,343333;-0,025749
37,345;-0,025749
37,346667;-0,025749
37,348333;-0,025749
37,35;-0,025749
37,351667;-0,025749
37,353333;-0,025749
37,355;-0,025749
37,356667;-0,025749
37,358333;-0,025749
37,36;-0,025749
37,361667;-0,025749
37,363333;-0,025749
37,365;-0,025749
37,366667;-0,025749
37,368333;-0,025749
37,37;-0,025749
37,371667;-0,025749
37,373333;-0,025749
37,375;-0,025749
37,376667;-0,025749
37,378333;-0,025749
37,38;-0,025749
37,381667;-0,025749
37,383333;-0,025749
37,385;-0,025749
37,386667;-0,025749
37,388333;-0,025749
37,39;-0,025749
37,391667;-0,025749
37,393333;-0,025749
37,395;-0,025749
37,396667;-0,025749
37,398333;-0,025749
37,4;-0,025749
37,401667;-0,025749
37,403333;-0,025749
37,405;-0,025749
37,406667;-0,025749
37,408333;-0,025749
37,41;-0,025749
37,411667;-0,025749
37,413333;-0,025749
37,415;-0,025749
37,416667;-0,025749
37,418333;-0,02861
37,42;-0,02861
37,421667;-0,02861
37,423333;-0,02861
37,425;-0,02861
37,426667;-0,02861
37,428333;-0,02861
37,43;-0,02861
37,431667;-0,02861
37,433333;-0,02861
37,435;-0,02861
37,436667;-0,02861
37,438333;-0,02861
37,44;-0,02861
37,441667;-0,02861
37,443333;-0,02861
37,445;-0,02861
37,446667;-0,02861
37,448333;-0,02861
37,45;-0,02861
37,451667;-0,02861
37,453333;-0,02861
37,455;-0,02861
37,456667;-0,02861
37,458333;-0,02861
37,46;-0,02861
37,461667;-0,02861
37,463333;-0,02861
37,465;-0,02861
37,466667;-0,02861
37,468333;-0,02861
37,47;-0,02861
37,471667;-0,02861
37,473333;-0,02861
37,475;-0,02861
37,476667;-0,02861
37,478333;-0,02861
37,48;-0,02861
37,481667;-0,02861
37,483333;-0,02861
37,485;-0,02861
37,486667;-0,02861
37,488333;-0,02861
37,49;-0,02861
37,491667;-0,02861
37,493333;-0,02861
37,495;-0,02861
37,496667;-0,02861
37,498333;-0,02861
37,5;-0,02861
37,501667;-0,02861
37,503333;-0,02861
37,505;-0,02861
37,506667;-0,02861
37,508333;-0,02861
37,51;-0,02861
37,511667;-0,02861
37,513333;-0,02861
37,515;-0,02861
37,516667;-0,02861
37,518333;-0,02861
37,52;-0,031471
37,521667;-0,031471
37,523333;-0,031471
37,525;-0,031471
37,526667;-0,031471
37,528333;-0,031471
37,53;-0,031471
37,531667;-0,031471
37,533333;-0,031471
37,535;-0,031471
37,536667;-0,031471
37,538333;-0,031471
37,54;-0,031471
37,541667;-0,031471
37,543333;-0,031471
37,545;-0,031471
37,546667;-0,031471
37,548333;-0,031471
37,55;-0,031471
37,551667;-0,031471
37,553333;-0,031471
37,555;-0,031471
37,556667;-0,031471
37,558333;-0,031471
37,56;-0,031471
37,561667;-0,031471
37,563333;-0,031471
37,565;-0,031471
37,566667;-0,031471
37,568333;-0,031471
37,57;-0,031471
37,571667;-0,031471
37,573333;-0,031471
37,575;-0,031471
37,576667;-0,031471
37,578333;-0,031471
37,58;-0,031471
37,581667;-0,031471
37,583333;-0,031471
37,585;-0,031471
37,586667;-0,031471
37,588333;-0,031471
37,59;-0,031471
37,591667;-0,031471
37,593333;-0,031471
37,595;-0,031471
37,596667;-0,031471
37,598333;-0,031471
37,6;-0,031471
37,601667;-0,031471
37,603333;-0,02861
37,605;-0,02861
37,606667;-0,02861
37,608333;-0,02861
37,61;-0,02861
37,611667;-0,02861
37,613333;-0,02861
37,615;-0,02861
37,616667;-0,02861
37,618333;-0,02861
37,62;-0,02861
37,621667;-0,02861
37,623333;-0,02861
37,625;-0,02861
37,626667;-0,02861
37,628333;-0,02861
37,63;-0,02861
37,631667;-0,02861
37,633333;-0,02861
37,635;-0,02861
37,636667;-0,02861
37,638333;-0,02861
37,64;-0,02861
37,641667;-0,02861
37,643333;-0,02861
37,645;-0,02861
37,646667;-0,02861
37,648333;-0,02861
37,65;-0,02861
37,651667;-0,02861
37,653333;-0,02861
37,655;-0,02861
37,656667;-0,02861
37,658333;-0,02861
37,66;-0,02861
37,661667;-0,02861
37,663333;-0,02861
37,665;-0,02861
37,666667;-0,02861
37,668333;-0,02861
37,67;-0,02861
37,671667;-0,02861
37,673333;-0,02861
37,675;-0,02861
37,676667;-0,02861
37,678333;-0,02861
37,68;-0,02861
37,681667;-0,02861
37,683333;-0,02861
37,685;-0,02861
37,686667;-0,02861
37,688333;-0,02861
37,69;-0,02861
37,691667;-0,02861
37,693333;-0,02861
37,695;-0,02861
37,696667;-0,02861
37,698333;-0,02861
37,7;-0,02861
37,701667;-0,02861
37,703333;-0,02861
37,705;-0,02861
37,706667;-0,02861
37,708333;-0,02861
37,71;-0,02861
37,711667;-0,02861
37,713333;-0,02861
37,715;-0,02861
37,716667;-0,02861
37,718333;-0,02861
37,72;-0,02861
37,721667;-0,02861
37,723333;-0,02861
37,725;-0,02861
37,726667;-0,02861
37,728333;-0,02861
37,73;-0,02861
37,731667;-0,02861
37,733333;-0,02861
37,735;-0,02861
37,736667;-0,02861
37,738333;-0,02861
37,74;-0,02861
37,741667;-0,02861
37,743333;-0,02861
37,745;-0,02861
37,746667;-0,02861
37,748333;-0,02861
37,75;-0,02861
37,751667;-0,02861
37,753333;-0,02861
37,755;-0,02861
37,756667;-0,02861
37,758333;-0,02861
37,76;-0,02861
37,761667;-0,02861
37,763333;-0,02861
37,765;-0,02861
37,766667;-0,02861
37,768333;-0,02861
37,77;-0,02861
37,771667;-0,02861
37,773333;-0,02861
37,775;-0,02861
37,776667;-0,02861
37,778333;-0,02861
37,78;-0,02861
37,781667;-0,02861
37,783333;-0,02861
37,785;-0,02861
37,786667;-0,02861
37,788333;-0,02861
37,79;-0,02861
37,791667;-0,02861
37,793333;-0,02861
37,795;-0,02861
37,796667;-0,02861
37,798333;-0,02861
37,8;-0,02861
37,801667;-0,02861
37,803333;-0,02861
37,805;-0,02861
37,806667;-0,02861
37,808333;-0,02861
37,81;-0,02861
37,811667;-0,02861
37,813333;-0,02861
37,815;-0,02861
37,816667;-0,02861
37,818333;-0,02861
37,82;-0,02861
37,821667;-0,02861
37,823333;-0,02861
37,825;-0,02861
37,826667;-0,02861
37,828333;-0,02861
37,83;-0,02861
37,831667;-0,02861
37,833333;-0,02861
37,835;-0,02861
37,836667;-0,02861
37,838333;-0,02861
37,84;-0,02861
37,841667;-0,02861
37,843333;-0,02861
37,845;-0,02861
37,846667;-0,02861
37,848333;-0,02861
37,85;-0,02861
37,851667;-0,02861
37,853333;-0,02861
37,855;-0,02861
37,856667;-0,02861
37,858333;-0,02861
37,86;-0,02861
37,861667;-0,02861
37,863333;-0,02861
37,865;-0,02861
37,866667;-0,02861
37,868333;-0,02861
37,87;-0,02861
37,871667;-0,02861
37,873333;-0,02861
37,875;-0,02861
37,876667;-0,02861
37,878333;-0,02861
37,88;-0,02861
37,881667;-0,02861
37,883333;-0,02861
37,885;-0,02861
37,886667;-0,02861
37,888333;-0,02861
37,89;-0,02861
37,891667;-0,02861
37,893333;-0,02861
37,895;-0,02861
37,896667;-0,02861
37,898333;-0,02861
37,9;-0,02861
37,901667;-0,02861
37,903333;-0,02861
37,905;-0,02861
37,906667;-0,02861
37,908333;-0,02861
37,91;-0,02861
37,911667;-0,02861
37,913333;-0,02861
37,915;-0,02861
37,916667;-0,02861
37,918333;-0,02861
37,92;-0,02861
37,921667;-0,02861
37,923333;-0,02861
37,925;-0,02861
37,926667;-0,02861
37,928333;-0,02861
37,93;-0,02861
37,931667;-0,02861
37,933333;-0,02861
37,935;-0,02861
37,936667;-0,02861
37,938333;-0,02861
37,94;-0,02861
37,941667;-0,02861
37,943333;-0,02861
37,945;-0,02861
37,946667;-0,02861
37,948333;-0,02861
37,95;-0,02861
37,951667;-0,02861
37,953333;-0,02861
37,955;-0,02861
37,956667;-0,02861
37,958333;-0,02861
37,96;-0,02861
37,961667;-0,02861
37,963333;-0,02861
37,965;-0,02861
37,966667;-0,02861
37,968333;-0,02861
37,97;-0,02861
37,971667;-0,02861
37,973333;-0,02861
37,975;-0,02861
37,976667;-0,02861
37,978333;-0,02861
37,98;-0,02861
37,981667;-0,02861
37,983333;-0,02861
37,985;-0,02861
37,986667;-0,02861
37,988333;-0,02861
37,99;-0,02861
37,991667;-0,02861
37,993333;-0,02861
37,995;-0,02861
37,996667;-0,02861
37,998333;-0,02861
38;-0,02861
38,001667;-0,02861
38,003333;-0,02861
38,005;-0,02861
38,006667;-0,02861
38,008333;-0,02861
38,01;-0,02861
38,011667;-0,02861
38,013333;-0,02861
38,015;-0,02861
38,016667;-0,02861
38,018333;-0,02861
38,02;-0,02861
38,021667;-0,02861
38,023333;-0,02861
38,025;-0,02861
38,026667;-0,02861
38,028333;-0,02861
38,03;-0,02861
38,031667;-0,02861
38,033333;-0,02861
38,035;-0,02861
38,036667;-0,02861
38,038333;-0,02861
38,04;-0,02861
38,041667;-0,02861
38,043333;-0,02861
38,045;-0,02861
38,046667;-0,02861
38,048333;-0,02861
38,05;-0,02861
38,051667;-0,02861
38,053333;-0,02861
38,055;-0,02861
38,056667;-0,02861
38,058333;-0,02861
38,06;-0,02861
38,061667;-0,02861
38,063333;-0,02861
38,065;-0,02861
38,066667;-0,02861
38,068333;-0,02861
38,07;-0,02861
38,071667;-0,02861
38,073333;-0,02861
38,075;-0,02861
38,076667;-0,02861
38,078333;-0,02861
38,08;-0,02861
38,081667;-0,02861
38,083333;-0,02861
38,085;-0,02861
38,086667;-0,02861
38,088333;-0,02861
38,09;-0,02861
38,091667;-0,02861
38,093333;-0,02861
38,095;-0,02861
38,096667;-0,02861
38,098333;-0,02861
38,1;-0,02861
38,101667;-0,02861
38,103333;-0,02861
38,105;-0,02861
38,106667;-0,02861
38,108333;-0,02861
38,11;-0,02861
38,111667;-0,02861
38,113333;-0,02861
38,115;-0,02861
38,116667;-0,02861
38,118333;-0,02861
38,12;-0,02861
38,121667;-0,02861
38,123333;-0,02861
38,125;-0,02861
38,126667;-0,02861
38,128333;-0,02861
38,13;-0,02861
38,131667;-0,02861
38,133333;-0,02861
38,135;-0,02861
38,136667;-0,02861
38,138333;-0,02861
38,14;-0,02861
38,141667;-0,02861
38,143333;-0,02861
38,145;-0,02861
38,146667;-0,02861
38,148333;-0,02861
38,15;-0,02861
38,151667;-0,02861
38,153333;-0,02861
38,155;-0,02861
38,156667;-0,02861
38,158333;-0,02861
38,16;-0,02861
38,161667;-0,02861
38,163333;-0,02861
38,165;-0,02861
38,166667;-0,02861
38,168333;-0,02861
38,17;-0,02861
38,171667;-0,02861
38,173333;-0,02861
38,175;-0,02861
38,176667;-0,02861
38,178333;-0,02861
38,18;-0,02861
38,181667;-0,02861
38,183333;-0,02861
38,185;-0,02861
38,186667;-0,02861
38,188333;-0,02861
38,19;-0,02861
38,191667;-0,02861
38,193333;-0,02861
38,195;-0,02861
38,196667;-0,02861
38,198333;-0,02861
38,2;-0,02861
38,201667;-0,02861
38,203333;-0,02861
38,205;-0,02861
38,206667;-0,02861
38,208333;-0,02861
38,21;-0,02861
38,211667;-0,02861
38,213333;-0,02861
38,215;-0,02861
38,216667;-0,02861
38,218333;-0,02861
38,22;-0,02861
38,221667;-0,02861
38,223333;-0,02861
38,225;-0,02861
38,226667;-0,02861
38,228333;-0,02861
38,23;-0,02861
38,231667;-0,02861
38,233333;-0,02861
38,235;-0,02861
38,236667;-0,02861
38,238333;-0,02861
38,24;-0,02861
38,241667;-0,02861
38,243333;-0,02861
38,245;-0,02861
38,246667;-0,02861
38,248333;-0,02861
38,25;-0,02861
38,251667;-0,02861
38,253333;-0,02861
38,255;-0,02861
38,256667;-0,02861
38,258333;-0,02861
38,26;-0,02861
38,261667;-0,02861
38,263333;-0,02861
38,265;-0,02861
38,266667;-0,02861
38,268333;-0,02861
38,27;-0,02861
38,271667;-0,02861
38,273333;-0,02861
38,275;-0,02861
38,276667;-0,02861
38,278333;-0,02861
38,28;-0,02861
38,281667;-0,02861
38,283333;-0,02861
38,285;-0,02861
38,286667;-0,02861
38,288333;-0,02861
38,29;-0,02861
38,291667;-0,02861
38,293333;-0,02861
38,295;-0,02861
38,296667;-0,02861
38,298333;-0,02861
38,3;-0,02861
38,301667;-0,02861
38,303333;-0,02861
38,305;-0,02861
38,306667;-0,02861
38,308333;-0,02861
38,31;-0,02861
38,311667;-0,02861
38,313333;-0,02861
38,315;-0,02861
38,316667;-0,02861
38,318333;-0,02861
38,32;-0,02861
38,321667;-0,02861
38,323333;-0,02861
38,325;-0,02861
38,326667;-0,02861
38,328333;-0,02861
38,33;-0,02861
38,331667;-0,02861
38,333333;-0,02861
38,335;-0,02861
38,336667;-0,02861
38,338333;-0,02861
38,34;-0,02861
38,341667;-0,02861
38,343333;-0,02861
38,345;-0,02861
38,346667;-0,02861
38,348333;-0,02861
38,35;-0,02861
38,351667;-0,02861
38,353333;-0,02861
38,355;-0,02861
38,356667;-0,02861
38,358333;-0,02861
38,36;-0,02861
38,361667;-0,02861
38,363333;-0,02861
38,365;-0,02861
38,366667;-0,02861
38,368333;-0,02861
38,37;-0,02861
38,371667;-0,02861
38,373333;-0,02861
38,375;-0,02861
38,376667;-0,02861
38,378333;-0,025749
38,38;-0,025749
38,381667;-0,025749
38,383333;-0,025749
38,385;-0,025749
38,386667;-0,025749
38,388333;-0,025749
38,39;-0,025749
38,391667;-0,025749
38,393333;-0,025749
38,395;-0,025749
38,396667;-0,025749
38,398333;-0,025749
38,4;-0,025749
38,401667;-0,025749
38,403333;-0,025749
38,405;-0,025749
38,406667;-0,025749
38,408333;-0,025749
38,41;-0,025749
38,411667;-0,025749
38,413333;-0,025749
38,415;-0,025749
38,416667;-0,025749
38,418333;-0,025749
38,42;-0,025749
38,421667;-0,025749
38,423333;-0,025749
38,425;-0,025749
38,426667;-0,025749
38,428333;-0,025749
38,43;-0,025749
38,431667;-0,025749
38,433333;-0,025749
38,435;-0,025749
38,436667;-0,025749
38,438333;-0,025749
38,44;-0,025749
38,441667;-0,025749
38,443333;-0,025749
38,445;-0,025749
38,446667;-0,025749
38,448333;-0,025749
38,45;-0,025749
38,451667;-0,025749
38,453333;-0,025749
38,455;-0,025749
38,456667;-0,025749
38,458333;-0,025749
38,46;-0,025749
38,461667;-0,025749
38,463333;-0,025749
38,465;-0,025749
38,466667;-0,025749
38,468333;-0,025749
38,47;-0,025749
38,471667;-0,025749
38,473333;-0,025749
38,475;-0,025749
38,476667;-0,022888
38,478333;-0,022888
38,48;-0,022888
38,481667;-0,025749
38,483333;-0,025749
38,485;-0,025749
38,486667;-0,025749
38,488333;-0,025749
38,49;-0,025749
38,491667;-0,025749
38,493333;-0,025749
38,495;-0,025749
38,496667;-0,025749
38,498333;-0,025749
38,5;-0,025749
38,501667;-0,025749
38,503333;-0,025749
38,505;-0,025749
38,506667;-0,025749
38,508333;-0,025749
38,51;-0,025749
38,511667;-0,025749
38,513333;-0,025749
38,515;-0,025749
38,516667;-0,025749
38,518333;-0,025749
38,52;-0,025749
38,521667;-0,022888
38,523333;-0,022888
38,525;-0,022888
38,526667;-0,022888
38,528333;-0,025749
38,53;-0,025749
38,531667;-0,025749
38,533333;-0,025749
38,535;-0,025749
38,536667;-0,025749
38,538333;-0,025749
38,54;-0,025749
38,541667;-0,025749
38,543333;-0,025749
38,545;-0,025749
38,546667;-0,025749
38,548333;-0,025749
38,55;-0,025749
38,551667;-0,025749
38,553333;-0,025749
38,555;-0,025749
38,556667;-0,025749
38,558333;-0,025749
38,56;-0,025749
38,561667;-0,025749
38,563333;-0,025749
38,565;-0,025749
38,566667;-0,025749
38,568333;-0,025749
38,57;-0,025749
38,571667;-0,025749
38,573333;-0,025749
38,575;-0,025749
38,576667;-0,025749
38,578333;-0,025749
38,58;-0,025749
38,581667;-0,025749
38,583333;-0,025749
38,585;-0,025749
38,586667;-0,025749
38,588333;-0,025749
38,59;-0,025749
38,591667;-0,025749
38,593333;-0,025749
38,595;-0,025749
38,596667;-0,025749
38,598333;-0,025749
38,6;-0,025749
38,601667;-0,025749
38,603333;-0,025749
38,605;-0,025749
38,606667;-0,025749
38,608333;-0,025749
38,61;-0,025749
38,611667;-0,025749
38,613333;-0,025749
38,615;-0,025749
38,616667;-0,025749
38,618333;-0,025749
38,62;-0,025749
38,621667;-0,025749
38,623333;-0,025749
38,625;-0,025749
38,626667;-0,025749
38,628333;-0,025749
38,63;-0,025749
38,631667;-0,025749
38,633333;-0,025749
38,635;-0,025749
38,636667;-0,025749
38,638333;-0,025749
38,64;-0,025749
38,641667;-0,025749
38,643333;-0,025749
38,645;-0,025749
38,646667;-0,025749
38,648333;-0,025749
38,65;-0,025749
38,651667;-0,025749
38,653333;-0,025749
38,655;-0,025749
38,656667;-0,025749
38,658333;-0,025749
38,66;-0,025749
38,661667;-0,025749
38,663333;-0,025749
38,665;-0,025749
38,666667;-0,02861
38,668333;-0,02861
38,67;-0,02861
38,671667;-0,02861
38,673333;-0,02861
38,675;-0,02861
38,676667;-0,02861
38,678333;-0,02861
38,68;-0,02861
38,681667;-0,02861
38,683333;-0,02861
38,685;-0,02861
38,686667;-0,02861
38,688333;-0,02861
38,69;-0,02861
38,691667;-0,02861
38,693333;-0,02861
38,695;-0,02861
38,696667;-0,02861
38,698333;-0,02861
38,7;-0,02861
38,701667;-0,02861
38,703333;-0,02861
38,705;-0,02861
38,706667;-0,02861
38,708333;-0,02861
38,71;-0,02861
38,711667;-0,02861
38,713333;-0,02861
38,715;-0,02861
38,716667;-0,02861
38,718333;-0,02861
38,72;-0,02861
38,721667;-0,02861
38,723333;-0,02861
38,725;-0,02861
38,726667;-0,02861
38,728333;-0,02861
38,73;-0,02861
38,731667;-0,02861
38,733333;-0,02861
38,735;-0,02861
38,736667;-0,02861
38,738333;-0,02861
38,74;-0,02861
38,741667;-0,02861
38,743333;-0,02861
38,745;-0,02861
38,746667;-0,02861
38,748333;-0,02861
38,75;-0,02861
38,751667;-0,02861
38,753333;-0,02861
38,755;-0,02861
38,756667;-0,02861
38,758333;-0,02861
38,76;-0,02861
38,761667;-0,02861
38,763333;-0,02861
38,765;-0,02861
38,766667;-0,02861
38,768333;-0,02861
38,77;-0,02861
38,771667;-0,02861
38,773333;-0,02861
38,775;-0,02861
38,776667;-0,02861
38,778333;-0,02861
38,78;-0,02861
38,781667;-0,02861
38,783333;-0,02861
38,785;-0,02861
38,786667;-0,02861
38,788333;-0,02861
38,79;-0,02861
38,791667;-0,02861
38,793333;-0,02861
38,795;-0,02861
38,796667;-0,02861
38,798333;-0,02861
38,8;-0,02861
38,801667;-0,02861
38,803333;-0,02861
38,805;-0,02861
38,806667;-0,02861
38,808333;-0,02861
38,81;-0,02861
38,811667;-0,02861
38,813333;-0,02861
38,815;-0,02861
38,816667;-0,02861
38,818333;-0,02861
38,82;-0,02861
38,821667;-0,02861
38,823333;-0,02861
38,825;-0,02861
38,826667;-0,02861
38,828333;-0,02861
38,83;-0,02861
38,831667;-0,02861
38,833333;-0,02861
38,835;-0,02861
38,836667;-0,02861
38,838333;-0,02861
38,84;-0,02861
38,841667;-0,02861
38,843333;-0,02861
38,845;-0,02861
38,846667;-0,02861
38,848333;-0,02861
38,85;-0,02861
38,851667;-0,02861
38,853333;-0,02861
38,855;-0,02861
38,856667;-0,02861
38,858333;-0,02861
38,86;-0,02861
38,861667;-0,02861
38,863333;-0,02861
38,865;-0,02861
38,866667;-0,02861
38,868333;-0,02861
38,87;-0,02861
38,871667;-0,02861
38,873333;-0,02861
38,875;-0,02861
38,876667;-0,02861
38,878333;-0,02861
38,88;-0,02861
38,881667;-0,02861
38,883333;-0,02861
38,885;-0,02861
38,886667;-0,02861
38,888333;-0,02861
38,89;-0,02861
38,891667;-0,02861
38,893333;-0,02861
38,895;-0,02861
38,896667;-0,02861
38,898333;-0,02861
38,9;-0,02861
38,901667;-0,02861
38,903333;-0,02861
38,905;-0,02861
38,906667;-0,02861
38,908333;-0,02861
38,91;-0,02861
38,911667;-0,02861
38,913333;-0,02861
38,915;-0,02861
38,916667;-0,02861
38,918333;-0,02861
38,92;-0,02861
38,921667;-0,02861
38,923333;-0,02861
38,925;-0,02861
38,926667;-0,02861
38,928333;-0,02861
38,93;-0,02861
38,931667;-0,02861
38,933333;-0,02861
38,935;-0,02861
38,936667;-0,02861
38,938333;-0,02861
38,94;-0,02861
38,941667;-0,02861
38,943333;-0,02861
38,945;-0,02861
38,946667;-0,02861
38,948333;-0,02861
38,95;-0,02861
38,951667;-0,02861
38,953333;-0,02861
38,955;-0,02861
38,956667;-0,02861
38,958333;-0,02861
38,96;-0,02861
38,961667;-0,02861
38,963333;-0,02861
38,965;-0,02861
38,966667;-0,02861
38,968333;-0,02861
38,97;-0,02861
38,971667;-0,02861
38,973333;-0,02861
38,975;-0,02861
38,976667;-0,02861
38,978333;-0,02861
38,98;-0,02861
38,981667;-0,02861
38,983333;-0,02861
38,985;-0,02861
38,986667;-0,02861
38,988333;-0,02861
38,99;-0,02861
38,991667;-0,02861
38,993333;-0,02861
38,995;-0,02861
38,996667;-0,02861
38,998333;-0,02861
39;-0,02861
39,001667;-0,02861
39,003333;-0,02861
39,005;-0,02861
39,006667;-0,02861
39,008333;-0,02861
39,01;-0,02861
39,011667;-0,02861
39,013333;-0,02861
39,015;-0,02861
39,016667;-0,02861
39,018333;-0,02861
39,02;-0,02861
39,021667;-0,02861
39,023333;-0,02861
39,025;-0,02861
39,026667;-0,02861
39,028333;-0,02861
39,03;-0,02861
39,031667;-0,02861
39,033333;-0,02861
39,035;-0,02861
39,036667;-0,02861
39,038333;-0,02861
39,04;-0,02861
39,041667;-0,02861
39,043333;-0,02861
39,045;-0,02861
39,046667;-0,02861
39,048333;-0,02861
39,05;-0,02861
39,051667;-0,02861
39,053333;-0,02861
39,055;-0,02861
39,056667;-0,02861
39,058333;-0,02861
39,06;-0,02861
39,061667;-0,02861
39,063333;-0,02861
39,065;-0,02861
39,066667;-0,02861
39,068333;-0,02861
39,07;-0,02861
39,071667;-0,02861
39,073333;-0,02861
39,075;-0,02861
39,076667;-0,02861
39,078333;-0,02861
39,08;-0,02861
39,081667;-0,02861
39,083333;-0,02861
39,085;-0,02861
39,086667;-0,02861
39,088333;-0,02861
39,09;-0,02861
39,091667;-0,02861
39,093333;-0,031471
39,095;-0,031471
39,096667;-0,031471
39,098333;-0,031471
39,1;-0,031471
39,101667;-0,031471
39,103333;-0,031471
39,105;-0,031471
39,106667;-0,031471
39,108333;-0,031471
39,11;-0,02861
39,111667;-0,02861
39,113333;-0,02861
39,115;-0,02861
39,116667;-0,02861
39,118333;-0,02861
39,12;-0,02861
39,121667;-0,02861
39,123333;-0,02861
39,125;-0,02861
39,126667;-0,02861
39,128333;-0,02861
39,13;-0,02861
39,131667;-0,02861
39,133333;-0,02861
39,135;-0,02861
39,136667;-0,02861
39,138333;-0,02861
39,14;-0,02861
39,141667;-0,02861
39,143333;-0,02861
39,145;-0,02861
39,146667;-0,02861
39,148333;-0,02861
39,15;-0,02861
39,151667;-0,02861
39,153333;-0,02861
39,155;-0,02861
39,156667;-0,02861
39,158333;-0,02861
39,16;-0,02861
39,161667;-0,02861
39,163333;-0,02861
39,165;-0,02861
39,166667;-0,02861
39,168333;-0,02861
39,17;-0,02861
39,171667;-0,02861
39,173333;-0,02861
39,175;-0,02861
39,176667;-0,02861
39,178333;-0,02861
39,18;-0,02861
39,181667;-0,02861
39,183333;-0,02861
39,185;-0,02861
39,186667;-0,02861
39,188333;-0,02861
39,19;-0,02861
39,191667;-0,02861
39,193333;-0,02861
39,195;-0,02861
39,196667;-0,02861
39,198333;-0,02861
39,2;-0,02861
39,201667;-0,02861
39,203333;-0,02861
39,205;-0,02861
39,206667;-0,02861
39,208333;-0,02861
39,21;-0,02861
39,211667;-0,02861
39,213333;-0,02861
39,215;-0,02861
39,216667;-0,02861
39,218333;-0,02861
39,22;-0,02861
39,221667;-0,02861
39,223333;-0,02861
39,225;-0,02861
39,226667;-0,02861
39,228333;-0,02861
39,23;-0,02861
39,231667;-0,02861
39,233333;-0,02861
39,235;-0,02861
39,236667;-0,031471
39,238333;-0,031471
39,24;-0,031471
39,241667;-0,031471
39,243333;-0,031471
39,245;-0,031471
39,246667;-0,031471
39,248333;-0,031471
39,25;-0,031471
39,251667;-0,031471
39,253333;-0,031471
39,255;-0,031471
39,256667;-0,031471
39,258333;-0,031471
39,26;-0,031471
39,261667;-0,031471
39,263333;-0,031471
39,265;-0,031471
39,266667;-0,031471
39,268333;-0,031471
39,27;-0,031471
39,271667;-0,031471
39,273333;-0,031471
39,275;-0,031471
39,276667;-0,031471
39,278333;-0,031471
39,28;-0,031471
39,281667;-0,031471
39,283333;-0,031471
39,285;-0,031471
39,286667;-0,031471
39,288333;-0,031471
39,29;-0,031471
39,291667;-0,031471
39,293333;-0,031471
39,295;-0,031471
39,296667;-0,031471
39,298333;-0,031471
39,3;-0,031471
39,301667;-0,031471
39,303333;-0,031471
39,305;-0,031471
39,306667;-0,031471
39,308333;-0,031471
39,31;-0,031471
39,311667;-0,031471
39,313333;-0,031471
39,315;-0,031471
39,316667;-0,031471
39,318333;-0,031471
39,32;-0,031471
39,321667;-0,031471
39,323333;-0,031471
39,325;-0,031471
39,326667;-0,031471
39,328333;-0,031471
39,33;-0,031471
39,331667;-0,031471
39,333333;-0,031471
39,335;-0,031471
39,336667;-0,031471
39,338333;-0,031471
39,34;-0,031471
39,341667;-0,031471
39,343333;-0,031471
39,345;-0,031471
39,346667;-0,031471
39,348333;-0,031471
39,35;-0,031471
39,351667;-0,031471
39,353333;-0,031471
39,355;-0,031471
39,356667;-0,031471
39,358333;-0,031471
39,36;-0,031471
39,361667;-0,031471
39,363333;-0,031471
39,365;-0,031471
39,366667;-0,031471
39,368333;-0,031471
39,37;-0,031471
39,371667;-0,031471
39,373333;-0,031471
39,375;-0,031471
39,376667;-0,031471
39,378333;-0,031471
39,38;-0,031471
39,381667;-0,031471
39,383333;-0,031471
39,385;-0,031471
39,386667;-0,031471
39,388333;-0,031471
39,39;-0,031471
39,391667;-0,031471
39,393333;-0,031471
39,395;-0,031471
39,396667;-0,02861
39,398333;-0,02861
39,4;-0,02861
39,401667;-0,031471
39,403333;-0,031471
39,405;-0,031471
39,406667;-0,031471
39,408333;-0,031471
39,41;-0,031471
39,411667;-0,031471
39,413333;-0,031471
39,415;-0,031471
39,416667;-0,031471
39,418333;-0,031471
39,42;-0,031471
39,421667;-0,031471
39,423333;-0,031471
39,425;-0,031471
39,426667;-0,031471
39,428333;-0,031471
39,43;-0,031471
39,431667;-0,031471
39,433333;-0,031471
39,435;-0,031471
39,436667;-0,031471
39,438333;-0,031471
39,44;-0,031471
39,441667;-0,031471
39,443333;-0,031471
39,445;-0,031471
39,446667;-0,031471
39,448333;-0,031471
39,45;-0,031471
39,451667;-0,031471
39,453333;-0,031471
39,455;-0,031471
39,456667;-0,031471
39,458333;-0,031471
39,46;-0,031471
39,461667;-0,031471
39,463333;-0,031471
39,465;-0,031471
39,466667;-0,031471
39,468333;-0,031471
39,47;-0,031471
39,471667;-0,031471
39,473333;-0,031471
39,475;-0,031471
39,476667;-0,031471
39,478333;-0,031471
39,48;-0,031471
39,481667;-0,031471
39,483333;-0,031471
39,485;-0,031471
39,486667;-0,031471
39,488333;-0,031471
39,49;-0,031471
39,491667;-0,031471
39,493333;-0,031471
39,495;-0,031471
39,496667;-0,031471
39,498333;-0,031471
39,5;-0,031471
39,501667;-0,031471
39,503333;-0,031471
39,505;-0,031471
39,506667;-0,031471
39,508333;-0,031471
39,51;-0,031471
39,511667;-0,031471
39,513333;-0,031471
39,515;-0,031471
39,516667;-0,031471
39,518333;-0,031471
39,52;-0,031471
39,521667;-0,031471
39,523333;-0,031471
39,525;-0,031471
39,526667;-0,031471
39,528333;-0,031471
39,53;-0,031471
39,531667;-0,031471
39,533333;-0,031471
39,535;-0,031471
39,536667;-0,031471
39,538333;-0,031471
39,54;-0,031471
39,541667;-0,031471
39,543333;-0,031471
39,545;-0,031471
39,546667;-0,031471
39,548333;-0,031471
39,55;-0,031471
39,551667;-0,031471
39,553333;-0,031471
39,555;-0,031471
39,556667;-0,031471
39,558333;-0,031471
39,56;-0,031471
39,561667;-0,031471
39,563333;-0,031471
39,565;-0,031471
39,566667;-0,031471
39,568333;-0,031471
39,57;-0,031471
39,571667;-0,031471
39,573333;-0,031471
39,575;-0,031471
39,576667;-0,031471
39,578333;-0,031471
39,58;-0,031471
39,581667;-0,031471
39,583333;-0,031471
39,585;-0,031471
39,586667;-0,031471
39,588333;-0,031471
39,59;-0,034332
39,591667;-0,034332
39,593333;-0,031471
39,595;-0,031471
39,596667;-0,031471
39,598333;-0,031471
39,6;-0,031471
39,601667;-0,031471
39,603333;-0,031471
39,605;-0,031471
39,606667;-0,031471
39,608333;-0,031471
39,61;-0,031471
39,611667;-0,031471
39,613333;-0,031471
39,615;-0,031471
39,616667;-0,031471
39,618333;-0,031471
39,62;-0,031471
39,621667;-0,031471
39,623333;-0,031471
39,625;-0,031471
39,626667;-0,031471
39,628333;-0,031471
39,63;-0,031471
39,631667;-0,031471
39,633333;-0,031471
39,635;-0,031471
39,636667;-0,031471
39,638333;-0,031471
39,64;-0,031471
39,641667;-0,031471
39,643333;-0,031471
39,645;-0,031471
39,646667;-0,031471
39,648333;-0,031471
39,65;-0,031471
39,651667;-0,031471
39,653333;-0,031471
39,655;-0,031471
39,656667;-0,031471
39,658333;-0,031471
39,66;-0,031471
39,661667;-0,031471
39,663333;-0,031471
39,665;-0,031471
39,666667;-0,031471
39,668333;-0,031471
39,67;-0,031471
39,671667;-0,031471
39,673333;-0,031471
39,675;-0,031471
39,676667;-0,031471
39,678333;-0,031471
39,68;-0,031471
39,681667;-0,031471
39,683333;-0,034332
39,685;-0,034332
39,686667;-0,031471
39,688333;-0,031471
39,69;-0,031471
39,691667;-0,031471
39,693333;-0,031471
39,695;-0,031471
39,696667;-0,031471
39,698333;-0,031471
39,7;-0,031471
39,701667;-0,031471
39,703333;-0,031471
39,705;-0,031471
39,706667;-0,031471
39,708333;-0,031471
39,71;-0,031471
39,711667;-0,031471
39,713333;-0,031471
39,715;-0,031471
39,716667;-0,031471
39,718333;-0,031471
39,72;-0,031471
39,721667;-0,031471
39,723333;-0,031471
39,725;-0,031471
39,726667;-0,031471
39,728333;-0,031471
39,73;-0,031471
39,731667;-0,031471
39,733333;-0,034332
39,735;-0,034332
39,736667;-0,034332
39,738333;-0,034332
39,74;-0,034332
39,741667;-0,034332
39,743333;-0,034332
39,745;-0,034332
39,746667;-0,034332
39,748333;-0,034332
39,75;-0,034332
39,751667;-0,034332
39,753333;-0,034332
39,755;-0,034332
39,756667;-0,034332
39,758333;-0,034332
39,76;-0,034332
39,761667;-0,034332
39,763333;-0,034332
39,765;-0,034332
39,766667;-0,034332
39,768333;-0,034332
39,77;-0,034332
39,771667;-0,034332
39,773333;-0,034332
39,775;-0,034332
39,776667;-0,034332
39,778333;-0,034332
39,78;-0,034332
39,781667;-0,031471
39,783333;-0,031471
39,785;-0,034332
39,786667;-0,034332
39,788333;-0,034332
39,79;-0,034332
39,791667;-0,034332
39,793333;-0,034332
39,795;-0,034332
39,796667;-0,034332
39,798333;-0,034332
39,8;-0,034332
39,801667;-0,034332
39,803333;-0,034332
39,805;-0,034332
39,806667;-0,034332
39,808333;-0,034332
39,81;-0,034332
39,811667;-0,034332
39,813333;-0,034332
39,815;-0,034332
39,816667;-0,034332
39,818333;-0,034332
39,82;-0,034332
39,821667;-0,034332
39,823333;-0,034332
39,825;-0,034332
39,826667;-0,034332
39,828333;-0,034332
39,83;-0,034332
39,831667;-0,034332
39,833333;-0,034332
39,835;-0,034332
39,836667;-0,034332
39,838333;-0,034332
39,84;-0,034332
39,841667;-0,034332
39,843333;-0,034332
39,845;-0,034332
39,846667;-0,034332
39,848333;-0,034332
39,85;-0,034332
39,851667;-0,034332
39,853333;-0,034332
39,855;-0,034332
39,856667;-0,034332
39,858333;-0,034332
39,86;-0,034332
39,861667;-0,034332
39,863333;-0,034332
39,865;-0,034332
39,866667;-0,034332
39,868333;-0,034332
39,87;-0,034332
39,871667;-0,034332
39,873333;-0,034332
39,875;-0,034332
39,876667;-0,034332
39,878333;-0,034332
39,88;-0,034332
39,881667;-0,034332
39,883333;-0,034332
39,885;-0,034332
39,886667;-0,034332
39,888333;-0,034332
39,89;-0,034332
39,891667;-0,034332
39,893333;-0,034332
39,895;-0,034332
39,896667;-0,034332
39,898333;-0,034332
39,9;-0,034332
39,901667;-0,034332
39,903333;-0,034332
39,905;-0,034332
39,906667;-0,034332
39,908333;-0,034332
39,91;-0,034332
39,911667;-0,034332
39,913333;-0,034332
39,915;-0,034332
39,916667;-0,034332
39,918333;-0,034332
39,92;-0,034332
39,921667;-0,034332
39,923333;-0,034332
39,925;-0,034332
39,926667;-0,034332
39,928333;-0,034332
39,93;-0,034332
39,931667;-0,034332
39,933333;-0,034332
39,935;-0,034332
39,936667;-0,034332
39,938333;-0,034332
39,94;-0,034332
39,941667;-0,034332
39,943333;-0,034332
39,945;-0,034332
39,946667;-0,034332
39,948333;-0,034332
39,95;-0,034332
39,951667;-0,034332
39,953333;-0,034332
39,955;-0,034332
39,956667;-0,034332
39,958333;-0,034332
39,96;-0,034332
39,961667;-0,034332
39,963333;-0,034332
39,965;-0,034332
39,966667;-0,034332
39,968333;-0,034332
39,97;-0,034332
39,971667;-0,034332
39,973333;-0,034332
39,975;-0,034332
39,976667;-0,034332
39,978333;-0,034332
39,98;-0,034332
39,981667;-0,034332
39,983333;-0,034332
39,985;-0,034332
39,986667;-0,034332
39,988333;-0,034332
39,99;-0,034332
39,991667;-0,034332
39,993333;-0,034332
39,995;-0,034332
39,996667;-0,034332
39,998333;-0,034332
40;-0,034332
