Time (min);Value (µRIU)
0;-0,005722
0,001667;-0,005722
0,003333;-0,005722
0,005;-0,005722
0,006667;-0,005722
0,008333;-0,005722
0,01;-0,005722
0,011667;-0,005722
0,013333;-0,005722
0,015;-0,005722
0,016667;-0,005722
0,018333;-0,005722
0,02;-0,005722
0,021667;-0,005722
0,023333;-0,005722
0,025;-0,005722
0,026667;-0,005722
0,028333;-0,005722
0,03;-0,005722
0,031667;-0,005722
0,033333;-0,005722
0,035;-0,005722
0,036667;-0,005722
0,038333;-0,005722
0,04;-0,005722
0,041667;-0,002861
0,043333;-0,002861
0,045;-0,002861
0,046667;-0,002861
0,048333;-0,002861
0,05;-0,002861
0,051667;-0,002861
0,053333;-0,002861
0,055;-0,002861
0,056667;-0,005722
0,058333;-0,005722
0,06;-0,005722
0,061667;-0,005722
0,063333;-0,002861
0,065;-0,002861
0,066667;-0,002861
0,068333;-0,002861
0,07;-0,002861
0,071667;-0,002861
0,073333;-0,002861
0,075;-0,002861
0,076667;-0,002861
0,078333;-0,002861
0,08;-0,002861
0,081667;-0,002861
0,083333;-0,002861
0,085;-0,002861
0,086667;-0,002861
0,088333;-0,002861
0,09;-0,002861
0,091667;-0,002861
0,093333;-0,002861
0,095;-0,002861
0,096667;-0,002861
0,098333;-0,002861
0,1;-0,002861
0,101667;-0,002861
0,103333;-0,002861
0,105;-0,002861
0,106667;-0,002861
0,108333;-0,002861
0,11;-0,005722
0,111667;-0,005722
0,113333;-0,005722
0,115;-0,005722
0,116667;-0,005722
0,118333;-0,005722
0,12;-0,005722
0,121667;-0,005722
0,123333;-0,005722
0,125;-0,005722
0,126667;-0,005722
0,128333;-0,005722
0,13;-0,005722
0,131667;-0,005722
0,133333;-0,005722
0,135;-0,005722
0,136667;-0,005722
0,138333;-0,005722
0,14;-0,005722
0,141667;-0,005722
0,143333;-0,005722
0,145;-0,005722
0,146667;-0,005722
0,148333;-0,005722
0,15;-0,005722
0,151667;-0,005722
0,153333;-0,005722
0,155;-0,005722
0,156667;-0,005722
0,158333;-0,005722
0,16;-0,005722
0,161667;-0,005722
0,163333;-0,005722
0,165;-0,005722
0,166667;-0,005722
0,168333;-0,005722
0,17;-0,005722
0,171667;-0,005722
0,173333;-0,005722
0,175;-0,005722
0,176667;-0,005722
0,178333;-0,005722
0,18;-0,005722
0,181667;-0,005722
0,183333;-0,005722
0,185;-0,005722
0,186667;-0,005722
0,188333;-0,005722
0,19;-0,005722
0,191667;-0,005722
0,193333;-0,005722
0,195;-0,005722
0,196667;-0,005722
0,198333;-0,005722
0,2;-0,005722
0,201667;-0,005722
0,203333;-0,005722
0,205;-0,005722
0,206667;-0,005722
0,208333;-0,005722
0,21;-0,005722
0,211667;-0,005722
0,213333;-0,005722
0,215;-0,005722
0,216667;-0,005722
0,218333;-0,005722
0,22;-0,005722
0,221667;-0,005722
0,223333;-0,005722
0,225;-0,005722
0,226667;-0,005722
0,228333;-0,005722
0,23;-0,005722
0,231667;-0,005722
0,233333;-0,005722
0,235;-0,005722
0,236667;-0,005722
0,238333;-0,005722
0,24;-0,005722
0,241667;-0,005722
0,243333;-0,005722
0,245;-0,005722
0,246667;-0,005722
0,248333;-0,005722
0,25;-0,005722
0,251667;-0,005722
0,253333;-0,005722
0,255;-0,005722
0,256667;-0,005722
0,258333;-0,005722
0,26;-0,005722
0,261667;-0,005722
0,263333;-0,005722
0,265;-0,005722
0,266667;-0,005722
0,268333;-0,005722
0,27;-0,005722
0,271667;-0,005722
0,273333;-0,005722
0,275;-0,005722
0,276667;-0,005722
0,278333;-0,005722
0,28;-0,005722
0,281667;-0,005722
0,283333;-0,005722
0,285;-0,005722
0,286667;-0,005722
0,288333;-0,005722
0,29;-0,005722
0,291667;-0,005722
0,293333;-0,005722
0,295;-0,005722
0,296667;-0,005722
0,298333;-0,005722
0,3;-0,005722
0,301667;-0,005722
0,303333;-0,005722
0,305;-0,005722
0,306667;-0,005722
0,308333;-0,005722
0,31;-0,005722
0,311667;-0,005722
0,313333;-0,005722
0,315;-0,005722
0,316667;-0,005722
0,318333;-0,005722
0,32;-0,005722
0,321667;-0,005722
0,323333;-0,005722
0,325;-0,005722
0,326667;-0,005722
0,328333;-0,005722
0,33;-0,005722
0,331667;-0,005722
0,333333;-0,005722
0,335;-0,005722
0,336667;-0,005722
0,338333;-0,005722
0,34;-0,005722
0,341667;-0,005722
0,343333;-0,005722
0,345;-0,005722
0,346667;-0,005722
0,348333;-0,005722
0,35;-0,005722
0,351667;-0,005722
0,353333;-0,005722
0,355;-0,005722
0,356667;-0,005722
0,358333;-0,005722
0,36;-0,005722
0,361667;-0,005722
0,363333;-0,005722
0,365;-0,005722
0,366667;-0,005722
0,368333;-0,005722
0,37;-0,005722
0,371667;-0,005722
0,373333;-0,008583
0,375;-0,008583
0,376667;-0,008583
0,378333;-0,005722
0,38;-0,005722
0,381667;-0,005722
0,383333;-0,005722
0,385;-0,005722
0,386667;-0,005722
0,388333;-0,005722
0,39;-0,005722
0,391667;-0,005722
0,393333;-0,005722
0,395;-0,005722
0,396667;-0,005722
0,398333;-0,005722
0,4;-0,005722
0,401667;-0,005722
0,403333;-0,005722
0,405;-0,005722
0,406667;-0,005722
0,408333;-0,005722
0,41;-0,005722
0,411667;-0,005722
0,413333;-0,005722
0,415;-0,005722
0,416667;-0,005722
0,418333;-0,005722
0,42;-0,005722
0,421667;-0,005722
0,423333;-0,005722
0,425;-0,005722
0,426667;-0,005722
0,428333;-0,005722
0,43;-0,005722
0,431667;-0,005722
0,433333;-0,005722
0,435;-0,005722
0,436667;-0,005722
0,438333;-0,005722
0,44;-0,005722
0,441667;-0,005722
0,443333;-0,005722
0,445;-0,005722
0,446667;-0,005722
0,448333;-0,005722
0,45;-0,005722
0,451667;-0,005722
0,453333;-0,005722
0,455;-0,005722
0,456667;-0,005722
0,458333;-0,005722
0,46;-0,005722
0,461667;-0,005722
0,463333;-0,005722
0,465;-0,005722
0,466667;-0,005722
0,468333;-0,005722
0,47;-0,005722
0,471667;-0,005722
0,473333;-0,005722
0,475;-0,005722
0,476667;-0,005722
0,478333;-0,005722
0,48;-0,005722
0,481667;-0,005722
0,483333;-0,005722
0,485;-0,005722
0,486667;-0,005722
0,488333;-0,005722
0,49;-0,005722
0,491667;-0,005722
0,493333;-0,005722
0,495;-0,005722
0,496667;-0,005722
0,498333;-0,005722
0,5;-0,005722
0,501667;-0,005722
0,503333;-0,005722
0,505;-0,005722
0,506667;-0,005722
0,508333;-0,005722
0,51;-0,005722
0,511667;-0,005722
0,513333;-0,005722
0,515;-0,005722
0,516667;-0,005722
0,518333;-0,005722
0,52;-0,005722
0,521667;-0,005722
0,523333;-0,005722
0,525;-0,005722
0,526667;-0,005722
0,528333;-0,005722
0,53;-0,005722
0,531667;-0,005722
0,533333;-0,005722
0,535;-0,005722
0,536667;-0,005722
0,538333;-0,005722
0,54;-0,005722
0,541667;-0,005722
0,543333;-0,005722
0,545;-0,005722
0,546667;-0,005722
0,548333;-0,005722
0,55;-0,005722
0,551667;-0,005722
0,553333;-0,005722
0,555;-0,005722
0,556667;-0,005722
0,558333;-0,005722
0,56;-0,005722
0,561667;-0,005722
0,563333;-0,005722
0,565;-0,005722
0,566667;-0,005722
0,568333;-0,005722
0,57;-0,005722
0,571667;-0,005722
0,573333;-0,005722
0,575;-0,005722
0,576667;-0,005722
0,578333;-0,005722
0,58;-0,005722
0,581667;-0,005722
0,583333;-0,005722
0,585;-0,005722
0,586667;-0,005722
0,588333;-0,005722
0,59;-0,005722
0,591667;-0,005722
0,593333;-0,005722
0,595;-0,005722
0,596667;-0,005722
0,598333;-0,005722
0,6;-0,005722
0,601667;-0,005722
0,603333;-0,005722
0,605;-0,005722
0,606667;-0,005722
0,608333;-0,005722
0,61;-0,005722
0,611667;-0,005722
0,613333;-0,005722
0,615;-0,005722
0,616667;-0,005722
0,618333;-0,005722
0,62;-0,005722
0,621667;-0,005722
0,623333;-0,005722
0,625;-0,005722
0,626667;-0,005722
0,628333;-0,002861
0,63;-0,002861
0,631667;-0,002861
0,633333;-0,002861
0,635;-0,002861
0,636667;-0,002861
0,638333;-0,002861
0,64;-0,002861
0,641667;-0,002861
0,643333;-0,002861
0,645;-0,002861
0,646667;-0,002861
0,648333;-0,002861
0,65;-0,002861
0,651667;-0,002861
0,653333;-0,002861
0,655;-0,002861
0,656667;-0,002861
0,658333;-0,002861
0,66;-0,002861
0,661667;-0,005722
0,663333;-0,005722
0,665;-0,005722
0,666667;-0,005722
0,668333;-0,005722
0,67;-0,005722
0,671667;-0,005722
0,673333;-0,005722
0,675;-0,005722
0,676667;-0,005722
0,678333;-0,005722
0,68;-0,005722
0,681667;-0,005722
0,683333;-0,005722
0,685;-0,005722
0,686667;-0,005722
0,688333;-0,005722
0,69;-0,005722
0,691667;-0,005722
0,693333;-0,005722
0,695;-0,005722
0,696667;-0,005722
0,698333;-0,005722
0,7;-0,005722
0,701667;-0,005722
0,703333;-0,005722
0,705;-0,005722
0,706667;-0,005722
0,708333;-0,005722
0,71;-0,005722
0,711667;-0,005722
0,713333;-0,005722
0,715;-0,005722
0,716667;-0,005722
0,718333;-0,005722
0,72;-0,005722
0,721667;-0,005722
0,723333;-0,005722
0,725;-0,005722
0,726667;-0,005722
0,728333;-0,005722
0,73;-0,005722
0,731667;-0,005722
0,733333;-0,005722
0,735;-0,005722
0,736667;-0,005722
0,738333;-0,005722
0,74;-0,005722
0,741667;-0,005722
0,743333;-0,005722
0,745;-0,005722
0,746667;-0,005722
0,748333;-0,005722
0,75;-0,005722
0,751667;-0,005722
0,753333;-0,005722
0,755;-0,005722
0,756667;-0,005722
0,758333;-0,005722
0,76;-0,005722
0,761667;-0,005722
0,763333;-0,005722
0,765;-0,005722
0,766667;-0,005722
0,768333;-0,005722
0,77;-0,005722
0,771667;-0,005722
0,773333;-0,005722
0,775;-0,005722
0,776667;-0,005722
0,778333;-0,005722
0,78;-0,005722
0,781667;-0,005722
0,783333;-0,005722
0,785;-0,005722
0,786667;-0,005722
0,788333;-0,005722
0,79;-0,005722
0,791667;-0,005722
0,793333;-0,005722
0,795;-0,005722
0,796667;-0,005722
0,798333;-0,005722
0,8;-0,005722
0,801667;-0,005722
0,803333;-0,005722
0,805;-0,005722
0,806667;-0,005722
0,808333;-0,005722
0,81;-0,005722
0,811667;-0,005722
0,813333;-0,005722
0,815;-0,005722
0,816667;-0,005722
0,818333;-0,005722
0,82;-0,005722
0,821667;-0,005722
0,823333;-0,005722
0,825;-0,005722
0,826667;-0,005722
0,828333;-0,005722
0,83;-0,005722
0,831667;-0,005722
0,833333;-0,005722
0,835;-0,005722
0,836667;-0,005722
0,838333;-0,005722
0,84;-0,005722
0,841667;-0,005722
0,843333;-0,005722
0,845;-0,005722
0,846667;-0,005722
0,848333;-0,005722
0,85;-0,005722
0,851667;-0,005722
0,853333;-0,005722
0,855;-0,005722
0,856667;-0,005722
0,858333;-0,005722
0,86;-0,005722
0,861667;-0,005722
0,863333;-0,005722
0,865;-0,005722
0,866667;-0,005722
0,868333;-0,005722
0,87;-0,005722
0,871667;-0,005722
0,873333;-0,005722
0,875;-0,005722
0,876667;-0,005722
0,878333;-0,005722
0,88;-0,005722
0,881667;-0,005722
0,883333;-0,005722
0,885;-0,005722
0,886667;-0,005722
0,888333;-0,005722
0,89;-0,005722
0,891667;-0,005722
0,893333;-0,005722
0,895;-0,005722
0,896667;-0,005722
0,898333;-0,005722
0,9;-0,005722
0,901667;-0,005722
0,903333;-0,005722
0,905;-0,005722
0,906667;-0,005722
0,908333;-0,005722
0,91;-0,005722
0,911667;-0,005722
0,913333;-0,005722
0,915;-0,005722
0,916667;-0,005722
0,918333;-0,005722
0,92;-0,005722
0,921667;-0,005722
0,923333;-0,005722
0,925;-0,005722
0,926667;-0,005722
0,928333;-0,005722
0,93;-0,005722
0,931667;-0,005722
0,933333;-0,005722
0,935;-0,005722
0,936667;-0,005722
0,938333;-0,005722
0,94;-0,005722
0,941667;-0,005722
0,943333;-0,005722
0,945;-0,005722
0,946667;-0,005722
0,948333;-0,005722
0,95;-0,005722
0,951667;-0,005722
0,953333;-0,005722
0,955;-0,005722
0,956667;-0,005722
0,958333;-0,005722
0,96;-0,005722
0,961667;-0,005722
0,963333;-0,005722
0,965;-0,002861
0,966667;-0,002861
0,968333;-0,002861
0,97;-0,002861
0,971667;-0,002861
0,973333;-0,002861
0,975;-0,002861
0,976667;-0,002861
0,978333;-0,002861
0,98;-0,002861
0,981667;-0,002861
0,983333;-0,002861
0,985;-0,002861
0,986667;-0,002861
0,988333;-0,002861
0,99;-0,002861
0,991667;-0,002861
0,993333;-0,002861
0,995;-0,002861
0,996667;-0,002861
0,998333;-0,002861
1;-0,002861
1,001667;-0,002861
1,003333;-0,002861
1,005;-0,002861
1,006667;-0,002861
1,008333;-0,002861
1,01;-0,002861
1,011667;-0,005722
1,013333;-0,005722
1,015;-0,005722
1,016667;-0,005722
1,018333;-0,002861
1,02;-0,002861
1,021667;-0,002861
1,023333;-0,002861
1,025;-0,002861
1,026667;-0,002861
1,028333;-0,002861
1,03;-0,002861
1,031667;-0,002861
1,033333;-0,002861
1,035;-0,002861
1,036667;-0,002861
1,038333;-0,002861
1,04;-0,002861
1,041667;-0,002861
1,043333;-0,002861
1,045;-0,002861
1,046667;-0,002861
1,048333;-0,002861
1,05;-0,002861
1,051667;-0,002861
1,053333;-0,002861
1,055;-0,002861
1,056667;-0,002861
1,058333;-0,002861
1,06;-0,002861
1,061667;-0,002861
1,063333;-0,002861
1,065;-0,002861
1,066667;-0,002861
1,068333;-0,002861
1,07;-0,002861
1,071667;-0,002861
1,073333;-0,002861
1,075;-0,002861
1,076667;-0,002861
1,078333;-0,002861
1,08;-0,002861
1,081667;-0,002861
1,083333;-0,002861
1,085;-0,002861
1,086667;-0,002861
1,088333;-0,002861
1,09;-0,002861
1,091667;-0,002861
1,093333;-0,002861
1,095;-0,002861
1,096667;-0,002861
1,098333;-0,002861
1,1;-0,002861
1,101667;-0,002861
1,103333;-0,002861
1,105;-0,002861
1,106667;-0,002861
1,108333;-0,002861
1,11;-0,002861
1,111667;-0,002861
1,113333;-0,002861
1,115;-0,002861
1,116667;-0,002861
1,118333;-0,002861
1,12;-0,002861
1,121667;-0,002861
1,123333;-0,002861
1,125;-0,002861
1,126667;-0,002861
1,128333;-0,002861
1,13;-0,002861
1,131667;-0,002861
1,133333;-0,002861
1,135;-0,002861
1,136667;-0,002861
1,138333;-0,002861
1,14;-0,002861
1,141667;-0,002861
1,143333;-0,002861
1,145;-0,002861
1,146667;-0,002861
1,148333;-0,002861
1,15;-0,002861
1,151667;-0,002861
1,153333;-0,002861
1,155;-0,002861
1,156667;-0,002861
1,158333;-0,002861
1,16;-0,002861
1,161667;-0,002861
1,163333;-0,002861
1,165;-0,002861
1,166667;-0,002861
1,168333;-0,002861
1,17;-0,002861
1,171667;-0,002861
1,173333;-0,002861
1,175;-0,002861
1,176667;-0,002861
1,178333;-0,002861
1,18;-0,002861
1,181667;-0,002861
1,183333;-0,002861
1,185;-0,002861
1,186667;-0,002861
1,188333;-0,002861
1,19;-0,002861
1,191667;-0,002861
1,193333;-0,002861
1,195;-0,002861
1,196667;-0,002861
1,198333;-0,002861
1,2;-0,002861
1,201667;-0,002861
1,203333;-0,002861
1,205;-0,002861
1,206667;-0,002861
1,208333;-0,002861
1,21;-0,002861
1,211667;-0,002861
1,213333;-0,002861
1,215;-0,002861
1,216667;-0,002861
1,218333;-0,002861
1,22;-0,002861
1,221667;-0,002861
1,223333;-0,002861
1,225;-0,002861
1,226667;-0,002861
1,228333;-0,002861
1,23;-0,002861
1,231667;-0,002861
1,233333;-0,002861
1,235;-0,002861
1,236667;-0,002861
1,238333;-0,002861
1,24;-0,002861
1,241667;-0,002861
1,243333;-0,002861
1,245;-0,002861
1,246667;-0,002861
1,248333;-0,002861
1,25;-0,002861
1,251667;-0,002861
1,253333;-0,002861
1,255;-0,002861
1,256667;-0,002861
1,258333;-0,002861
1,26;-0,002861
1,261667;-0,002861
1,263333;-0,002861
1,265;-0,002861
1,266667;-0,002861
1,268333;-0,002861
1,27;-0,002861
1,271667;-0,002861
1,273333;-0,002861
1,275;-0,002861
1,276667;-0,002861
1,278333;-0,002861
1,28;-0,002861
1,281667;-0,002861
1,283333;-0,002861
1,285;-0,002861
1,286667;-0,002861
1,288333;-0,002861
1,29;-0,002861
1,291667;-0,002861
1,293333;-0,002861
1,295;-0,002861
1,296667;-0,002861
1,298333;-0,002861
1,3;-0,002861
1,301667;-0,002861
1,303333;-0,002861
1,305;-0,002861
1,306667;-0,002861
1,308333;-0,002861
1,31;-0,002861
1,311667;-0,002861
1,313333;-0,002861
1,315;-0,002861
1,316667;-0,002861
1,318333;-0,002861
1,32;-0,002861
1,321667;-0,002861
1,323333;-0,002861
1,325;-0,002861
1,326667;-0,002861
1,328333;-0,002861
1,33;-0,002861
1,331667;-0,002861
1,333333;-0,002861
1,335;-0,002861
1,336667;-0,002861
1,338333;-0,002861
1,34;-0,002861
1,341667;-0,002861
1,343333;-0,002861
1,345;-0,002861
1,346667;-0,002861
1,348333;-0,002861
1,35;-0,002861
1,351667;-0,002861
1,353333;-0,002861
1,355;-0,002861
1,356667;-0,002861
1,358333;-0,002861
1,36;-0,002861
1,361667;0
1,363333;0
1,365;0
1,366667;0
1,368333;0
1,37;0
1,371667;-0,002861
1,373333;-0,002861
1,375;-0,002861
1,376667;-0,002861
1,378333;-0,002861
1,38;-0,002861
1,381667;-0,002861
1,383333;-0,002861
1,385;-0,002861
1,386667;-0,002861
1,388333;-0,002861
1,39;-0,002861
1,391667;-0,002861
1,393333;-0,002861
1,395;-0,002861
1,396667;0
1,398333;0
1,4;0
1,401667;0
1,403333;0
1,405;0
1,406667;0
1,408333;0
1,41;0
1,411667;0
1,413333;0
1,415;0
1,416667;0
1,418333;0
1,42;0
1,421667;0
1,423333;0
1,425;0
1,426667;0
1,428333;0
1,43;0
1,431667;0
1,433333;0
1,435;0
1,436667;0
1,438333;0
1,44;0
1,441667;0
1,443333;0
1,445;0
1,446667;0
1,448333;0
1,45;0
1,451667;0
1,453333;0
1,455;-0,002861
1,456667;-0,002861
1,458333;-0,002861
1,46;-0,002861
1,461667;-0,002861
1,463333;-0,002861
1,465;-0,002861
1,466667;-0,002861
1,468333;-0,002861
1,47;-0,002861
1,471667;-0,002861
1,473333;-0,002861
1,475;-0,002861
1,476667;-0,002861
1,478333;-0,002861
1,48;-0,002861
1,481667;-0,002861
1,483333;-0,002861
1,485;-0,002861
1,486667;-0,002861
1,488333;-0,002861
1,49;-0,002861
1,491667;-0,002861
1,493333;-0,002861
1,495;-0,002861
1,496667;-0,002861
1,498333;-0,002861
1,5;-0,002861
1,501667;-0,002861
1,503333;-0,002861
1,505;-0,002861
1,506667;-0,002861
1,508333;-0,002861
1,51;-0,002861
1,511667;-0,002861
1,513333;-0,002861
1,515;-0,002861
1,516667;-0,002861
1,518333;-0,002861
1,52;-0,002861
1,521667;-0,002861
1,523333;-0,002861
1,525;-0,002861
1,526667;-0,002861
1,528333;-0,002861
1,53;-0,002861
1,531667;-0,002861
1,533333;-0,002861
1,535;-0,002861
1,536667;-0,002861
1,538333;-0,002861
1,54;-0,002861
1,541667;-0,002861
1,543333;-0,002861
1,545;-0,002861
1,546667;-0,002861
1,548333;-0,002861
1,55;-0,002861
1,551667;-0,002861
1,553333;-0,002861
1,555;-0,002861
1,556667;-0,002861
1,558333;-0,002861
1,56;-0,002861
1,561667;-0,002861
1,563333;-0,002861
1,565;-0,002861
1,566667;-0,002861
1,568333;-0,002861
1,57;-0,002861
1,571667;0
1,573333;0
1,575;0
1,576667;0
1,578333;0
1,58;0
1,581667;0
1,583333;0
1,585;0
1,586667;-0,002861
1,588333;-0,002861
1,59;-0,002861
1,591667;-0,002861
1,593333;-0,002861
1,595;-0,002861
1,596667;-0,002861
1,598333;-0,002861
1,6;0
1,601667;0
1,603333;0
1,605;0
1,606667;0
1,608333;0
1,61;0
1,611667;0
1,613333;0
1,615;0
1,616667;0
1,618333;0
1,62;0
1,621667;0
1,623333;0
1,625;0
1,626667;0
1,628333;0
1,63;0
1,631667;0
1,633333;0
1,635;0
1,636667;-0,002861
1,638333;-0,002861
1,64;-0,002861
1,641667;-0,002861
1,643333;-0,002861
1,645;-0,002861
1,646667;-0,002861
1,648333;-0,002861
1,65;-0,002861
1,651667;-0,002861
1,653333;-0,002861
1,655;-0,002861
1,656667;-0,002861
1,658333;-0,002861
1,66;-0,002861
1,661667;-0,002861
1,663333;-0,002861
1,665;-0,002861
1,666667;-0,002861
1,668333;-0,002861
1,67;-0,002861
1,671667;-0,002861
1,673333;-0,002861
1,675;-0,002861
1,676667;-0,002861
1,678333;-0,002861
1,68;0
1,681667;0
1,683333;0
1,685;0
1,686667;0
1,688333;0
1,69;0
1,691667;0
1,693333;0
1,695;0
1,696667;0
1,698333;0
1,7;0
1,701667;0
1,703333;0
1,705;0
1,706667;0
1,708333;0
1,71;0
1,711667;0
1,713333;0
1,715;0
1,716667;0
1,718333;0
1,72;0
1,721667;0
1,723333;0
1,725;0
1,726667;0
1,728333;0
1,73;0
1,731667;0
1,733333;0
1,735;0
1,736667;0
1,738333;0
1,74;0
1,741667;0
1,743333;0
1,745;0
1,746667;0
1,748333;0
1,75;0
1,751667;0
1,753333;0
1,755;0
1,756667;0
1,758333;0
1,76;0
1,761667;0
1,763333;0
1,765;0
1,766667;0
1,768333;0
1,77;0
1,771667;0
1,773333;0
1,775;0
1,776667;0
1,778333;0
1,78;0
1,781667;0
1,783333;0
1,785;0
1,786667;0
1,788333;0
1,79;0
1,791667;0
1,793333;0
1,795;0
1,796667;0
1,798333;0
1,8;0
1,801667;0
1,803333;0
1,805;0
1,806667;0
1,808333;0
1,81;0
1,811667;0
1,813333;0
1,815;0
1,816667;0
1,818333;0
1,82;0
1,821667;0
1,823333;0
1,825;0
1,826667;0
1,828333;0
1,83;0
1,831667;0
1,833333;0
1,835;-0,002861
1,836667;-0,002861
1,838333;-0,002861
1,84;-0,002861
1,841667;-0,002861
1,843333;-0,002861
1,845;-0,002861
1,846667;-0,002861
1,848333;-0,002861
1,85;-0,002861
1,851667;-0,002861
1,853333;-0,002861
1,855;-0,002861
1,856667;-0,002861
1,858333;-0,002861
1,86;-0,002861
1,861667;-0,002861
1,863333;-0,002861
1,865;-0,002861
1,866667;-0,002861
1,868333;-0,002861
1,87;-0,002861
1,871667;-0,002861
1,873333;-0,002861
1,875;-0,002861
1,876667;-0,002861
1,878333;-0,002861
1,88;-0,002861
1,881667;-0,002861
1,883333;-0,002861
1,885;-0,002861
1,886667;-0,002861
1,888333;-0,002861
1,89;-0,002861
1,891667;-0,002861
1,893333;-0,002861
1,895;-0,002861
1,896667;-0,002861
1,898333;-0,002861
1,9;-0,002861
1,901667;-0,002861
1,903333;-0,002861
1,905;-0,005722
1,906667;-0,005722
1,908333;-0,005722
1,91;-0,005722
1,911667;-0,005722
1,913333;-0,005722
1,915;-0,005722
1,916667;-0,005722
1,918333;-0,005722
1,92;-0,005722
1,921667;-0,005722
1,923333;-0,005722
1,925;-0,005722
1,926667;-0,005722
1,928333;-0,005722
1,93;-0,005722
1,931667;-0,005722
1,933333;-0,005722
1,935;-0,005722
1,936667;-0,005722
1,938333;-0,005722
1,94;-0,002861
1,941667;-0,002861
1,943333;-0,002861
1,945;-0,002861
1,946667;-0,002861
1,948333;-0,002861
1,95;-0,002861
1,951667;-0,002861
1,953333;-0,002861
1,955;-0,002861
1,956667;-0,002861
1,958333;-0,002861
1,96;-0,002861
1,961667;-0,002861
1,963333;-0,002861
1,965;-0,002861
1,966667;-0,002861
1,968333;-0,002861
1,97;-0,002861
1,971667;-0,002861
1,973333;-0,002861
1,975;-0,002861
1,976667;-0,002861
1,978333;-0,002861
1,98;-0,002861
1,981667;-0,002861
1,983333;-0,002861
1,985;-0,002861
1,986667;-0,002861
1,988333;-0,002861
1,99;-0,002861
1,991667;-0,002861
1,993333;-0,002861
1,995;-0,002861
1,996667;-0,002861
1,998333;-0,002861
2;-0,002861
2,001667;-0,002861
2,003333;-0,002861
2,005;-0,002861
2,006667;-0,002861
2,008333;-0,002861
2,01;-0,002861
2,011667;-0,002861
2,013333;-0,002861
2,015;-0,002861
2,016667;-0,002861
2,018333;-0,002861
2,02;-0,002861
2,021667;-0,002861
2,023333;-0,002861
2,025;-0,002861
2,026667;-0,002861
2,028333;-0,002861
2,03;-0,002861
2,031667;-0,002861
2,033333;-0,002861
2,035;-0,002861
2,036667;-0,002861
2,038333;-0,002861
2,04;-0,002861
2,041667;-0,002861
2,043333;-0,002861
2,045;-0,002861
2,046667;-0,002861
2,048333;-0,002861
2,05;-0,002861
2,051667;-0,002861
2,053333;-0,002861
2,055;-0,002861
2,056667;-0,002861
2,058333;-0,002861
2,06;-0,002861
2,061667;-0,002861
2,063333;-0,002861
2,065;-0,002861
2,066667;-0,002861
2,068333;-0,002861
2,07;-0,002861
2,071667;-0,002861
2,073333;-0,002861
2,075;-0,002861
2,076667;-0,002861
2,078333;-0,002861
2,08;-0,002861
2,081667;-0,002861
2,083333;-0,002861
2,085;-0,002861
2,086667;-0,002861
2,088333;-0,002861
2,09;-0,002861
2,091667;-0,002861
2,093333;-0,002861
2,095;-0,002861
2,096667;-0,002861
2,098333;-0,002861
2,1;-0,002861
2,101667;-0,002861
2,103333;-0,002861
2,105;-0,002861
2,106667;-0,002861
2,108333;-0,002861
2,11;-0,002861
2,111667;-0,002861
2,113333;-0,002861
2,115;-0,002861
2,116667;-0,002861
2,118333;-0,002861
2,12;-0,002861
2,121667;-0,002861
2,123333;-0,002861
2,125;-0,002861
2,126667;-0,002861
2,128333;-0,002861
2,13;-0,002861
2,131667;-0,002861
2,133333;-0,002861
2,135;-0,002861
2,136667;-0,002861
2,138333;-0,002861
2,14;-0,002861
2,141667;-0,002861
2,143333;-0,002861
2,145;-0,002861
2,146667;-0,002861
2,148333;-0,002861
2,15;-0,002861
2,151667;-0,002861
2,153333;-0,002861
2,155;-0,002861
2,156667;-0,002861
2,158333;-0,002861
2,16;-0,002861
2,161667;-0,002861
2,163333;-0,002861
2,165;-0,002861
2,166667;-0,002861
2,168333;-0,002861
2,17;-0,002861
2,171667;-0,002861
2,173333;-0,002861
2,175;-0,002861
2,176667;-0,002861
2,178333;-0,002861
2,18;-0,002861
2,181667;-0,002861
2,183333;-0,002861
2,185;-0,002861
2,186667;-0,002861
2,188333;-0,002861
2,19;-0,002861
2,191667;-0,002861
2,193333;-0,002861
2,195;-0,002861
2,196667;-0,002861
2,198333;-0,002861
2,2;-0,002861
2,201667;-0,002861
2,203333;-0,002861
2,205;-0,002861
2,206667;-0,002861
2,208333;-0,002861
2,21;-0,002861
2,211667;-0,002861
2,213333;-0,002861
2,215;-0,002861
2,216667;-0,002861
2,218333;-0,002861
2,22;-0,002861
2,221667;-0,002861
2,223333;-0,002861
2,225;-0,002861
2,226667;-0,002861
2,228333;-0,002861
2,23;-0,002861
2,231667;-0,002861
2,233333;-0,002861
2,235;-0,002861
2,236667;-0,002861
2,238333;-0,002861
2,24;-0,005722
2,241667;-0,005722
2,243333;-0,005722
2,245;-0,005722
2,246667;-0,005722
2,248333;-0,005722
2,25;-0,005722
2,251667;-0,005722
2,253333;-0,005722
2,255;-0,005722
2,256667;-0,005722
2,258333;-0,005722
2,26;-0,005722
2,261667;-0,005722
2,263333;-0,005722
2,265;-0,005722
2,266667;-0,005722
2,268333;-0,005722
2,27;-0,005722
2,271667;-0,005722
2,273333;-0,005722
2,275;-0,005722
2,276667;-0,005722
2,278333;-0,005722
2,28;-0,005722
2,281667;-0,005722
2,283333;-0,005722
2,285;-0,005722
2,286667;-0,005722
2,288333;-0,005722
2,29;-0,005722
2,291667;-0,005722
2,293333;-0,005722
2,295;-0,005722
2,296667;-0,002861
2,298333;-0,002861
2,3;-0,002861
2,301667;-0,002861
2,303333;-0,002861
2,305;-0,002861
2,306667;-0,002861
2,308333;-0,002861
2,31;-0,002861
2,311667;-0,002861
2,313333;-0,002861
2,315;-0,002861
2,316667;-0,002861
2,318333;-0,002861
2,32;-0,002861
2,321667;-0,002861
2,323333;-0,002861
2,325;-0,002861
2,326667;-0,002861
2,328333;-0,002861
2,33;-0,002861
2,331667;-0,002861
2,333333;-0,002861
2,335;-0,002861
2,336667;-0,002861
2,338333;-0,002861
2,34;-0,002861
2,341667;-0,002861
2,343333;-0,002861
2,345;-0,002861
2,346667;-0,002861
2,348333;-0,002861
2,35;-0,002861
2,351667;-0,002861
2,353333;-0,002861
2,355;-0,002861
2,356667;-0,002861
2,358333;-0,002861
2,36;-0,002861
2,361667;-0,002861
2,363333;-0,002861
2,365;-0,002861
2,366667;-0,002861
2,368333;-0,002861
2,37;-0,002861
2,371667;-0,005722
2,373333;-0,005722
2,375;-0,005722
2,376667;-0,005722
2,378333;-0,005722
2,38;-0,005722
2,381667;-0,005722
2,383333;-0,005722
2,385;-0,005722
2,386667;-0,005722
2,388333;-0,005722
2,39;-0,005722
2,391667;-0,005722
2,393333;-0,005722
2,395;-0,002861
2,396667;-0,002861
2,398333;-0,002861
2,4;-0,002861
2,401667;-0,002861
2,403333;-0,005722
2,405;-0,005722
2,406667;-0,005722
2,408333;-0,005722
2,41;-0,005722
2,411667;-0,005722
2,413333;-0,005722
2,415;-0,005722
2,416667;-0,005722
2,418333;-0,005722
2,42;-0,005722
2,421667;-0,005722
2,423333;-0,005722
2,425;-0,002861
2,426667;-0,002861
2,428333;-0,002861
2,43;-0,002861
2,431667;-0,002861
2,433333;-0,002861
2,435;-0,002861
2,436667;-0,002861
2,438333;-0,002861
2,44;-0,002861
2,441667;-0,005722
2,443333;-0,005722
2,445;-0,005722
2,446667;-0,005722
2,448333;-0,005722
2,45;-0,005722
2,451667;-0,005722
2,453333;-0,005722
2,455;-0,005722
2,456667;-0,002861
2,458333;-0,002861
2,46;-0,002861
2,461667;-0,002861
2,463333;-0,002861
2,465;-0,002861
2,466667;-0,002861
2,468333;-0,002861
2,47;-0,002861
2,471667;-0,002861
2,473333;-0,002861
2,475;-0,005722
2,476667;-0,005722
2,478333;-0,005722
2,48;-0,005722
2,481667;-0,005722
2,483333;-0,005722
2,485;-0,005722
2,486667;-0,005722
2,488333;-0,002861
2,49;-0,002861
2,491667;-0,002861
2,493333;-0,002861
2,495;-0,002861
2,496667;-0,002861
2,498333;-0,002861
2,5;-0,002861
2,501667;-0,002861
2,503333;-0,002861
2,505;-0,002861
2,506667;-0,002861
2,508333;-0,002861
2,51;-0,002861
2,511667;-0,002861
2,513333;-0,002861
2,515;-0,002861
2,516667;-0,002861
2,518333;-0,002861
2,52;-0,002861
2,521667;-0,002861
2,523333;-0,002861
2,525;-0,002861
2,526667;-0,002861
2,528333;-0,002861
2,53;-0,002861
2,531667;-0,002861
2,533333;-0,002861
2,535;-0,002861
2,536667;-0,002861
2,538333;-0,002861
2,54;-0,002861
2,541667;-0,002861
2,543333;-0,002861
2,545;-0,002861
2,546667;-0,002861
2,548333;-0,002861
2,55;-0,002861
2,551667;-0,002861
2,553333;-0,002861
2,555;-0,002861
2,556667;-0,002861
2,558333;-0,002861
2,56;-0,005722
2,561667;-0,005722
2,563333;-0,005722
2,565;-0,005722
2,566667;-0,005722
2,568333;-0,005722
2,57;-0,005722
2,571667;-0,005722
2,573333;-0,005722
2,575;-0,002861
2,576667;-0,002861
2,578333;-0,002861
2,58;-0,002861
2,581667;-0,002861
2,583333;-0,002861
2,585;-0,002861
2,586667;-0,002861
2,588333;-0,002861
2,59;-0,002861
2,591667;-0,002861
2,593333;-0,002861
2,595;-0,002861
2,596667;-0,002861
2,598333;-0,002861
2,6;-0,002861
2,601667;-0,002861
2,603333;-0,002861
2,605;-0,002861
2,606667;-0,002861
2,608333;-0,002861
2,61;-0,002861
2,611667;-0,002861
2,613333;-0,002861
2,615;-0,002861
2,616667;-0,002861
2,618333;-0,002861
2,62;-0,002861
2,621667;-0,002861
2,623333;-0,002861
2,625;-0,002861
2,626667;-0,002861
2,628333;-0,002861
2,63;-0,002861
2,631667;-0,005722
2,633333;-0,005722
2,635;-0,005722
2,636667;-0,005722
2,638333;-0,005722
2,64;-0,005722
2,641667;-0,005722
2,643333;-0,005722
2,645;-0,005722
2,646667;-0,005722
2,648333;-0,005722
2,65;-0,005722
2,651667;-0,005722
2,653333;-0,005722
2,655;-0,005722
2,656667;-0,005722
2,658333;-0,005722
2,66;-0,005722
2,661667;-0,005722
2,663333;-0,005722
2,665;-0,005722
2,666667;-0,005722
2,668333;-0,005722
2,67;-0,005722
2,671667;-0,005722
2,673333;-0,005722
2,675;-0,005722
2,676667;-0,005722
2,678333;-0,005722
2,68;-0,005722
2,681667;-0,005722
2,683333;-0,005722
2,685;-0,005722
2,686667;-0,005722
2,688333;-0,005722
2,69;-0,005722
2,691667;-0,005722
2,693333;-0,005722
2,695;-0,005722
2,696667;-0,005722
2,698333;-0,005722
2,7;-0,005722
2,701667;-0,005722
2,703333;-0,005722
2,705;-0,005722
2,706667;-0,005722
2,708333;-0,005722
2,71;-0,005722
2,711667;-0,005722
2,713333;-0,005722
2,715;-0,005722
2,716667;-0,005722
2,718333;-0,005722
2,72;-0,005722
2,721667;-0,005722
2,723333;-0,005722
2,725;-0,005722
2,726667;-0,005722
2,728333;-0,005722
2,73;-0,005722
2,731667;-0,005722
2,733333;-0,005722
2,735;-0,005722
2,736667;-0,005722
2,738333;-0,005722
2,74;-0,005722
2,741667;-0,005722
2,743333;-0,005722
2,745;-0,005722
2,746667;-0,005722
2,748333;-0,005722
2,75;-0,005722
2,751667;-0,005722
2,753333;-0,005722
2,755;-0,005722
2,756667;-0,005722
2,758333;-0,005722
2,76;-0,005722
2,761667;-0,005722
2,763333;-0,005722
2,765;-0,005722
2,766667;-0,005722
2,768333;-0,005722
2,77;-0,005722
2,771667;-0,005722
2,773333;-0,005722
2,775;-0,005722
2,776667;-0,005722
2,778333;-0,005722
2,78;-0,005722
2,781667;-0,002861
2,783333;-0,002861
2,785;-0,005722
2,786667;-0,005722
2,788333;-0,005722
2,79;-0,005722
2,791667;-0,005722
2,793333;-0,005722
2,795;-0,005722
2,796667;-0,005722
2,798333;-0,005722
2,8;-0,005722
2,801667;-0,005722
2,803333;-0,005722
2,805;-0,005722
2,806667;-0,005722
2,808333;-0,005722
2,81;-0,005722
2,811667;-0,005722
2,813333;-0,005722
2,815;-0,005722
2,816667;-0,005722
2,818333;-0,005722
2,82;-0,005722
2,821667;-0,005722
2,823333;-0,005722
2,825;-0,005722
2,826667;-0,005722
2,828333;-0,005722
2,83;-0,005722
2,831667;-0,005722
2,833333;-0,005722
2,835;-0,005722
2,836667;-0,005722
2,838333;-0,005722
2,84;-0,005722
2,841667;-0,005722
2,843333;-0,005722
2,845;-0,005722
2,846667;-0,005722
2,848333;-0,005722
2,85;-0,005722
2,851667;-0,005722
2,853333;-0,005722
2,855;-0,005722
2,856667;-0,005722
2,858333;-0,005722
2,86;-0,005722
2,861667;-0,005722
2,863333;-0,005722
2,865;-0,005722
2,866667;-0,005722
2,868333;-0,005722
2,87;-0,005722
2,871667;-0,005722
2,873333;-0,005722
2,875;-0,005722
2,876667;-0,005722
2,878333;-0,005722
2,88;-0,005722
2,881667;-0,005722
2,883333;-0,005722
2,885;-0,005722
2,886667;-0,005722
2,888333;-0,005722
2,89;-0,005722
2,891667;-0,005722
2,893333;-0,005722
2,895;-0,005722
2,896667;-0,005722
2,898333;-0,005722
2,9;-0,005722
2,901667;-0,005722
2,903333;-0,005722
2,905;-0,005722
2,906667;-0,005722
2,908333;-0,005722
2,91;-0,005722
2,911667;-0,005722
2,913333;-0,005722
2,915;-0,005722
2,916667;-0,005722
2,918333;-0,005722
2,92;-0,005722
2,921667;-0,005722
2,923333;-0,005722
2,925;-0,005722
2,926667;-0,005722
2,928333;-0,005722
2,93;-0,005722
2,931667;-0,005722
2,933333;-0,005722
2,935;-0,005722
2,936667;-0,005722
2,938333;-0,005722
2,94;-0,005722
2,941667;-0,005722
2,943333;-0,005722
2,945;-0,005722
2,946667;-0,005722
2,948333;-0,005722
2,95;-0,005722
2,951667;-0,005722
2,953333;-0,005722
2,955;-0,005722
2,956667;-0,005722
2,958333;-0,005722
2,96;-0,005722
2,961667;-0,005722
2,963333;-0,005722
2,965;-0,005722
2,966667;-0,005722
2,968333;-0,005722
2,97;-0,005722
2,971667;-0,005722
2,973333;-0,005722
2,975;-0,005722
2,976667;-0,005722
2,978333;-0,005722
2,98;-0,005722
2,981667;-0,005722
2,983333;-0,005722
2,985;-0,005722
2,986667;-0,005722
2,988333;-0,005722
2,99;-0,005722
2,991667;-0,005722
2,993333;-0,005722
2,995;-0,005722
2,996667;-0,005722
2,998333;-0,005722
3;-0,005722
3,001667;-0,005722
3,003333;-0,005722
3,005;-0,005722
3,006667;-0,005722
3,008333;-0,005722
3,01;-0,005722
3,011667;-0,005722
3,013333;-0,005722
3,015;-0,005722
3,016667;-0,002861
3,018333;-0,002861
3,02;-0,002861
3,021667;-0,002861
3,023333;-0,002861
3,025;-0,002861
3,026667;-0,002861
3,028333;-0,002861
3,03;-0,002861
3,031667;-0,002861
3,033333;-0,002861
3,035;-0,002861
3,036667;-0,002861
3,038333;-0,002861
3,04;-0,002861
3,041667;-0,002861
3,043333;-0,002861
3,045;-0,002861
3,046667;-0,002861
3,048333;-0,002861
3,05;-0,002861
3,051667;-0,002861
3,053333;-0,002861
3,055;-0,002861
3,056667;-0,002861
3,058333;-0,002861
3,06;-0,002861
3,061667;-0,002861
3,063333;-0,002861
3,065;-0,002861
3,066667;-0,002861
3,068333;-0,002861
3,07;-0,002861
3,071667;-0,002861
3,073333;-0,002861
3,075;-0,002861
3,076667;-0,002861
3,078333;-0,002861
3,08;-0,002861
3,081667;-0,002861
3,083333;-0,002861
3,085;-0,002861
3,086667;-0,002861
3,088333;-0,002861
3,09;-0,002861
3,091667;-0,002861
3,093333;-0,002861
3,095;-0,002861
3,096667;-0,002861
3,098333;-0,002861
3,1;-0,002861
3,101667;-0,002861
3,103333;-0,002861
3,105;-0,002861
3,106667;-0,002861
3,108333;-0,002861
3,11;-0,002861
3,111667;-0,002861
3,113333;-0,002861
3,115;-0,005722
3,116667;-0,005722
3,118333;-0,005722
3,12;-0,005722
3,121667;-0,005722
3,123333;-0,005722
3,125;-0,005722
3,126667;-0,005722
3,128333;-0,005722
3,13;-0,005722
3,131667;-0,005722
3,133333;-0,005722
3,135;-0,005722
3,136667;-0,005722
3,138333;-0,005722
3,14;-0,005722
3,141667;-0,005722
3,143333;-0,005722
3,145;-0,005722
3,146667;-0,005722
3,148333;-0,005722
3,15;-0,005722
3,151667;-0,005722
3,153333;-0,005722
3,155;-0,005722
3,156667;-0,005722
3,158333;-0,005722
3,16;-0,005722
3,161667;-0,005722
3,163333;-0,005722
3,165;-0,005722
3,166667;-0,005722
3,168333;-0,005722
3,17;-0,005722
3,171667;-0,005722
3,173333;-0,005722
3,175;-0,005722
3,176667;-0,005722
3,178333;-0,005722
3,18;-0,005722
3,181667;-0,005722
3,183333;-0,005722
3,185;-0,005722
3,186667;-0,005722
3,188333;-0,005722
3,19;-0,005722
3,191667;-0,005722
3,193333;-0,005722
3,195;-0,005722
3,196667;-0,005722
3,198333;-0,005722
3,2;-0,005722
3,201667;-0,005722
3,203333;-0,005722
3,205;-0,005722
3,206667;-0,005722
3,208333;-0,005722
3,21;-0,005722
3,211667;-0,005722
3,213333;-0,005722
3,215;-0,005722
3,216667;-0,005722
3,218333;-0,005722
3,22;-0,005722
3,221667;-0,005722
3,223333;-0,005722
3,225;-0,005722
3,226667;-0,005722
3,228333;-0,005722
3,23;-0,005722
3,231667;-0,005722
3,233333;-0,005722
3,235;-0,005722
3,236667;-0,005722
3,238333;-0,005722
3,24;-0,005722
3,241667;-0,005722
3,243333;-0,005722
3,245;-0,005722
3,246667;-0,005722
3,248333;-0,005722
3,25;-0,005722
3,251667;-0,005722
3,253333;-0,005722
3,255;-0,005722
3,256667;-0,005722
3,258333;-0,005722
3,26;-0,005722
3,261667;-0,005722
3,263333;-0,005722
3,265;-0,005722
3,266667;-0,005722
3,268333;-0,005722
3,27;-0,005722
3,271667;-0,005722
3,273333;-0,005722
3,275;-0,005722
3,276667;-0,005722
3,278333;-0,005722
3,28;-0,005722
3,281667;-0,005722
3,283333;-0,005722
3,285;-0,005722
3,286667;-0,005722
3,288333;-0,005722
3,29;-0,005722
3,291667;-0,005722
3,293333;-0,005722
3,295;-0,005722
3,296667;-0,005722
3,298333;-0,005722
3,3;-0,005722
3,301667;-0,005722
3,303333;-0,005722
3,305;-0,005722
3,306667;-0,005722
3,308333;-0,005722
3,31;-0,005722
3,311667;-0,005722
3,313333;-0,005722
3,315;-0,005722
3,316667;-0,005722
3,318333;-0,005722
3,32;-0,005722
3,321667;-0,005722
3,323333;-0,005722
3,325;-0,005722
3,326667;-0,005722
3,328333;-0,005722
3,33;-0,005722
3,331667;-0,005722
3,333333;-0,005722
3,335;-0,005722
3,336667;-0,005722
3,338333;-0,005722
3,34;-0,005722
3,341667;-0,005722
3,343333;-0,005722
3,345;-0,005722
3,346667;-0,005722
3,348333;-0,005722
3,35;-0,005722
3,351667;-0,005722
3,353333;-0,005722
3,355;-0,005722
3,356667;-0,005722
3,358333;-0,005722
3,36;-0,005722
3,361667;-0,005722
3,363333;-0,005722
3,365;-0,005722
3,366667;-0,005722
3,368333;-0,005722
3,37;-0,005722
3,371667;-0,005722
3,373333;-0,005722
3,375;-0,005722
3,376667;-0,005722
3,378333;-0,005722
3,38;-0,005722
3,381667;-0,005722
3,383333;-0,005722
3,385;-0,005722
3,386667;-0,005722
3,388333;-0,005722
3,39;-0,005722
3,391667;-0,005722
3,393333;-0,005722
3,395;-0,005722
3,396667;-0,005722
3,398333;-0,005722
3,4;-0,005722
3,401667;-0,005722
3,403333;-0,005722
3,405;-0,005722
3,406667;-0,005722
3,408333;-0,005722
3,41;-0,005722
3,411667;-0,005722
3,413333;-0,005722
3,415;-0,005722
3,416667;-0,005722
3,418333;-0,005722
3,42;-0,005722
3,421667;-0,005722
3,423333;-0,005722
3,425;-0,005722
3,426667;-0,005722
3,428333;-0,005722
3,43;-0,005722
3,431667;-0,005722
3,433333;-0,005722
3,435;-0,005722
3,436667;-0,005722
3,438333;-0,005722
3,44;-0,005722
3,441667;-0,005722
3,443333;-0,005722
3,445;-0,005722
3,446667;-0,005722
3,448333;-0,005722
3,45;-0,005722
3,451667;-0,005722
3,453333;-0,005722
3,455;-0,005722
3,456667;-0,005722
3,458333;-0,005722
3,46;-0,005722
3,461667;-0,005722
3,463333;-0,005722
3,465;-0,005722
3,466667;-0,005722
3,468333;-0,005722
3,47;-0,005722
3,471667;-0,005722
3,473333;-0,005722
3,475;-0,005722
3,476667;-0,005722
3,478333;-0,005722
3,48;-0,005722
3,481667;-0,005722
3,483333;-0,005722
3,485;-0,005722
3,486667;-0,005722
3,488333;-0,005722
3,49;-0,005722
3,491667;-0,005722
3,493333;-0,005722
3,495;-0,005722
3,496667;-0,005722
3,498333;-0,005722
3,5;-0,005722
3,501667;-0,005722
3,503333;-0,005722
3,505;-0,005722
3,506667;-0,005722
3,508333;-0,005722
3,51;-0,005722
3,511667;-0,005722
3,513333;-0,005722
3,515;-0,005722
3,516667;-0,005722
3,518333;-0,005722
3,52;-0,005722
3,521667;-0,005722
3,523333;-0,005722
3,525;-0,005722
3,526667;-0,005722
3,528333;-0,005722
3,53;-0,005722
3,531667;-0,005722
3,533333;-0,005722
3,535;-0,005722
3,536667;-0,005722
3,538333;-0,005722
3,54;-0,005722
3,541667;-0,005722
3,543333;-0,005722
3,545;-0,005722
3,546667;-0,005722
3,548333;-0,005722
3,55;-0,005722
3,551667;-0,005722
3,553333;-0,005722
3,555;-0,005722
3,556667;-0,005722
3,558333;-0,005722
3,56;-0,005722
3,561667;-0,005722
3,563333;-0,005722
3,565;-0,005722
3,566667;-0,005722
3,568333;-0,005722
3,57;-0,005722
3,571667;-0,005722
3,573333;-0,005722
3,575;-0,005722
3,576667;-0,005722
3,578333;-0,005722
3,58;-0,005722
3,581667;-0,005722
3,583333;-0,005722
3,585;-0,005722
3,586667;-0,005722
3,588333;-0,005722
3,59;-0,005722
3,591667;-0,005722
3,593333;-0,005722
3,595;-0,005722
3,596667;-0,005722
3,598333;-0,005722
3,6;-0,005722
3,601667;-0,005722
3,603333;-0,005722
3,605;-0,005722
3,606667;-0,005722
3,608333;-0,005722
3,61;-0,005722
3,611667;-0,005722
3,613333;-0,005722
3,615;-0,005722
3,616667;-0,005722
3,618333;-0,005722
3,62;-0,005722
3,621667;-0,005722
3,623333;-0,005722
3,625;-0,005722
3,626667;-0,005722
3,628333;-0,005722
3,63;-0,005722
3,631667;-0,005722
3,633333;-0,005722
3,635;-0,005722
3,636667;-0,005722
3,638333;-0,005722
3,64;-0,005722
3,641667;-0,005722
3,643333;-0,005722
3,645;-0,005722
3,646667;-0,005722
3,648333;-0,005722
3,65;-0,005722
3,651667;-0,005722
3,653333;-0,005722
3,655;-0,005722
3,656667;-0,005722
3,658333;-0,005722
3,66;-0,005722
3,661667;-0,005722
3,663333;-0,005722
3,665;-0,005722
3,666667;-0,005722
3,668333;-0,005722
3,67;-0,005722
3,671667;-0,005722
3,673333;-0,005722
3,675;-0,005722
3,676667;-0,005722
3,678333;-0,005722
3,68;-0,005722
3,681667;-0,005722
3,683333;-0,005722
3,685;-0,005722
3,686667;-0,005722
3,688333;-0,005722
3,69;-0,005722
3,691667;-0,005722
3,693333;-0,005722
3,695;-0,005722
3,696667;-0,005722
3,698333;-0,005722
3,7;-0,005722
3,701667;-0,005722
3,703333;-0,005722
3,705;-0,005722
3,706667;-0,005722
3,708333;-0,005722
3,71;-0,005722
3,711667;-0,005722
3,713333;-0,005722
3,715;-0,005722
3,716667;-0,005722
3,718333;-0,005722
3,72;-0,005722
3,721667;-0,005722
3,723333;-0,005722
3,725;-0,005722
3,726667;-0,005722
3,728333;-0,005722
3,73;-0,005722
3,731667;-0,005722
3,733333;-0,005722
3,735;-0,005722
3,736667;-0,005722
3,738333;-0,005722
3,74;-0,005722
3,741667;-0,005722
3,743333;-0,005722
3,745;-0,005722
3,746667;-0,005722
3,748333;-0,005722
3,75;-0,005722
3,751667;-0,005722
3,753333;-0,005722
3,755;-0,005722
3,756667;-0,005722
3,758333;-0,005722
3,76;-0,005722
3,761667;-0,005722
3,763333;-0,005722
3,765;-0,005722
3,766667;-0,005722
3,768333;-0,005722
3,77;-0,005722
3,771667;-0,005722
3,773333;-0,005722
3,775;-0,005722
3,776667;-0,005722
3,778333;-0,005722
3,78;-0,005722
3,781667;-0,005722
3,783333;-0,005722
3,785;-0,005722
3,786667;-0,005722
3,788333;-0,005722
3,79;-0,005722
3,791667;-0,005722
3,793333;-0,005722
3,795;-0,005722
3,796667;-0,005722
3,798333;-0,005722
3,8;-0,005722
3,801667;-0,005722
3,803333;-0,005722
3,805;-0,005722
3,806667;-0,005722
3,808333;-0,005722
3,81;-0,005722
3,811667;-0,005722
3,813333;-0,005722
3,815;-0,005722
3,816667;-0,005722
3,818333;-0,005722
3,82;-0,005722
3,821667;-0,005722
3,823333;-0,005722
3,825;-0,005722
3,826667;-0,005722
3,828333;-0,005722
3,83;-0,005722
3,831667;-0,005722
3,833333;-0,005722
3,835;-0,005722
3,836667;-0,005722
3,838333;-0,005722
3,84;-0,005722
3,841667;-0,005722
3,843333;-0,005722
3,845;-0,005722
3,846667;-0,005722
3,848333;-0,005722
3,85;-0,005722
3,851667;-0,005722
3,853333;-0,005722
3,855;-0,005722
3,856667;-0,005722
3,858333;-0,005722
3,86;-0,005722
3,861667;-0,005722
3,863333;-0,005722
3,865;-0,005722
3,866667;-0,005722
3,868333;-0,005722
3,87;-0,005722
3,871667;-0,005722
3,873333;-0,005722
3,875;-0,005722
3,876667;-0,005722
3,878333;-0,005722
3,88;-0,005722
3,881667;-0,005722
3,883333;-0,005722
3,885;-0,005722
3,886667;-0,005722
3,888333;-0,005722
3,89;-0,005722
3,891667;-0,005722
3,893333;-0,005722
3,895;-0,005722
3,896667;-0,005722
3,898333;-0,005722
3,9;-0,005722
3,901667;-0,005722
3,903333;-0,005722
3,905;-0,005722
3,906667;-0,005722
3,908333;-0,005722
3,91;-0,005722
3,911667;-0,005722
3,913333;-0,005722
3,915;-0,005722
3,916667;-0,005722
3,918333;-0,005722
3,92;-0,005722
3,921667;-0,005722
3,923333;-0,005722
3,925;-0,005722
3,926667;-0,005722
3,928333;-0,005722
3,93;-0,005722
3,931667;-0,005722
3,933333;-0,005722
3,935;-0,005722
3,936667;-0,005722
3,938333;-0,005722
3,94;-0,005722
3,941667;-0,005722
3,943333;-0,005722
3,945;-0,005722
3,946667;-0,005722
3,948333;-0,005722
3,95;-0,005722
3,951667;-0,005722
3,953333;-0,005722
3,955;-0,005722
3,956667;-0,005722
3,958333;-0,005722
3,96;-0,005722
3,961667;-0,005722
3,963333;-0,005722
3,965;-0,005722
3,966667;-0,005722
3,968333;-0,005722
3,97;-0,005722
3,971667;-0,005722
3,973333;-0,005722
3,975;-0,005722
3,976667;-0,005722
3,978333;-0,005722
3,98;-0,005722
3,981667;-0,005722
3,983333;-0,005722
3,985;-0,008583
3,986667;-0,008583
3,988333;-0,008583
3,99;-0,008583
3,991667;-0,008583
3,993333;-0,008583
3,995;-0,008583
3,996667;-0,008583
3,998333;-0,008583
4;-0,008583
4,001667;-0,008583
4,003333;-0,008583
4,005;-0,008583
4,006667;-0,008583
4,008333;-0,008583
4,01;-0,008583
4,011667;-0,008583
4,013333;-0,008583
4,015;-0,008583
4,016667;-0,008583
4,018333;-0,008583
4,02;-0,008583
4,021667;-0,008583
4,023333;-0,008583
4,025;-0,008583
4,026667;-0,008583
4,028333;-0,008583
4,03;-0,008583
4,031667;-0,008583
4,033333;-0,008583
4,035;-0,008583
4,036667;-0,008583
4,038333;-0,008583
4,04;-0,008583
4,041667;-0,008583
4,043333;-0,008583
4,045;-0,008583
4,046667;-0,008583
4,048333;-0,008583
4,05;-0,008583
4,051667;-0,008583
4,053333;-0,008583
4,055;-0,008583
4,056667;-0,008583
4,058333;-0,008583
4,06;-0,008583
4,061667;-0,008583
4,063333;-0,008583
4,065;-0,008583
4,066667;-0,008583
4,068333;-0,008583
4,07;-0,008583
4,071667;-0,008583
4,073333;-0,008583
4,075;-0,008583
4,076667;-0,008583
4,078333;-0,008583
4,08;-0,008583
4,081667;-0,008583
4,083333;-0,008583
4,085;-0,008583
4,086667;-0,008583
4,088333;-0,008583
4,09;-0,008583
4,091667;-0,008583
4,093333;-0,008583
4,095;-0,008583
4,096667;-0,008583
4,098333;-0,008583
4,1;-0,008583
4,101667;-0,008583
4,103333;-0,008583
4,105;-0,008583
4,106667;-0,008583
4,108333;-0,008583
4,11;-0,008583
4,111667;-0,008583
4,113333;-0,008583
4,115;-0,008583
4,116667;-0,008583
4,118333;-0,008583
4,12;-0,008583
4,121667;-0,008583
4,123333;-0,008583
4,125;-0,008583
4,126667;-0,008583
4,128333;-0,008583
4,13;-0,008583
4,131667;-0,008583
4,133333;-0,008583
4,135;-0,008583
4,136667;-0,008583
4,138333;-0,008583
4,14;-0,008583
4,141667;-0,008583
4,143333;-0,008583
4,145;-0,008583
4,146667;-0,008583
4,148333;-0,008583
4,15;-0,008583
4,151667;-0,008583
4,153333;-0,008583
4,155;-0,008583
4,156667;-0,008583
4,158333;-0,008583
4,16;-0,008583
4,161667;-0,008583
4,163333;-0,008583
4,165;-0,008583
4,166667;-0,008583
4,168333;-0,008583
4,17;-0,008583
4,171667;-0,008583
4,173333;-0,008583
4,175;-0,008583
4,176667;-0,008583
4,178333;-0,008583
4,18;-0,008583
4,181667;-0,008583
4,183333;-0,008583
4,185;-0,008583
4,186667;-0,008583
4,188333;-0,008583
4,19;-0,008583
4,191667;-0,008583
4,193333;-0,008583
4,195;-0,008583
4,196667;-0,008583
4,198333;-0,008583
4,2;-0,008583
4,201667;-0,008583
4,203333;-0,008583
4,205;-0,008583
4,206667;-0,008583
4,208333;-0,008583
4,21;-0,008583
4,211667;-0,008583
4,213333;-0,008583
4,215;-0,008583
4,216667;-0,008583
4,218333;-0,008583
4,22;-0,008583
4,221667;-0,008583
4,223333;-0,008583
4,225;-0,008583
4,226667;-0,008583
4,228333;-0,008583
4,23;-0,008583
4,231667;-0,008583
4,233333;-0,008583
4,235;-0,008583
4,236667;-0,008583
4,238333;-0,008583
4,24;-0,008583
4,241667;-0,008583
4,243333;-0,008583
4,245;-0,008583
4,246667;-0,008583
4,248333;-0,008583
4,25;-0,008583
4,251667;-0,008583
4,253333;-0,008583
4,255;-0,008583
4,256667;-0,008583
4,258333;-0,008583
4,26;-0,008583
4,261667;-0,008583
4,263333;-0,008583
4,265;-0,008583
4,266667;-0,008583
4,268333;-0,008583
4,27;-0,008583
4,271667;-0,008583
4,273333;-0,008583
4,275;-0,008583
4,276667;-0,008583
4,278333;-0,008583
4,28;-0,008583
4,281667;-0,008583
4,283333;-0,008583
4,285;-0,008583
4,286667;-0,008583
4,288333;-0,008583
4,29;-0,008583
4,291667;-0,008583
4,293333;-0,008583
4,295;-0,008583
4,296667;-0,008583
4,298333;-0,008583
4,3;-0,008583
4,301667;-0,008583
4,303333;-0,008583
4,305;-0,008583
4,306667;-0,008583
4,308333;-0,008583
4,31;-0,008583
4,311667;-0,008583
4,313333;-0,008583
4,315;-0,008583
4,316667;-0,008583
4,318333;-0,008583
4,32;-0,008583
4,321667;-0,008583
4,323333;-0,008583
4,325;-0,008583
4,326667;-0,008583
4,328333;-0,008583
4,33;-0,008583
4,331667;-0,008583
4,333333;-0,008583
4,335;-0,008583
4,336667;-0,008583
4,338333;-0,008583
4,34;-0,008583
4,341667;-0,008583
4,343333;-0,008583
4,345;-0,008583
4,346667;-0,008583
4,348333;-0,008583
4,35;-0,008583
4,351667;-0,008583
4,353333;-0,008583
4,355;-0,008583
4,356667;-0,008583
4,358333;-0,008583
4,36;-0,008583
4,361667;-0,008583
4,363333;-0,008583
4,365;-0,008583
4,366667;-0,008583
4,368333;-0,008583
4,37;-0,008583
4,371667;-0,008583
4,373333;-0,008583
4,375;-0,008583
4,376667;-0,008583
4,378333;-0,008583
4,38;-0,008583
4,381667;-0,008583
4,383333;-0,008583
4,385;-0,008583
4,386667;-0,008583
4,388333;-0,008583
4,39;-0,008583
4,391667;-0,008583
4,393333;-0,008583
4,395;-0,008583
4,396667;-0,008583
4,398333;-0,008583
4,4;-0,008583
4,401667;-0,008583
4,403333;-0,008583
4,405;-0,008583
4,406667;-0,008583
4,408333;-0,008583
4,41;-0,008583
4,411667;-0,008583
4,413333;-0,008583
4,415;-0,008583
4,416667;-0,005722
4,418333;-0,005722
4,42;-0,008583
4,421667;-0,008583
4,423333;-0,008583
4,425;-0,008583
4,426667;-0,005722
4,428333;-0,005722
4,43;-0,005722
4,431667;-0,005722
4,433333;-0,005722
4,435;-0,005722
4,436667;-0,005722
4,438333;-0,005722
4,44;-0,005722
4,441667;-0,005722
4,443333;-0,005722
4,445;-0,005722
4,446667;-0,005722
4,448333;-0,005722
4,45;-0,005722
4,451667;-0,005722
4,453333;-0,005722
4,455;-0,005722
4,456667;-0,005722
4,458333;-0,005722
4,46;-0,005722
4,461667;-0,005722
4,463333;-0,005722
4,465;-0,005722
4,466667;-0,005722
4,468333;-0,005722
4,47;-0,005722
4,471667;-0,005722
4,473333;-0,005722
4,475;-0,005722
4,476667;-0,005722
4,478333;-0,005722
4,48;-0,005722
4,481667;-0,005722
4,483333;-0,005722
4,485;-0,005722
4,486667;-0,005722
4,488333;-0,005722
4,49;-0,005722
4,491667;-0,005722
4,493333;-0,005722
4,495;-0,005722
4,496667;-0,005722
4,498333;-0,005722
4,5;-0,005722
4,501667;-0,005722
4,503333;-0,005722
4,505;-0,005722
4,506667;-0,005722
4,508333;-0,005722
4,51;-0,005722
4,511667;-0,005722
4,513333;-0,005722
4,515;-0,005722
4,516667;-0,005722
4,518333;-0,005722
4,52;-0,005722
4,521667;-0,005722
4,523333;-0,005722
4,525;-0,005722
4,526667;-0,005722
4,528333;-0,005722
4,53;-0,005722
4,531667;-0,005722
4,533333;-0,005722
4,535;-0,005722
4,536667;-0,005722
4,538333;-0,005722
4,54;-0,005722
4,541667;-0,005722
4,543333;-0,005722
4,545;-0,005722
4,546667;-0,005722
4,548333;-0,005722
4,55;-0,005722
4,551667;-0,005722
4,553333;-0,005722
4,555;-0,005722
4,556667;-0,005722
4,558333;-0,005722
4,56;-0,005722
4,561667;-0,005722
4,563333;-0,005722
4,565;-0,005722
4,566667;-0,005722
4,568333;-0,005722
4,57;-0,005722
4,571667;-0,005722
4,573333;-0,005722
4,575;-0,005722
4,576667;-0,005722
4,578333;-0,005722
4,58;-0,005722
4,581667;-0,005722
4,583333;-0,005722
4,585;-0,005722
4,586667;-0,005722
4,588333;-0,005722
4,59;-0,005722
4,591667;-0,005722
4,593333;-0,005722
4,595;-0,005722
4,596667;-0,005722
4,598333;-0,005722
4,6;-0,005722
4,601667;-0,005722
4,603333;-0,005722
4,605;-0,005722
4,606667;-0,005722
4,608333;-0,005722
4,61;-0,005722
4,611667;-0,005722
4,613333;-0,005722
4,615;-0,005722
4,616667;-0,005722
4,618333;-0,005722
4,62;-0,005722
4,621667;-0,005722
4,623333;-0,005722
4,625;-0,005722
4,626667;-0,005722
4,628333;-0,005722
4,63;-0,005722
4,631667;-0,005722
4,633333;-0,005722
4,635;-0,005722
4,636667;-0,005722
4,638333;-0,005722
4,64;-0,005722
4,641667;-0,005722
4,643333;-0,005722
4,645;-0,005722
4,646667;-0,005722
4,648333;-0,005722
4,65;-0,005722
4,651667;-0,005722
4,653333;-0,005722
4,655;-0,005722
4,656667;-0,005722
4,658333;-0,005722
4,66;-0,005722
4,661667;-0,005722
4,663333;-0,005722
4,665;-0,005722
4,666667;-0,005722
4,668333;-0,005722
4,67;-0,005722
4,671667;-0,005722
4,673333;-0,005722
4,675;-0,005722
4,676667;-0,005722
4,678333;-0,005722
4,68;-0,005722
4,681667;-0,005722
4,683333;-0,005722
4,685;-0,005722
4,686667;-0,005722
4,688333;-0,005722
4,69;-0,005722
4,691667;-0,005722
4,693333;-0,005722
4,695;-0,005722
4,696667;-0,005722
4,698333;-0,005722
4,7;-0,005722
4,701667;-0,005722
4,703333;-0,005722
4,705;-0,005722
4,706667;-0,005722
4,708333;-0,005722
4,71;-0,005722
4,711667;-0,005722
4,713333;-0,005722
4,715;-0,002861
4,716667;-0,002861
4,718333;-0,002861
4,72;-0,002861
4,721667;-0,002861
4,723333;-0,002861
4,725;-0,002861
4,726667;-0,002861
4,728333;-0,002861
4,73;-0,002861
4,731667;-0,002861
4,733333;-0,002861
4,735;-0,002861
4,736667;-0,002861
4,738333;-0,002861
4,74;-0,002861
4,741667;-0,002861
4,743333;-0,002861
4,745;-0,002861
4,746667;-0,002861
4,748333;-0,005722
4,75;-0,005722
4,751667;-0,005722
4,753333;-0,005722
4,755;-0,005722
4,756667;-0,005722
4,758333;-0,005722
4,76;-0,005722
4,761667;-0,005722
4,763333;-0,005722
4,765;-0,005722
4,766667;-0,005722
4,768333;-0,005722
4,77;-0,005722
4,771667;-0,005722
4,773333;-0,005722
4,775;-0,005722
4,776667;-0,005722
4,778333;-0,005722
4,78;-0,005722
4,781667;-0,005722
4,783333;-0,005722
4,785;-0,005722
4,786667;-0,005722
4,788333;-0,005722
4,79;-0,005722
4,791667;-0,005722
4,793333;-0,005722
4,795;-0,005722
4,796667;-0,005722
4,798333;-0,005722
4,8;-0,005722
4,801667;-0,005722
4,803333;-0,005722
4,805;-0,005722
4,806667;-0,005722
4,808333;-0,005722
4,81;-0,005722
4,811667;-0,005722
4,813333;-0,005722
4,815;-0,005722
4,816667;-0,005722
4,818333;-0,005722
4,82;-0,005722
4,821667;-0,005722
4,823333;-0,005722
4,825;-0,005722
4,826667;-0,005722
4,828333;-0,005722
4,83;-0,005722
4,831667;-0,005722
4,833333;-0,005722
4,835;-0,005722
4,836667;-0,005722
4,838333;-0,005722
4,84;-0,005722
4,841667;-0,005722
4,843333;-0,005722
4,845;-0,005722
4,846667;-0,005722
4,848333;-0,005722
4,85;-0,005722
4,851667;-0,005722
4,853333;-0,005722
4,855;-0,005722
4,856667;-0,005722
4,858333;-0,005722
4,86;-0,008583
4,861667;-0,008583
4,863333;-0,008583
4,865;-0,005722
4,866667;-0,005722
4,868333;-0,005722
4,87;-0,005722
4,871667;-0,005722
4,873333;-0,005722
4,875;-0,005722
4,876667;-0,005722
4,878333;-0,005722
4,88;-0,005722
4,881667;-0,005722
4,883333;-0,005722
4,885;-0,008583
4,886667;-0,008583
4,888333;-0,008583
4,89;-0,008583
4,891667;-0,008583
4,893333;-0,008583
4,895;-0,008583
4,896667;-0,008583
4,898333;-0,008583
4,9;-0,008583
4,901667;-0,008583
4,903333;-0,008583
4,905;-0,008583
4,906667;-0,008583
4,908333;-0,008583
4,91;-0,008583
4,911667;-0,008583
4,913333;-0,008583
4,915;-0,008583
4,916667;-0,008583
4,918333;-0,008583
4,92;-0,008583
4,921667;-0,008583
4,923333;-0,008583
4,925;-0,008583
4,926667;-0,008583
4,928333;-0,008583
4,93;-0,008583
4,931667;-0,008583
4,933333;-0,008583
4,935;-0,008583
4,936667;-0,008583
4,938333;-0,008583
4,94;-0,008583
4,941667;-0,008583
4,943333;-0,008583
4,945;-0,008583
4,946667;-0,008583
4,948333;-0,008583
4,95;-0,008583
4,951667;-0,008583
4,953333;-0,008583
4,955;-0,008583
4,956667;-0,008583
4,958333;-0,008583
4,96;-0,008583
4,961667;-0,008583
4,963333;-0,008583
4,965;-0,008583
4,966667;-0,008583
4,968333;-0,008583
4,97;-0,008583
4,971667;-0,008583
4,973333;-0,008583
4,975;-0,008583
4,976667;-0,008583
4,978333;-0,008583
4,98;-0,008583
4,981667;-0,008583
4,983333;-0,008583
4,985;-0,008583
4,986667;-0,008583
4,988333;-0,008583
4,99;-0,008583
4,991667;-0,008583
4,993333;-0,008583
4,995;-0,008583
4,996667;-0,008583
4,998333;-0,008583
5;-0,008583
5,001667;-0,008583
5,003333;-0,008583
5,005;-0,008583
5,006667;-0,008583
5,008333;-0,008583
5,01;-0,008583
5,011667;-0,008583
5,013333;-0,008583
5,015;-0,008583
5,016667;-0,008583
5,018333;-0,008583
5,02;-0,008583
5,021667;-0,008583
5,023333;-0,008583
5,025;-0,008583
5,026667;-0,008583
5,028333;-0,008583
5,03;-0,008583
5,031667;-0,008583
5,033333;-0,008583
5,035;-0,008583
5,036667;-0,008583
5,038333;-0,008583
5,04;-0,008583
5,041667;-0,008583
5,043333;-0,008583
5,045;-0,008583
5,046667;-0,008583
5,048333;-0,008583
5,05;-0,008583
5,051667;-0,008583
5,053333;-0,008583
5,055;-0,008583
5,056667;-0,008583
5,058333;-0,008583
5,06;-0,008583
5,061667;-0,008583
5,063333;-0,008583
5,065;-0,008583
5,066667;-0,008583
5,068333;-0,008583
5,07;-0,008583
5,071667;-0,008583
5,073333;-0,008583
5,075;-0,008583
5,076667;-0,008583
5,078333;-0,008583
5,08;-0,008583
5,081667;-0,008583
5,083333;-0,008583
5,085;-0,008583
5,086667;-0,008583
5,088333;-0,008583
5,09;-0,008583
5,091667;-0,008583
5,093333;-0,008583
5,095;-0,008583
5,096667;-0,008583
5,098333;-0,008583
5,1;-0,008583
5,101667;-0,008583
5,103333;-0,008583
5,105;-0,008583
5,106667;-0,008583
5,108333;-0,008583
5,11;-0,008583
5,111667;-0,008583
5,113333;-0,008583
5,115;-0,008583
5,116667;-0,008583
5,118333;-0,008583
5,12;-0,008583
5,121667;-0,008583
5,123333;-0,008583
5,125;-0,008583
5,126667;-0,008583
5,128333;-0,008583
5,13;-0,008583
5,131667;-0,008583
5,133333;-0,008583
5,135;-0,008583
5,136667;-0,008583
5,138333;-0,008583
5,14;-0,008583
5,141667;-0,008583
5,143333;-0,008583
5,145;-0,008583
5,146667;-0,008583
5,148333;-0,008583
5,15;-0,008583
5,151667;-0,008583
5,153333;-0,008583
5,155;-0,008583
5,156667;-0,008583
5,158333;-0,008583
5,16;-0,008583
5,161667;-0,008583
5,163333;-0,008583
5,165;-0,008583
5,166667;-0,008583
5,168333;-0,008583
5,17;-0,008583
5,171667;-0,008583
5,173333;-0,008583
5,175;-0,008583
5,176667;-0,008583
5,178333;-0,008583
5,18;-0,008583
5,181667;-0,008583
5,183333;-0,008583
5,185;-0,008583
5,186667;-0,008583
5,188333;-0,008583
5,19;-0,008583
5,191667;-0,008583
5,193333;-0,008583
5,195;-0,008583
5,196667;-0,008583
5,198333;-0,008583
5,2;-0,008583
5,201667;-0,008583
5,203333;-0,008583
5,205;-0,008583
5,206667;-0,008583
5,208333;-0,008583
5,21;-0,008583
5,211667;-0,008583
5,213333;-0,008583
5,215;-0,008583
5,216667;-0,008583
5,218333;-0,008583
5,22;-0,008583
5,221667;-0,008583
5,223333;-0,008583
5,225;-0,008583
5,226667;-0,008583
5,228333;-0,008583
5,23;-0,008583
5,231667;-0,008583
5,233333;-0,008583
5,235;-0,008583
5,236667;-0,008583
5,238333;-0,008583
5,24;-0,008583
5,241667;-0,008583
5,243333;-0,008583
5,245;-0,008583
5,246667;-0,008583
5,248333;-0,008583
5,25;-0,008583
5,251667;-0,008583
5,253333;-0,008583
5,255;-0,008583
5,256667;-0,008583
5,258333;-0,008583
5,26;-0,008583
5,261667;-0,008583
5,263333;-0,008583
5,265;-0,008583
5,266667;-0,008583
5,268333;-0,008583
5,27;-0,008583
5,271667;-0,008583
5,273333;-0,008583
5,275;-0,008583
5,276667;-0,008583
5,278333;-0,008583
5,28;-0,008583
5,281667;-0,008583
5,283333;-0,008583
5,285;-0,008583
5,286667;-0,008583
5,288333;-0,008583
5,29;-0,008583
5,291667;-0,008583
5,293333;-0,008583
5,295;-0,008583
5,296667;-0,008583
5,298333;-0,008583
5,3;-0,008583
5,301667;-0,008583
5,303333;-0,008583
5,305;-0,008583
5,306667;-0,008583
5,308333;-0,008583
5,31;-0,008583
5,311667;-0,008583
5,313333;-0,008583
5,315;-0,008583
5,316667;-0,005722
5,318333;-0,005722
5,32;-0,005722
5,321667;-0,005722
5,323333;-0,005722
5,325;-0,005722
5,326667;-0,005722
5,328333;-0,005722
5,33;-0,005722
5,331667;-0,005722
5,333333;-0,005722
5,335;-0,005722
5,336667;-0,005722
5,338333;-0,005722
5,34;-0,005722
5,341667;-0,005722
5,343333;-0,005722
5,345;-0,005722
5,346667;-0,005722
5,348333;-0,005722
5,35;-0,005722
5,351667;-0,005722
5,353333;-0,005722
5,355;-0,005722
5,356667;-0,005722
5,358333;-0,005722
5,36;-0,005722
5,361667;-0,005722
5,363333;-0,005722
5,365;-0,005722
5,366667;-0,005722
5,368333;-0,005722
5,37;-0,005722
5,371667;-0,005722
5,373333;-0,005722
5,375;-0,005722
5,376667;-0,005722
5,378333;-0,005722
5,38;-0,005722
5,381667;-0,005722
5,383333;-0,005722
5,385;-0,005722
5,386667;-0,005722
5,388333;-0,005722
5,39;-0,005722
5,391667;-0,005722
5,393333;-0,005722
5,395;-0,005722
5,396667;-0,005722
5,398333;-0,005722
5,4;-0,005722
5,401667;-0,005722
5,403333;-0,005722
5,405;-0,005722
5,406667;-0,008583
5,408333;-0,008583
5,41;-0,008583
5,411667;-0,008583
5,413333;-0,008583
5,415;-0,008583
5,416667;-0,008583
5,418333;-0,005722
5,42;-0,005722
5,421667;-0,005722
5,423333;-0,005722
5,425;-0,005722
5,426667;-0,005722
5,428333;-0,005722
5,43;-0,005722
5,431667;-0,005722
5,433333;-0,005722
5,435;-0,005722
5,436667;-0,005722
5,438333;-0,005722
5,44;-0,005722
5,441667;-0,005722
5,443333;-0,005722
5,445;-0,005722
5,446667;-0,005722
5,448333;-0,005722
5,45;-0,005722
5,451667;-0,005722
5,453333;-0,005722
5,455;-0,005722
5,456667;-0,005722
5,458333;-0,005722
5,46;-0,005722
5,461667;-0,005722
5,463333;-0,005722
5,465;-0,005722
5,466667;-0,005722
5,468333;-0,005722
5,47;-0,005722
5,471667;-0,005722
5,473333;-0,005722
5,475;-0,005722
5,476667;-0,005722
5,478333;-0,005722
5,48;-0,005722
5,481667;-0,005722
5,483333;-0,005722
5,485;-0,005722
5,486667;-0,005722
5,488333;-0,005722
5,49;-0,005722
5,491667;-0,005722
5,493333;-0,005722
5,495;-0,005722
5,496667;-0,005722
5,498333;-0,005722
5,5;-0,005722
5,501667;-0,005722
5,503333;-0,005722
5,505;-0,005722
5,506667;-0,005722
5,508333;-0,005722
5,51;-0,005722
5,511667;-0,005722
5,513333;-0,005722
5,515;-0,005722
5,516667;-0,005722
5,518333;-0,005722
5,52;-0,005722
5,521667;-0,005722
5,523333;-0,005722
5,525;-0,005722
5,526667;-0,005722
5,528333;-0,005722
5,53;-0,005722
5,531667;-0,005722
5,533333;-0,005722
5,535;-0,005722
5,536667;-0,005722
5,538333;-0,005722
5,54;-0,005722
5,541667;-0,005722
5,543333;-0,005722
5,545;-0,005722
5,546667;-0,005722
5,548333;-0,005722
5,55;-0,005722
5,551667;-0,005722
5,553333;-0,005722
5,555;-0,005722
5,556667;-0,005722
5,558333;-0,005722
5,56;-0,005722
5,561667;-0,005722
5,563333;-0,005722
5,565;-0,005722
5,566667;-0,005722
5,568333;-0,005722
5,57;-0,005722
5,571667;-0,005722
5,573333;-0,005722
5,575;-0,005722
5,576667;-0,005722
5,578333;-0,005722
5,58;-0,005722
5,581667;-0,005722
5,583333;-0,005722
5,585;-0,005722
5,586667;-0,005722
5,588333;-0,005722
5,59;-0,005722
5,591667;-0,005722
5,593333;-0,005722
5,595;-0,005722
5,596667;-0,005722
5,598333;-0,005722
5,6;-0,005722
5,601667;-0,005722
5,603333;-0,005722
5,605;-0,005722
5,606667;-0,005722
5,608333;-0,005722
5,61;-0,005722
5,611667;-0,005722
5,613333;-0,005722
5,615;-0,005722
5,616667;-0,005722
5,618333;-0,005722
5,62;-0,005722
5,621667;-0,005722
5,623333;-0,005722
5,625;-0,005722
5,626667;-0,005722
5,628333;-0,005722
5,63;-0,005722
5,631667;-0,005722
5,633333;-0,005722
5,635;-0,005722
5,636667;-0,005722
5,638333;-0,005722
5,64;-0,005722
5,641667;-0,005722
5,643333;-0,005722
5,645;-0,005722
5,646667;-0,005722
5,648333;-0,005722
5,65;-0,005722
5,651667;-0,005722
5,653333;-0,005722
5,655;-0,005722
5,656667;-0,005722
5,658333;-0,005722
5,66;-0,005722
5,661667;-0,005722
5,663333;-0,005722
5,665;-0,005722
5,666667;-0,005722
5,668333;-0,005722
5,67;-0,005722
5,671667;-0,005722
5,673333;-0,005722
5,675;-0,005722
5,676667;-0,005722
5,678333;-0,005722
5,68;-0,005722
5,681667;-0,005722
5,683333;-0,005722
5,685;-0,005722
5,686667;-0,005722
5,688333;-0,005722
5,69;-0,005722
5,691667;-0,005722
5,693333;-0,005722
5,695;-0,005722
5,696667;-0,005722
5,698333;-0,005722
5,7;-0,005722
5,701667;-0,005722
5,703333;-0,005722
5,705;-0,005722
5,706667;-0,005722
5,708333;-0,005722
5,71;-0,005722
5,711667;-0,005722
5,713333;-0,005722
5,715;-0,005722
5,716667;-0,005722
5,718333;-0,005722
5,72;-0,005722
5,721667;-0,005722
5,723333;-0,005722
5,725;-0,005722
5,726667;-0,005722
5,728333;-0,005722
5,73;-0,005722
5,731667;-0,005722
5,733333;-0,005722
5,735;-0,005722
5,736667;-0,005722
5,738333;-0,005722
5,74;-0,005722
5,741667;-0,005722
5,743333;-0,005722
5,745;-0,005722
5,746667;-0,005722
5,748333;-0,005722
5,75;-0,005722
5,751667;-0,005722
5,753333;-0,005722
5,755;-0,005722
5,756667;-0,005722
5,758333;-0,005722
5,76;-0,005722
5,761667;-0,005722
5,763333;-0,005722
5,765;-0,005722
5,766667;-0,005722
5,768333;-0,005722
5,77;-0,005722
5,771667;-0,005722
5,773333;-0,005722
5,775;-0,005722
5,776667;-0,005722
5,778333;-0,005722
5,78;-0,005722
5,781667;-0,005722
5,783333;-0,005722
5,785;-0,005722
5,786667;-0,005722
5,788333;-0,005722
5,79;-0,005722
5,791667;-0,005722
5,793333;-0,005722
5,795;-0,002861
5,796667;-0,002861
5,798333;-0,002861
5,8;-0,002861
5,801667;-0,002861
5,803333;-0,002861
5,805;-0,002861
5,806667;-0,002861
5,808333;-0,002861
5,81;-0,002861
5,811667;-0,002861
5,813333;-0,002861
5,815;-0,002861
5,816667;-0,002861
5,818333;-0,002861
5,82;-0,002861
5,821667;-0,002861
5,823333;-0,002861
5,825;-0,002861
5,826667;-0,002861
5,828333;-0,002861
5,83;-0,002861
5,831667;-0,002861
5,833333;-0,002861
5,835;-0,002861
5,836667;-0,002861
5,838333;-0,002861
5,84;-0,002861
5,841667;-0,002861
5,843333;-0,002861
5,845;-0,002861
5,846667;-0,002861
5,848333;-0,002861
5,85;-0,002861
5,851667;-0,002861
5,853333;-0,002861
5,855;-0,002861
5,856667;-0,002861
5,858333;-0,002861
5,86;-0,002861
5,861667;-0,005722
5,863333;-0,005722
5,865;-0,005722
5,866667;-0,005722
5,868333;-0,005722
5,87;-0,005722
5,871667;-0,005722
5,873333;-0,005722
5,875;-0,005722
5,876667;-0,005722
5,878333;-0,005722
5,88;-0,005722
5,881667;-0,005722
5,883333;-0,005722
5,885;-0,005722
5,886667;-0,005722
5,888333;-0,005722
5,89;-0,005722
5,891667;-0,005722
5,893333;-0,005722
5,895;-0,005722
5,896667;-0,005722
5,898333;-0,005722
5,9;-0,005722
5,901667;-0,005722
5,903333;-0,005722
5,905;-0,005722
5,906667;-0,005722
5,908333;-0,005722
5,91;-0,005722
5,911667;-0,005722
5,913333;-0,005722
5,915;-0,005722
5,916667;-0,005722
5,918333;-0,005722
5,92;-0,005722
5,921667;-0,005722
5,923333;-0,005722
5,925;-0,005722
5,926667;-0,005722
5,928333;-0,005722
5,93;-0,005722
5,931667;-0,005722
5,933333;-0,005722
5,935;-0,005722
5,936667;-0,005722
5,938333;-0,005722
5,94;-0,002861
5,941667;-0,002861
5,943333;-0,002861
5,945;-0,002861
5,946667;-0,002861
5,948333;-0,002861
5,95;-0,005722
5,951667;-0,005722
5,953333;-0,005722
5,955;-0,005722
5,956667;-0,005722
5,958333;-0,005722
5,96;-0,005722
5,961667;-0,005722
5,963333;-0,005722
5,965;-0,005722
5,966667;-0,005722
5,968333;-0,005722
5,97;-0,005722
5,971667;-0,005722
5,973333;-0,005722
5,975;-0,005722
5,976667;-0,005722
5,978333;-0,005722
5,98;-0,005722
5,981667;-0,005722
5,983333;-0,005722
5,985;-0,005722
5,986667;-0,005722
5,988333;-0,005722
5,99;-0,005722
5,991667;-0,005722
5,993333;-0,005722
5,995;-0,005722
5,996667;-0,005722
5,998333;-0,005722
6;-0,005722
6,001667;-0,005722
6,003333;-0,005722
6,005;-0,005722
6,006667;-0,005722
6,008333;-0,005722
6,01;-0,005722
6,011667;-0,005722
6,013333;-0,005722
6,015;-0,005722
6,016667;-0,005722
6,018333;-0,005722
6,02;-0,005722
6,021667;-0,005722
6,023333;-0,005722
6,025;-0,005722
6,026667;-0,005722
6,028333;-0,005722
6,03;-0,005722
6,031667;-0,005722
6,033333;-0,005722
6,035;-0,005722
6,036667;-0,005722
6,038333;-0,005722
6,04;-0,005722
6,041667;-0,005722
6,043333;-0,005722
6,045;-0,005722
6,046667;-0,005722
6,048333;-0,005722
6,05;-0,005722
6,051667;-0,005722
6,053333;-0,005722
6,055;-0,005722
6,056667;-0,005722
6,058333;-0,005722
6,06;-0,005722
6,061667;-0,005722
6,063333;-0,005722
6,065;-0,005722
6,066667;-0,005722
6,068333;-0,005722
6,07;-0,005722
6,071667;-0,005722
6,073333;-0,005722
6,075;-0,005722
6,076667;-0,005722
6,078333;-0,005722
6,08;-0,005722
6,081667;-0,005722
6,083333;-0,002861
6,085;-0,002861
6,086667;-0,002861
6,088333;-0,002861
6,09;-0,002861
6,091667;-0,002861
6,093333;-0,002861
6,095;-0,002861
6,096667;-0,002861
6,098333;-0,002861
6,1;-0,002861
6,101667;-0,002861
6,103333;-0,002861
6,105;-0,002861
6,106667;-0,002861
6,108333;-0,002861
6,11;-0,002861
6,111667;-0,002861
6,113333;-0,002861
6,115;-0,002861
6,116667;-0,002861
6,118333;-0,002861
6,12;-0,002861
6,121667;-0,002861
6,123333;-0,002861
6,125;-0,002861
6,126667;-0,002861
6,128333;-0,002861
6,13;-0,002861
6,131667;-0,002861
6,133333;-0,002861
6,135;-0,002861
6,136667;-0,002861
6,138333;-0,002861
6,14;-0,002861
6,141667;-0,002861
6,143333;-0,002861
6,145;-0,002861
6,146667;-0,002861
6,148333;-0,002861
6,15;-0,002861
6,151667;-0,002861
6,153333;-0,002861
6,155;-0,002861
6,156667;-0,002861
6,158333;-0,002861
6,16;-0,002861
6,161667;-0,002861
6,163333;-0,002861
6,165;-0,002861
6,166667;-0,002861
6,168333;-0,002861
6,17;-0,002861
6,171667;-0,002861
6,173333;-0,002861
6,175;-0,002861
6,176667;-0,002861
6,178333;-0,002861
6,18;-0,002861
6,181667;-0,002861
6,183333;-0,002861
6,185;-0,002861
6,186667;-0,002861
6,188333;-0,002861
6,19;-0,002861
6,191667;-0,002861
6,193333;-0,002861
6,195;-0,002861
6,196667;-0,002861
6,198333;-0,002861
6,2;-0,002861
6,201667;-0,002861
6,203333;-0,002861
6,205;-0,002861
6,206667;-0,002861
6,208333;-0,002861
6,21;-0,002861
6,211667;-0,002861
6,213333;-0,002861
6,215;-0,002861
6,216667;-0,002861
6,218333;-0,002861
6,22;-0,002861
6,221667;-0,002861
6,223333;-0,002861
6,225;-0,002861
6,226667;-0,002861
6,228333;-0,005722
6,23;-0,005722
6,231667;-0,005722
6,233333;-0,005722
6,235;-0,005722
6,236667;-0,005722
6,238333;-0,005722
6,24;-0,005722
6,241667;-0,005722
6,243333;-0,005722
6,245;-0,005722
6,246667;-0,005722
6,248333;-0,005722
6,25;-0,005722
6,251667;-0,005722
6,253333;-0,005722
6,255;-0,005722
6,256667;-0,005722
6,258333;-0,005722
6,26;-0,005722
6,261667;-0,005722
6,263333;-0,005722
6,265;-0,005722
6,266667;-0,005722
6,268333;-0,005722
6,27;-0,005722
6,271667;-0,005722
6,273333;-0,005722
6,275;-0,005722
6,276667;-0,005722
6,278333;-0,005722
6,28;-0,005722
6,281667;-0,005722
6,283333;-0,005722
6,285;-0,005722
6,286667;-0,005722
6,288333;-0,005722
6,29;-0,005722
6,291667;-0,005722
6,293333;-0,005722
6,295;-0,005722
6,296667;-0,005722
6,298333;-0,005722
6,3;-0,005722
6,301667;-0,005722
6,303333;-0,005722
6,305;-0,005722
6,306667;-0,005722
6,308333;-0,005722
6,31;-0,005722
6,311667;-0,005722
6,313333;-0,005722
6,315;-0,005722
6,316667;-0,005722
6,318333;-0,005722
6,32;-0,005722
6,321667;-0,005722
6,323333;-0,005722
6,325;-0,005722
6,326667;-0,005722
6,328333;-0,005722
6,33;-0,005722
6,331667;-0,005722
6,333333;-0,005722
6,335;-0,005722
6,336667;-0,005722
6,338333;-0,005722
6,34;-0,005722
6,341667;-0,005722
6,343333;-0,005722
6,345;-0,005722
6,346667;-0,005722
6,348333;-0,005722
6,35;-0,005722
6,351667;-0,005722
6,353333;-0,005722
6,355;-0,005722
6,356667;-0,005722
6,358333;-0,005722
6,36;-0,005722
6,361667;-0,005722
6,363333;-0,005722
6,365;-0,005722
6,366667;-0,005722
6,368333;-0,005722
6,37;-0,005722
6,371667;-0,005722
6,373333;-0,005722
6,375;-0,005722
6,376667;-0,005722
6,378333;-0,005722
6,38;-0,005722
6,381667;-0,005722
6,383333;-0,005722
6,385;-0,005722
6,386667;-0,005722
6,388333;-0,005722
6,39;-0,005722
6,391667;-0,005722
6,393333;-0,005722
6,395;-0,005722
6,396667;-0,005722
6,398333;-0,005722
6,4;-0,005722
6,401667;-0,005722
6,403333;-0,005722
6,405;-0,005722
6,406667;-0,005722
6,408333;-0,005722
6,41;-0,005722
6,411667;-0,005722
6,413333;-0,005722
6,415;-0,005722
6,416667;-0,005722
6,418333;-0,005722
6,42;-0,005722
6,421667;-0,005722
6,423333;-0,005722
6,425;-0,005722
6,426667;-0,005722
6,428333;-0,005722
6,43;-0,005722
6,431667;-0,005722
6,433333;-0,005722
6,435;-0,005722
6,436667;-0,005722
6,438333;-0,005722
6,44;-0,005722
6,441667;-0,005722
6,443333;-0,005722
6,445;-0,005722
6,446667;-0,005722
6,448333;-0,005722
6,45;-0,005722
6,451667;-0,005722
6,453333;-0,005722
6,455;-0,005722
6,456667;-0,005722
6,458333;-0,005722
6,46;-0,005722
6,461667;-0,005722
6,463333;-0,005722
6,465;-0,005722
6,466667;-0,005722
6,468333;-0,005722
6,47;-0,005722
6,471667;-0,005722
6,473333;-0,005722
6,475;-0,005722
6,476667;-0,005722
6,478333;-0,005722
6,48;-0,005722
6,481667;-0,005722
6,483333;-0,005722
6,485;-0,005722
6,486667;-0,005722
6,488333;-0,005722
6,49;-0,005722
6,491667;-0,005722
6,493333;-0,005722
6,495;-0,005722
6,496667;-0,005722
6,498333;-0,005722
6,5;-0,005722
6,501667;-0,005722
6,503333;-0,005722
6,505;-0,005722
6,506667;-0,005722
6,508333;-0,005722
6,51;-0,005722
6,511667;-0,005722
6,513333;-0,005722
6,515;-0,005722
6,516667;-0,005722
6,518333;-0,005722
6,52;-0,005722
6,521667;-0,005722
6,523333;-0,005722
6,525;-0,005722
6,526667;-0,005722
6,528333;-0,005722
6,53;-0,005722
6,531667;-0,005722
6,533333;-0,005722
6,535;-0,005722
6,536667;-0,005722
6,538333;-0,005722
6,54;-0,005722
6,541667;-0,005722
6,543333;-0,005722
6,545;-0,005722
6,546667;-0,005722
6,548333;-0,005722
6,55;-0,005722
6,551667;-0,005722
6,553333;-0,005722
6,555;-0,005722
6,556667;-0,005722
6,558333;-0,005722
6,56;-0,005722
6,561667;-0,005722
6,563333;-0,005722
6,565;-0,005722
6,566667;-0,005722
6,568333;-0,005722
6,57;-0,005722
6,571667;-0,005722
6,573333;-0,005722
6,575;-0,005722
6,576667;-0,005722
6,578333;-0,005722
6,58;-0,005722
6,581667;-0,005722
6,583333;-0,005722
6,585;-0,005722
6,586667;-0,005722
6,588333;-0,005722
6,59;-0,005722
6,591667;-0,005722
6,593333;-0,005722
6,595;-0,005722
6,596667;-0,005722
6,598333;-0,005722
6,6;-0,005722
6,601667;-0,005722
6,603333;-0,005722
6,605;-0,005722
6,606667;-0,005722
6,608333;-0,005722
6,61;-0,005722
6,611667;-0,005722
6,613333;-0,005722
6,615;-0,005722
6,616667;-0,005722
6,618333;-0,005722
6,62;-0,005722
6,621667;-0,005722
6,623333;-0,005722
6,625;-0,005722
6,626667;-0,005722
6,628333;-0,005722
6,63;-0,005722
6,631667;-0,005722
6,633333;-0,005722
6,635;-0,005722
6,636667;-0,005722
6,638333;-0,005722
6,64;-0,005722
6,641667;-0,005722
6,643333;-0,005722
6,645;-0,005722
6,646667;-0,005722
6,648333;-0,005722
6,65;-0,005722
6,651667;-0,005722
6,653333;-0,005722
6,655;-0,005722
6,656667;-0,005722
6,658333;-0,005722
6,66;-0,005722
6,661667;-0,005722
6,663333;-0,005722
6,665;-0,005722
6,666667;-0,005722
6,668333;-0,005722
6,67;-0,005722
6,671667;-0,005722
6,673333;-0,005722
6,675;-0,005722
6,676667;-0,005722
6,678333;-0,005722
6,68;-0,005722
6,681667;-0,005722
6,683333;-0,005722
6,685;-0,005722
6,686667;-0,005722
6,688333;-0,005722
6,69;-0,005722
6,691667;-0,005722
6,693333;-0,005722
6,695;-0,005722
6,696667;-0,005722
6,698333;-0,005722
6,7;-0,005722
6,701667;-0,005722
6,703333;-0,005722
6,705;-0,005722
6,706667;-0,005722
6,708333;-0,005722
6,71;-0,005722
6,711667;-0,005722
6,713333;-0,005722
6,715;-0,005722
6,716667;-0,005722
6,718333;-0,005722
6,72;-0,005722
6,721667;-0,005722
6,723333;-0,005722
6,725;-0,005722
6,726667;-0,005722
6,728333;-0,005722
6,73;-0,005722
6,731667;-0,005722
6,733333;-0,005722
6,735;-0,005722
6,736667;-0,005722
6,738333;-0,005722
6,74;-0,005722
6,741667;-0,005722
6,743333;-0,005722
6,745;-0,005722
6,746667;-0,005722
6,748333;-0,005722
6,75;-0,005722
6,751667;-0,005722
6,753333;-0,005722
6,755;-0,005722
6,756667;-0,005722
6,758333;-0,005722
6,76;-0,005722
6,761667;-0,005722
6,763333;-0,005722
6,765;-0,005722
6,766667;-0,005722
6,768333;-0,005722
6,77;-0,005722
6,771667;-0,005722
6,773333;-0,005722
6,775;-0,005722
6,776667;-0,005722
6,778333;-0,005722
6,78;-0,005722
6,781667;-0,005722
6,783333;-0,005722
6,785;-0,005722
6,786667;-0,005722
6,788333;-0,005722
6,79;-0,005722
6,791667;-0,005722
6,793333;-0,005722
6,795;-0,005722
6,796667;-0,005722
6,798333;-0,005722
6,8;-0,005722
6,801667;-0,005722
6,803333;-0,005722
6,805;-0,005722
6,806667;-0,005722
6,808333;-0,005722
6,81;-0,005722
6,811667;-0,005722
6,813333;-0,005722
6,815;-0,005722
6,816667;-0,005722
6,818333;-0,005722
6,82;-0,008583
6,821667;-0,008583
6,823333;-0,008583
6,825;-0,008583
6,826667;-0,008583
6,828333;-0,008583
6,83;-0,008583
6,831667;-0,008583
6,833333;-0,008583
6,835;-0,008583
6,836667;-0,005722
6,838333;-0,005722
6,84;-0,005722
6,841667;-0,005722
6,843333;-0,005722
6,845;-0,005722
6,846667;-0,005722
6,848333;-0,005722
6,85;-0,005722
6,851667;-0,005722
6,853333;-0,005722
6,855;-0,005722
6,856667;-0,005722
6,858333;-0,005722
6,86;-0,005722
6,861667;-0,005722
6,863333;-0,005722
6,865;-0,005722
6,866667;-0,005722
6,868333;-0,005722
6,87;-0,005722
6,871667;-0,005722
6,873333;-0,005722
6,875;-0,005722
6,876667;-0,005722
6,878333;-0,005722
6,88;-0,005722
6,881667;-0,005722
6,883333;-0,005722
6,885;-0,005722
6,886667;-0,005722
6,888333;-0,005722
6,89;-0,005722
6,891667;-0,002861
6,893333;-0,002861
6,895;-0,002861
6,896667;-0,002861
6,898333;-0,002861
6,9;-0,002861
6,901667;-0,002861
6,903333;-0,002861
6,905;-0,002861
6,906667;-0,002861
6,908333;-0,002861
6,91;-0,002861
6,911667;-0,002861
6,913333;-0,002861
6,915;-0,002861
6,916667;-0,002861
6,918333;-0,002861
6,92;-0,002861
6,921667;-0,002861
6,923333;-0,002861
6,925;-0,005722
6,926667;-0,005722
6,928333;-0,005722
6,93;-0,005722
6,931667;-0,005722
6,933333;-0,005722
6,935;-0,005722
6,936667;-0,005722
6,938333;-0,005722
6,94;-0,005722
6,941667;-0,005722
6,943333;-0,005722
6,945;-0,005722
6,946667;-0,005722
6,948333;-0,005722
6,95;-0,005722
6,951667;-0,005722
6,953333;-0,005722
6,955;-0,005722
6,956667;-0,005722
6,958333;-0,005722
6,96;-0,005722
6,961667;-0,005722
6,963333;-0,005722
6,965;-0,005722
6,966667;-0,005722
6,968333;-0,005722
6,97;-0,005722
6,971667;-0,005722
6,973333;-0,005722
6,975;-0,005722
6,976667;-0,005722
6,978333;-0,005722
6,98;-0,005722
6,981667;-0,005722
6,983333;-0,005722
6,985;-0,005722
6,986667;-0,005722
6,988333;-0,005722
6,99;-0,005722
6,991667;-0,005722
6,993333;-0,005722
6,995;-0,005722
6,996667;-0,005722
6,998333;-0,005722
7;-0,005722
7,001667;-0,005722
7,003333;-0,005722
7,005;-0,005722
7,006667;-0,005722
7,008333;-0,005722
7,01;-0,005722
7,011667;-0,005722
7,013333;-0,005722
7,015;-0,005722
7,016667;-0,005722
7,018333;-0,005722
7,02;-0,005722
7,021667;-0,005722
7,023333;-0,005722
7,025;-0,005722
7,026667;-0,005722
7,028333;-0,005722
7,03;-0,005722
7,031667;-0,005722
7,033333;-0,005722
7,035;-0,005722
7,036667;-0,005722
7,038333;-0,005722
7,04;-0,005722
7,041667;-0,005722
7,043333;-0,005722
7,045;-0,005722
7,046667;-0,005722
7,048333;-0,005722
7,05;-0,005722
7,051667;-0,005722
7,053333;-0,005722
7,055;-0,005722
7,056667;-0,005722
7,058333;-0,005722
7,06;-0,005722
7,061667;-0,005722
7,063333;-0,005722
7,065;-0,005722
7,066667;-0,005722
7,068333;-0,005722
7,07;-0,005722
7,071667;-0,005722
7,073333;-0,005722
7,075;-0,005722
7,076667;-0,005722
7,078333;-0,005722
7,08;-0,005722
7,081667;-0,002861
7,083333;-0,002861
7,085;-0,002861
7,086667;-0,002861
7,088333;-0,002861
7,09;-0,002861
7,091667;-0,002861
7,093333;-0,002861
7,095;-0,002861
7,096667;-0,002861
7,098333;-0,002861
7,1;-0,002861
7,101667;-0,002861
7,103333;-0,002861
7,105;-0,002861
7,106667;-0,002861
7,108333;-0,002861
7,11;-0,002861
7,111667;-0,002861
7,113333;-0,002861
7,115;-0,002861
7,116667;-0,002861
7,118333;-0,002861
7,12;-0,002861
7,121667;-0,002861
7,123333;-0,002861
7,125;0
7,126667;0
7,128333;0
7,13;0
7,131667;0
7,133333;0
7,135;0
7,136667;0
7,138333;0,002861
7,14;0,002861
7,141667;0,002861
7,143333;0,002861
7,145;0,002861
7,146667;0,002861
7,148333;0,002861
7,15;0,005722
7,151667;0,005722
7,153333;0,005722
7,155;0,005722
7,156667;0,005722
7,158333;0,008583
7,16;0,008583
7,161667;0,008583
7,163333;0,008583
7,165;0,011444
7,166667;0,011444
7,168333;0,011444
7,17;0,011444
7,171667;0,014305
7,173333;0,014305
7,175;0,017166
7,176667;0,017166
7,178333;0,017166
7,18;0,020027
7,181667;0,020027
7,183333;0,020027
7,185;0,022888
7,186667;0,025749
7,188333;0,025749
7,19;0,02861
7,191667;0,031471
7,193333;0,031471
7,195;0,034332
7,196667;0,037193
7,198333;0,040054
7,2;0,042915
7,201667;0,042915
7,203333;0,048637
7,205;0,051498
7,206667;0,054359
7,208333;0,060081
7,21;0,065804
7,211667;0,065804
7,213333;0,068665
7,215;0,074387
7,216667;0,080109
7,218333;0,08297
7,22;0,088692
7,221667;0,097275
7,223333;0,102997
7,225;0,108719
7,226667;0,117302
7,228333;0,123024
7,23;0,131607
7,231667;0,14019
7,233333;0,148773
7,235;0,160217
7,236667;0,1688
7,238333;0,180244
7,24;0,191689
7,241667;0,203133
7,243333;0,217438
7,245;0,231743
7,246667;0,246048
7,248333;0,263214
7,25;0,28038
7,251667;0,297546
7,253333;0,317574
7,255;0,337601
7,256667;0,360489
7,258333;0,383377
7,26;0,409126
7,261667;0,434876
7,263333;0,463486
7,265;0,494957
7,266667;0,526428
7,268333;0,560761
7,27;0,597954
7,271667;0,635147
7,273333;0,678062
7,275;0,720978
7,276667;0,766754
7,278333;0,815392
7,28;0,864029
7,281667;0,918388
7,283333;0,975609
7,285;1,038551
7,286667;1,101494
7,288333;1,170158
7,29;1,241684
7,291667;1,316071
7,293333;1,396179
7,295;1,479149
7,296667;1,567841
7,298333;1,659393
7,3;1,759529
7,301667;1,859665
7,303333;1,968384
7,305;2,082825
7,306667;2,200127
7,308333;2,326012
7,31;2,454758
7,311667;2,592087
7,313333;2,735138
7,315;2,883911
7,316667;3,041268
7,318333;3,204346
7,32;3,373146
7,321667;3,553391
7,323333;3,736496
7,325;3,931046
7,326667;4,131317
7,328333;4,343033
7,33;4,560471
7,331667;4,786492
7,333333;5,021096
7,335;5,267144
7,336667;5,518914
7,338333;5,782128
7,34;6,053925
7,341667;6,334305
7,343333;6,62613
7,345;6,929398
7,346667;7,24125
7,348333;7,561684
7,35;7,896424
7,351667;8,239747
7,353333;8,591652
7,355;8,957863
7,356667;9,332657
7,358333;9,718896
7,36;10,116578
7,361667;10,528565
7,363333;10,949135
7,365;11,38115
7,366667;11,824609
7,368333;12,279511
7,37;12,748719
7,371667;13,22651
7,373333;13,718606
7,375;14,222146
7,376667;14,73713
7,378333;15,263558
7,38;15,804292
7,381667;16,353608
7,383333;16,91723
7,385;17,492295
7,386667;18,078805
7,388333;18,67962
7,39;19,289018
7,391667;19,912721
7,393333;20,547868
7,395;21,849634
7,396667;22,519113
7,398333;22,519113
7,4;23,200036
7,401667;23,892404
7,403333;24,596216
7,405;26,038171
7,406667;26,776315
7,408333;27,523042
7,41;28,281214
7,411667;29,050829
7,413333;29,829027
7,415;29,829027
7,416667;30,618669
7,418333;31,416895
7,42;32,226564
7,421667;33,044817
7,423333;33,871653
7,425;34,709932
7,426667;35,553934
7,428333;36,40938
7,43;37,273409
7,431667;38,14316
7,433333;39,021494
7,435;39,90555
7,436667;40,79819
7,438333;41,699412
7,44;42,606356
7,441667;43,519023
7,443333;44,437411
7,445;45,361522
7,446667;46,291354
7,448333;47,224048
7,45;48,165324
7,451667;49,106601
7,453333;50,056461
7,455;51,00632
7,456667;51,959041
7,458333;52,917484
7,46;53,875926
7,461667;54,834369
7,463333;55,798534
7,465;56,759838
7,466667;57,724002
7,468333;58,688167
7,47;59,652332
7,471667;60,613636
7,473333;61,577801
7,475;62,536243
7,476667;63,494686
7,478333;64,450268
7,48;65,402989
7,481667;66,352848
7,483333;67,296986
7,485;68,238262
7,486667;70,10365
7,488333;70,10365
7,49;71,02776
7,491667;71,943287
7,493333;72,855954
7,495;73,757176
7,496667;74,652676
7,498333;75,539593
7,5;76,415067
7,501667;77,281957
7,503333;78,140263
7,505;78,984265
7,506667;79,819684
7,508333;80,643659
7,51;81,453328
7,511667;82,251554
7,513333;83,035474
7,515;83,805089
7,516667;84,560399
7,518333;85,301404
7,52;86,025243
7,521667;86,734777
7,523333;87,424283
7,525;88,099485
7,526667;88,75752
7,528333;89,395528
7,53;90,01637
7,531667;90,617185
7,533333;91,200834
7,535;91,761595
7,536667;92,302328
7,538333;92,823034
7,54;93,320852
7,541667;93,795782
7,543333;94,250685
7,545;94,682699
7,546667;95,091825
7,548333;95,478064
7,55;95,838552
7,551667;96,179014
7,553333;96,493727
7,555;96,78269
7,556667;97,048765
7,558333;97,289091
7,56;97,506529
7,561667;97,698217
7,563333;97,861296
7,565;98,004347
7,566667;98,118788
7,568333;98,20748
7,57;98,310476
7,571667;98,321921
7,573333;98,310476
7,575;98,310476
7,576667;98,273283
7,578333;98,210341
7,58;98,010069
7,581667;97,87274
7,583333;97,709662
7,585;97,523695
7,586667;97,31484
7,588333;97,31484
7,59;97,080236
7,591667;96,822744
7,593333;96,545225
7,595;96,241957
7,596667;95,9158
7,598333;95,569616
7,6;95,200544
7,601667;94,811445
7,603333;94,399458
7,605;93,970304
7,606667;93,521124
7,608333;93,051916
7,61;92,562681
7,611667;92,05628
7,613333;91,532713
7,615;90,99484
7,616667;90,436941
7,618333;89,864736
7,62;89,275365
7,621667;88,67169
7,623333;88,053709
7,625;87,421422
7,626667;86,777692
7,628333;86,119657
7,63;85,450178
7,631667;84,769254
7,633333;84,079747
7,635;83,375936
7,636667;82,663541
7,638333;81,942563
7,64;81,213002
7,641667;80,474858
7,643333;79,728131
7,645;78,975682
7,646667;78,217511
7,648333;77,450757
7,65;76,681142
7,651667;75,905804
7,653333;75,124745
7,655;74,340825
7,656667;73,551182
7,658333;72,76154
7,66;71,966176
7,661667;70,372586
7,663333;69,57436
7,665;68,776135
7,666667;68,776135
7,668333;67,975048
7,67;67,176823
7,671667;66,375736
7,673333;65,577511
7,675;64,779285
7,676667;63,983921
7,678333;63,188557
7,68;62,396053
7,681667;61,606411
7,683333;60,819629
7,685;60,035709
7,686667;59,25465
7,688333;58,479313
7,69;57,703975
7,691667;56,937221
7,693333;56,170467
7,695;55,412296
7,696667;54,656986
7,698333;53,907398
7,7;53,163532
7,701667;52,425388
7,703333;51,690105
7,705;50,963405
7,706667;50,242427
7,708333;49,527171
7,71;48,817637
7,711667;48,113826
7,713333;47,415736
7,715;46,72623
7,716667;46,045306
7,718333;45,367244
7,72;44,697764
7,721667;44,036868
7,723333;43,381694
7,725;42,732241
7,726667;42,091372
7,728333;41,456225
7,73;40,832522
7,731667;40,21168
7,733333;39,599421
7,735;38,995745
7,736667;38,397791
7,738333;37,808421
7,74;37,227633
7,741667;36,652567
7,743333;36,083224
7,745;35,525324
7,746667;34,970286
7,748333;34,426691
7,75;33,888819
7,751667;33,356669
7,753333;32,833101
7,755;32,318117
7,756667;31,808855
7,758333;31,305315
7,76;30,810358
7,761667;30,323984
7,763333;29,368402
7,765;28,902056
7,766667;28,441431
7,768333;27,989389
7,77;27,989389
7,771667;27,54307
7,773333;27,102472
7,775;26,667596
7,776667;26,241304
7,778333;25,820734
7,78;25,408746
7,781667;24,99962
7,783333;24,599077
7,785;24,204256
7,786667;23,815156
7,788333;23,431779
7,79;23,054124
7,791667;22,682191
7,793333;22,318841
7,795;21,958352
7,796667;21,606447
7,798333;21,257402
7,8;20,914079
7,801667;20,576478
7,803333;20,2446
7,805;19,918443
7,806667;19,598008
7,808333;19,283296
7,81;18,971444
7,811667;18,665315
7,813333;18,364907
7,815;18,067361
7,816667;17,778398
7,818333;17,492295
7,82;17,209054
7,821667;16,931535
7,823333;16,659738
7,825;16,390801
7,826667;16,127587
7,828333;15,870095
7,83;15,612603
7,831667;15,363694
7,833333;15,117646
7,835;14,874459
7,836667;14,636994
7,838333;14,40239
7,84;14,170648
7,841667;13,944627
7,843333;13,721467
7,845;13,501168
7,846667;13,286591
7,848333;13,074876
7,85;12,866021
7,851667;12,662888
7,853333;12,462617
7,855;12,262345
7,856667;12,067796
7,858333;11,876107
7,86;11,69014
7,861667;11,504174
7,863333;11,32393
7,865;10,966302
7,866667;10,79464
7,868333;10,62584
7,87;10,45704
7,871667;10,293961
7,873333;10,133744
7,875;10,133744
7,876667;9,973527
7,878333;9,819031
7,88;9,664536
7,881667;9,512902
7,883333;9,364129
7,885;9,218216
7,886667;9,075165
7,888333;8,934975
7,89;8,797646
7,891667;8,660317
7,893333;8,525849
7,895;8,394242
7,896667;8,265496
7,898333;8,13675
7,9;8,013726
7,901667;7,890702
7,903333;7,767678
7,905;7,650376
7,906667;7,418633
7,908333;7,304192
7,91;7,192612
7,911667;7,083893
7,913333;7,083893
7,915;6,978035
7,916667;6,769181
7,918333;6,666184
7,92;6,566048
7,921667;6,465912
7,923333;6,465912
7,925;6,371498
7,926667;6,274224
7,928333;6,17981
7,93;6,088257
7,931667;5,999565
7,933333;5,908013
7,935;5,822182
7,936667;5,736351
7,938333;5,650521
7,94;5,567551
7,941667;5,484581
7,943333;5,404473
7,945;5,327225
7,946667;5,247116
7,948333;5,17273
7,95;5,095482
7,951667;5,021096
7,953333;4,94957
7,955;4,878044
7,956667;4,806519
7,958333;4,737854
7,96;4,66919
7,961667;4,603386
7,963333;4,537583
7,965;4,471779
7,966667;4,408837
7,968333;4,345894
7,97;4,22287
7,971667;4,162789
7,973333;4,105568
7,975;4,105568
7,976667;4,048348
7,978333;3,991127
7,98;3,933907
7,981667;3,879547
7,983333;3,825188
7,985;3,770828
7,986667;3,71933
7,988333;3,667832
7,99;3,616333
7,991667;3,567696
7,993333;3,519058
7,995;3,470421
7,996667;3,421784
7,998333;3,376007
8;3,330231
8,001667;3,284455
8,003333;3,241539
8,005;3,195763
8,006667;3,152847
8,008333;3,112793
8,01;3,069878
8,011667;3,029823
8,013333;2,989769
8,015;2,949715
8,016667;2,909661
8,018333;2,872467
8,02;2,832413
8,021667;2,79522
8,023333;2,760887
8,025;2,723694
8,026667;2,689362
8,028333;2,652168
8,03;2,617836
8,031667;2,586365
8,033333;2,552033
8,035;2,5177
8,036667;2,486229
8,038333;2,454758
8,04;2,423287
8,041667;2,391815
8,043333;2,363205
8,045;2,331734
8,046667;2,303124
8,048333;2,274513
8,05;2,245903
8,051667;2,188683
8,053333;2,188683
8,055;2,162933
8,056667;2,134323
8,058333;2,108574
8,06;2,082825
8,061667;2,031326
8,063333;2,008438
8,065;1,982689
8,066667;1,982689
8,068333;1,959801
8,07;1,934052
8,071667;1,911163
8,073333;1,888275
8,075;1,865387
8,076667;1,842499
8,078333;1,822472
8,08;1,799584
8,081667;1,779556
8,083333;1,759529
8,085;1,736641
8,086667;1,716614
8,088333;1,696587
8,09;1,67656
8,091667;1,656532
8,093333;1,639366
8,095;1,619339
8,096667;1,602173
8,098333;1,582146
8,1;1,56498
8,101667;1,547814
8,103333;1,527786
8,105;1,493454
8,106667;1,476288
8,108333;1,476288
8,11;1,461983
8,111667;1,444817
8,113333;1,427651
8,115;1,413345
8,116667;1,396179
8,118333;1,381874
8,12;1,364708
8,121667;1,350403
8,123333;1,336098
8,125;1,321793
8,126667;1,307488
8,128333;1,293182
8,13;1,278877
8,131667;1,264572
8,133333;1,250267
8,135;1,238823
8,136667;1,224518
8,138333;1,213074
8,14;1,198769
8,141667;1,187325
8,143333;1,173019
8,145;1,161575
8,146667;1,150131
8,148333;1,135826
8,15;1,124382
8,151667;1,112938
8,153333;1,101494
8,155;1,09005
8,156667;1,081467
8,158333;1,070023
8,16;1,058579
8,161667;1,047134
8,163333;1,03569
8,165;1,027107
8,166667;1,015663
8,168333;1,00708
8,17;0,995636
8,171667;0,984192
8,173333;0,975609
8,175;0,967026
8,176667;0,955582
8,178333;0,946999
8,18;0,938416
8,181667;0,929833
8,183333;0,921249
8,185;0,912666
8,186667;0,8955
8,188333;0,886917
8,19;0,886917
8,191667;0,878334
8,193333;0,869751
8,195;0,861168
8,196667;0,852585
8,198333;0,844002
8,2;0,835419
8,201667;0,826836
8,203333;0,821114
8,205;0,812531
8,206667;0,806809
8,208333;0,789642
8,21;0,78392
8,211667;0,775337
8,213333;0,775337
8,215;0,769615
8,216667;0,763893
8,218333;0,75531
8,22;0,749588
8,221667;0,743866
8,223333;0,735283
8,225;0,729561
8,226667;0,723839
8,228333;0,718117
8,23;0,709534
8,231667;0,703812
8,233333;0,69809
8,235;0,692368
8,236667;0,686646
8,238333;0,680924
8,24;0,675201
8,241667;0,666618
8,243333;0,660896
8,245;0,655174
8,246667;0,652313
8,248333;0,646591
8,25;0,640869
8,251667;0,635147
8,253333;0,623703
8,255;0,617981
8,256667;0,617981
8,258333;0,612259
8,26;0,609398
8,261667;0,603676
8,263333;0,597954
8,265;0,595093
8,266667;0,589371
8,268333;0,583649
8,27;0,580788
8,271667;0,575066
8,273333;0,569344
8,275;0,566483
8,276667;0,560761
8,278333;0,5579
8,28;0,552177
8,281667;0,549316
8,283333;0,543594
8,285;0,540733
8,286667;0,535011
8,288333;0,53215
8,29;0,529289
8,291667;0,523567
8,293333;0,520706
8,295;0,514984
8,296667;0,512123
8,298333;0,509262
8,3;0,50354
8,301667;0,500679
8,303333;0,497818
8,305;0,492096
8,306667;0,489235
8,308333;0,486374
8,31;0,480652
8,311667;0,477791
8,313333;0,47493
8,315;0,472069
8,316667;0,469208
8,318333;0,463486
8,32;0,460625
8,321667;0,457764
8,323333;0,454903
8,325;0,452042
8,326667;0,449181
8,328333;0,44632
8,33;0,440598
8,331667;0,437737
8,333333;0,434876
8,335;0,432014
8,336667;0,429153
8,338333;0,426292
8,34;0,423431
8,341667;0,42057
8,343333;0,417709
8,345;0,414848
8,346667;0,411987
8,348333;0,409126
8,35;0,406265
8,351667;0,403404
8,353333;0,400543
8,355;0,397682
8,356667;0,394821
8,358333;0,39196
8,36;0,389099
8,361667;0,386238
8,363333;0,383377
8,365;0,380516
8,366667;0,377655
8,368333;0,374794
8,37;0,374794
8,371667;0,371933
8,373333;0,369072
8,375;0,366211
8,376667;0,36335
8,378333;0,360489
8,38;0,357628
8,381667;0,354767
8,383333;0,354767
8,385;0,351906
8,386667;0,349045
8,388333;0,343323
8,39;0,343323
8,391667;0,343323
8,393333;0,340462
8,395;0,337601
8,396667;0,33474
8,398333;0,33474
8,4;0,331879
8,401667;0,329018
8,403333;0,329018
8,405;0,326157
8,406667;0,323296
8,408333;0,320435
8,41;0,320435
8,411667;0,317574
8,413333;0,314713
8,415;0,314713
8,416667;0,311852
8,418333;0,30899
8,42;0,30899
8,421667;0,306129
8,423333;0,303268
8,425;0,303268
8,426667;0,300407
8,428333;0,297546
8,43;0,297546
8,431667;0,294685
8,433333;0,291824
8,435;0,291824
8,436667;0,288963
8,438333;0,288963
8,44;0,286102
8,441667;0,283241
8,443333;0,283241
8,445;0,28038
8,446667;0,28038
8,448333;0,277519
8,45;0,277519
8,451667;0,274658
8,453333;0,271797
8,455;0,271797
8,456667;0,268936
8,458333;0,268936
8,46;0,266075
8,461667;0,266075
8,463333;0,263214
8,465;0,263214
8,466667;0,260353
8,468333;0,260353
8,47;0,257492
8,471667;0,254631
8,473333;0,254631
8,475;0,25177
8,476667;0,25177
8,478333;0,25177
8,48;0,248909
8,481667;0,248909
8,483333;0,246048
8,485;0,246048
8,486667;0,243187
8,488333;0,243187
8,49;0,243187
8,491667;0,240326
8,493333;0,240326
8,495;0,237465
8,496667;0,237465
8,498333;0,237465
8,5;0,234604
8,501667;0,234604
8,503333;0,231743
8,505;0,231743
8,506667;0,228882
8,508333;0,228882
8,51;0,226021
8,511667;0,226021
8,513333;0,226021
8,515;0,22316
8,516667;0,22316
8,518333;0,220299
8,52;0,220299
8,521667;0,220299
8,523333;0,217438
8,525;0,217438
8,526667;0,214577
8,528333;0,214577
8,53;0,214577
8,531667;0,211716
8,533333;0,211716
8,535;0,208855
8,536667;0,208855
8,538333;0,205994
8,54;0,205994
8,541667;0,205994
8,543333;0,205994
8,545;0,203133
8,546667;0,203133
8,548333;0,200272
8,55;0,200272
8,551667;0,200272
8,553333;0,200272
8,555;0,197411
8,556667;0,197411
8,558333;0,197411
8,56;0,19455
8,561667;0,19455
8,563333;0,19455
8,565;0,191689
8,566667;0,191689
8,568333;0,191689
8,57;0,191689
8,571667;0,188828
8,573333;0,188828
8,575;0,188828
8,576667;0,185967
8,578333;0,185967
8,58;0,185967
8,581667;0,183105
8,583333;0,183105
8,585;0,183105
8,586667;0,183105
8,588333;0,180244
8,59;0,180244
8,591667;0,180244
8,593333;0,177383
8,595;0,177383
8,596667;0,177383
8,598333;0,174522
8,6;0,174522
8,601667;0,174522
8,603333;0,174522
8,605;0,171661
8,606667;0,171661
8,608333;0,171661
8,61;0,1688
8,611667;0,1688
8,613333;0,1688
8,615;0,165939
8,616667;0,165939
8,618333;0,165939
8,62;0,165939
8,621667;0,165939
8,623333;0,165939
8,625;0,163078
8,626667;0,163078
8,628333;0,163078
8,63;0,163078
8,631667;0,160217
8,633333;0,160217
8,635;0,160217
8,636667;0,160217
8,638333;0,157356
8,64;0,157356
8,641667;0,157356
8,643333;0,157356
8,645;0,157356
8,646667;0,154495
8,648333;0,154495
8,65;0,154495
8,651667;0,154495
8,653333;0,151634
8,655;0,151634
8,656667;0,151634
8,658333;0,151634
8,66;0,148773
8,661667;0,148773
8,663333;0,148773
8,665;0,148773
8,666667;0,145912
8,668333;0,145912
8,67;0,145912
8,671667;0,145912
8,673333;0,143051
8,675;0,143051
8,676667;0,143051
8,678333;0,143051
8,68;0,143051
8,681667;0,14019
8,683333;0,14019
8,685;0,14019
8,686667;0,14019
8,688333;0,14019
8,69;0,137329
8,691667;0,137329
8,693333;0,137329
8,695;0,137329
8,696667;0,137329
8,698333;0,134468
8,7;0,134468
8,701667;0,134468
8,703333;0,134468
8,705;0,134468
8,706667;0,131607
8,708333;0,131607
8,71;0,131607
8,711667;0,131607
8,713333;0,131607
8,715;0,128746
8,716667;0,128746
8,718333;0,128746
8,72;0,125885
8,721667;0,125885
8,723333;0,125885
8,725;0,125885
8,726667;0,125885
8,728333;0,125885
8,73;0,123024
8,731667;0,123024
8,733333;0,123024
8,735;0,123024
8,736667;0,123024
8,738333;0,123024
8,74;0,123024
8,741667;0,120163
8,743333;0,120163
8,745;0,120163
8,746667;0,120163
8,748333;0,120163
8,75;0,120163
8,751667;0,120163
8,753333;0,117302
8,755;0,117302
8,756667;0,117302
8,758333;0,117302
8,76;0,117302
8,761667;0,114441
8,763333;0,114441
8,765;0,114441
8,766667;0,114441
8,768333;0,114441
8,77;0,114441
8,771667;0,11158
8,773333;0,11158
8,775;0,11158
8,776667;0,11158
8,778333;0,11158
8,78;0,11158
8,781667;0,11158
8,783333;0,11158
8,785;0,11158
8,786667;0,108719
8,788333;0,108719
8,79;0,108719
8,791667;0,108719
8,793333;0,108719
8,795;0,105858
8,796667;0,105858
8,798333;0,105858
8,8;0,105858
8,801667;0,105858
8,803333;0,105858
8,805;0,105858
8,806667;0,105858
8,808333;0,105858
8,81;0,102997
8,811667;0,102997
8,813333;0,102997
8,815;0,102997
8,816667;0,102997
8,818333;0,102997
8,82;0,102997
8,821667;0,100136
8,823333;0,100136
8,825;0,100136
8,826667;0,100136
8,828333;0,100136
8,83;0,100136
8,831667;0,100136
8,833333;0,100136
8,835;0,100136
8,836667;0,100136
8,838333;0,097275
8,84;0,097275
8,841667;0,097275
8,843333;0,097275
8,845;0,097275
8,846667;0,097275
8,848333;0,097275
8,85;0,097275
8,851667;0,094414
8,853333;0,094414
8,855;0,094414
8,856667;0,094414
8,858333;0,094414
8,86;0,094414
8,861667;0,094414
8,863333;0,091553
8,865;0,091553
8,866667;0,091553
8,868333;0,091553
8,87;0,091553
8,871667;0,091553
8,873333;0,091553
8,875;0,088692
8,876667;0,088692
8,878333;0,088692
8,88;0,088692
8,881667;0,088692
8,883333;0,088692
8,885;0,088692
8,886667;0,088692
8,888333;0,088692
8,89;0,088692
8,891667;0,088692
8,893333;0,088692
8,895;0,085831
8,896667;0,085831
8,898333;0,085831
8,9;0,085831
8,901667;0,085831
8,903333;0,085831
8,905;0,085831
8,906667;0,085831
8,908333;0,085831
8,91;0,085831
8,911667;0,085831
8,913333;0,085831
8,915;0,08297
8,916667;0,08297
8,918333;0,08297
8,92;0,08297
8,921667;0,08297
8,923333;0,08297
8,925;0,08297
8,926667;0,08297
8,928333;0,08297
8,93;0,080109
8,931667;0,080109
8,933333;0,080109
8,935;0,080109
8,936667;0,080109
8,938333;0,080109
8,94;0,080109
8,941667;0,080109
8,943333;0,080109
8,945;0,080109
8,946667;0,077248
8,948333;0,077248
8,95;0,077248
8,951667;0,077248
8,953333;0,077248
8,955;0,077248
8,956667;0,077248
8,958333;0,077248
8,96;0,077248
8,961667;0,077248
8,963333;0,077248
8,965;0,074387
8,966667;0,074387
8,968333;0,074387
8,97;0,074387
8,971667;0,074387
8,973333;0,074387
8,975;0,074387
8,976667;0,074387
8,978333;0,074387
8,98;0,074387
8,981667;0,074387
8,983333;0,074387
8,985;0,074387
8,986667;0,074387
8,988333;0,074387
8,99;0,074387
8,991667;0,074387
8,993333;0,071526
8,995;0,071526
8,996667;0,071526
8,998333;0,071526
9;0,071526
9,001667;0,071526
9,003333;0,071526
9,005;0,071526
9,006667;0,071526
9,008333;0,071526
9,01;0,071526
9,011667;0,071526
9,013333;0,068665
9,015;0,068665
9,016667;0,068665
9,018333;0,068665
9,02;0,068665
9,021667;0,068665
9,023333;0,068665
9,025;0,068665
9,026667;0,068665
9,028333;0,065804
9,03;0,065804
9,031667;0,065804
9,033333;0,065804
9,035;0,065804
9,036667;0,065804
9,038333;0,065804
9,04;0,065804
9,041667;0,065804
9,043333;0,065804
9,045;0,065804
9,046667;0,065804
9,048333;0,065804
9,05;0,065804
9,051667;0,062943
9,053333;0,062943
9,055;0,062943
9,056667;0,062943
9,058333;0,062943
9,06;0,062943
9,061667;0,062943
9,063333;0,062943
9,065;0,062943
9,066667;0,062943
9,068333;0,062943
9,07;0,062943
9,071667;0,062943
9,073333;0,062943
9,075;0,062943
9,076667;0,060081
9,078333;0,060081
9,08;0,060081
9,081667;0,060081
9,083333;0,060081
9,085;0,060081
9,086667;0,060081
9,088333;0,060081
9,09;0,060081
9,091667;0,060081
9,093333;0,05722
9,095;0,05722
9,096667;0,05722
9,098333;0,05722
9,1;0,05722
9,101667;0,05722
9,103333;0,05722
9,105;0,05722
9,106667;0,05722
9,108333;0,05722
9,11;0,05722
9,111667;0,05722
9,113333;0,05722
9,115;0,05722
9,116667;0,05722
9,118333;0,05722
9,12;0,054359
9,121667;0,054359
9,123333;0,054359
9,125;0,054359
9,126667;0,054359
9,128333;0,054359
9,13;0,054359
9,131667;0,054359
9,133333;0,054359
9,135;0,054359
9,136667;0,054359
9,138333;0,054359
9,14;0,054359
9,141667;0,051498
9,143333;0,051498
9,145;0,051498
9,146667;0,051498
9,148333;0,051498
9,15;0,051498
9,151667;0,051498
9,153333;0,051498
9,155;0,051498
9,156667;0,051498
9,158333;0,051498
9,16;0,051498
9,161667;0,051498
9,163333;0,051498
9,165;0,048637
9,166667;0,048637
9,168333;0,048637
9,17;0,048637
9,171667;0,048637
9,173333;0,048637
9,175;0,048637
9,176667;0,048637
9,178333;0,048637
9,18;0,048637
9,181667;0,048637
9,183333;0,048637
9,185;0,048637
9,186667;0,048637
9,188333;0,048637
9,19;0,048637
9,191667;0,048637
9,193333;0,048637
9,195;0,048637
9,196667;0,048637
9,198333;0,048637
9,2;0,048637
9,201667;0,048637
9,203333;0,048637
9,205;0,048637
9,206667;0,048637
9,208333;0,048637
9,21;0,048637
9,211667;0,048637
9,213333;0,048637
9,215;0,048637
9,216667;0,045776
9,218333;0,045776
9,22;0,045776
9,221667;0,045776
9,223333;0,045776
9,225;0,045776
9,226667;0,045776
9,228333;0,045776
9,23;0,045776
9,231667;0,045776
9,233333;0,045776
9,235;0,045776
9,236667;0,042915
9,238333;0,042915
9,24;0,042915
9,241667;0,042915
9,243333;0,042915
9,245;0,042915
9,246667;0,042915
9,248333;0,042915
9,25;0,042915
9,251667;0,042915
9,253333;0,042915
9,255;0,042915
9,256667;0,042915
9,258333;0,042915
9,26;0,042915
9,261667;0,042915
9,263333;0,042915
9,265;0,042915
9,266667;0,042915
9,268333;0,042915
9,27;0,042915
9,271667;0,040054
9,273333;0,040054
9,275;0,040054
9,276667;0,040054
9,278333;0,040054
9,28;0,040054
9,281667;0,040054
9,283333;0,040054
9,285;0,040054
9,286667;0,040054
9,288333;0,040054
9,29;0,040054
9,291667;0,040054
9,293333;0,040054
9,295;0,040054
9,296667;0,040054
9,298333;0,040054
9,3;0,040054
9,301667;0,040054
9,303333;0,040054
9,305;0,040054
9,306667;0,037193
9,308333;0,037193
9,31;0,037193
9,311667;0,037193
9,313333;0,037193
9,315;0,037193
9,316667;0,037193
9,318333;0,037193
9,32;0,037193
9,321667;0,037193
9,323333;0,037193
9,325;0,037193
9,326667;0,037193
9,328333;0,037193
9,33;0,037193
9,331667;0,037193
9,333333;0,037193
9,335;0,037193
9,336667;0,037193
9,338333;0,037193
9,34;0,037193
9,341667;0,037193
9,343333;0,037193
9,345;0,037193
9,346667;0,037193
9,348333;0,037193
9,35;0,037193
9,351667;0,037193
9,353333;0,037193
9,355;0,037193
9,356667;0,037193
9,358333;0,034332
9,36;0,034332
9,361667;0,034332
9,363333;0,034332
9,365;0,034332
9,366667;0,034332
9,368333;0,034332
9,37;0,034332
9,371667;0,034332
9,373333;0,034332
9,375;0,034332
9,376667;0,034332
9,378333;0,034332
9,38;0,034332
9,381667;0,034332
9,383333;0,034332
9,385;0,034332
9,386667;0,034332
9,388333;0,034332
9,39;0,034332
9,391667;0,034332
9,393333;0,034332
9,395;0,031471
9,396667;0,031471
9,398333;0,031471
9,4;0,031471
9,401667;0,031471
9,403333;0,031471
9,405;0,031471
9,406667;0,031471
9,408333;0,031471
9,41;0,031471
9,411667;0,031471
9,413333;0,031471
9,415;0,031471
9,416667;0,031471
9,418333;0,031471
9,42;0,031471
9,421667;0,031471
9,423333;0,031471
9,425;0,031471
9,426667;0,031471
9,428333;0,031471
9,43;0,031471
9,431667;0,031471
9,433333;0,031471
9,435;0,031471
9,436667;0,031471
9,438333;0,031471
9,44;0,031471
9,441667;0,031471
9,443333;0,02861
9,445;0,02861
9,446667;0,02861
9,448333;0,02861
9,45;0,02861
9,451667;0,02861
9,453333;0,02861
9,455;0,02861
9,456667;0,02861
9,458333;0,02861
9,46;0,02861
9,461667;0,02861
9,463333;0,02861
9,465;0,02861
9,466667;0,02861
9,468333;0,02861
9,47;0,02861
9,471667;0,02861
9,473333;0,02861
9,475;0,02861
9,476667;0,02861
9,478333;0,02861
9,48;0,02861
9,481667;0,02861
9,483333;0,02861
9,485;0,02861
9,486667;0,02861
9,488333;0,02861
9,49;0,02861
9,491667;0,02861
9,493333;0,02861
9,495;0,02861
9,496667;0,02861
9,498333;0,02861
9,5;0,02861
9,501667;0,02861
9,503333;0,02861
9,505;0,02861
9,506667;0,02861
9,508333;0,02861
9,51;0,02861
9,511667;0,025749
9,513333;0,025749
9,515;0,025749
9,516667;0,025749
9,518333;0,025749
9,52;0,025749
9,521667;0,025749
9,523333;0,025749
9,525;0,025749
9,526667;0,025749
9,528333;0,025749
9,53;0,025749
9,531667;0,025749
9,533333;0,025749
9,535;0,025749
9,536667;0,025749
9,538333;0,025749
9,54;0,025749
9,541667;0,025749
9,543333;0,025749
9,545;0,025749
9,546667;0,025749
9,548333;0,025749
9,55;0,025749
9,551667;0,025749
9,553333;0,025749
9,555;0,025749
9,556667;0,025749
9,558333;0,025749
9,56;0,022888
9,561667;0,022888
9,563333;0,022888
9,565;0,022888
9,566667;0,022888
9,568333;0,022888
9,57;0,022888
9,571667;0,022888
9,573333;0,022888
9,575;0,022888
9,576667;0,022888
9,578333;0,022888
9,58;0,022888
9,581667;0,022888
9,583333;0,022888
9,585;0,022888
9,586667;0,022888
9,588333;0,022888
9,59;0,022888
9,591667;0,022888
9,593333;0,022888
9,595;0,022888
9,596667;0,022888
9,598333;0,022888
9,6;0,022888
9,601667;0,022888
9,603333;0,022888
9,605;0,022888
9,606667;0,022888
9,608333;0,022888
9,61;0,022888
9,611667;0,022888
9,613333;0,022888
9,615;0,022888
9,616667;0,022888
9,618333;0,022888
9,62;0,022888
9,621667;0,022888
9,623333;0,022888
9,625;0,022888
9,626667;0,022888
9,628333;0,022888
9,63;0,022888
9,631667;0,022888
9,633333;0,022888
9,635;0,022888
9,636667;0,020027
9,638333;0,020027
9,64;0,020027
9,641667;0,020027
9,643333;0,020027
9,645;0,020027
9,646667;0,020027
9,648333;0,020027
9,65;0,020027
9,651667;0,020027
9,653333;0,020027
9,655;0,020027
9,656667;0,020027
9,658333;0,020027
9,66;0,020027
9,661667;0,020027
9,663333;0,020027
9,665;0,020027
9,666667;0,020027
9,668333;0,020027
9,67;0,020027
9,671667;0,020027
9,673333;0,020027
9,675;0,020027
9,676667;0,020027
9,678333;0,020027
9,68;0,020027
9,681667;0,020027
9,683333;0,020027
9,685;0,020027
9,686667;0,020027
9,688333;0,020027
9,69;0,020027
9,691667;0,020027
9,693333;0,020027
9,695;0,017166
9,696667;0,017166
9,698333;0,017166
9,7;0,017166
9,701667;0,017166
9,703333;0,017166
9,705;0,017166
9,706667;0,017166
9,708333;0,017166
9,71;0,017166
9,711667;0,017166
9,713333;0,017166
9,715;0,017166
9,716667;0,017166
9,718333;0,017166
9,72;0,017166
9,721667;0,017166
9,723333;0,017166
9,725;0,017166
9,726667;0,017166
9,728333;0,017166
9,73;0,017166
9,731667;0,017166
9,733333;0,017166
9,735;0,017166
9,736667;0,017166
9,738333;0,017166
9,74;0,017166
9,741667;0,017166
9,743333;0,017166
9,745;0,017166
9,746667;0,017166
9,748333;0,017166
9,75;0,017166
9,751667;0,017166
9,753333;0,017166
9,755;0,017166
9,756667;0,017166
9,758333;0,017166
9,76;0,017166
9,761667;0,017166
9,763333;0,017166
9,765;0,017166
9,766667;0,017166
9,768333;0,017166
9,77;0,017166
9,771667;0,017166
9,773333;0,017166
9,775;0,014305
9,776667;0,014305
9,778333;0,014305
9,78;0,014305
9,781667;0,014305
9,783333;0,014305
9,785;0,014305
9,786667;0,014305
9,788333;0,014305
9,79;0,014305
9,791667;0,014305
9,793333;0,014305
9,795;0,014305
9,796667;0,014305
9,798333;0,014305
9,8;0,014305
9,801667;0,014305
9,803333;0,014305
9,805;0,014305
9,806667;0,014305
9,808333;0,014305
9,81;0,014305
9,811667;0,014305
9,813333;0,014305
9,815;0,014305
9,816667;0,014305
9,818333;0,014305
9,82;0,014305
9,821667;0,014305
9,823333;0,014305
9,825;0,014305
9,826667;0,014305
9,828333;0,014305
9,83;0,014305
9,831667;0,014305
9,833333;0,014305
9,835;0,014305
9,836667;0,014305
9,838333;0,014305
9,84;0,014305
9,841667;0,014305
9,843333;0,014305
9,845;0,014305
9,846667;0,014305
9,848333;0,014305
9,85;0,014305
9,851667;0,014305
9,853333;0,014305
9,855;0,011444
9,856667;0,011444
9,858333;0,011444
9,86;0,011444
9,861667;0,011444
9,863333;0,011444
9,865;0,011444
9,866667;0,011444
9,868333;0,011444
9,87;0,011444
9,871667;0,011444
9,873333;0,011444
9,875;0,011444
9,876667;0,011444
9,878333;0,011444
9,88;0,011444
9,881667;0,011444
9,883333;0,011444
9,885;0,011444
9,886667;0,011444
9,888333;0,011444
9,89;0,011444
9,891667;0,011444
9,893333;0,011444
9,895;0,011444
9,896667;0,008583
9,898333;0,008583
9,9;0,008583
9,901667;0,008583
9,903333;0,008583
9,905;0,008583
9,906667;0,008583
9,908333;0,008583
9,91;0,008583
9,911667;0,008583
9,913333;0,011444
9,915;0,011444
9,916667;0,011444
9,918333;0,011444
9,92;0,011444
9,921667;0,011444
9,923333;0,011444
9,925;0,011444
9,926667;0,011444
9,928333;0,011444
9,93;0,011444
9,931667;0,011444
9,933333;0,011444
9,935;0,011444
9,936667;0,011444
9,938333;0,011444
9,94;0,011444
9,941667;0,011444
9,943333;0,011444
9,945;0,011444
9,946667;0,008583
9,948333;0,008583
9,95;0,008583
9,951667;0,008583
9,953333;0,008583
9,955;0,008583
9,956667;0,008583
9,958333;0,008583
9,96;0,008583
9,961667;0,008583
9,963333;0,008583
9,965;0,008583
9,966667;0,008583
9,968333;0,008583
9,97;0,008583
9,971667;0,008583
9,973333;0,008583
9,975;0,008583
9,976667;0,008583
9,978333;0,008583
9,98;0,008583
9,981667;0,008583
9,983333;0,008583
9,985;0,008583
9,986667;0,008583
9,988333;0,008583
9,99;0,008583
9,991667;0,008583
9,993333;0,008583
9,995;0,008583
9,996667;0,008583
9,998333;0,008583
10;0,008583
10,001667;0,008583
10,003333;0,008583
10,005;0,008583
10,006667;0,008583
10,008333;0,008583
10,01;0,008583
10,011667;0,008583
10,013333;0,008583
10,015;0,008583
10,016667;0,005722
10,018333;0,005722
10,02;0,005722
10,021667;0,005722
10,023333;0,005722
10,025;0,005722
10,026667;0,005722
10,028333;0,005722
10,03;0,005722
10,031667;0,005722
10,033333;0,005722
10,035;0,005722
10,036667;0,005722
10,038333;0,005722
10,04;0,005722
10,041667;0,005722
10,043333;0,005722
10,045;0,005722
10,046667;0,005722
10,048333;0,005722
10,05;0,005722
10,051667;0,005722
10,053333;0,005722
10,055;0,005722
10,056667;0,005722
10,058333;0,005722
10,06;0,005722
10,061667;0,005722
10,063333;0,005722
10,065;0,005722
10,066667;0,005722
10,068333;0,005722
10,07;0,005722
10,071667;0,005722
10,073333;0,005722
10,075;0,005722
10,076667;0,005722
10,078333;0,005722
10,08;0,005722
10,081667;0,005722
10,083333;0,005722
10,085;0,005722
10,086667;0,005722
10,088333;0,005722
10,09;0,005722
10,091667;0,005722
10,093333;0,005722
10,095;0,005722
10,096667;0,005722
10,098333;0,005722
10,1;0,005722
10,101667;0,005722
10,103333;0,005722
10,105;0,005722
10,106667;0,005722
10,108333;0,005722
10,11;0,005722
10,111667;0,005722
10,113333;0,005722
10,115;0,005722
10,116667;0,005722
10,118333;0,005722
10,12;0,005722
10,121667;0,005722
10,123333;0,005722
10,125;0,005722
10,126667;0,005722
10,128333;0,005722
10,13;0,005722
10,131667;0,005722
10,133333;0,005722
10,135;0,005722
10,136667;0,005722
10,138333;0,005722
10,14;0,005722
10,141667;0,005722
10,143333;0,005722
10,145;0,005722
10,146667;0,005722
10,148333;0,005722
10,15;0,005722
10,151667;0,005722
10,153333;0,005722
10,155;0,005722
10,156667;0,005722
10,158333;0,005722
10,16;0,005722
10,161667;0,005722
10,163333;0,005722
10,165;0,005722
10,166667;0,005722
10,168333;0,005722
10,17;0,005722
10,171667;0,005722
10,173333;0,005722
10,175;0,005722
10,176667;0,005722
10,178333;0,005722
10,18;0,005722
10,181667;0,005722
10,183333;0,005722
10,185;0,005722
10,186667;0,005722
10,188333;0,005722
10,19;0,005722
10,191667;0,005722
10,193333;0,005722
10,195;0,005722
10,196667;0,005722
10,198333;0,005722
10,2;0,005722
10,201667;0,005722
10,203333;0,005722
10,205;0,005722
10,206667;0,005722
10,208333;0,005722
10,21;0,005722
10,211667;0,005722
10,213333;0,005722
10,215;0,005722
10,216667;0,005722
10,218333;0,005722
10,22;0,005722
10,221667;0,005722
10,223333;0,005722
10,225;0,005722
10,226667;0,005722
10,228333;0,005722
10,23;0,005722
10,231667;0,005722
10,233333;0,005722
10,235;0,005722
10,236667;0,005722
10,238333;0,005722
10,24;0,005722
10,241667;0,005722
10,243333;0,005722
10,245;0,005722
10,246667;0,005722
10,248333;0,005722
10,25;0,005722
10,251667;0,005722
10,253333;0,005722
10,255;0,005722
10,256667;0,005722
10,258333;0,005722
10,26;0,005722
10,261667;0,005722
10,263333;0,005722
10,265;0,005722
10,266667;0,005722
10,268333;0,005722
10,27;0,005722
10,271667;0,005722
10,273333;0,005722
10,275;0,005722
10,276667;0,005722
10,278333;0,005722
10,28;0,005722
10,281667;0,005722
10,283333;0,005722
10,285;0,005722
10,286667;0,005722
10,288333;0,005722
10,29;0,005722
10,291667;0,005722
10,293333;0,005722
10,295;0,005722
10,296667;0,005722
10,298333;0,008583
10,3;0,008583
10,301667;0,008583
10,303333;0,008583
10,305;0,008583
10,306667;0,008583
10,308333;0,008583
10,31;0,008583
10,311667;0,008583
10,313333;0,008583
10,315;0,008583
10,316667;0,008583
10,318333;0,008583
10,32;0,008583
10,321667;0,008583
10,323333;0,008583
10,325;0,008583
10,326667;0,008583
10,328333;0,008583
10,33;0,008583
10,331667;0,011444
10,333333;0,011444
10,335;0,011444
10,336667;0,011444
10,338333;0,011444
10,34;0,011444
10,341667;0,011444
10,343333;0,011444
10,345;0,011444
10,346667;0,011444
10,348333;0,011444
10,35;0,011444
10,351667;0,011444
10,353333;0,011444
10,355;0,011444
10,356667;0,011444
10,358333;0,011444
10,36;0,011444
10,361667;0,011444
10,363333;0,011444
10,365;0,011444
10,366667;0,014305
10,368333;0,014305
10,37;0,014305
10,371667;0,014305
10,373333;0,014305
10,375;0,014305
10,376667;0,014305
10,378333;0,014305
10,38;0,014305
10,381667;0,014305
10,383333;0,014305
10,385;0,014305
10,386667;0,014305
10,388333;0,014305
10,39;0,014305
10,391667;0,014305
10,393333;0,014305
10,395;0,014305
10,396667;0,014305
10,398333;0,014305
10,4;0,017166
10,401667;0,017166
10,403333;0,017166
10,405;0,017166
10,406667;0,017166
10,408333;0,017166
10,41;0,017166
10,411667;0,017166
10,413333;0,017166
10,415;0,017166
10,416667;0,017166
10,418333;0,017166
10,42;0,017166
10,421667;0,017166
10,423333;0,017166
10,425;0,017166
10,426667;0,017166
10,428333;0,017166
10,43;0,017166
10,431667;0,017166
10,433333;0,017166
10,435;0,017166
10,436667;0,017166
10,438333;0,017166
10,44;0,017166
10,441667;0,017166
10,443333;0,017166
10,445;0,017166
10,446667;0,017166
10,448333;0,017166
10,45;0,017166
10,451667;0,017166
10,453333;0,017166
10,455;0,017166
10,456667;0,017166
10,458333;0,017166
10,46;0,017166
10,461667;0,017166
10,463333;0,017166
10,465;0,017166
10,466667;0,017166
10,468333;0,017166
10,47;0,017166
10,471667;0,017166
10,473333;0,017166
10,475;0,017166
10,476667;0,017166
10,478333;0,017166
10,48;0,017166
10,481667;0,017166
10,483333;0,017166
10,485;0,017166
10,486667;0,017166
10,488333;0,017166
10,49;0,017166
10,491667;0,017166
10,493333;0,017166
10,495;0,017166
10,496667;0,017166
10,498333;0,017166
10,5;0,017166
10,501667;0,017166
10,503333;0,017166
10,505;0,017166
10,506667;0,017166
10,508333;0,017166
10,51;0,017166
10,511667;0,017166
10,513333;0,017166
10,515;0,017166
10,516667;0,017166
10,518333;0,017166
10,52;0,017166
10,521667;0,017166
10,523333;0,017166
10,525;0,017166
10,526667;0,017166
10,528333;0,017166
10,53;0,017166
10,531667;0,017166
10,533333;0,017166
10,535;0,017166
10,536667;0,014305
10,538333;0,014305
10,54;0,014305
10,541667;0,014305
10,543333;0,014305
10,545;0,014305
10,546667;0,014305
10,548333;0,014305
10,55;0,014305
10,551667;0,014305
10,553333;0,014305
10,555;0,014305
10,556667;0,014305
10,558333;0,014305
10,56;0,014305
10,561667;0,014305
10,563333;0,014305
10,565;0,014305
10,566667;0,014305
10,568333;0,011444
10,57;0,011444
10,571667;0,011444
10,573333;0,011444
10,575;0,011444
10,576667;0,011444
10,578333;0,011444
10,58;0,011444
10,581667;0,011444
10,583333;0,011444
10,585;0,011444
10,586667;0,011444
10,588333;0,011444
10,59;0,011444
10,591667;0,011444
10,593333;0,011444
10,595;0,011444
10,596667;0,011444
10,598333;0,011444
10,6;0,011444
10,601667;0,011444
10,603333;0,011444
10,605;0,011444
10,606667;0,011444
10,608333;0,011444
10,61;0,011444
10,611667;0,011444
10,613333;0,008583
10,615;0,008583
10,616667;0,008583
10,618333;0,008583
10,62;0,008583
10,621667;0,008583
10,623333;0,008583
10,625;0,008583
10,626667;0,008583
10,628333;0,008583
10,63;0,008583
10,631667;0,008583
10,633333;0,008583
10,635;0,008583
10,636667;0,008583
10,638333;0,008583
10,64;0,005722
10,641667;0,005722
10,643333;0,005722
10,645;0,005722
10,646667;0,005722
10,648333;0,005722
10,65;0,005722
10,651667;0,005722
10,653333;0,005722
10,655;0,005722
10,656667;0,005722
10,658333;0,005722
10,66;0,005722
10,661667;0,005722
10,663333;0,005722
10,665;0,005722
10,666667;0,005722
10,668333;0,005722
10,67;0,005722
10,671667;0,005722
10,673333;0,005722
10,675;0,005722
10,676667;0,005722
10,678333;0,005722
10,68;0,005722
10,681667;0,005722
10,683333;0,005722
10,685;0,005722
10,686667;0,005722
10,688333;0,005722
10,69;0,005722
10,691667;0,005722
10,693333;0,005722
10,695;0,005722
10,696667;0,002861
10,698333;0,002861
10,7;0,002861
10,701667;0,002861
10,703333;0,002861
10,705;0,002861
10,706667;0,002861
10,708333;0,002861
10,71;0,002861
10,711667;0,002861
10,713333;0,002861
10,715;0,002861
10,716667;0,002861
10,718333;0,002861
10,72;0,002861
10,721667;0,002861
10,723333;0,002861
10,725;0,002861
10,726667;0,002861
10,728333;0,002861
10,73;0,002861
10,731667;0,002861
10,733333;0,002861
10,735;0,002861
10,736667;0,002861
10,738333;0,002861
10,74;0,002861
10,741667;0,002861
10,743333;0,002861
10,745;0,002861
10,746667;0,002861
10,748333;0,002861
10,75;0,002861
10,751667;0,002861
10,753333;0,002861
10,755;0,002861
10,756667;0,002861
10,758333;0,002861
10,76;0
10,761667;0
10,763333;0
10,765;0
10,766667;0
10,768333;0
10,77;0
10,771667;0
10,773333;0
10,775;0
10,776667;0
10,778333;0
10,78;0
10,781667;0
10,783333;0
10,785;0
10,786667;0
10,788333;0
10,79;0
10,791667;0
10,793333;0
10,795;0
10,796667;0
10,798333;0
10,8;-0,002861
10,801667;-0,002861
10,803333;-0,002861
10,805;-0,002861
10,806667;-0,002861
10,808333;-0,002861
10,81;-0,002861
10,811667;-0,002861
10,813333;-0,002861
10,815;-0,002861
10,816667;-0,002861
10,818333;-0,002861
10,82;-0,002861
10,821667;-0,002861
10,823333;-0,002861
10,825;-0,002861
10,826667;-0,002861
10,828333;-0,002861
10,83;-0,002861
10,831667;-0,002861
10,833333;0
10,835;0
10,836667;0
10,838333;0
10,84;0
10,841667;-0,002861
10,843333;-0,002861
10,845;-0,002861
10,846667;-0,002861
10,848333;-0,002861
10,85;-0,002861
10,851667;-0,002861
10,853333;-0,002861
10,855;-0,002861
10,856667;-0,002861
10,858333;-0,002861
10,86;-0,002861
10,861667;-0,002861
10,863333;-0,002861
10,865;-0,002861
10,866667;-0,002861
10,868333;-0,002861
10,87;-0,002861
10,871667;-0,002861
10,873333;-0,002861
10,875;-0,002861
10,876667;-0,002861
10,878333;-0,002861
10,88;-0,002861
10,881667;-0,002861
10,883333;-0,002861
10,885;-0,002861
10,886667;-0,002861
10,888333;-0,002861
10,89;-0,002861
10,891667;-0,002861
10,893333;-0,002861
10,895;-0,002861
10,896667;-0,002861
10,898333;-0,002861
10,9;-0,002861
10,901667;-0,002861
10,903333;-0,002861
10,905;-0,002861
10,906667;-0,002861
10,908333;-0,002861
10,91;-0,002861
10,911667;-0,002861
10,913333;-0,002861
10,915;-0,002861
10,916667;-0,002861
10,918333;-0,002861
10,92;-0,002861
10,921667;-0,002861
10,923333;-0,002861
10,925;-0,002861
10,926667;-0,002861
10,928333;-0,002861
10,93;-0,002861
10,931667;-0,002861
10,933333;-0,002861
10,935;-0,002861
10,936667;-0,002861
10,938333;-0,002861
10,94;-0,002861
10,941667;-0,002861
10,943333;-0,002861
10,945;-0,002861
10,946667;-0,002861
10,948333;-0,002861
10,95;-0,002861
10,951667;-0,002861
10,953333;-0,002861
10,955;-0,002861
10,956667;-0,002861
10,958333;-0,002861
10,96;-0,002861
10,961667;-0,002861
10,963333;-0,002861
10,965;-0,002861
10,966667;-0,002861
10,968333;-0,002861
10,97;-0,002861
10,971667;-0,002861
10,973333;-0,002861
10,975;-0,002861
10,976667;-0,002861
10,978333;-0,002861
10,98;-0,002861
10,981667;-0,002861
10,983333;-0,002861
10,985;-0,002861
10,986667;-0,002861
10,988333;-0,002861
10,99;-0,002861
10,991667;-0,002861
10,993333;-0,002861
10,995;-0,002861
10,996667;-0,002861
10,998333;-0,002861
11;-0,002861
11,001667;-0,002861
11,003333;-0,002861
11,005;-0,002861
11,006667;-0,005722
11,008333;-0,005722
11,01;-0,005722
11,011667;-0,005722
11,013333;-0,005722
11,015;-0,005722
11,016667;-0,005722
11,018333;-0,005722
11,02;-0,005722
11,021667;-0,005722
11,023333;-0,005722
11,025;-0,005722
11,026667;-0,005722
11,028333;-0,005722
11,03;-0,005722
11,031667;-0,005722
11,033333;-0,005722
11,035;-0,005722
11,036667;-0,005722
11,038333;-0,005722
11,04;-0,005722
11,041667;-0,005722
11,043333;-0,005722
11,045;-0,005722
11,046667;-0,005722
11,048333;-0,005722
11,05;-0,005722
11,051667;-0,005722
11,053333;-0,005722
11,055;-0,005722
11,056667;-0,005722
11,058333;-0,005722
11,06;-0,005722
11,061667;-0,005722
11,063333;-0,005722
11,065;-0,005722
11,066667;-0,005722
11,068333;-0,005722
11,07;-0,005722
11,071667;-0,005722
11,073333;-0,005722
11,075;-0,005722
11,076667;-0,005722
11,078333;-0,005722
11,08;-0,005722
11,081667;-0,005722
11,083333;-0,005722
11,085;-0,005722
11,086667;-0,005722
11,088333;-0,005722
11,09;-0,005722
11,091667;-0,005722
11,093333;-0,002861
11,095;-0,002861
11,096667;-0,002861
11,098333;-0,002861
11,1;-0,002861
11,101667;-0,002861
11,103333;-0,002861
11,105;-0,005722
11,106667;-0,005722
11,108333;-0,005722
11,11;-0,005722
11,111667;-0,005722
11,113333;-0,005722
11,115;-0,005722
11,116667;-0,005722
11,118333;-0,005722
11,12;-0,005722
11,121667;-0,005722
11,123333;-0,005722
11,125;-0,005722
11,126667;-0,005722
11,128333;-0,005722
11,13;-0,005722
11,131667;-0,005722
11,133333;-0,005722
11,135;-0,005722
11,136667;-0,005722
11,138333;-0,005722
11,14;-0,005722
11,141667;-0,005722
11,143333;-0,005722
11,145;-0,005722
11,146667;-0,005722
11,148333;-0,005722
11,15;-0,005722
11,151667;-0,005722
11,153333;-0,005722
11,155;-0,005722
11,156667;-0,005722
11,158333;-0,005722
11,16;-0,005722
11,161667;-0,005722
11,163333;-0,005722
11,165;-0,005722
11,166667;-0,005722
11,168333;-0,005722
11,17;-0,005722
11,171667;-0,005722
11,173333;-0,005722
11,175;-0,005722
11,176667;-0,005722
11,178333;-0,005722
11,18;-0,005722
11,181667;-0,005722
11,183333;-0,005722
11,185;-0,005722
11,186667;-0,005722
11,188333;-0,005722
11,19;-0,005722
11,191667;-0,005722
11,193333;-0,005722
11,195;-0,005722
11,196667;-0,005722
11,198333;-0,005722
11,2;-0,005722
11,201667;-0,005722
11,203333;-0,005722
11,205;-0,005722
11,206667;-0,005722
11,208333;-0,005722
11,21;-0,005722
11,211667;-0,005722
11,213333;-0,005722
11,215;-0,005722
11,216667;-0,005722
11,218333;-0,005722
11,22;-0,005722
11,221667;-0,005722
11,223333;-0,005722
11,225;-0,005722
11,226667;-0,005722
11,228333;-0,005722
11,23;-0,005722
11,231667;-0,005722
11,233333;-0,005722
11,235;-0,005722
11,236667;-0,005722
11,238333;-0,005722
11,24;-0,005722
11,241667;-0,005722
11,243333;-0,005722
11,245;-0,005722
11,246667;-0,005722
11,248333;-0,005722
11,25;-0,005722
11,251667;-0,005722
11,253333;-0,005722
11,255;-0,005722
11,256667;-0,005722
11,258333;-0,005722
11,26;-0,005722
11,261667;-0,005722
11,263333;-0,005722
11,265;-0,005722
11,266667;-0,005722
11,268333;-0,005722
11,27;-0,005722
11,271667;-0,005722
11,273333;-0,005722
11,275;-0,005722
11,276667;-0,005722
11,278333;-0,005722
11,28;-0,005722
11,281667;-0,005722
11,283333;-0,005722
11,285;-0,005722
11,286667;-0,005722
11,288333;-0,005722
11,29;-0,005722
11,291667;-0,005722
11,293333;-0,005722
11,295;-0,005722
11,296667;-0,005722
11,298333;-0,005722
11,3;-0,005722
11,301667;-0,005722
11,303333;-0,005722
11,305;-0,005722
11,306667;-0,005722
11,308333;-0,005722
11,31;-0,005722
11,311667;-0,005722
11,313333;-0,005722
11,315;-0,005722
11,316667;-0,005722
11,318333;-0,005722
11,32;-0,005722
11,321667;-0,005722
11,323333;-0,005722
11,325;-0,005722
11,326667;-0,005722
11,328333;-0,005722
11,33;-0,005722
11,331667;-0,005722
11,333333;-0,005722
11,335;-0,005722
11,336667;-0,005722
11,338333;-0,005722
11,34;-0,005722
11,341667;-0,005722
11,343333;-0,005722
11,345;-0,008583
11,346667;-0,008583
11,348333;-0,008583
11,35;-0,008583
11,351667;-0,008583
11,353333;-0,008583
11,355;-0,008583
11,356667;-0,008583
11,358333;-0,008583
11,36;-0,008583
11,361667;-0,008583
11,363333;-0,008583
11,365;-0,008583
11,366667;-0,008583
11,368333;-0,008583
11,37;-0,008583
11,371667;-0,008583
11,373333;-0,008583
11,375;-0,008583
11,376667;-0,008583
11,378333;-0,008583
11,38;-0,008583
11,381667;-0,008583
11,383333;-0,008583
11,385;-0,008583
11,386667;-0,008583
11,388333;-0,008583
11,39;-0,008583
11,391667;-0,008583
11,393333;-0,008583
11,395;-0,008583
11,396667;-0,008583
11,398333;-0,008583
11,4;-0,008583
11,401667;-0,008583
11,403333;-0,008583
11,405;-0,008583
11,406667;-0,008583
11,408333;-0,008583
11,41;-0,008583
11,411667;-0,008583
11,413333;-0,008583
11,415;-0,008583
11,416667;-0,008583
11,418333;-0,008583
11,42;-0,008583
11,421667;-0,008583
11,423333;-0,008583
11,425;-0,008583
11,426667;-0,008583
11,428333;-0,008583
11,43;-0,008583
11,431667;-0,008583
11,433333;-0,008583
11,435;-0,008583
11,436667;-0,008583
11,438333;-0,008583
11,44;-0,008583
11,441667;-0,008583
11,443333;-0,008583
11,445;-0,008583
11,446667;-0,008583
11,448333;-0,008583
11,45;-0,008583
11,451667;-0,005722
11,453333;-0,005722
11,455;-0,005722
11,456667;-0,005722
11,458333;-0,005722
11,46;-0,005722
11,461667;-0,005722
11,463333;-0,005722
11,465;-0,005722
11,466667;-0,005722
11,468333;-0,005722
11,47;-0,005722
11,471667;-0,005722
11,473333;-0,008583
11,475;-0,008583
11,476667;-0,008583
11,478333;-0,008583
11,48;-0,008583
11,481667;-0,008583
11,483333;-0,008583
11,485;-0,008583
11,486667;-0,008583
11,488333;-0,008583
11,49;-0,008583
11,491667;-0,008583
11,493333;-0,008583
11,495;-0,008583
11,496667;-0,008583
11,498333;-0,008583
11,5;-0,008583
11,501667;-0,008583
11,503333;-0,008583
11,505;-0,008583
11,506667;-0,008583
11,508333;-0,008583
11,51;-0,008583
11,511667;-0,008583
11,513333;-0,008583
11,515;-0,008583
11,516667;-0,008583
11,518333;-0,008583
11,52;-0,008583
11,521667;-0,008583
11,523333;-0,008583
11,525;-0,008583
11,526667;-0,008583
11,528333;-0,008583
11,53;-0,008583
11,531667;-0,008583
11,533333;-0,008583
11,535;-0,008583
11,536667;-0,008583
11,538333;-0,008583
11,54;-0,008583
11,541667;-0,008583
11,543333;-0,008583
11,545;-0,008583
11,546667;-0,008583
11,548333;-0,008583
11,55;-0,008583
11,551667;-0,008583
11,553333;-0,008583
11,555;-0,008583
11,556667;-0,008583
11,558333;-0,008583
11,56;-0,008583
11,561667;-0,008583
11,563333;-0,008583
11,565;-0,008583
11,566667;-0,008583
11,568333;-0,008583
11,57;-0,008583
11,571667;-0,008583
11,573333;-0,008583
11,575;-0,008583
11,576667;-0,008583
11,578333;-0,008583
11,58;-0,008583
11,581667;-0,008583
11,583333;-0,008583
11,585;-0,008583
11,586667;-0,008583
11,588333;-0,008583
11,59;-0,008583
11,591667;-0,008583
11,593333;-0,008583
11,595;-0,008583
11,596667;-0,008583
11,598333;-0,008583
11,6;-0,008583
11,601667;-0,008583
11,603333;-0,008583
11,605;-0,008583
11,606667;-0,008583
11,608333;-0,008583
11,61;-0,008583
11,611667;-0,008583
11,613333;-0,008583
11,615;-0,008583
11,616667;-0,008583
11,618333;-0,008583
11,62;-0,008583
11,621667;-0,008583
11,623333;-0,008583
11,625;-0,008583
11,626667;-0,008583
11,628333;-0,008583
11,63;-0,008583
11,631667;-0,008583
11,633333;-0,008583
11,635;-0,008583
11,636667;-0,008583
11,638333;-0,008583
11,64;-0,008583
11,641667;-0,008583
11,643333;-0,008583
11,645;-0,008583
11,646667;-0,008583
11,648333;-0,008583
11,65;-0,008583
11,651667;-0,008583
11,653333;-0,008583
11,655;-0,008583
11,656667;-0,008583
11,658333;-0,008583
11,66;-0,008583
11,661667;-0,008583
11,663333;-0,008583
11,665;-0,008583
11,666667;-0,008583
11,668333;-0,008583
11,67;-0,008583
11,671667;-0,008583
11,673333;-0,008583
11,675;-0,008583
11,676667;-0,008583
11,678333;-0,008583
11,68;-0,008583
11,681667;-0,008583
11,683333;-0,008583
11,685;-0,008583
11,686667;-0,008583
11,688333;-0,008583
11,69;-0,008583
11,691667;-0,008583
11,693333;-0,008583
11,695;-0,008583
11,696667;-0,008583
11,698333;-0,008583
11,7;-0,008583
11,701667;-0,008583
11,703333;-0,008583
11,705;-0,008583
11,706667;-0,008583
11,708333;-0,008583
11,71;-0,008583
11,711667;-0,008583
11,713333;-0,008583
11,715;-0,008583
11,716667;-0,008583
11,718333;-0,008583
11,72;-0,008583
11,721667;-0,008583
11,723333;-0,008583
11,725;-0,008583
11,726667;-0,008583
11,728333;-0,008583
11,73;-0,008583
11,731667;-0,008583
11,733333;-0,008583
11,735;-0,008583
11,736667;-0,008583
11,738333;-0,008583
11,74;-0,008583
11,741667;-0,008583
11,743333;-0,008583
11,745;-0,008583
11,746667;-0,008583
11,748333;-0,008583
11,75;-0,008583
11,751667;-0,008583
11,753333;-0,008583
11,755;-0,008583
11,756667;-0,008583
11,758333;-0,008583
11,76;-0,008583
11,761667;-0,008583
11,763333;-0,008583
11,765;-0,008583
11,766667;-0,008583
11,768333;-0,008583
11,77;-0,008583
11,771667;-0,008583
11,773333;-0,008583
11,775;-0,008583
11,776667;-0,008583
11,778333;-0,008583
11,78;-0,008583
11,781667;-0,008583
11,783333;-0,008583
11,785;-0,008583
11,786667;-0,008583
11,788333;-0,008583
11,79;-0,008583
11,791667;-0,008583
11,793333;-0,008583
11,795;-0,011444
11,796667;-0,011444
11,798333;-0,011444
11,8;-0,011444
11,801667;-0,011444
11,803333;-0,011444
11,805;-0,011444
11,806667;-0,011444
11,808333;-0,011444
11,81;-0,011444
11,811667;-0,011444
11,813333;-0,011444
11,815;-0,011444
11,816667;-0,011444
11,818333;-0,011444
11,82;-0,011444
11,821667;-0,011444
11,823333;-0,011444
11,825;-0,011444
11,826667;-0,011444
11,828333;-0,011444
11,83;-0,011444
11,831667;-0,011444
11,833333;-0,011444
11,835;-0,011444
11,836667;-0,011444
11,838333;-0,011444
11,84;-0,011444
11,841667;-0,011444
11,843333;-0,011444
11,845;-0,011444
11,846667;-0,011444
11,848333;-0,011444
11,85;-0,011444
11,851667;-0,011444
11,853333;-0,011444
11,855;-0,011444
11,856667;-0,011444
11,858333;-0,011444
11,86;-0,011444
11,861667;-0,011444
11,863333;-0,011444
11,865;-0,011444
11,866667;-0,011444
11,868333;-0,011444
11,87;-0,011444
11,871667;-0,011444
11,873333;-0,011444
11,875;-0,011444
11,876667;-0,011444
11,878333;-0,011444
11,88;-0,011444
11,881667;-0,011444
11,883333;-0,011444
11,885;-0,011444
11,886667;-0,011444
11,888333;-0,011444
11,89;-0,011444
11,891667;-0,011444
11,893333;-0,011444
11,895;-0,011444
11,896667;-0,011444
11,898333;-0,011444
11,9;-0,011444
11,901667;-0,011444
11,903333;-0,011444
11,905;-0,011444
11,906667;-0,011444
11,908333;-0,008583
11,91;-0,008583
11,911667;-0,008583
11,913333;-0,008583
11,915;-0,008583
11,916667;-0,008583
11,918333;-0,008583
11,92;-0,008583
11,921667;-0,008583
11,923333;-0,008583
11,925;-0,008583
11,926667;-0,008583
11,928333;-0,008583
11,93;-0,008583
11,931667;-0,008583
11,933333;-0,008583
11,935;-0,008583
11,936667;-0,008583
11,938333;-0,008583
11,94;-0,008583
11,941667;-0,008583
11,943333;-0,008583
11,945;-0,008583
11,946667;-0,008583
11,948333;-0,008583
11,95;-0,008583
11,951667;-0,008583
11,953333;-0,008583
11,955;-0,008583
11,956667;-0,008583
11,958333;-0,008583
11,96;-0,008583
11,961667;-0,008583
11,963333;-0,008583
11,965;-0,008583
11,966667;-0,008583
11,968333;-0,008583
11,97;-0,008583
11,971667;-0,008583
11,973333;-0,008583
11,975;-0,008583
11,976667;-0,008583
11,978333;-0,008583
11,98;-0,008583
11,981667;-0,008583
11,983333;-0,008583
11,985;-0,008583
11,986667;-0,008583
11,988333;-0,008583
11,99;-0,008583
11,991667;-0,011444
11,993333;-0,011444
11,995;-0,011444
11,996667;-0,011444
11,998333;-0,011444
12;-0,011444
12,001667;-0,011444
12,003333;-0,011444
12,005;-0,011444
12,006667;-0,011444
12,008333;-0,011444
12,01;-0,011444
12,011667;-0,011444
12,013333;-0,011444
12,015;-0,011444
12,016667;-0,011444
12,018333;-0,011444
12,02;-0,011444
12,021667;-0,011444
12,023333;-0,011444
12,025;-0,011444
12,026667;-0,008583
12,028333;-0,008583
12,03;-0,008583
12,031667;-0,008583
12,033333;-0,008583
12,035;-0,008583
12,036667;-0,008583
12,038333;-0,008583
12,04;-0,008583
12,041667;-0,008583
12,043333;-0,008583
12,045;-0,008583
12,046667;-0,008583
12,048333;-0,008583
12,05;-0,008583
12,051667;-0,008583
12,053333;-0,008583
12,055;-0,008583
12,056667;-0,008583
12,058333;-0,008583
12,06;-0,008583
12,061667;-0,008583
12,063333;-0,008583
12,065;-0,008583
12,066667;-0,008583
12,068333;-0,008583
12,07;-0,008583
12,071667;-0,008583
12,073333;-0,008583
12,075;-0,008583
12,076667;-0,008583
12,078333;-0,008583
12,08;-0,008583
12,081667;-0,008583
12,083333;-0,008583
12,085;-0,008583
12,086667;-0,008583
12,088333;-0,008583
12,09;-0,008583
12,091667;-0,008583
12,093333;-0,008583
12,095;-0,008583
12,096667;-0,008583
12,098333;-0,008583
12,1;-0,008583
12,101667;-0,008583
12,103333;-0,008583
12,105;-0,008583
12,106667;-0,008583
12,108333;-0,008583
12,11;-0,008583
12,111667;-0,008583
12,113333;-0,008583
12,115;-0,008583
12,116667;-0,008583
12,118333;-0,008583
12,12;-0,008583
12,121667;-0,008583
12,123333;-0,008583
12,125;-0,008583
12,126667;-0,008583
12,128333;-0,008583
12,13;-0,008583
12,131667;-0,008583
12,133333;-0,008583
12,135;-0,008583
12,136667;-0,008583
12,138333;-0,008583
12,14;-0,008583
12,141667;-0,008583
12,143333;-0,008583
12,145;-0,008583
12,146667;-0,008583
12,148333;-0,008583
12,15;-0,008583
12,151667;-0,008583
12,153333;-0,008583
12,155;-0,008583
12,156667;-0,008583
12,158333;-0,008583
12,16;-0,008583
12,161667;-0,008583
12,163333;-0,008583
12,165;-0,008583
12,166667;-0,008583
12,168333;-0,008583
12,17;-0,008583
12,171667;-0,008583
12,173333;-0,008583
12,175;-0,008583
12,176667;-0,008583
12,178333;-0,008583
12,18;-0,008583
12,181667;-0,008583
12,183333;-0,008583
12,185;-0,008583
12,186667;-0,008583
12,188333;-0,008583
12,19;-0,008583
12,191667;-0,008583
12,193333;-0,008583
12,195;-0,008583
12,196667;-0,008583
12,198333;-0,008583
12,2;-0,008583
12,201667;-0,008583
12,203333;-0,008583
12,205;-0,008583
12,206667;-0,008583
12,208333;-0,008583
12,21;-0,011444
12,211667;-0,011444
12,213333;-0,011444
12,215;-0,011444
12,216667;-0,011444
12,218333;-0,011444
12,22;-0,011444
12,221667;-0,011444
12,223333;-0,011444
12,225;-0,011444
12,226667;-0,011444
12,228333;-0,011444
12,23;-0,011444
12,231667;-0,011444
12,233333;-0,011444
12,235;-0,011444
12,236667;-0,011444
12,238333;-0,011444
12,24;-0,011444
12,241667;-0,011444
12,243333;-0,011444
12,245;-0,011444
12,246667;-0,011444
12,248333;-0,011444
12,25;-0,011444
12,251667;-0,011444
12,253333;-0,011444
12,255;-0,011444
12,256667;-0,011444
12,258333;-0,011444
12,26;-0,011444
12,261667;-0,011444
12,263333;-0,011444
12,265;-0,011444
12,266667;-0,011444
12,268333;-0,011444
12,27;-0,011444
12,271667;-0,011444
12,273333;-0,011444
12,275;-0,011444
12,276667;-0,011444
12,278333;-0,011444
12,28;-0,011444
12,281667;-0,011444
12,283333;-0,011444
12,285;-0,011444
12,286667;-0,011444
12,288333;-0,011444
12,29;-0,011444
12,291667;-0,011444
12,293333;-0,011444
12,295;-0,011444
12,296667;-0,011444
12,298333;-0,011444
12,3;-0,011444
12,301667;-0,011444
12,303333;-0,011444
12,305;-0,011444
12,306667;-0,011444
12,308333;-0,011444
12,31;-0,011444
12,311667;-0,011444
12,313333;-0,011444
12,315;-0,011444
12,316667;-0,011444
12,318333;-0,011444
12,32;-0,011444
12,321667;-0,011444
12,323333;-0,011444
12,325;-0,011444
12,326667;-0,011444
12,328333;-0,011444
12,33;-0,011444
12,331667;-0,011444
12,333333;-0,011444
12,335;-0,011444
12,336667;-0,011444
12,338333;-0,011444
12,34;-0,011444
12,341667;-0,011444
12,343333;-0,011444
12,345;-0,011444
12,346667;-0,011444
12,348333;-0,011444
12,35;-0,011444
12,351667;-0,011444
12,353333;-0,011444
12,355;-0,011444
12,356667;-0,011444
12,358333;-0,011444
12,36;-0,011444
12,361667;-0,011444
12,363333;-0,011444
12,365;-0,011444
12,366667;-0,011444
12,368333;-0,011444
12,37;-0,011444
12,371667;-0,011444
12,373333;-0,011444
12,375;-0,011444
12,376667;-0,011444
12,378333;-0,011444
12,38;-0,011444
12,381667;-0,011444
12,383333;-0,011444
12,385;-0,011444
12,386667;-0,011444
12,388333;-0,011444
12,39;-0,011444
12,391667;-0,011444
12,393333;-0,011444
12,395;-0,011444
12,396667;-0,011444
12,398333;-0,011444
12,4;-0,011444
12,401667;-0,011444
12,403333;-0,011444
12,405;-0,011444
12,406667;-0,011444
12,408333;-0,011444
12,41;-0,011444
12,411667;-0,011444
12,413333;-0,011444
12,415;-0,011444
12,416667;-0,011444
12,418333;-0,011444
12,42;-0,011444
12,421667;-0,011444
12,423333;-0,011444
12,425;-0,011444
12,426667;-0,011444
12,428333;-0,011444
12,43;-0,011444
12,431667;-0,011444
12,433333;-0,011444
12,435;-0,011444
12,436667;-0,011444
12,438333;-0,011444
12,44;-0,011444
12,441667;-0,011444
12,443333;-0,011444
12,445;-0,011444
12,446667;-0,011444
12,448333;-0,014305
12,45;-0,014305
12,451667;-0,014305
12,453333;-0,014305
12,455;-0,014305
12,456667;-0,014305
12,458333;-0,011444
12,46;-0,011444
12,461667;-0,014305
12,463333;-0,014305
12,465;-0,014305
12,466667;-0,014305
12,468333;-0,014305
12,47;-0,014305
12,471667;-0,014305
12,473333;-0,014305
12,475;-0,014305
12,476667;-0,014305
12,478333;-0,014305
12,48;-0,014305
12,481667;-0,014305
12,483333;-0,014305
12,485;-0,014305
12,486667;-0,014305
12,488333;-0,014305
12,49;-0,014305
12,491667;-0,014305
12,493333;-0,014305
12,495;-0,014305
12,496667;-0,014305
12,498333;-0,014305
12,5;-0,014305
12,501667;-0,014305
12,503333;-0,014305
12,505;-0,014305
12,506667;-0,014305
12,508333;-0,014305
12,51;-0,014305
12,511667;-0,014305
12,513333;-0,014305
12,515;-0,014305
12,516667;-0,014305
12,518333;-0,014305
12,52;-0,014305
12,521667;-0,014305
12,523333;-0,014305
12,525;-0,014305
12,526667;-0,014305
12,528333;-0,014305
12,53;-0,014305
12,531667;-0,014305
12,533333;-0,014305
12,535;-0,014305
12,536667;-0,014305
12,538333;-0,014305
12,54;-0,014305
12,541667;-0,014305
12,543333;-0,014305
12,545;-0,014305
12,546667;-0,014305
12,548333;-0,014305
12,55;-0,014305
12,551667;-0,014305
12,553333;-0,014305
12,555;-0,014305
12,556667;-0,014305
12,558333;-0,014305
12,56;-0,014305
12,561667;-0,014305
12,563333;-0,014305
12,565;-0,014305
12,566667;-0,014305
12,568333;-0,014305
12,57;-0,014305
12,571667;-0,014305
12,573333;-0,014305
12,575;-0,014305
12,576667;-0,014305
12,578333;-0,014305
12,58;-0,014305
12,581667;-0,014305
12,583333;-0,014305
12,585;-0,014305
12,586667;-0,014305
12,588333;-0,014305
12,59;-0,014305
12,591667;-0,014305
12,593333;-0,014305
12,595;-0,014305
12,596667;-0,014305
12,598333;-0,014305
12,6;-0,014305
12,601667;-0,014305
12,603333;-0,014305
12,605;-0,014305
12,606667;-0,014305
12,608333;-0,014305
12,61;-0,014305
12,611667;-0,014305
12,613333;-0,014305
12,615;-0,014305
12,616667;-0,014305
12,618333;-0,014305
12,62;-0,014305
12,621667;-0,014305
12,623333;-0,014305
12,625;-0,014305
12,626667;-0,014305
12,628333;-0,014305
12,63;-0,014305
12,631667;-0,014305
12,633333;-0,014305
12,635;-0,014305
12,636667;-0,014305
12,638333;-0,014305
12,64;-0,014305
12,641667;-0,014305
12,643333;-0,014305
12,645;-0,014305
12,646667;-0,014305
12,648333;-0,014305
12,65;-0,014305
12,651667;-0,014305
12,653333;-0,014305
12,655;-0,014305
12,656667;-0,014305
12,658333;-0,014305
12,66;-0,014305
12,661667;-0,014305
12,663333;-0,014305
12,665;-0,014305
12,666667;-0,014305
12,668333;-0,014305
12,67;-0,014305
12,671667;-0,014305
12,673333;-0,014305
12,675;-0,014305
12,676667;-0,014305
12,678333;-0,014305
12,68;-0,014305
12,681667;-0,014305
12,683333;-0,014305
12,685;-0,014305
12,686667;-0,014305
12,688333;-0,014305
12,69;-0,014305
12,691667;-0,014305
12,693333;-0,014305
12,695;-0,014305
12,696667;-0,014305
12,698333;-0,014305
12,7;-0,014305
12,701667;-0,014305
12,703333;-0,017166
12,705;-0,017166
12,706667;-0,017166
12,708333;-0,017166
12,71;-0,017166
12,711667;-0,017166
12,713333;-0,017166
12,715;-0,017166
12,716667;-0,017166
12,718333;-0,017166
12,72;-0,017166
12,721667;-0,017166
12,723333;-0,017166
12,725;-0,017166
12,726667;-0,017166
12,728333;-0,017166
12,73;-0,017166
12,731667;-0,017166
12,733333;-0,017166
12,735;-0,017166
12,736667;-0,017166
12,738333;-0,017166
12,74;-0,017166
12,741667;-0,017166
12,743333;-0,017166
12,745;-0,017166
12,746667;-0,017166
12,748333;-0,017166
12,75;-0,017166
12,751667;-0,017166
12,753333;-0,017166
12,755;-0,017166
12,756667;-0,017166
12,758333;-0,017166
12,76;-0,017166
12,761667;-0,017166
12,763333;-0,017166
12,765;-0,017166
12,766667;-0,017166
12,768333;-0,017166
12,77;-0,017166
12,771667;-0,017166
12,773333;-0,017166
12,775;-0,017166
12,776667;-0,017166
12,778333;-0,017166
12,78;-0,017166
12,781667;-0,017166
12,783333;-0,017166
12,785;-0,017166
12,786667;-0,017166
12,788333;-0,017166
12,79;-0,017166
12,791667;-0,017166
12,793333;-0,017166
12,795;-0,014305
12,796667;-0,014305
12,798333;-0,014305
12,8;-0,014305
12,801667;-0,014305
12,803333;-0,014305
12,805;-0,014305
12,806667;-0,014305
12,808333;-0,017166
12,81;-0,017166
12,811667;-0,017166
12,813333;-0,017166
12,815;-0,017166
12,816667;-0,017166
12,818333;-0,017166
12,82;-0,017166
12,821667;-0,017166
12,823333;-0,017166
12,825;-0,017166
12,826667;-0,017166
12,828333;-0,017166
12,83;-0,017166
12,831667;-0,017166
12,833333;-0,017166
12,835;-0,017166
12,836667;-0,017166
12,838333;-0,017166
12,84;-0,017166
12,841667;-0,017166
12,843333;-0,017166
12,845;-0,017166
12,846667;-0,017166
12,848333;-0,014305
12,85;-0,014305
12,851667;-0,014305
12,853333;-0,014305
12,855;-0,014305
12,856667;-0,014305
12,858333;-0,014305
12,86;-0,014305
12,861667;-0,014305
12,863333;-0,014305
12,865;-0,014305
12,866667;-0,014305
12,868333;-0,014305
12,87;-0,014305
12,871667;-0,014305
12,873333;-0,014305
12,875;-0,014305
12,876667;-0,014305
12,878333;-0,014305
12,88;-0,014305
12,881667;-0,014305
12,883333;-0,014305
12,885;-0,014305
12,886667;-0,014305
12,888333;-0,014305
12,89;-0,014305
12,891667;-0,014305
12,893333;-0,014305
12,895;-0,014305
12,896667;-0,014305
12,898333;-0,014305
12,9;-0,014305
12,901667;-0,017166
12,903333;-0,017166
12,905;-0,017166
12,906667;-0,017166
12,908333;-0,017166
12,91;-0,017166
12,911667;-0,017166
12,913333;-0,017166
12,915;-0,017166
12,916667;-0,017166
12,918333;-0,017166
12,92;-0,017166
12,921667;-0,017166
12,923333;-0,017166
12,925;-0,017166
12,926667;-0,017166
12,928333;-0,017166
12,93;-0,017166
12,931667;-0,017166
12,933333;-0,017166
12,935;-0,017166
12,936667;-0,017166
12,938333;-0,017166
12,94;-0,017166
12,941667;-0,017166
12,943333;-0,017166
12,945;-0,017166
12,946667;-0,014305
12,948333;-0,014305
12,95;-0,014305
12,951667;-0,014305
12,953333;-0,014305
12,955;-0,014305
12,956667;-0,014305
12,958333;-0,014305
12,96;-0,014305
12,961667;-0,014305
12,963333;-0,014305
12,965;-0,014305
12,966667;-0,014305
12,968333;-0,014305
12,97;-0,014305
12,971667;-0,014305
12,973333;-0,014305
12,975;-0,014305
12,976667;-0,014305
12,978333;-0,014305
12,98;-0,014305
12,981667;-0,014305
12,983333;-0,014305
12,985;-0,014305
12,986667;-0,014305
12,988333;-0,014305
12,99;-0,014305
12,991667;-0,014305
12,993333;-0,014305
12,995;-0,014305
12,996667;-0,014305
12,998333;-0,014305
13;-0,014305
13,001667;-0,014305
13,003333;-0,014305
13,005;-0,014305
13,006667;-0,014305
13,008333;-0,014305
13,01;-0,014305
13,011667;-0,014305
13,013333;-0,014305
13,015;-0,014305
13,016667;-0,014305
13,018333;-0,014305
13,02;-0,014305
13,021667;-0,014305
13,023333;-0,014305
13,025;-0,014305
13,026667;-0,014305
13,028333;-0,014305
13,03;-0,014305
13,031667;-0,014305
13,033333;-0,014305
13,035;-0,014305
13,036667;-0,014305
13,038333;-0,014305
13,04;-0,017166
13,041667;-0,017166
13,043333;-0,017166
13,045;-0,017166
13,046667;-0,017166
13,048333;-0,017166
13,05;-0,017166
13,051667;-0,014305
13,053333;-0,014305
13,055;-0,014305
13,056667;-0,014305
13,058333;-0,014305
13,06;-0,014305
13,061667;-0,014305
13,063333;-0,014305
13,065;-0,014305
13,066667;-0,014305
13,068333;-0,014305
13,07;-0,014305
13,071667;-0,017166
13,073333;-0,017166
13,075;-0,017166
13,076667;-0,017166
13,078333;-0,017166
13,08;-0,017166
13,081667;-0,017166
13,083333;-0,017166
13,085;-0,017166
13,086667;-0,017166
13,088333;-0,017166
13,09;-0,017166
13,091667;-0,017166
13,093333;-0,017166
13,095;-0,017166
13,096667;-0,017166
13,098333;-0,017166
13,1;-0,017166
13,101667;-0,017166
13,103333;-0,017166
13,105;-0,017166
13,106667;-0,017166
13,108333;-0,017166
13,11;-0,017166
13,111667;-0,017166
13,113333;-0,017166
13,115;-0,017166
13,116667;-0,017166
13,118333;-0,017166
13,12;-0,017166
13,121667;-0,017166
13,123333;-0,017166
13,125;-0,017166
13,126667;-0,017166
13,128333;-0,017166
13,13;-0,017166
13,131667;-0,017166
13,133333;-0,017166
13,135;-0,017166
13,136667;-0,017166
13,138333;-0,017166
13,14;-0,017166
13,141667;-0,017166
13,143333;-0,017166
13,145;-0,017166
13,146667;-0,017166
13,148333;-0,017166
13,15;-0,017166
13,151667;-0,017166
13,153333;-0,017166
13,155;-0,017166
13,156667;-0,017166
13,158333;-0,017166
13,16;-0,017166
13,161667;-0,017166
13,163333;-0,017166
13,165;-0,017166
13,166667;-0,017166
13,168333;-0,017166
13,17;-0,017166
13,171667;-0,017166
13,173333;-0,017166
13,175;-0,017166
13,176667;-0,017166
13,178333;-0,017166
13,18;-0,017166
13,181667;-0,017166
13,183333;-0,017166
13,185;-0,017166
13,186667;-0,017166
13,188333;-0,017166
13,19;-0,017166
13,191667;-0,017166
13,193333;-0,017166
13,195;-0,017166
13,196667;-0,017166
13,198333;-0,017166
13,2;-0,017166
13,201667;-0,017166
13,203333;-0,017166
13,205;-0,017166
13,206667;-0,017166
13,208333;-0,017166
13,21;-0,017166
13,211667;-0,017166
13,213333;-0,017166
13,215;-0,017166
13,216667;-0,017166
13,218333;-0,017166
13,22;-0,017166
13,221667;-0,017166
13,223333;-0,017166
13,225;-0,017166
13,226667;-0,017166
13,228333;-0,017166
13,23;-0,017166
13,231667;-0,017166
13,233333;-0,017166
13,235;-0,017166
13,236667;-0,017166
13,238333;-0,017166
13,24;-0,017166
13,241667;-0,017166
13,243333;-0,017166
13,245;-0,017166
13,246667;-0,017166
13,248333;-0,017166
13,25;-0,017166
13,251667;-0,017166
13,253333;-0,017166
13,255;-0,017166
13,256667;-0,017166
13,258333;-0,017166
13,26;-0,017166
13,261667;-0,017166
13,263333;-0,017166
13,265;-0,017166
13,266667;-0,017166
13,268333;-0,017166
13,27;-0,017166
13,271667;-0,017166
13,273333;-0,017166
13,275;-0,017166
13,276667;-0,017166
13,278333;-0,017166
13,28;-0,017166
13,281667;-0,017166
13,283333;-0,017166
13,285;-0,017166
13,286667;-0,017166
13,288333;-0,017166
13,29;-0,017166
13,291667;-0,017166
13,293333;-0,017166
13,295;-0,017166
13,296667;-0,017166
13,298333;-0,017166
13,3;-0,017166
13,301667;-0,017166
13,303333;-0,017166
13,305;-0,017166
13,306667;-0,017166
13,308333;-0,017166
13,31;-0,017166
13,311667;-0,017166
13,313333;-0,017166
13,315;-0,017166
13,316667;-0,017166
13,318333;-0,017166
13,32;-0,017166
13,321667;-0,017166
13,323333;-0,014305
13,325;-0,014305
13,326667;-0,014305
13,328333;-0,014305
13,33;-0,014305
13,331667;-0,014305
13,333333;-0,014305
13,335;-0,014305
13,336667;-0,014305
13,338333;-0,014305
13,34;-0,014305
13,341667;-0,014305
13,343333;-0,014305
13,345;-0,014305
13,346667;-0,014305
13,348333;-0,014305
13,35;-0,014305
13,351667;-0,011444
13,353333;-0,011444
13,355;-0,011444
13,356667;-0,011444
13,358333;-0,011444
13,36;-0,011444
13,361667;-0,011444
13,363333;-0,011444
13,365;-0,011444
13,366667;-0,011444
13,368333;-0,011444
13,37;-0,011444
13,371667;-0,011444
13,373333;-0,011444
13,375;-0,011444
13,376667;-0,008583
13,378333;-0,008583
13,38;-0,008583
13,381667;-0,008583
13,383333;-0,008583
13,385;-0,008583
13,386667;-0,008583
13,388333;-0,008583
13,39;-0,008583
13,391667;-0,005722
13,393333;-0,005722
13,395;-0,005722
13,396667;-0,005722
13,398333;-0,005722
13,4;-0,005722
13,401667;-0,005722
13,403333;-0,005722
13,405;-0,005722
13,406667;-0,002861
13,408333;-0,002861
13,41;-0,002861
13,411667;-0,002861
13,413333;-0,002861
13,415;-0,002861
13,416667;-0,002861
13,418333;-0,002861
13,42;-0,002861
13,421667;-0,002861
13,423333;-0,002861
13,425;0
13,426667;0
13,428333;0
13,43;0
13,431667;0
13,433333;0
13,435;0
13,436667;0,002861
13,438333;0,002861
13,44;0,002861
13,441667;0,002861
13,443333;0,002861
13,445;0,002861
13,446667;0,002861
13,448333;0,005722
13,45;0,005722
13,451667;0,005722
13,453333;0,005722
13,455;0,005722
13,456667;0,005722
13,458333;0,005722
13,46;0,008583
13,461667;0,008583
13,463333;0,008583
13,465;0,008583
13,466667;0,008583
13,468333;0,008583
13,47;0,008583
13,471667;0,011444
13,473333;0,011444
13,475;0,011444
13,476667;0,011444
13,478333;0,011444
13,48;0,011444
13,481667;0,011444
13,483333;0,011444
13,485;0,014305
13,486667;0,014305
13,488333;0,014305
13,49;0,014305
13,491667;0,014305
13,493333;0,014305
13,495;0,014305
13,496667;0,014305
13,498333;0,014305
13,5;0,014305
13,501667;0,017166
13,503333;0,017166
13,505;0,017166
13,506667;0,017166
13,508333;0,017166
13,51;0,017166
13,511667;0,017166
13,513333;0,017166
13,515;0,017166
13,516667;0,020027
13,518333;0,020027
13,52;0,020027
13,521667;0,020027
13,523333;0,020027
13,525;0,020027
13,526667;0,020027
13,528333;0,020027
13,53;0,022888
13,531667;0,022888
13,533333;0,022888
13,535;0,022888
13,536667;0,022888
13,538333;0,022888
13,54;0,022888
13,541667;0,022888
13,543333;0,025749
13,545;0,025749
13,546667;0,025749
13,548333;0,025749
13,55;0,025749
13,551667;0,025749
13,553333;0,02861
13,555;0,02861
13,556667;0,02861
13,558333;0,02861
13,56;0,02861
13,561667;0,02861
13,563333;0,02861
13,565;0,02861
13,566667;0,02861
13,568333;0,02861
13,57;0,02861
13,571667;0,02861
13,573333;0,02861
13,575;0,02861
13,576667;0,02861
13,578333;0,031471
13,58;0,031471
13,581667;0,031471
13,583333;0,031471
13,585;0,031471
13,586667;0,031471
13,588333;0,031471
13,59;0,031471
13,591667;0,031471
13,593333;0,031471
13,595;0,031471
13,596667;0,031471
13,598333;0,031471
13,6;0,031471
13,601667;0,031471
13,603333;0,031471
13,605;0,031471
13,606667;0,034332
13,608333;0,034332
13,61;0,034332
13,611667;0,034332
13,613333;0,034332
13,615;0,034332
13,616667;0,034332
13,618333;0,034332
13,62;0,034332
13,621667;0,034332
13,623333;0,034332
13,625;0,034332
13,626667;0,034332
13,628333;0,034332
13,63;0,034332
13,631667;0,034332
13,633333;0,034332
13,635;0,034332
13,636667;0,034332
13,638333;0,034332
13,64;0,034332
13,641667;0,034332
13,643333;0,034332
13,645;0,034332
13,646667;0,034332
13,648333;0,034332
13,65;0,034332
13,651667;0,034332
13,653333;0,034332
13,655;0,034332
13,656667;0,034332
13,658333;0,034332
13,66;0,034332
13,661667;0,034332
13,663333;0,031471
13,665;0,031471
13,666667;0,031471
13,668333;0,031471
13,67;0,031471
13,671667;0,031471
13,673333;0,031471
13,675;0,031471
13,676667;0,031471
13,678333;0,031471
13,68;0,031471
13,681667;0,031471
13,683333;0,031471
13,685;0,031471
13,686667;0,031471
13,688333;0,031471
13,69;0,031471
13,691667;0,031471
13,693333;0,031471
13,695;0,031471
13,696667;0,031471
13,698333;0,031471
13,7;0,031471
13,701667;0,02861
13,703333;0,02861
13,705;0,02861
13,706667;0,02861
13,708333;0,02861
13,71;0,02861
13,711667;0,02861
13,713333;0,02861
13,715;0,02861
13,716667;0,02861
13,718333;0,02861
13,72;0,02861
13,721667;0,025749
13,723333;0,025749
13,725;0,025749
13,726667;0,025749
13,728333;0,025749
13,73;0,025749
13,731667;0,025749
13,733333;0,025749
13,735;0,025749
13,736667;0,025749
13,738333;0,025749
13,74;0,025749
13,741667;0,025749
13,743333;0,025749
13,745;0,022888
13,746667;0,022888
13,748333;0,022888
13,75;0,022888
13,751667;0,022888
13,753333;0,022888
13,755;0,022888
13,756667;0,022888
13,758333;0,022888
13,76;0,020027
13,761667;0,020027
13,763333;0,020027
13,765;0,020027
13,766667;0,020027
13,768333;0,020027
13,77;0,020027
13,771667;0,020027
13,773333;0,020027
13,775;0,017166
13,776667;0,017166
13,778333;0,017166
13,78;0,017166
13,781667;0,017166
13,783333;0,017166
13,785;0,017166
13,786667;0,017166
13,788333;0,017166
13,79;0,014305
13,791667;0,014305
13,793333;0,014305
13,795;0,014305
13,796667;0,014305
13,798333;0,014305
13,8;0,014305
13,801667;0,014305
13,803333;0,014305
13,805;0,014305
13,806667;0,014305
13,808333;0,014305
13,81;0,014305
13,811667;0,014305
13,813333;0,011444
13,815;0,011444
13,816667;0,011444
13,818333;0,011444
13,82;0,011444
13,821667;0,011444
13,823333;0,011444
13,825;0,011444
13,826667;0,011444
13,828333;0,008583
13,83;0,008583
13,831667;0,008583
13,833333;0,008583
13,835;0,008583
13,836667;0,008583
13,838333;0,008583
13,84;0,008583
13,841667;0,008583
13,843333;0,008583
13,845;0,008583
13,846667;0,008583
13,848333;0,008583
13,85;0,005722
13,851667;0,005722
13,853333;0,005722
13,855;0,005722
13,856667;0,005722
13,858333;0,005722
13,86;0,005722
13,861667;0,005722
13,863333;0,005722
13,865;0,005722
13,866667;0,005722
13,868333;0,005722
13,87;0,005722
13,871667;0,005722
13,873333;0,002861
13,875;0,002861
13,876667;0,002861
13,878333;0,002861
13,88;0,002861
13,881667;0,002861
13,883333;0,002861
13,885;0,002861
13,886667;0,002861
13,888333;0,002861
13,89;0,002861
13,891667;0,002861
13,893333;0,002861
13,895;0
13,896667;0
13,898333;0
13,9;0
13,901667;0
13,903333;0
13,905;0
13,906667;0
13,908333;0
13,91;0
13,911667;0
13,913333;0
13,915;0
13,916667;-0,002861
13,918333;-0,002861
13,92;-0,002861
13,921667;-0,002861
13,923333;-0,002861
13,925;-0,002861
13,926667;-0,002861
13,928333;-0,002861
13,93;-0,002861
13,931667;-0,002861
13,933333;-0,002861
13,935;-0,002861
13,936667;-0,002861
13,938333;-0,002861
13,94;-0,002861
13,941667;-0,002861
13,943333;-0,002861
13,945;-0,002861
13,946667;-0,002861
13,948333;-0,005722
13,95;-0,005722
13,951667;-0,005722
13,953333;-0,005722
13,955;-0,005722
13,956667;-0,005722
13,958333;-0,005722
13,96;-0,005722
13,961667;-0,005722
13,963333;-0,005722
13,965;-0,005722
13,966667;-0,005722
13,968333;-0,005722
13,97;-0,005722
13,971667;-0,005722
13,973333;-0,005722
13,975;-0,005722
13,976667;-0,005722
13,978333;-0,008583
13,98;-0,008583
13,981667;-0,008583
13,983333;-0,008583
13,985;-0,008583
13,986667;-0,008583
13,988333;-0,008583
13,99;-0,008583
13,991667;-0,008583
13,993333;-0,008583
13,995;-0,008583
13,996667;-0,008583
13,998333;-0,008583
14;-0,008583
14,001667;-0,008583
14,003333;-0,008583
14,005;-0,008583
14,006667;-0,008583
14,008333;-0,008583
14,01;-0,008583
14,011667;-0,008583
14,013333;-0,008583
14,015;-0,011444
14,016667;-0,011444
14,018333;-0,011444
14,02;-0,011444
14,021667;-0,011444
14,023333;-0,011444
14,025;-0,011444
14,026667;-0,011444
14,028333;-0,011444
14,03;-0,011444
14,031667;-0,014305
14,033333;-0,014305
14,035;-0,014305
14,036667;-0,014305
14,038333;-0,014305
14,04;-0,014305
14,041667;-0,014305
14,043333;-0,014305
14,045;-0,014305
14,046667;-0,014305
14,048333;-0,014305
14,05;-0,014305
14,051667;-0,014305
14,053333;-0,014305
14,055;-0,014305
14,056667;-0,014305
14,058333;-0,014305
14,06;-0,014305
14,061667;-0,014305
14,063333;-0,014305
14,065;-0,014305
14,066667;-0,014305
14,068333;-0,014305
14,07;-0,014305
14,071667;-0,014305
14,073333;-0,014305
14,075;-0,014305
14,076667;-0,014305
14,078333;-0,014305
14,08;-0,014305
14,081667;-0,014305
14,083333;-0,014305
14,085;-0,014305
14,086667;-0,014305
14,088333;-0,014305
14,09;-0,014305
14,091667;-0,014305
14,093333;-0,014305
14,095;-0,014305
14,096667;-0,014305
14,098333;-0,014305
14,1;-0,014305
14,101667;-0,014305
14,103333;-0,017166
14,105;-0,017166
14,106667;-0,017166
14,108333;-0,017166
14,11;-0,017166
14,111667;-0,017166
14,113333;-0,017166
14,115;-0,017166
14,116667;-0,014305
14,118333;-0,014305
14,12;-0,014305
14,121667;-0,017166
14,123333;-0,017166
14,125;-0,017166
14,126667;-0,017166
14,128333;-0,017166
14,13;-0,017166
14,131667;-0,017166
14,133333;-0,017166
14,135;-0,017166
14,136667;-0,017166
14,138333;-0,017166
14,14;-0,017166
14,141667;-0,017166
14,143333;-0,017166
14,145;-0,017166
14,146667;-0,017166
14,148333;-0,017166
14,15;-0,017166
14,151667;-0,017166
14,153333;-0,017166
14,155;-0,017166
14,156667;-0,017166
14,158333;-0,017166
14,16;-0,017166
14,161667;-0,017166
14,163333;-0,017166
14,165;-0,017166
14,166667;-0,017166
14,168333;-0,017166
14,17;-0,017166
14,171667;-0,017166
14,173333;-0,017166
14,175;-0,017166
14,176667;-0,017166
14,178333;-0,017166
14,18;-0,017166
14,181667;-0,017166
14,183333;-0,017166
14,185;-0,017166
14,186667;-0,017166
14,188333;-0,017166
14,19;-0,017166
14,191667;-0,017166
14,193333;-0,017166
14,195;-0,017166
14,196667;-0,017166
14,198333;-0,017166
14,2;-0,017166
14,201667;-0,017166
14,203333;-0,017166
14,205;-0,017166
14,206667;-0,017166
14,208333;-0,017166
14,21;-0,017166
14,211667;-0,017166
14,213333;-0,017166
14,215;-0,017166
14,216667;-0,017166
14,218333;-0,017166
14,22;-0,017166
14,221667;-0,017166
14,223333;-0,017166
14,225;-0,017166
14,226667;-0,017166
14,228333;-0,017166
14,23;-0,020027
14,231667;-0,020027
14,233333;-0,020027
14,235;-0,020027
14,236667;-0,020027
14,238333;-0,020027
14,24;-0,020027
14,241667;-0,020027
14,243333;-0,020027
14,245;-0,020027
14,246667;-0,020027
14,248333;-0,020027
14,25;-0,020027
14,251667;-0,020027
14,253333;-0,020027
14,255;-0,020027
14,256667;-0,020027
14,258333;-0,020027
14,26;-0,020027
14,261667;-0,020027
14,263333;-0,020027
14,265;-0,020027
14,266667;-0,020027
14,268333;-0,020027
14,27;-0,020027
14,271667;-0,020027
14,273333;-0,020027
14,275;-0,020027
14,276667;-0,020027
14,278333;-0,020027
14,28;-0,020027
14,281667;-0,020027
14,283333;-0,020027
14,285;-0,020027
14,286667;-0,020027
14,288333;-0,020027
14,29;-0,020027
14,291667;-0,020027
14,293333;-0,020027
14,295;-0,020027
14,296667;-0,020027
14,298333;-0,020027
14,3;-0,020027
14,301667;-0,020027
14,303333;-0,020027
14,305;-0,020027
14,306667;-0,020027
14,308333;-0,020027
14,31;-0,020027
14,311667;-0,020027
14,313333;-0,020027
14,315;-0,020027
14,316667;-0,020027
14,318333;-0,020027
14,32;-0,020027
14,321667;-0,020027
14,323333;-0,020027
14,325;-0,020027
14,326667;-0,020027
14,328333;-0,020027
14,33;-0,020027
14,331667;-0,020027
14,333333;-0,020027
14,335;-0,020027
14,336667;-0,022888
14,338333;-0,022888
14,34;-0,022888
14,341667;-0,022888
14,343333;-0,022888
14,345;-0,020027
14,346667;-0,020027
14,348333;-0,020027
14,35;-0,020027
14,351667;-0,020027
14,353333;-0,020027
14,355;-0,020027
14,356667;-0,020027
14,358333;-0,020027
14,36;-0,020027
14,361667;-0,020027
14,363333;-0,020027
14,365;-0,020027
14,366667;-0,020027
14,368333;-0,020027
14,37;-0,020027
14,371667;-0,020027
14,373333;-0,020027
14,375;-0,020027
14,376667;-0,020027
14,378333;-0,020027
14,38;-0,020027
14,381667;-0,020027
14,383333;-0,020027
14,385;-0,020027
14,386667;-0,020027
14,388333;-0,020027
14,39;-0,020027
14,391667;-0,020027
14,393333;-0,020027
14,395;-0,020027
14,396667;-0,020027
14,398333;-0,020027
14,4;-0,020027
14,401667;-0,020027
14,403333;-0,020027
14,405;-0,020027
14,406667;-0,020027
14,408333;-0,020027
14,41;-0,020027
14,411667;-0,020027
14,413333;-0,020027
14,415;-0,020027
14,416667;-0,020027
14,418333;-0,020027
14,42;-0,020027
14,421667;-0,020027
14,423333;-0,020027
14,425;-0,020027
14,426667;-0,020027
14,428333;-0,020027
14,43;-0,020027
14,431667;-0,020027
14,433333;-0,020027
14,435;-0,020027
14,436667;-0,020027
14,438333;-0,020027
14,44;-0,020027
14,441667;-0,020027
14,443333;-0,020027
14,445;-0,020027
14,446667;-0,020027
14,448333;-0,020027
14,45;-0,020027
14,451667;-0,020027
14,453333;-0,020027
14,455;-0,020027
14,456667;-0,020027
14,458333;-0,020027
14,46;-0,020027
14,461667;-0,020027
14,463333;-0,020027
14,465;-0,020027
14,466667;-0,020027
14,468333;-0,020027
14,47;-0,020027
14,471667;-0,020027
14,473333;-0,020027
14,475;-0,020027
14,476667;-0,020027
14,478333;-0,020027
14,48;-0,020027
14,481667;-0,020027
14,483333;-0,020027
14,485;-0,020027
14,486667;-0,020027
14,488333;-0,020027
14,49;-0,020027
14,491667;-0,020027
14,493333;-0,020027
14,495;-0,020027
14,496667;-0,020027
14,498333;-0,020027
14,5;-0,020027
14,501667;-0,020027
14,503333;-0,020027
14,505;-0,020027
14,506667;-0,020027
14,508333;-0,020027
14,51;-0,020027
14,511667;-0,020027
14,513333;-0,020027
14,515;-0,020027
14,516667;-0,020027
14,518333;-0,020027
14,52;-0,020027
14,521667;-0,020027
14,523333;-0,020027
14,525;-0,020027
14,526667;-0,020027
14,528333;-0,020027
14,53;-0,020027
14,531667;-0,020027
14,533333;-0,020027
14,535;-0,020027
14,536667;-0,020027
14,538333;-0,020027
14,54;-0,020027
14,541667;-0,020027
14,543333;-0,020027
14,545;-0,020027
14,546667;-0,020027
14,548333;-0,020027
14,55;-0,020027
14,551667;-0,020027
14,553333;-0,020027
14,555;-0,020027
14,556667;-0,020027
14,558333;-0,020027
14,56;-0,020027
14,561667;-0,020027
14,563333;-0,020027
14,565;-0,020027
14,566667;-0,020027
14,568333;-0,020027
14,57;-0,020027
14,571667;-0,020027
14,573333;-0,020027
14,575;-0,020027
14,576667;-0,020027
14,578333;-0,020027
14,58;-0,020027
14,581667;-0,020027
14,583333;-0,020027
14,585;-0,020027
14,586667;-0,020027
14,588333;-0,020027
14,59;-0,020027
14,591667;-0,020027
14,593333;-0,020027
14,595;-0,020027
14,596667;-0,020027
14,598333;-0,020027
14,6;-0,020027
14,601667;-0,020027
14,603333;-0,020027
14,605;-0,020027
14,606667;-0,020027
14,608333;-0,020027
14,61;-0,020027
14,611667;-0,020027
14,613333;-0,020027
14,615;-0,020027
14,616667;-0,020027
14,618333;-0,020027
14,62;-0,020027
14,621667;-0,020027
14,623333;-0,020027
14,625;-0,020027
14,626667;-0,020027
14,628333;-0,020027
14,63;-0,020027
14,631667;-0,020027
14,633333;-0,020027
14,635;-0,020027
14,636667;-0,020027
14,638333;-0,020027
14,64;-0,020027
14,641667;-0,020027
14,643333;-0,020027
14,645;-0,020027
14,646667;-0,020027
14,648333;-0,020027
14,65;-0,020027
14,651667;-0,020027
14,653333;-0,020027
14,655;-0,020027
14,656667;-0,020027
14,658333;-0,020027
14,66;-0,020027
14,661667;-0,020027
14,663333;-0,020027
14,665;-0,020027
14,666667;-0,020027
14,668333;-0,020027
14,67;-0,020027
14,671667;-0,020027
14,673333;-0,020027
14,675;-0,020027
14,676667;-0,020027
14,678333;-0,020027
14,68;-0,020027
14,681667;-0,020027
14,683333;-0,020027
14,685;-0,020027
14,686667;-0,020027
14,688333;-0,020027
14,69;-0,020027
14,691667;-0,020027
14,693333;-0,020027
14,695;-0,020027
14,696667;-0,020027
14,698333;-0,020027
14,7;-0,020027
14,701667;-0,020027
14,703333;-0,020027
14,705;-0,020027
14,706667;-0,020027
14,708333;-0,020027
14,71;-0,020027
14,711667;-0,020027
14,713333;-0,020027
14,715;-0,020027
14,716667;-0,020027
14,718333;-0,020027
14,72;-0,020027
14,721667;-0,020027
14,723333;-0,020027
14,725;-0,017166
14,726667;-0,017166
14,728333;-0,020027
14,73;-0,020027
14,731667;-0,020027
14,733333;-0,020027
14,735;-0,020027
14,736667;-0,020027
14,738333;-0,020027
14,74;-0,020027
14,741667;-0,020027
14,743333;-0,020027
14,745;-0,020027
14,746667;-0,020027
14,748333;-0,020027
14,75;-0,020027
14,751667;-0,020027
14,753333;-0,020027
14,755;-0,020027
14,756667;-0,020027
14,758333;-0,020027
14,76;-0,020027
14,761667;-0,020027
14,763333;-0,020027
14,765;-0,020027
14,766667;-0,020027
14,768333;-0,020027
14,77;-0,020027
14,771667;-0,020027
14,773333;-0,020027
14,775;-0,020027
14,776667;-0,020027
14,778333;-0,020027
14,78;-0,020027
14,781667;-0,020027
14,783333;-0,020027
14,785;-0,020027
14,786667;-0,020027
14,788333;-0,020027
14,79;-0,020027
14,791667;-0,020027
14,793333;-0,020027
14,795;-0,020027
14,796667;-0,020027
14,798333;-0,020027
14,8;-0,020027
14,801667;-0,020027
14,803333;-0,020027
14,805;-0,020027
14,806667;-0,020027
14,808333;-0,020027
14,81;-0,020027
14,811667;-0,020027
14,813333;-0,020027
14,815;-0,020027
14,816667;-0,020027
14,818333;-0,020027
14,82;-0,020027
14,821667;-0,020027
14,823333;-0,020027
14,825;-0,020027
14,826667;-0,020027
14,828333;-0,020027
14,83;-0,020027
14,831667;-0,020027
14,833333;-0,020027
14,835;-0,020027
14,836667;-0,020027
14,838333;-0,020027
14,84;-0,020027
14,841667;-0,020027
14,843333;-0,020027
14,845;-0,020027
14,846667;-0,020027
14,848333;-0,020027
14,85;-0,020027
14,851667;-0,020027
14,853333;-0,020027
14,855;-0,020027
14,856667;-0,022888
14,858333;-0,022888
14,86;-0,022888
14,861667;-0,022888
14,863333;-0,022888
14,865;-0,022888
14,866667;-0,022888
14,868333;-0,022888
14,87;-0,022888
14,871667;-0,022888
14,873333;-0,022888
14,875;-0,022888
14,876667;-0,022888
14,878333;-0,022888
14,88;-0,022888
14,881667;-0,022888
14,883333;-0,022888
14,885;-0,022888
14,886667;-0,022888
14,888333;-0,022888
14,89;-0,022888
14,891667;-0,022888
14,893333;-0,022888
14,895;-0,022888
14,896667;-0,022888
14,898333;-0,022888
14,9;-0,022888
14,901667;-0,022888
14,903333;-0,022888
14,905;-0,022888
14,906667;-0,022888
14,908333;-0,022888
14,91;-0,022888
14,911667;-0,022888
14,913333;-0,022888
14,915;-0,022888
14,916667;-0,022888
14,918333;-0,022888
14,92;-0,022888
14,921667;-0,022888
14,923333;-0,022888
14,925;-0,022888
14,926667;-0,022888
14,928333;-0,022888
14,93;-0,022888
14,931667;-0,022888
14,933333;-0,022888
14,935;-0,022888
14,936667;-0,022888
14,938333;-0,022888
14,94;-0,022888
14,941667;-0,022888
14,943333;-0,022888
14,945;-0,022888
14,946667;-0,022888
14,948333;-0,022888
14,95;-0,022888
14,951667;-0,022888
14,953333;-0,022888
14,955;-0,022888
14,956667;-0,022888
14,958333;-0,022888
14,96;-0,022888
14,961667;-0,022888
14,963333;-0,022888
14,965;-0,022888
14,966667;-0,022888
14,968333;-0,022888
14,97;-0,022888
14,971667;-0,022888
14,973333;-0,022888
14,975;-0,022888
14,976667;-0,022888
14,978333;-0,022888
14,98;-0,022888
14,981667;-0,022888
14,983333;-0,022888
14,985;-0,022888
14,986667;-0,022888
14,988333;-0,025749
14,99;-0,025749
14,991667;-0,025749
14,993333;-0,025749
14,995;-0,025749
14,996667;-0,025749
14,998333;-0,025749
15;-0,025749
15,001667;-0,025749
15,003333;-0,025749
15,005;-0,025749
15,006667;-0,025749
15,008333;-0,022888
15,01;-0,022888
15,011667;-0,022888
15,013333;-0,022888
15,015;-0,022888
15,016667;-0,022888
15,018333;-0,022888
15,02;-0,022888
15,021667;-0,022888
15,023333;-0,022888
15,025;-0,022888
15,026667;-0,022888
15,028333;-0,022888
15,03;-0,022888
15,031667;-0,022888
15,033333;-0,022888
15,035;-0,022888
15,036667;-0,022888
15,038333;-0,025749
15,04;-0,025749
15,041667;-0,025749
15,043333;-0,025749
15,045;-0,025749
15,046667;-0,025749
15,048333;-0,025749
15,05;-0,025749
15,051667;-0,025749
15,053333;-0,025749
15,055;-0,025749
15,056667;-0,025749
15,058333;-0,025749
15,06;-0,025749
15,061667;-0,025749
15,063333;-0,025749
15,065;-0,025749
15,066667;-0,025749
15,068333;-0,025749
15,07;-0,025749
15,071667;-0,025749
15,073333;-0,025749
15,075;-0,025749
15,076667;-0,025749
15,078333;-0,025749
15,08;-0,025749
15,081667;-0,025749
15,083333;-0,025749
15,085;-0,025749
15,086667;-0,025749
15,088333;-0,025749
15,09;-0,025749
15,091667;-0,025749
15,093333;-0,025749
15,095;-0,025749
15,096667;-0,025749
15,098333;-0,025749
15,1;-0,025749
15,101667;-0,022888
15,103333;-0,022888
15,105;-0,022888
15,106667;-0,022888
15,108333;-0,022888
15,11;-0,022888
15,111667;-0,022888
15,113333;-0,022888
15,115;-0,022888
15,116667;-0,022888
15,118333;-0,022888
15,12;-0,022888
15,121667;-0,022888
15,123333;-0,022888
15,125;-0,022888
15,126667;-0,022888
15,128333;-0,022888
15,13;-0,022888
15,131667;-0,022888
15,133333;-0,022888
15,135;-0,022888
15,136667;-0,022888
15,138333;-0,022888
15,14;-0,022888
15,141667;-0,025749
15,143333;-0,025749
15,145;-0,025749
15,146667;-0,025749
15,148333;-0,025749
15,15;-0,025749
15,151667;-0,025749
15,153333;-0,025749
15,155;-0,025749
15,156667;-0,025749
15,158333;-0,025749
15,16;-0,025749
15,161667;-0,025749
15,163333;-0,025749
15,165;-0,022888
15,166667;-0,022888
15,168333;-0,022888
15,17;-0,022888
15,171667;-0,022888
15,173333;-0,022888
15,175;-0,022888
15,176667;-0,022888
15,178333;-0,022888
15,18;-0,022888
15,181667;-0,022888
15,183333;-0,022888
15,185;-0,022888
15,186667;-0,022888
15,188333;-0,022888
15,19;-0,022888
15,191667;-0,022888
15,193333;-0,022888
15,195;-0,022888
15,196667;-0,022888
15,198333;-0,022888
15,2;-0,022888
15,201667;-0,022888
15,203333;-0,022888
15,205;-0,022888
15,206667;-0,022888
15,208333;-0,022888
15,21;-0,022888
15,211667;-0,022888
15,213333;-0,022888
15,215;-0,022888
15,216667;-0,022888
15,218333;-0,022888
15,22;-0,022888
15,221667;-0,022888
15,223333;-0,022888
15,225;-0,022888
15,226667;-0,022888
15,228333;-0,022888
15,23;-0,022888
15,231667;-0,022888
15,233333;-0,022888
15,235;-0,022888
15,236667;-0,022888
15,238333;-0,022888
15,24;-0,022888
15,241667;-0,022888
15,243333;-0,022888
15,245;-0,022888
15,246667;-0,022888
15,248333;-0,022888
15,25;-0,022888
15,251667;-0,025749
15,253333;-0,025749
15,255;-0,025749
15,256667;-0,025749
15,258333;-0,025749
15,26;-0,025749
15,261667;-0,025749
15,263333;-0,025749
15,265;-0,025749
15,266667;-0,025749
15,268333;-0,025749
15,27;-0,025749
15,271667;-0,025749
15,273333;-0,025749
15,275;-0,025749
15,276667;-0,025749
15,278333;-0,025749
15,28;-0,025749
15,281667;-0,025749
15,283333;-0,025749
15,285;-0,025749
15,286667;-0,025749
15,288333;-0,025749
15,29;-0,025749
15,291667;-0,025749
15,293333;-0,025749
15,295;-0,025749
15,296667;-0,025749
15,298333;-0,025749
15,3;-0,025749
15,301667;-0,025749
15,303333;-0,025749
15,305;-0,025749
15,306667;-0,025749
15,308333;-0,025749
15,31;-0,025749
15,311667;-0,025749
15,313333;-0,025749
15,315;-0,025749
15,316667;-0,025749
15,318333;-0,025749
15,32;-0,025749
15,321667;-0,025749
15,323333;-0,025749
15,325;-0,025749
15,326667;-0,025749
15,328333;-0,025749
15,33;-0,025749
15,331667;-0,025749
15,333333;-0,025749
15,335;-0,025749
15,336667;-0,025749
15,338333;-0,025749
15,34;-0,025749
15,341667;-0,025749
15,343333;-0,025749
15,345;-0,025749
15,346667;-0,025749
15,348333;-0,025749
15,35;-0,025749
15,351667;-0,025749
15,353333;-0,025749
15,355;-0,025749
15,356667;-0,025749
15,358333;-0,025749
15,36;-0,025749
15,361667;-0,025749
15,363333;-0,025749
15,365;-0,025749
15,366667;-0,025749
15,368333;-0,025749
15,37;-0,025749
15,371667;-0,025749
15,373333;-0,025749
15,375;-0,025749
15,376667;-0,025749
15,378333;-0,025749
15,38;-0,025749
15,381667;-0,025749
15,383333;-0,025749
15,385;-0,025749
15,386667;-0,025749
15,388333;-0,025749
15,39;-0,025749
15,391667;-0,025749
15,393333;-0,025749
15,395;-0,025749
15,396667;-0,025749
15,398333;-0,025749
15,4;-0,025749
15,401667;-0,025749
15,403333;-0,025749
15,405;-0,025749
15,406667;-0,025749
15,408333;-0,025749
15,41;-0,025749
15,411667;-0,025749
15,413333;-0,025749
15,415;-0,025749
15,416667;-0,025749
15,418333;-0,025749
15,42;-0,025749
15,421667;-0,025749
15,423333;-0,025749
15,425;-0,025749
15,426667;-0,025749
15,428333;-0,025749
15,43;-0,025749
15,431667;-0,025749
15,433333;-0,025749
15,435;-0,025749
15,436667;-0,025749
15,438333;-0,025749
15,44;-0,025749
15,441667;-0,025749
15,443333;-0,025749
15,445;-0,025749
15,446667;-0,025749
15,448333;-0,025749
15,45;-0,025749
15,451667;-0,025749
15,453333;-0,025749
15,455;-0,025749
15,456667;-0,025749
15,458333;-0,025749
15,46;-0,025749
15,461667;-0,025749
15,463333;-0,025749
15,465;-0,025749
15,466667;-0,025749
15,468333;-0,025749
15,47;-0,025749
15,471667;-0,025749
15,473333;-0,025749
15,475;-0,025749
15,476667;-0,025749
15,478333;-0,025749
15,48;-0,025749
15,481667;-0,025749
15,483333;-0,025749
15,485;-0,025749
15,486667;-0,025749
15,488333;-0,025749
15,49;-0,025749
15,491667;-0,025749
15,493333;-0,025749
15,495;-0,025749
15,496667;-0,025749
15,498333;-0,025749
15,5;-0,025749
15,501667;-0,025749
15,503333;-0,025749
15,505;-0,025749
15,506667;-0,025749
15,508333;-0,025749
15,51;-0,025749
15,511667;-0,025749
15,513333;-0,025749
15,515;-0,025749
15,516667;-0,025749
15,518333;-0,025749
15,52;-0,025749
15,521667;-0,025749
15,523333;-0,025749
15,525;-0,025749
15,526667;-0,025749
15,528333;-0,025749
15,53;-0,025749
15,531667;-0,025749
15,533333;-0,025749
15,535;-0,025749
15,536667;-0,025749
15,538333;-0,025749
15,54;-0,025749
15,541667;-0,025749
15,543333;-0,025749
15,545;-0,025749
15,546667;-0,025749
15,548333;-0,025749
15,55;-0,025749
15,551667;-0,025749
15,553333;-0,025749
15,555;-0,025749
15,556667;-0,025749
15,558333;-0,025749
15,56;-0,025749
15,561667;-0,025749
15,563333;-0,025749
15,565;-0,025749
15,566667;-0,025749
15,568333;-0,025749
15,57;-0,025749
15,571667;-0,025749
15,573333;-0,025749
15,575;-0,025749
15,576667;-0,025749
15,578333;-0,025749
15,58;-0,025749
15,581667;-0,025749
15,583333;-0,025749
15,585;-0,025749
15,586667;-0,025749
15,588333;-0,025749
15,59;-0,025749
15,591667;-0,025749
15,593333;-0,025749
15,595;-0,025749
15,596667;-0,025749
15,598333;-0,025749
15,6;-0,025749
15,601667;-0,025749
15,603333;-0,025749
15,605;-0,025749
15,606667;-0,025749
15,608333;-0,025749
15,61;-0,025749
15,611667;-0,025749
15,613333;-0,025749
15,615;-0,025749
15,616667;-0,025749
15,618333;-0,025749
15,62;-0,025749
15,621667;-0,025749
15,623333;-0,025749
15,625;-0,025749
15,626667;-0,025749
15,628333;-0,025749
15,63;-0,025749
15,631667;-0,025749
15,633333;-0,025749
15,635;-0,025749
15,636667;-0,025749
15,638333;-0,025749
15,64;-0,025749
15,641667;-0,025749
15,643333;-0,025749
15,645;-0,025749
15,646667;-0,025749
15,648333;-0,025749
15,65;-0,025749
15,651667;-0,025749
15,653333;-0,025749
15,655;-0,025749
15,656667;-0,025749
15,658333;-0,025749
15,66;-0,025749
15,661667;-0,025749
15,663333;-0,025749
15,665;-0,025749
15,666667;-0,025749
15,668333;-0,025749
15,67;-0,025749
15,671667;-0,025749
15,673333;-0,025749
15,675;-0,025749
15,676667;-0,025749
15,678333;-0,025749
15,68;-0,025749
15,681667;-0,025749
15,683333;-0,025749
15,685;-0,025749
15,686667;-0,025749
15,688333;-0,025749
15,69;-0,025749
15,691667;-0,025749
15,693333;-0,025749
15,695;-0,025749
15,696667;-0,025749
15,698333;-0,025749
15,7;-0,025749
15,701667;-0,025749
15,703333;-0,025749
15,705;-0,025749
15,706667;-0,025749
15,708333;-0,025749
15,71;-0,025749
15,711667;-0,025749
15,713333;-0,025749
15,715;-0,025749
15,716667;-0,025749
15,718333;-0,025749
15,72;-0,025749
15,721667;-0,025749
15,723333;-0,025749
15,725;-0,025749
15,726667;-0,025749
15,728333;-0,025749
15,73;-0,025749
15,731667;-0,025749
15,733333;-0,025749
15,735;-0,025749
15,736667;-0,025749
15,738333;-0,025749
15,74;-0,025749
15,741667;-0,025749
15,743333;-0,025749
15,745;-0,025749
15,746667;-0,025749
15,748333;-0,025749
15,75;-0,025749
15,751667;-0,025749
15,753333;-0,025749
15,755;-0,025749
15,756667;-0,025749
15,758333;-0,025749
15,76;-0,025749
15,761667;-0,025749
15,763333;-0,025749
15,765;-0,025749
15,766667;-0,025749
15,768333;-0,025749
15,77;-0,025749
15,771667;-0,025749
15,773333;-0,025749
15,775;-0,025749
15,776667;-0,025749
15,778333;-0,025749
15,78;-0,025749
15,781667;-0,025749
15,783333;-0,025749
15,785;-0,025749
15,786667;-0,025749
15,788333;-0,025749
15,79;-0,025749
15,791667;-0,025749
15,793333;-0,025749
15,795;-0,025749
15,796667;-0,025749
15,798333;-0,025749
15,8;-0,025749
15,801667;-0,025749
15,803333;-0,025749
15,805;-0,025749
15,806667;-0,025749
15,808333;-0,025749
15,81;-0,025749
15,811667;-0,025749
15,813333;-0,025749
15,815;-0,025749
15,816667;-0,025749
15,818333;-0,025749
15,82;-0,025749
15,821667;-0,025749
15,823333;-0,025749
15,825;-0,025749
15,826667;-0,025749
15,828333;-0,025749
15,83;-0,025749
15,831667;-0,025749
15,833333;-0,025749
15,835;-0,025749
15,836667;-0,025749
15,838333;-0,025749
15,84;-0,025749
15,841667;-0,025749
15,843333;-0,025749
15,845;-0,025749
15,846667;-0,025749
15,848333;-0,025749
15,85;-0,025749
15,851667;-0,025749
15,853333;-0,025749
15,855;-0,025749
15,856667;-0,025749
15,858333;-0,025749
15,86;-0,025749
15,861667;-0,025749
15,863333;-0,025749
15,865;-0,025749
15,866667;-0,02861
15,868333;-0,02861
15,87;-0,02861
15,871667;-0,02861
15,873333;-0,02861
15,875;-0,02861
15,876667;-0,02861
15,878333;-0,02861
15,88;-0,02861
15,881667;-0,02861
15,883333;-0,02861
15,885;-0,02861
15,886667;-0,02861
15,888333;-0,02861
15,89;-0,02861
15,891667;-0,02861
15,893333;-0,02861
15,895;-0,02861
15,896667;-0,02861
15,898333;-0,02861
15,9;-0,02861
15,901667;-0,02861
15,903333;-0,02861
15,905;-0,02861
15,906667;-0,02861
15,908333;-0,02861
15,91;-0,02861
15,911667;-0,02861
15,913333;-0,02861
15,915;-0,02861
15,916667;-0,02861
15,918333;-0,02861
15,92;-0,02861
15,921667;-0,02861
15,923333;-0,02861
15,925;-0,02861
15,926667;-0,02861
15,928333;-0,02861
15,93;-0,02861
15,931667;-0,02861
15,933333;-0,02861
15,935;-0,02861
15,936667;-0,02861
15,938333;-0,02861
15,94;-0,02861
15,941667;-0,02861
15,943333;-0,02861
15,945;-0,02861
15,946667;-0,02861
15,948333;-0,02861
15,95;-0,02861
15,951667;-0,02861
15,953333;-0,02861
15,955;-0,02861
15,956667;-0,02861
15,958333;-0,02861
15,96;-0,02861
15,961667;-0,02861
15,963333;-0,02861
15,965;-0,02861
15,966667;-0,02861
15,968333;-0,02861
15,97;-0,02861
15,971667;-0,02861
15,973333;-0,02861
15,975;-0,02861
15,976667;-0,02861
15,978333;-0,02861
15,98;-0,02861
15,981667;-0,02861
15,983333;-0,02861
15,985;-0,02861
15,986667;-0,02861
15,988333;-0,02861
15,99;-0,02861
15,991667;-0,02861
15,993333;-0,02861
15,995;-0,02861
15,996667;-0,02861
15,998333;-0,02861
16;-0,02861
16,001667;-0,02861
16,003333;-0,02861
16,005;-0,02861
16,006667;-0,02861
16,008333;-0,02861
16,01;-0,02861
16,011667;-0,02861
16,013333;-0,02861
16,015;-0,02861
16,016667;-0,02861
16,018333;-0,02861
16,02;-0,02861
16,021667;-0,02861
16,023333;-0,02861
16,025;-0,02861
16,026667;-0,02861
16,028333;-0,02861
16,03;-0,02861
16,031667;-0,02861
16,033333;-0,02861
16,035;-0,02861
16,036667;-0,02861
16,038333;-0,02861
16,04;-0,02861
16,041667;-0,02861
16,043333;-0,02861
16,045;-0,02861
16,046667;-0,02861
16,048333;-0,02861
16,05;-0,02861
16,051667;-0,02861
16,053333;-0,02861
16,055;-0,02861
16,056667;-0,02861
16,058333;-0,02861
16,06;-0,02861
16,061667;-0,02861
16,063333;-0,02861
16,065;-0,02861
16,066667;-0,02861
16,068333;-0,031471
16,07;-0,031471
16,071667;-0,031471
16,073333;-0,031471
16,075;-0,031471
16,076667;-0,031471
16,078333;-0,031471
16,08;-0,031471
16,081667;-0,031471
16,083333;-0,031471
16,085;-0,031471
16,086667;-0,031471
16,088333;-0,031471
16,09;-0,031471
16,091667;-0,031471
16,093333;-0,031471
16,095;-0,031471
16,096667;-0,031471
16,098333;-0,031471
16,1;-0,031471
16,101667;-0,031471
16,103333;-0,031471
16,105;-0,031471
16,106667;-0,031471
16,108333;-0,031471
16,11;-0,031471
16,111667;-0,031471
16,113333;-0,031471
16,115;-0,031471
16,116667;-0,02861
16,118333;-0,02861
16,12;-0,02861
16,121667;-0,02861
16,123333;-0,02861
16,125;-0,02861
16,126667;-0,02861
16,128333;-0,031471
16,13;-0,031471
16,131667;-0,031471
16,133333;-0,031471
16,135;-0,031471
16,136667;-0,031471
16,138333;-0,02861
16,14;-0,02861
16,141667;-0,02861
16,143333;-0,02861
16,145;-0,02861
16,146667;-0,02861
16,148333;-0,02861
16,15;-0,02861
16,151667;-0,02861
16,153333;-0,02861
16,155;-0,02861
16,156667;-0,02861
16,158333;-0,02861
16,16;-0,02861
16,161667;-0,02861
16,163333;-0,02861
16,165;-0,02861
16,166667;-0,02861
16,168333;-0,02861
16,17;-0,02861
16,171667;-0,02861
16,173333;-0,02861
16,175;-0,02861
16,176667;-0,02861
16,178333;-0,02861
16,18;-0,02861
16,181667;-0,025749
16,183333;-0,025749
16,185;-0,025749
16,186667;-0,025749
16,188333;-0,025749
16,19;-0,025749
16,191667;-0,025749
16,193333;-0,025749
16,195;-0,025749
16,196667;-0,025749
16,198333;-0,025749
16,2;-0,025749
16,201667;-0,025749
16,203333;-0,025749
16,205;-0,025749
16,206667;-0,025749
16,208333;-0,025749
16,21;-0,025749
16,211667;-0,025749
16,213333;-0,025749
16,215;-0,025749
16,216667;-0,025749
16,218333;-0,025749
16,22;-0,025749
16,221667;-0,025749
16,223333;-0,025749
16,225;-0,022888
16,226667;-0,022888
16,228333;-0,022888
16,23;-0,022888
16,231667;-0,022888
16,233333;-0,022888
16,235;-0,022888
16,236667;-0,022888
16,238333;-0,022888
16,24;-0,022888
16,241667;-0,022888
16,243333;-0,022888
16,245;-0,022888
16,246667;-0,022888
16,248333;-0,022888
16,25;-0,020027
16,251667;-0,020027
16,253333;-0,020027
16,255;-0,020027
16,256667;-0,020027
16,258333;-0,020027
16,26;-0,020027
16,261667;-0,020027
16,263333;-0,020027
16,265;-0,020027
16,266667;-0,020027
16,268333;-0,020027
16,27;-0,020027
16,271667;-0,020027
16,273333;-0,017166
16,275;-0,017166
16,276667;-0,017166
16,278333;-0,017166
16,28;-0,017166
16,281667;-0,017166
16,283333;-0,014305
16,285;-0,014305
16,286667;-0,014305
16,288333;-0,014305
16,29;-0,014305
16,291667;-0,014305
16,293333;-0,011444
16,295;-0,011444
16,296667;-0,011444
16,298333;-0,011444
16,3;-0,011444
16,301667;-0,011444
16,303333;-0,011444
16,305;-0,008583
16,306667;-0,008583
16,308333;-0,008583
16,31;-0,008583
16,311667;-0,008583
16,313333;-0,008583
16,315;-0,008583
16,316667;-0,005722
16,318333;-0,005722
16,32;-0,005722
16,321667;-0,005722
16,323333;-0,005722
16,325;-0,005722
16,326667;-0,005722
16,328333;-0,002861
16,33;-0,002861
16,331667;-0,002861
16,333333;-0,002861
16,335;-0,002861
16,336667;-0,002861
16,338333;0
16,34;0
16,341667;0
16,343333;0
16,345;0
16,346667;0,002861
16,348333;0,002861
16,35;0,002861
16,351667;0,002861
16,353333;0,005722
16,355;0,005722
16,356667;0,005722
16,358333;0,005722
16,36;0,008583
16,361667;0,008583
16,363333;0,011444
16,365;0,011444
16,366667;0,011444
16,368333;0,014305
16,37;0,014305
16,371667;0,014305
16,373333;0,017166
16,375;0,017166
16,376667;0,017166
16,378333;0,020027
16,38;0,020027
16,381667;0,020027
16,383333;0,022888
16,385;0,022888
16,386667;0,025749
16,388333;0,025749
16,39;0,02861
16,391667;0,02861
16,393333;0,031471
16,395;0,031471
16,396667;0,031471
16,398333;0,034332
16,4;0,034332
16,401667;0,037193
16,403333;0,037193
16,405;0,040054
16,406667;0,042915
16,408333;0,042915
16,41;0,042915
16,411667;0,045776
16,413333;0,045776
16,415;0,048637
16,416667;0,051498
16,418333;0,051498
16,42;0,054359
16,421667;0,05722
16,423333;0,05722
16,425;0,060081
16,426667;0,062943
16,428333;0,062943
16,43;0,065804
16,431667;0,068665
16,433333;0,071526
16,435;0,071526
16,436667;0,074387
16,438333;0,077248
16,44;0,080109
16,441667;0,08297
16,443333;0,085831
16,445;0,085831
16,446667;0,088692
16,448333;0,091553
16,45;0,094414
16,451667;0,097275
16,453333;0,100136
16,455;0,102997
16,456667;0,105858
16,458333;0,108719
16,46;0,11158
16,461667;0,114441
16,463333;0,117302
16,465;0,123024
16,466667;0,125885
16,468333;0,128746
16,47;0,131607
16,471667;0,134468
16,473333;0,14019
16,475;0,143051
16,476667;0,145912
16,478333;0,151634
16,48;0,154495
16,481667;0,160217
16,483333;0,163078
16,485;0,1688
16,486667;0,171661
16,488333;0,180244
16,49;0,185967
16,491667;0,188828
16,493333;0,19455
16,495;0,200272
16,496667;0,200272
16,498333;0,205994
16,5;0,208855
16,501667;0,214577
16,503333;0,220299
16,505;0,226021
16,506667;0,231743
16,508333;0,237465
16,51;0,243187
16,511667;0,25177
16,513333;0,257492
16,515;0,263214
16,516667;0,268936
16,518333;0,277519
16,52;0,283241
16,521667;0,291824
16,523333;0,297546
16,525;0,306129
16,526667;0,311852
16,528333;0,320435
16,53;0,329018
16,531667;0,33474
16,533333;0,343323
16,535;0,351906
16,536667;0,360489
16,538333;0,369072
16,54;0,377655
16,541667;0,386238
16,543333;0,394821
16,545;0,406265
16,546667;0,414848
16,548333;0,423431
16,55;0,434876
16,551667;0,44632
16,553333;0,457764
16,555;0,466347
16,556667;0,477791
16,558333;0,489235
16,56;0,500679
16,561667;0,514984
16,563333;0,526428
16,565;0,537872
16,566667;0,552177
16,568333;0,563622
16,57;0,577927
16,571667;0,589371
16,573333;0,603676
16,575;0,617981
16,576667;0,632286
16,578333;0,649452
16,58;0,663757
16,581667;0,695229
16,583333;0,709534
16,585;0,7267
16,586667;0,7267
16,588333;0,743866
16,59;0,761032
16,591667;0,778198
16,593333;0,798225
16,595;0,815392
16,596667;0,832558
16,598333;0,852585
16,6;0,872612
16,601667;0,892639
16,603333;0,912666
16,605;0,932694
16,606667;0,952721
16,608333;0,972748
16,61;0,995636
16,611667;1,018524
16,613333;1,041412
16,615;1,064301
16,616667;1,087189
16,618333;1,110077
16,62;1,132965
16,621667;1,158714
16,623333;1,184464
16,625;1,210213
16,626667;1,235962
16,628333;1,261711
16,63;1,290321
16,631667;1,316071
16,633333;1,344681
16,635;1,373291
16,636667;1,401901
16,638333;1,430512
16,64;1,461983
16,641667;1,490593
16,643333;1,522064
16,645;1,553536
16,646667;1,585007
16,648333;1,619339
16,65;1,65081
16,651667;1,685143
16,653333;1,716614
16,655;1,788139
16,656667;1,788139
16,658333;1,822472
16,66;1,859665
16,661667;1,893997
16,663333;1,931191
16,665;1,968384
16,666667;2,008438
16,668333;2,045632
16,67;2,085686
16,671667;2,12574
16,673333;2,165795
16,675;2,205849
16,676667;2,248764
16,678333;2,288818
16,68;2,331734
16,681667;2,374649
16,683333;2,417565
16,685;2,463341
16,686667;2,506256
16,688333;2,552033
16,69;2,597809
16,691667;2,643585
16,693333;2,689362
16,695;2,737999
16,696667;2,786637
16,698333;2,883911
16,7;2,932549
16,701667;2,981186
16,703333;3,032685
16,705;3,084183
16,706667;3,135681
16,708333;3,135681
16,71;3,18718
16,711667;3,238678
16,713333;3,290177
16,715;3,344536
16,716667;3,396034
16,718333;3,450394
16,72;3,504753
16,721667;3,559113
16,723333;3,616333
16,725;3,670693
16,726667;3,727913
16,728333;3,785134
16,73;3,842354
16,731667;3,899575
16,733333;3,956795
16,735;4,014015
16,736667;4,074097
16,738333;4,131317
16,74;4,191399
16,741667;4,25148
16,743333;4,311562
16,745;4,371643
16,746667;4,434586
16,748333;4,494667
16,75;4,55761
16,751667;4,617691
16,753333;4,680634
16,755;4,740715
16,756667;4,803658
16,758333;4,8666
16,76;4,929543
16,761667;4,992485
16,763333;5,055428
16,765;5,121231
16,766667;5,184174
16,768333;5,247116
16,77;5,31292
16,771667;5,375862
16,773333;5,441666
16,775;5,504608
16,776667;5,570412
16,778333;5,633355
16,78;5,699158
16,781667;5,764962
16,783333;5,830765
16,785;5,893708
16,786667;5,959511
16,788333;6,025315
16,79;6,091118
16,791667;6,156922
16,793333;6,219864
16,795;6,285668
16,796667;6,351471
16,798333;6,417275
16,8;6,483078
16,801667;6,546021
16,803333;6,611824
16,805;6,674767
16,806667;6,74057
16,808333;6,803513
16,81;6,869317
16,811667;6,932259
16,813333;6,998063
16,815;7,061005
16,816667;7,123948
16,818333;7,18689
16,82;7,249833
16,821667;7,312775
16,823333;7,375718
16,825;7,435799
16,826667;7,498742
16,828333;7,558823
16,83;7,621766
16,831667;7,681847
16,833333;7,741929
16,835;7,80201
16,836667;7,862092
16,838333;7,922173
16,84;7,979393
16,841667;8,039475
16,843333;8,096695
16,845;8,153916
16,846667;8,211136
16,848333;8,268357
16,85;8,325577
16,851667;8,379937
16,853333;8,437157
16,855;8,491517
16,856667;8,545876
16,858333;8,597374
16,86;8,651734
16,861667;8,703232
16,863333;8,754731
16,865;8,806229
16,866667;8,857728
16,868333;8,909226
16,87;8,957863
16,871667;9,006501
16,873333;9,055138
16,875;9,103776
16,876667;9,149552
16,878333;9,195328
16,88;9,241105
16,881667;9,286881
16,883333;9,329796
16,885;9,372712
16,886667;9,415627
16,888333;9,458542
16,89;9,501458
16,891667;9,541512
16,893333;9,581566
16,895;9,61876
16,896667;9,658814
16,898333;9,696007
16,9;9,733201
16,901667;9,767533
16,903333;9,804726
16,905;9,839059
16,906667;9,873391
16,908333;9,904862
16,91;9,936333
16,911667;9,967805
16,913333;9,999276
16,915;10,027886
16,916667;10,056496
16,918333;10,085106
16,92;10,110856
16,921667;10,139466
16,923333;10,162354
16,925;10,188103
16,926667;10,210992
16,928333;10,23388
16,93;10,256768
16,931667;10,276795
16,933333;10,296822
16,935;10,316849
16,936667;10,334016
16,938333;10,354043
16,94;10,368348
16,941667;10,385514
16,943333;10,399819
16,945;10,414124
16,946667;10,428429
16,948333;10,439873
16,95;10,451317
16,951667;10,462762
16,953333;10,471345
16,955;10,479928
16,956667;10,488511
16,958333;10,494233
16,96;10,502816
16,961667;10,508538
16,963333;10,511399
16,965;10,51426
16,966667;10,517121
16,968333;10,519982
16,97;10,519982
16,971667;10,519982
16,973333;10,519982
16,975;10,519982
16,976667;10,517121
16,978333;10,51426
16,98;10,511399
16,981667;10,505677
16,983333;10,499955
16,985;10,494233
16,986667;10,48565
16,988333;10,477067
16,99;10,468484
16,991667;10,459901
16,993333;10,448456
16,995;10,437012
16,996667;10,425568
16,998333;10,411263
17;10,399819
17,001667;10,385514
17,003333;10,368348
17,005;10,354043
17,006667;10,336877
17,008333;10,31971
17,01;10,302544
17,011667;10,282517
17,013333;10,265351
17,015;10,242463
17,016667;10,222436
17,018333;10,202408
17,02;10,17952
17,021667;10,156632
17,023333;10,133744
17,025;10,107995
17,026667;10,085106
17,028333;10,059357
17,03;10,030747
17,031667;10,004998
17,033333;9,976388
17,035;9,950638
17,036667;9,922028
17,038333;9,890557
17,04;9,861947
17,041667;9,830475
17,043333;9,799004
17,045;9,767533
17,046667;9,736062
17,048333;9,70459
17,05;9,670258
17,051667;9,635926
17,053333;9,601594
17,055;9,567261
17,056667;9,532929
17,058333;9,495736
17,06;9,461403
17,061667;9,387017
17,063333;9,349824
17,065;9,349824
17,066667;9,309769
17,068333;9,272576
17,07;9,232522
17,071667;9,195328
17,073333;9,155274
17,075;9,11522
17,076667;9,075165
17,078333;9,03225
17,08;8,992196
17,081667;8,94928
17,083333;8,909226
17,085;8,866311
17,086667;8,823395
17,088333;8,78048
17,09;8,737565
17,091667;8,694649
17,093333;8,648873
17,095;8,605958
17,096667;8,560181
17,098333;8,517266
17,1;8,471489
17,101667;8,428574
17,103333;8,382798
17,105;8,337021
17,106667;8,291245
17,108333;8,245469
17,11;8,199692
17,111667;8,153916
17,113333;8,105278
17,115;8,059502
17,116667;8,013726
17,118333;7,965088
17,12;7,919312
17,121667;7,870675
17,123333;7,824898
17,125;7,776261
17,126667;7,727623
17,128333;7,681847
17,13;7,63321
17,131667;7,584572
17,133333;7,535935
17,135;7,490159
17,136667;7,441521
17,138333;7,392884
17,14;7,344246
17,141667;7,295609
17,143333;7,246972
17,145;7,201195
17,146667;7,152558
17,148333;7,10392
17,15;7,055283
17,151667;7,006646
17,153333;6,958008
17,155;6,909371
17,156667;6,860733
17,158333;6,814957
17,16;6,76632
17,161667;6,717682
17,163333;6,669045
17,165;6,620407
17,166667;6,57177
17,168333;6,523133
17,17;6,477356
17,171667;6,428719
17,173333;6,380082
17,175;6,334305
17,176667;6,285668
17,178333;6,23703
17,18;6,191254
17,181667;6,142617
17,183333;6,09684
17,185;6,048203
17,186667;6,002427
17,188333;5,95665
17,19;5,908013
17,191667;5,862236
17,193333;5,81646
17,195;5,770684
17,196667;5,679131
17,198333;5,679131
17,2;5,633355
17,201667;5,587578
17,203333;5,541802
17,205;5,496025
17,206667;5,450249
17,208333;5,407334
17,21;5,361557
17,211667;5,318642
17,213333;5,272866
17,215;5,22995
17,216667;5,184174
17,218333;5,098343
17,22;5,055428
17,221667;5,012513
17,223333;4,969597
17,225;4,926682
17,226667;4,926682
17,228333;4,883766
17,23;4,840851
17,231667;4,797936
17,233333;4,757881
17,235;4,714966
17,236667;4,674912
17,238333;4,631996
17,24;4,591942
17,241667;4,551888
17,243333;4,511833
17,245;4,471779
17,246667;4,431725
17,248333;4,39167
17,25;4,351616
17,251667;4,311562
17,253333;4,274369
17,255;4,234314
17,256667;4,197121
17,258333;4,157067
17,26;4,119873
17,261667;4,08268
17,263333;4,045487
17,265;4,008293
17,266667;3,9711
17,268333;3,933907
17,27;3,896713
17,271667;3,85952
17,273333;3,825188
17,275;3,787995
17,276667;3,753662
17,278333;3,71933
17,28;3,682137
17,281667;3,647804
17,283333;3,613472
17,285;3,57914
17,286667;3,547669
17,288333;3,513336
17,29;3,479004
17,291667;3,447533
17,293333;3,413201
17,295;3,381729
17,296667;3,347397
17,298333;3,315926
17,3;3,284455
17,301667;3,252983
17,303333;3,221512
17,305;3,190041
17,306667;3,15857
17,308333;3,127098
17,31;3,098488
17,311667;3,067017
17,313333;3,035546
17,315;3,006935
17,316667;2,978325
17,318333;2,949715
17,32;2,918244
17,321667;2,889633
17,323333;2,863884
17,325;2,835274
17,326667;2,806664
17,328333;2,778053
17,33;2,749443
17,331667;2,723694
17,333333;2,695084
17,335;2,669335
17,336667;2,643585
17,338333;2,614975
17,34;2,589226
17,341667;2,563477
17,343333;2,537728
17,345;2,511978
17,346667;2,486229
17,348333;2,463341
17,35;2,437592
17,351667;2,411842
17,353333;2,388954
17,355;2,363205
17,356667;2,340317
17,358333;2,317429
17,36;2,294541
17,361667;2,268791
17,363333;2,245903
17,365;2,223015
17,366667;2,202988
17,368333;2,1801
17,37;2,157211
17,371667;2,134323
17,373333;2,114296
17,375;2,091408
17,376667;2,071381
17,378333;2,048493
17,38;2,028465
17,381667;2,008438
17,383333;1,98555
17,385;1,965523
17,386667;1,945496
17,388333;1,925469
17,39;1,905441
17,391667;1,885414
17,393333;1,848221
17,395;1,848221
17,396667;1,828194
17,398333;1,811028
17,4;1,791
17,401667;1,773834
17,403333;1,736641
17,405;1,719475
17,406667;1,702309
17,408333;1,685143
17,41;1,665115
17,411667;1,665115
17,413333;1,647949
17,415;1,630783
17,416667;1,613617
17,418333;1,599312
17,42;1,582146
17,421667;1,56498
17,423333;1,547814
17,425;1,533508
17,426667;1,516342
17,428333;1,502037
17,43;1,484871
17,431667;1,470566
17,433333;1,4534
17,435;1,439095
17,436667;1,42479
17,438333;1,410484
17,44;1,396179
17,441667;1,381874
17,443333;1,364708
17,445;1,353264
17,446667;1,338959
17,448333;1,324654
17,45;1,310349
17,451667;1,296043
17,453333;1,281738
17,455;1,270294
17,456667;1,255989
17,458333;1,241684
17,46;1,23024
17,461667;1,215935
17,463333;1,204491
17,465;1,190186
17,466667;1,178742
17,468333;1,167297
17,47;1,152992
17,471667;1,141548
17,473333;1,130104
17,475;1,11866
17,476667;1,107216
17,478333;1,095772
17,48;1,084328
17,481667;1,072884
17,483333;1,06144
17,485;1,049995
17,486667;1,038551
17,488333;1,027107
17,49;1,018524
17,491667;1,00708
17,493333;0,995636
17,495;0,984192
17,496667;0,975609
17,498333;0,964165
17,5;0,955582
17,501667;0,944138
17,503333;0,935555
17,505;0,915527
17,506667;0,906944
17,508333;0,898361
17,51;0,898361
17,511667;0,886917
17,513333;0,878334
17,515;0,869751
17,516667;0,858307
17,518333;0,849724
17,52;0,841141
17,521667;0,832558
17,523333;0,823975
17,525;0,815392
17,526667;0,806809
17,528333;0,798225
17,53;0,789642
17,531667;0,781059
17,533333;0,775337
17,535;0,766754
17,536667;0,758171
17,538333;0,749588
17,54;0,743866
17,541667;0,735283
17,543333;0,7267
17,545;0,720978
17,546667;0,712395
17,548333;0,706673
17,55;0,69809
17,551667;0,692368
17,553333;0,683785
17,555;0,678062
17,556667;0,669479
17,558333;0,663757
17,56;0,658035
17,561667;0,649452
17,563333;0,64373
17,565;0,638008
17,566667;0,629425
17,568333;0,623703
17,57;0,617981
17,571667;0,612259
17,573333;0,603676
17,575;0,597954
17,576667;0,592232
17,578333;0,58651
17,58;0,580788
17,581667;0,575066
17,583333;0,569344
17,585;0,563622
17,586667;0,5579
17,588333;0,552177
17,59;0,546455
17,591667;0,540733
17,593333;0,535011
17,595;0,529289
17,596667;0,523567
17,598333;0,520706
17,6;0,514984
17,601667;0,509262
17,603333;0,50354
17,605;0,500679
17,606667;0,494957
17,608333;0,489235
17,61;0,483513
17,611667;0,480652
17,613333;0,47493
17,615;0,472069
17,616667;0,466347
17,618333;0,463486
17,62;0,457764
17,621667;0,454903
17,623333;0,449181
17,625;0,44632
17,626667;0,440598
17,628333;0,437737
17,63;0,432014
17,631667;0,429153
17,633333;0,426292
17,635;0,42057
17,636667;0,417709
17,638333;0,414848
17,64;0,409126
17,641667;0,406265
17,643333;0,403404
17,645;0,400543
17,646667;0,394821
17,648333;0,389099
17,65;0,386238
17,651667;0,383377
17,653333;0,380516
17,655;0,374794
17,656667;0,374794
17,658333;0,371933
17,66;0,369072
17,661667;0,366211
17,663333;0,36335
17,665;0,360489
17,666667;0,357628
17,668333;0,354767
17,67;0,351906
17,671667;0,349045
17,673333;0,346184
17,675;0,343323
17,676667;0,340462
17,678333;0,337601
17,68;0,33474
17,681667;0,33474
17,683333;0,331879
17,685;0,329018
17,686667;0,326157
17,688333;0,326157
17,69;0,323296
17,691667;0,320435
17,693333;0,317574
17,695;0,317574
17,696667;0,314713
17,698333;0,311852
17,7;0,311852
17,701667;0,30899
17,703333;0,30899
17,705;0,306129
17,706667;0,306129
17,708333;0,303268
17,71;0,300407
17,711667;0,300407
17,713333;0,297546
17,715;0,297546
17,716667;0,294685
17,718333;0,291824
17,72;0,291824
17,721667;0,288963
17,723333;0,288963
17,725;0,288963
17,726667;0,286102
17,728333;0,286102
17,73;0,283241
17,731667;0,283241
17,733333;0,28038
17,735;0,28038
17,736667;0,28038
17,738333;0,28038
17,74;0,277519
17,741667;0,277519
17,743333;0,277519
17,745;0,277519
17,746667;0,274658
17,748333;0,274658
17,75;0,274658
17,751667;0,274658
17,753333;0,274658
17,755;0,271797
17,756667;0,271797
17,758333;0,271797
17,76;0,271797
17,761667;0,271797
17,763333;0,271797
17,765;0,271797
17,766667;0,271797
17,768333;0,271797
17,77;0,271797
17,771667;0,271797
17,773333;0,271797
17,775;0,271797
17,776667;0,274658
17,778333;0,274658
17,78;0,274658
17,781667;0,274658
17,783333;0,274658
17,785;0,274658
17,786667;0,274658
17,788333;0,274658
17,79;0,274658
17,791667;0,277519
17,793333;0,277519
17,795;0,277519
17,796667;0,277519
17,798333;0,28038
17,8;0,28038
17,801667;0,28038
17,803333;0,283241
17,805;0,283241
17,806667;0,283241
17,808333;0,286102
17,81;0,286102
17,811667;0,288963
17,813333;0,288963
17,815;0,291824
17,816667;0,294685
17,818333;0,294685
17,82;0,297546
17,821667;0,300407
17,823333;0,300407
17,825;0,300407
17,826667;0,303268
17,828333;0,306129
17,83;0,30899
17,831667;0,30899
17,833333;0,311852
17,835;0,314713
17,836667;0,317574
17,838333;0,320435
17,84;0,323296
17,841667;0,326157
17,843333;0,329018
17,845;0,331879
17,846667;0,33474
17,848333;0,337601
17,85;0,340462
17,851667;0,343323
17,853333;0,346184
17,855;0,349045
17,856667;0,351906
17,858333;0,357628
17,86;0,360489
17,861667;0,36335
17,863333;0,366211
17,865;0,371933
17,866667;0,374794
17,868333;0,380516
17,87;0,383377
17,871667;0,389099
17,873333;0,39196
17,875;0,397682
17,876667;0,403404
17,878333;0,406265
17,88;0,411987
17,881667;0,417709
17,883333;0,423431
17,885;0,429153
17,886667;0,434876
17,888333;0,440598
17,89;0,44632
17,891667;0,452042
17,893333;0,457764
17,895;0,463486
17,896667;0,477791
17,898333;0,483513
17,9;0,489235
17,901667;0,489235
17,903333;0,497818
17,905;0,50354
17,906667;0,512123
17,908333;0,520706
17,91;0,526428
17,911667;0,535011
17,913333;0,543594
17,915;0,552177
17,916667;0,560761
17,918333;0,569344
17,92;0,577927
17,921667;0,58651
17,923333;0,595093
17,925;0,606537
17,926667;0,61512
17,928333;0,623703
17,93;0,635147
17,931667;0,64373
17,933333;0,655174
17,935;0,666618
17,936667;0,678062
17,938333;0,689507
17,94;0,700951
17,941667;0,712395
17,943333;0,723839
17,945;0,735283
17,946667;0,746727
17,948333;0,761032
17,95;0,775337
17,951667;0,786781
17,953333;0,801086
17,955;0,815392
17,956667;0,829697
17,958333;0,844002
17,96;0,858307
17,961667;0,872612
17,963333;0,889778
17,965;0,904083
17,966667;0,921249
17,968333;0,938416
17,97;0,955582
17,971667;0,972748
17,973333;0,989914
17,975;1,00708
17,976667;1,024246
17,978333;1,06144
17,98;1,06144
17,981667;1,081467
17,983333;1,101494
17,985;1,121521
17,986667;1,141548
17,988333;1,161575
17,99;1,184464
17,991667;1,204491
17,993333;1,227379
17,995;1,250267
17,996667;1,273155
17,998333;1,296043
18;1,318932
18,001667;1,34182
18,003333;1,367569
18,005;1,393318
18,006667;1,419067
18,008333;1,444817
18,01;1,470566
18,011667;1,499176
18,013333;1,524925
18,015;1,553536
18,016667;1,582146
18,018333;1,610756
18,02;1,639366
18,021667;1,670838
18,023333;1,699448
18,025;1,730919
18,026667;1,76239
18,028333;1,793861
18,03;1,828194
18,031667;1,859665
18,033333;1,893997
18,035;1,92833
18,036667;1,962662
18,038333;1,996994
18,04;2,034187
18,041667;2,06852
18,043333;2,105713
18,045;2,142906
18,046667;2,1801
18,048333;2,220154
18,05;2,257347
18,051667;2,297402
18,053333;2,337456
18,055;2,380371
18,056667;2,420426
18,058333;2,463341
18,06;2,503395
18,061667;2,546311
18,063333;2,592087
18,065;2,635002
18,066667;2,680779
18,068333;2,726555
18,07;2,772331
18,071667;2,818108
18,073333;2,866745
18,075;2,915383
18,076667;2,96402
18,078333;3,012657
18,08;3,061295
18,081667;3,112793
18,083333;3,164292
18,085;3,21579
18,086667;3,267288
18,088333;3,318787
18,09;3,373146
18,091667;3,427506
18,093333;3,479004
18,095;3,536225
18,096667;3,590584
18,098333;3,647804
18,1;3,702164
18,101667;3,759384
18,103333;3,819466
18,105;3,876686
18,106667;3,936768
18,108333;3,993988
18,11;4,05407
18,111667;4,117012
18,113333;4,177094
18,115;4,240036
18,116667;4,300118
18,118333;4,36306
18,12;4,426003
18,121667;4,488945
18,123333;4,554749
18,125;4,617691
18,126667;4,683495
18,128333;4,749298
18,13;4,815102
18,131667;4,880905
18,133333;4,94957
18,135;5,015374
18,136667;5,084038
18,138333;5,152703
18,14;5,221367
18,141667;5,290032
18,143333;5,358696
18,145;5,430222
18,146667;5,498886
18,148333;5,570412
18,15;5,641938
18,151667;5,713463
18,153333;5,784989
18,155;5,856514
18,156667;5,92804
18,158333;5,999565
18,16;6,073952
18,161667;6,148339
18,163333;6,219864
18,165;6,294251
18,166667;6,368637
18,168333;6,443024
18,17;6,517411
18,171667;6,591797
18,173333;6,666184
18,175;6,74057
18,176667;6,817818
18,178333;6,892205
18,18;6,969452
18,181667;7,043839
18,183333;7,121087
18,185;7,195473
18,186667;7,272721
18,188333;7,347107
18,19;7,424355
18,191667;7,498742
18,193333;7,575989
18,195;7,650376
18,196667;7,727623
18,198333;7,804871
18,2;7,879258
18,201667;7,956505
18,203333;8,030892
18,205;8,10814
18,206667;8,182526
18,208333;8,259774
18,21;8,33416
18,211667;8,408547
18,213333;8,482934
18,215;8,560181
18,216667;8,634568
18,218333;8,708954
18,22;8,783341
18,221667;8,854867
18,223333;8,929253
18,225;9,00364
18,226667;9,078026
18,228333;9,149552
18,23;9,221078
18,231667;9,295464
18,233333;9,36699
18,235;9,438515
18,236667;9,510041
18,238333;9,581566
18,24;9,653092
18,241667;9,721757
18,243333;9,793282
18,245;9,861947
18,246667;9,930611
18,248333;9,999276
18,25;10,06794
18,251667;10,133744
18,253333;10,202408
18,255;10,268212
18,256667;10,334016
18,258333;10,399819
18,26;10,462762
18,261667;10,528565
18,263333;10,591508
18,265;10,65445
18,266667;10,717393
18,268333;10,777474
18,27;10,840417
18,271667;10,900498
18,273333;10,96058
18,275;11,020661
18,276667;11,077882
18,278333;11,135102
18,28;11,192322
18,281667;11,249543
18,283333;11,306763
18,285;11,361123
18,286667;11,415482
18,288333;11,466981
18,29;11,52134
18,291667;11,572839
18,293333;11,624337
18,295;11,672974
18,296667;11,724473
18,298333;11,77311
18,3;11,821748
18,301667;11,867524
18,303333;11,9133
18,305;11,959077
18,306667;12,004853
18,308333;12,047768
18,31;12,090684
18,311667;12,133599
18,313333;12,173653
18,315;12,216569
18,316667;12,253762
18,318333;12,293816
18,32;12,33101
18,321667;12,368203
18,323333;12,402535
18,325;12,439729
18,326667;12,474061
18,328333;12,505532
18,33;12,539864
18,331667;12,568475
18,333333;12,599946
18,335;12,628556
18,336667;12,657166
18,338333;12,685777
18,34;12,711526
18,341667;12,737275
18,343333;12,763024
18,345;12,785912
18,346667;12,808801
18,348333;12,831689
18,35;12,851716
18,351667;12,874604
18,353333;12,89177
18,355;12,911797
18,356667;12,928963
18,358333;12,943269
18,36;12,957574
18,361667;12,971879
18,363333;12,986184
18,365;12,997628
18,366667;13,009072
18,368333;13,020516
18,37;13,029099
18,371667;13,037682
18,373333;13,046265
18,375;13,051987
18,376667;13,05771
18,378333;13,063432
18,38;13,066293
18,381667;13,069154
18,383333;13,072015
18,385;13,072015
18,386667;13,072015
18,388333;13,072015
18,39;13,069154
18,391667;13,066293
18,393333;13,063432
18,395;13,060571
18,396667;13,054848
18,398333;13,046265
18,4;13,040543
18,401667;13,03196
18,403333;13,023377
18,405;13,014794
18,406667;13,00335
18,408333;12,991906
18,41;12,980462
18,411667;12,966157
18,413333;12,951852
18,415;12,937547
18,416667;12,92038
18,418333;12,906075
18,42;12,888909
18,421667;12,868882
18,423333;12,851716
18,425;12,811662
18,426667;12,788773
18,428333;12,765885
18,43;12,765885
18,431667;12,742997
18,433333;12,720109
18,435;12,69436
18,436667;12,671471
18,438333;12,642861
18,44;12,617112
18,441667;12,591363
18,443333;12,562753
18,445;12,534142
18,446667;12,502671
18,448333;12,474061
18,45;12,44259
18,451667;12,411118
18,453333;12,379647
18,455;12,345315
18,456667;12,313844
18,458333;12,279511
18,46;12,245179
18,461667;12,207986
18,463333;12,173653
18,465;12,13646
18,466667;12,099267
18,468333;12,062073
18,47;12,022019
18,471667;11,984826
18,473333;11,944772
18,475;11,904717
18,476667;11,864663
18,478333;11,824609
18,48;11,781693
18,481667;11,741639
18,483333;11,698724
18,485;11,655808
18,486667;11,612893
18,488333;11,569977
18,49;11,524201
18,491667;11,478425
18,493333;11,435509
18,495;11,389733
18,496667;11,343957
18,498333;11,295319
18,5;11,249543
18,501667;11,200906
18,503333;11,155129
18,505;11,106492
18,506667;11,009217
18,508333;11,009217
18,51;10,96058
18,511667;10,911942
18,513333;10,860444
18,515;10,811806
18,516667;10,760308
18,518333;10,70881
18,52;10,660172
18,521667;10,608674
18,523333;10,557175
18,525;10,505677
18,526667;10,454178
18,528333;10,399819
18,53;10,348321
18,531667;10,296822
18,533333;10,242463
18,535;10,190964
18,536667;10,136605
18,538333;10,082245
18,54;10,030747
18,541667;9,976388
18,543333;9,922028
18,545;9,867669
18,546667;9,813309
18,548333;9,75895
18,55;9,70459
18,551667;9,650231
18,553333;9,595872
18,555;9,541512
18,556667;9,484292
18,558333;9,429932
18,56;9,375573
18,561667;9,321213
18,563333;9,263993
18,565;9,209633
18,566667;9,155274
18,568333;9,098054
18,57;9,043694
18,571667;8,986474
18,573333;8,932114
18,575;8,877755
18,576667;8,820534
18,578333;8,766175
18,58;8,708954
18,581667;8,654595
18,583333;8,600235
18,585;8,543015
18,586667;8,488656
18,588333;8,431435
18,59;8,377076
18,591667;8,319855
18,593333;8,265496
18,595;8,211136
18,596667;8,153916
18,598333;8,099556
18,6;8,045197
18,601667;7,990838
18,603333;7,933617
18,605;7,879258
18,606667;7,824898
18,608333;7,770539
18,61;7,716179
18,611667;7,66182
18,613333;7,60746
18,615;7,553101
18,616667;7,498742
18,618333;7,444382
18,62;7,390023
18,621667;7,335663
18,623333;7,284165
18,625;7,229805
18,626667;7,175446
18,628333;7,123948
18,63;7,069588
18,631667;7,01809
18,633333;6,966591
18,635;6,912232
18,636667;6,860733
18,638333;6,809235
18,64;6,757737
18,641667;6,706238
18,643333;6,65474
18,645;6,551743
18,646667;6,500245
18,648333;6,448746
18,65;6,448746
18,651667;6,397248
18,653333;6,34861
18,655;6,248474
18,656667;6,196976
18,658333;6,148339
18,66;6,099701
18,661667;6,051064
18,663333;6,002427
18,665;6,002427
18,666667;5,953789
18,668333;5,905152
18,67;5,856514
18,671667;5,807877
18,673333;5,75924
18,675;5,713463
18,676667;5,664826
18,678333;5,619049
18,68;5,573273
18,681667;5,524636
18,683333;5,478859
18,685;5,433083
18,686667;5,387307
18,688333;5,34153
18,69;5,295754
18,691667;5,252838
18,693333;5,207062
18,695;5,161286
18,696667;5,11837
18,698333;5,075455
18,7;5,029679
18,701667;4,986763
18,703333;4,943848
18,705;4,900933
18,706667;4,858017
18,708333;4,815102
18,71;4,775048
18,711667;4,732132
18,713333;4,689217
18,715;4,649163
18,716667;4,609108
18,718333;4,566193
18,72;4,526139
18,721667;4,486084
18,723333;4,44603
18,725;4,405976
18,726667;4,368782
18,728333;4,328728
18,73;4,288674
18,731667;4,25148
18,733333;4,211426
18,735;4,174233
18,736667;4,137039
18,738333;4,099846
18,74;4,062653
18,741667;4,02546
18,743333;3,988266
18,745;3,951073
18,746667;3,91388
18,748333;3,879547
18,75;3,842354
18,751667;3,808022
18,753333;3,773689
18,755;3,739357
18,756667;3,702164
18,758333;3,667832
18,76;3,633499
18,761667;3,602028
18,763333;3,567696
18,765;3,533364
18,766667;3,499031
18,768333;3,46756
18,77;3,436089
18,771667;3,401756
18,773333;3,370285
18,775;3,338814
18,776667;3,307343
18,778333;3,275871
18,78;3,2444
18,781667;3,212929
18,783333;3,184319
18,785;3,152847
18,786667;3,124237
18,788333;3,064156
18,79;3,035546
18,791667;3,004074
18,793333;3,004074
18,795;2,975464
18,796667;2,946854
18,798333;2,918244
18,8;2,889633
18,801667;2,861023
18,803333;2,835274
18,805;2,806664
18,806667;2,780914
18,808333;2,752304
18,81;2,726555
18,811667;2,697945
18,813333;2,672196
18,815;2,646446
18,816667;2,620697
18,818333;2,594948
18,82;2,569199
18,821667;2,54345
18,823333;2,5177
18,825;2,494812
18,826667;2,469063
18,828333;2,446175
18,83;2,420426
18,831667;2,397537
18,833333;2,374649
18,835;2,3489
18,836667;2,326012
18,838333;2,303124
18,84;2,280235
18,841667;2,260208
18,843333;2,23732
18,845;2,214432
18,846667;2,191544
18,848333;2,171517
18,85;2,148628
18,851667;2,12574
18,853333;2,105713
18,855;2,085686
18,856667;2,062798
18,858333;2,042771
18,86;2,022743
18,861667;2,002716
18,863333;1,982689
18,865;1,962662
18,866667;1,942635
18,868333;1,922608
18,87;1,90258
18,871667;1,885414
18,873333;1,865387
18,875;1,848221
18,876667;1,828194
18,878333;1,811028
18,88;1,791
18,881667;1,756668
18,883333;1,736641
18,885;1,736641
18,886667;1,719475
18,888333;1,702309
18,89;1,685143
18,891667;1,667976
18,893333;1,65081
18,895;1,633644
18,896667;1,616478
18,898333;1,602173
18,9;1,585007
18,901667;1,567841
18,903333;1,553536
18,905;1,536369
18,906667;1,522064
18,908333;1,504898
18,91;1,490593
18,911667;1,476288
18,913333;1,459122
18,915;1,444817
18,916667;1,430512
18,918333;1,416206
18,92;1,401901
18,921667;1,387596
18,923333;1,373291
18,925;1,358986
18,926667;1,344681
18,928333;1,330376
18,93;1,316071
18,931667;1,301766
18,933333;1,290321
18,935;1,276016
18,936667;1,261711
18,938333;1,250267
18,94;1,235962
18,941667;1,224518
18,943333;1,210213
18,945;1,198769
18,946667;1,187325
18,948333;1,175881
18,95;1,161575
18,951667;1,150131
18,953333;1,138687
18,955;1,127243
18,956667;1,115799
18,958333;1,104355
18,96;1,092911
18,961667;1,081467
18,963333;1,070023
18,965;1,058579
18,966667;1,047134
18,968333;1,03569
18,97;1,027107
18,971667;1,015663
18,973333;1,004219
18,975;0,995636
18,976667;0,984192
18,978333;0,975609
18,98;0,964165
18,981667;0,955582
18,983333;0,944138
18,985;0,935555
18,986667;0,92411
18,988333;0,915527
18,99;0,906944
18,991667;0,898361
18,993333;0,886917
18,995;0,878334
18,996667;0,861168
18,998333;0,852585
19;0,841141
19,001667;0,832558
19,003333;0,832558
19,005;0,823975
19,006667;0,815392
19,008333;0,806809
19,01;0,801086
19,011667;0,792503
19,013333;0,78392
19,015;0,775337
19,016667;0,766754
19,018333;0,758171
19,02;0,752449
19,021667;0,743866
19,023333;0,735283
19,025;0,729561
19,026667;0,720978
19,028333;0,715256
19,03;0,706673
19,031667;0,69809
19,033333;0,692368
19,035;0,683785
19,036667;0,678062
19,038333;0,669479
19,04;0,663757
19,041667;0,658035
19,043333;0,649452
19,045;0,64373
19,046667;0,638008
19,048333;0,629425
19,05;0,623703
19,051667;0,617981
19,053333;0,612259
19,055;0,606537
19,056667;0,597954
19,058333;0,592232
19,06;0,58651
19,061667;0,580788
19,063333;0,575066
19,065;0,569344
19,066667;0,563622
19,068333;0,5579
19,07;0,552177
19,071667;0,546455
19,073333;0,540733
19,075;0,535011
19,076667;0,529289
19,078333;0,523567
19,08;0,517845
19,081667;0,512123
19,083333;0,509262
19,085;0,50354
19,086667;0,497818
19,088333;0,492096
19,09;0,486374
19,091667;0,480652
19,093333;0,477791
19,095;0,472069
19,096667;0,466347
19,098333;0,463486
19,1;0,457764
19,101667;0,452042
19,103333;0,449181
19,105;0,443459
19,106667;0,440598
19,108333;0,434876
19,11;0,429153
19,111667;0,426292
19,113333;0,42057
19,115;0,417709
19,116667;0,414848
19,118333;0,409126
19,12;0,406265
19,121667;0,400543
19,123333;0,394821
19,125;0,39196
19,126667;0,389099
19,128333;0,383377
19,13;0,380516
19,131667;0,377655
19,133333;0,371933
19,135;0,369072
19,136667;0,366211
19,138333;0,360489
19,14;0,357628
19,141667;0,354767
19,143333;0,349045
19,145;0,346184
19,146667;0,343323
19,148333;0,337601
19,15;0,33474
19,151667;0,331879
19,153333;0,329018
19,155;0,326157
19,156667;0,323296
19,158333;0,317574
19,16;0,314713
19,161667;0,311852
19,163333;0,30899
19,165;0,306129
19,166667;0,303268
19,168333;0,300407
19,17;0,297546
19,171667;0,291824
19,173333;0,288963
19,175;0,286102
19,176667;0,283241
19,178333;0,28038
19,18;0,277519
19,181667;0,274658
19,183333;0,271797
19,185;0,268936
19,186667;0,266075
19,188333;0,263214
19,19;0,263214
19,191667;0,260353
19,193333;0,257492
19,195;0,254631
19,196667;0,25177
19,198333;0,248909
19,2;0,246048
19,201667;0,243187
19,203333;0,240326
19,205;0,237465
19,206667;0,237465
19,208333;0,234604
19,21;0,231743
19,211667;0,228882
19,213333;0,226021
19,215;0,22316
19,216667;0,22316
19,218333;0,220299
19,22;0,217438
19,221667;0,214577
19,223333;0,211716
19,225;0,211716
19,226667;0,208855
19,228333;0,205994
19,23;0,205994
19,231667;0,203133
19,233333;0,200272
19,235;0,197411
19,236667;0,197411
19,238333;0,19455
19,24;0,191689
19,241667;0,191689
19,243333;0,188828
19,245;0,185967
19,246667;0,185967
19,248333;0,183105
19,25;0,180244
19,251667;0,180244
19,253333;0,177383
19,255;0,174522
19,256667;0,174522
19,258333;0,171661
19,26;0,1688
19,261667;0,1688
19,263333;0,165939
19,265;0,163078
19,266667;0,163078
19,268333;0,160217
19,27;0,160217
19,271667;0,157356
19,273333;0,157356
19,275;0,154495
19,276667;0,154495
19,278333;0,151634
19,28;0,148773
19,281667;0,148773
19,283333;0,145912
19,285;0,143051
19,286667;0,143051
19,288333;0,14019
19,29;0,14019
19,291667;0,137329
19,293333;0,137329
19,295;0,134468
19,296667;0,134468
19,298333;0,131607
19,3;0,131607
19,301667;0,131607
19,303333;0,128746
19,305;0,128746
19,306667;0,125885
19,308333;0,125885
19,31;0,125885
19,311667;0,123024
19,313333;0,123024
19,315;0,120163
19,316667;0,120163
19,318333;0,117302
19,32;0,117302
19,321667;0,114441
19,323333;0,114441
19,325;0,114441
19,326667;0,11158
19,328333;0,11158
19,33;0,108719
19,331667;0,108719
19,333333;0,105858
19,335;0,105858
19,336667;0,105858
19,338333;0,102997
19,34;0,102997
19,341667;0,100136
19,343333;0,100136
19,345;0,100136
19,346667;0,097275
19,348333;0,097275
19,35;0,094414
19,351667;0,094414
19,353333;0,091553
19,355;0,091553
19,356667;0,091553
19,358333;0,088692
19,36;0,088692
19,361667;0,088692
19,363333;0,085831
19,365;0,085831
19,366667;0,085831
19,368333;0,08297
19,37;0,08297
19,371667;0,08297
19,373333;0,080109
19,375;0,080109
19,376667;0,080109
19,378333;0,080109
19,38;0,077248
19,381667;0,077248
19,383333;0,077248
19,385;0,074387
19,386667;0,074387
19,388333;0,074387
19,39;0,074387
19,391667;0,071526
19,393333;0,071526
19,395;0,071526
19,396667;0,068665
19,398333;0,068665
19,4;0,068665
19,401667;0,068665
19,403333;0,065804
19,405;0,065804
19,406667;0,065804
19,408333;0,065804
19,41;0,062943
19,411667;0,062943
19,413333;0,062943
19,415;0,062943
19,416667;0,060081
19,418333;0,060081
19,42;0,060081
19,421667;0,060081
19,423333;0,060081
19,425;0,05722
19,426667;0,05722
19,428333;0,05722
19,43;0,05722
19,431667;0,054359
19,433333;0,054359
19,435;0,054359
19,436667;0,054359
19,438333;0,054359
19,44;0,051498
19,441667;0,051498
19,443333;0,051498
19,445;0,051498
19,446667;0,051498
19,448333;0,051498
19,45;0,048637
19,451667;0,048637
19,453333;0,048637
19,455;0,048637
19,456667;0,048637
19,458333;0,045776
19,46;0,045776
19,461667;0,045776
19,463333;0,045776
19,465;0,045776
19,466667;0,042915
19,468333;0,042915
19,47;0,042915
19,471667;0,042915
19,473333;0,040054
19,475;0,040054
19,476667;0,040054
19,478333;0,037193
19,48;0,037193
19,481667;0,037193
19,483333;0,037193
19,485;0,037193
19,486667;0,034332
19,488333;0,034332
19,49;0,034332
19,491667;0,034332
19,493333;0,034332
19,495;0,034332
19,496667;0,034332
19,498333;0,031471
19,5;0,031471
19,501667;0,031471
19,503333;0,031471
19,505;0,031471
19,506667;0,031471
19,508333;0,02861
19,51;0,02861
19,511667;0,02861
19,513333;0,02861
19,515;0,02861
19,516667;0,025749
19,518333;0,025749
19,52;0,025749
19,521667;0,025749
19,523333;0,025749
19,525;0,025749
19,526667;0,022888
19,528333;0,022888
19,53;0,022888
19,531667;0,022888
19,533333;0,022888
19,535;0,022888
19,536667;0,022888
19,538333;0,022888
19,54;0,022888
19,541667;0,020027
19,543333;0,020027
19,545;0,020027
19,546667;0,020027
19,548333;0,020027
19,55;0,020027
19,551667;0,020027
19,553333;0,017166
19,555;0,017166
19,556667;0,017166
19,558333;0,017166
19,56;0,017166
19,561667;0,017166
19,563333;0,017166
19,565;0,017166
19,566667;0,017166
19,568333;0,017166
19,57;0,017166
19,571667;0,014305
19,573333;0,014305
19,575;0,014305
19,576667;0,014305
19,578333;0,014305
19,58;0,014305
19,581667;0,014305
19,583333;0,014305
19,585;0,014305
19,586667;0,014305
19,588333;0,014305
19,59;0,011444
19,591667;0,011444
19,593333;0,011444
19,595;0,011444
19,596667;0,011444
19,598333;0,011444
19,6;0,011444
19,601667;0,011444
19,603333;0,008583
19,605;0,008583
19,606667;0,008583
19,608333;0,008583
19,61;0,008583
19,611667;0,008583
19,613333;0,008583
19,615;0,008583
19,616667;0,008583
19,618333;0,008583
19,62;0,008583
19,621667;0,008583
19,623333;0,008583
19,625;0,008583
19,626667;0,008583
19,628333;0,008583
19,63;0,005722
19,631667;0,005722
19,633333;0,005722
19,635;0,005722
19,636667;0,005722
19,638333;0,005722
19,64;0,005722
19,641667;0,005722
19,643333;0,005722
19,645;0,005722
19,646667;0,005722
19,648333;0,005722
19,65;0,005722
19,651667;0,002861
19,653333;0,002861
19,655;0,002861
19,656667;0,002861
19,658333;0,002861
19,66;0,002861
19,661667;0,002861
19,663333;0,002861
19,665;0
19,666667;0
19,668333;0
19,67;0
19,671667;0
19,673333;0
19,675;0
19,676667;0
19,678333;0
19,68;0
19,681667;0
19,683333;0
19,685;0
19,686667;0
19,688333;0
19,69;0
19,691667;0
19,693333;0
19,695;0
19,696667;0
19,698333;-0,002861
19,7;-0,002861
19,701667;-0,002861
19,703333;-0,002861
19,705;-0,002861
19,706667;-0,002861
19,708333;-0,002861
19,71;-0,002861
19,711667;-0,002861
19,713333;-0,002861
19,715;-0,002861
19,716667;-0,002861
19,718333;-0,002861
19,72;-0,002861
19,721667;-0,002861
19,723333;-0,002861
19,725;-0,005722
19,726667;-0,005722
19,728333;-0,005722
19,73;-0,005722
19,731667;-0,005722
19,733333;-0,005722
19,735;-0,005722
19,736667;-0,005722
19,738333;-0,005722
19,74;-0,005722
19,741667;-0,005722
19,743333;-0,005722
19,745;-0,005722
19,746667;-0,005722
19,748333;-0,005722
19,75;-0,005722
19,751667;-0,005722
19,753333;-0,005722
19,755;-0,005722
19,756667;-0,005722
19,758333;-0,005722
19,76;-0,005722
19,761667;-0,005722
19,763333;-0,005722
19,765;-0,005722
19,766667;-0,005722
19,768333;-0,005722
19,77;-0,008583
19,771667;-0,008583
19,773333;-0,008583
19,775;-0,008583
19,776667;-0,008583
19,778333;-0,008583
19,78;-0,008583
19,781667;-0,008583
19,783333;-0,008583
19,785;-0,008583
19,786667;-0,008583
19,788333;-0,008583
19,79;-0,008583
19,791667;-0,008583
19,793333;-0,008583
19,795;-0,008583
19,796667;-0,008583
19,798333;-0,008583
19,8;-0,008583
19,801667;-0,008583
19,803333;-0,008583
19,805;-0,008583
19,806667;-0,008583
19,808333;-0,008583
19,81;-0,008583
19,811667;-0,008583
19,813333;-0,011444
19,815;-0,011444
19,816667;-0,011444
19,818333;-0,011444
19,82;-0,011444
19,821667;-0,011444
19,823333;-0,011444
19,825;-0,011444
19,826667;-0,011444
19,828333;-0,011444
19,83;-0,011444
19,831667;-0,011444
19,833333;-0,011444
19,835;-0,011444
19,836667;-0,011444
19,838333;-0,011444
19,84;-0,011444
19,841667;-0,011444
19,843333;-0,011444
19,845;-0,011444
19,846667;-0,011444
19,848333;-0,011444
19,85;-0,011444
19,851667;-0,011444
19,853333;-0,011444
19,855;-0,011444
19,856667;-0,011444
19,858333;-0,011444
19,86;-0,011444
19,861667;-0,011444
19,863333;-0,011444
19,865;-0,011444
19,866667;-0,011444
19,868333;-0,011444
19,87;-0,011444
19,871667;-0,011444
19,873333;-0,011444
19,875;-0,011444
19,876667;-0,011444
19,878333;-0,011444
19,88;-0,011444
19,881667;-0,011444
19,883333;-0,011444
19,885;-0,014305
19,886667;-0,014305
19,888333;-0,014305
19,89;-0,014305
19,891667;-0,014305
19,893333;-0,014305
19,895;-0,014305
19,896667;-0,014305
19,898333;-0,014305
19,9;-0,014305
19,901667;-0,014305
19,903333;-0,014305
19,905;-0,014305
19,906667;-0,014305
19,908333;-0,014305
19,91;-0,014305
19,911667;-0,014305
19,913333;-0,014305
19,915;-0,014305
19,916667;-0,014305
19,918333;-0,014305
19,92;-0,014305
19,921667;-0,014305
19,923333;-0,014305
19,925;-0,014305
19,926667;-0,014305
19,928333;-0,014305
19,93;-0,014305
19,931667;-0,014305
19,933333;-0,014305
19,935;-0,014305
19,936667;-0,014305
19,938333;-0,014305
19,94;-0,014305
19,941667;-0,014305
19,943333;-0,014305
19,945;-0,014305
19,946667;-0,014305
19,948333;-0,014305
19,95;-0,017166
19,951667;-0,017166
19,953333;-0,017166
19,955;-0,017166
19,956667;-0,017166
19,958333;-0,017166
19,96;-0,017166
19,961667;-0,017166
19,963333;-0,017166
19,965;-0,017166
19,966667;-0,017166
19,968333;-0,017166
19,97;-0,017166
19,971667;-0,017166
19,973333;-0,017166
19,975;-0,017166
19,976667;-0,017166
19,978333;-0,017166
19,98;-0,017166
19,981667;-0,017166
19,983333;-0,017166
19,985;-0,017166
19,986667;-0,017166
19,988333;-0,017166
19,99;-0,017166
19,991667;-0,020027
19,993333;-0,020027
19,995;-0,020027
19,996667;-0,020027
19,998333;-0,020027
20;-0,020027
20,001667;-0,020027
20,003333;-0,020027
20,005;-0,020027
20,006667;-0,020027
20,008333;-0,020027
20,01;-0,020027
20,011667;-0,020027
20,013333;-0,020027
20,015;-0,020027
20,016667;-0,017166
20,018333;-0,017166
20,02;-0,020027
20,021667;-0,020027
20,023333;-0,020027
20,025;-0,020027
20,026667;-0,020027
20,028333;-0,020027
20,03;-0,020027
20,031667;-0,020027
20,033333;-0,020027
20,035;-0,020027
20,036667;-0,020027
20,038333;-0,020027
20,04;-0,020027
20,041667;-0,020027
20,043333;-0,020027
20,045;-0,020027
20,046667;-0,020027
20,048333;-0,020027
20,05;-0,020027
20,051667;-0,020027
20,053333;-0,020027
20,055;-0,017166
20,056667;-0,017166
20,058333;-0,020027
20,06;-0,020027
20,061667;-0,020027
20,063333;-0,020027
20,065;-0,020027
20,066667;-0,020027
20,068333;-0,020027
20,07;-0,020027
20,071667;-0,020027
20,073333;-0,020027
20,075;-0,020027
20,076667;-0,020027
20,078333;-0,020027
20,08;-0,020027
20,081667;-0,020027
20,083333;-0,020027
20,085;-0,020027
20,086667;-0,020027
20,088333;-0,020027
20,09;-0,020027
20,091667;-0,020027
20,093333;-0,020027
20,095;-0,020027
20,096667;-0,020027
20,098333;-0,020027
20,1;-0,020027
20,101667;-0,020027
20,103333;-0,020027
20,105;-0,020027
20,106667;-0,020027
20,108333;-0,020027
20,11;-0,022888
20,111667;-0,022888
20,113333;-0,022888
20,115;-0,022888
20,116667;-0,022888
20,118333;-0,022888
20,12;-0,022888
20,121667;-0,022888
20,123333;-0,022888
20,125;-0,022888
20,126667;-0,022888
20,128333;-0,022888
20,13;-0,022888
20,131667;-0,022888
20,133333;-0,022888
20,135;-0,022888
20,136667;-0,022888
20,138333;-0,022888
20,14;-0,022888
20,141667;-0,022888
20,143333;-0,022888
20,145;-0,022888
20,146667;-0,022888
20,148333;-0,022888
20,15;-0,022888
20,151667;-0,022888
20,153333;-0,022888
20,155;-0,022888
20,156667;-0,022888
20,158333;-0,022888
20,16;-0,022888
20,161667;-0,022888
20,163333;-0,022888
20,165;-0,022888
20,166667;-0,022888
20,168333;-0,022888
20,17;-0,022888
20,171667;-0,022888
20,173333;-0,022888
20,175;-0,022888
20,176667;-0,022888
20,178333;-0,022888
20,18;-0,022888
20,181667;-0,022888
20,183333;-0,022888
20,185;-0,022888
20,186667;-0,022888
20,188333;-0,022888
20,19;-0,022888
20,191667;-0,022888
20,193333;-0,022888
20,195;-0,022888
20,196667;-0,022888
20,198333;-0,022888
20,2;-0,022888
20,201667;-0,022888
20,203333;-0,022888
20,205;-0,025749
20,206667;-0,025749
20,208333;-0,025749
20,21;-0,025749
20,211667;-0,025749
20,213333;-0,025749
20,215;-0,025749
20,216667;-0,025749
20,218333;-0,025749
20,22;-0,025749
20,221667;-0,025749
20,223333;-0,025749
20,225;-0,025749
20,226667;-0,025749
20,228333;-0,022888
20,23;-0,022888
20,231667;-0,022888
20,233333;-0,022888
20,235;-0,022888
20,236667;-0,022888
20,238333;-0,022888
20,24;-0,022888
20,241667;-0,022888
20,243333;-0,022888
20,245;-0,022888
20,246667;-0,022888
20,248333;-0,022888
20,25;-0,022888
20,251667;-0,022888
20,253333;-0,022888
20,255;-0,022888
20,256667;-0,022888
20,258333;-0,022888
20,26;-0,022888
20,261667;-0,022888
20,263333;-0,022888
20,265;-0,022888
20,266667;-0,022888
20,268333;-0,022888
20,27;-0,022888
20,271667;-0,022888
20,273333;-0,022888
20,275;-0,022888
20,276667;-0,022888
20,278333;-0,022888
20,28;-0,022888
20,281667;-0,022888
20,283333;-0,022888
20,285;-0,022888
20,286667;-0,022888
20,288333;-0,022888
20,29;-0,022888
20,291667;-0,022888
20,293333;-0,022888
20,295;-0,022888
20,296667;-0,022888
20,298333;-0,022888
20,3;-0,022888
20,301667;-0,022888
20,303333;-0,022888
20,305;-0,022888
20,306667;-0,022888
20,308333;-0,022888
20,31;-0,022888
20,311667;-0,022888
20,313333;-0,022888
20,315;-0,022888
20,316667;-0,022888
20,318333;-0,025749
20,32;-0,025749
20,321667;-0,025749
20,323333;-0,025749
20,325;-0,025749
20,326667;-0,025749
20,328333;-0,025749
20,33;-0,025749
20,331667;-0,025749
20,333333;-0,025749
20,335;-0,025749
20,336667;-0,025749
20,338333;-0,025749
20,34;-0,025749
20,341667;-0,025749
20,343333;-0,025749
20,345;-0,025749
20,346667;-0,025749
20,348333;-0,025749
20,35;-0,025749
20,351667;-0,025749
20,353333;-0,025749
20,355;-0,025749
20,356667;-0,025749
20,358333;-0,025749
20,36;-0,025749
20,361667;-0,025749
20,363333;-0,025749
20,365;-0,025749
20,366667;-0,025749
20,368333;-0,025749
20,37;-0,025749
20,371667;-0,025749
20,373333;-0,025749
20,375;-0,025749
20,376667;-0,025749
20,378333;-0,025749
20,38;-0,025749
20,381667;-0,025749
20,383333;-0,025749
20,385;-0,025749
20,386667;-0,025749
20,388333;-0,025749
20,39;-0,025749
20,391667;-0,025749
20,393333;-0,025749
20,395;-0,025749
20,396667;-0,025749
20,398333;-0,025749
20,4;-0,025749
20,401667;-0,025749
20,403333;-0,025749
20,405;-0,025749
20,406667;-0,025749
20,408333;-0,025749
20,41;-0,025749
20,411667;-0,025749
20,413333;-0,025749
20,415;-0,025749
20,416667;-0,025749
20,418333;-0,025749
20,42;-0,025749
20,421667;-0,025749
20,423333;-0,025749
20,425;-0,02861
20,426667;-0,02861
20,428333;-0,02861
20,43;-0,02861
20,431667;-0,02861
20,433333;-0,02861
20,435;-0,02861
20,436667;-0,02861
20,438333;-0,02861
20,44;-0,02861
20,441667;-0,02861
20,443333;-0,02861
20,445;-0,02861
20,446667;-0,02861
20,448333;-0,025749
20,45;-0,025749
20,451667;-0,025749
20,453333;-0,025749
20,455;-0,025749
20,456667;-0,025749
20,458333;-0,025749
20,46;-0,025749
20,461667;-0,025749
20,463333;-0,025749
20,465;-0,025749
20,466667;-0,025749
20,468333;-0,025749
20,47;-0,025749
20,471667;-0,025749
20,473333;-0,025749
20,475;-0,025749
20,476667;-0,025749
20,478333;-0,025749
20,48;-0,025749
20,481667;-0,025749
20,483333;-0,025749
20,485;-0,025749
20,486667;-0,025749
20,488333;-0,025749
20,49;-0,025749
20,491667;-0,025749
20,493333;-0,025749
20,495;-0,025749
20,496667;-0,025749
20,498333;-0,025749
20,5;-0,025749
20,501667;-0,025749
20,503333;-0,025749
20,505;-0,025749
20,506667;-0,025749
20,508333;-0,025749
20,51;-0,025749
20,511667;-0,025749
20,513333;-0,025749
20,515;-0,025749
20,516667;-0,025749
20,518333;-0,025749
20,52;-0,025749
20,521667;-0,025749
20,523333;-0,025749
20,525;-0,025749
20,526667;-0,025749
20,528333;-0,025749
20,53;-0,022888
20,531667;-0,022888
20,533333;-0,022888
20,535;-0,022888
20,536667;-0,022888
20,538333;-0,022888
20,54;-0,022888
20,541667;-0,022888
20,543333;-0,022888
20,545;-0,022888
20,546667;-0,022888
20,548333;-0,022888
20,55;-0,022888
20,551667;-0,022888
20,553333;-0,022888
20,555;-0,022888
20,556667;-0,022888
20,558333;-0,022888
20,56;-0,022888
20,561667;-0,022888
20,563333;-0,022888
20,565;-0,022888
20,566667;-0,022888
20,568333;-0,022888
20,57;-0,022888
20,571667;-0,022888
20,573333;-0,022888
20,575;-0,022888
20,576667;-0,022888
20,578333;-0,022888
20,58;-0,022888
20,581667;-0,022888
20,583333;-0,022888
20,585;-0,022888
20,586667;-0,022888
20,588333;-0,025749
20,59;-0,025749
20,591667;-0,025749
20,593333;-0,025749
20,595;-0,025749
20,596667;-0,025749
20,598333;-0,025749
20,6;-0,025749
20,601667;-0,025749
20,603333;-0,025749
20,605;-0,025749
20,606667;-0,025749
20,608333;-0,022888
20,61;-0,022888
20,611667;-0,022888
20,613333;-0,022888
20,615;-0,022888
20,616667;-0,022888
20,618333;-0,022888
20,62;-0,022888
20,621667;-0,022888
20,623333;-0,022888
20,625;-0,022888
20,626667;-0,022888
20,628333;-0,022888
20,63;-0,022888
20,631667;-0,022888
20,633333;-0,022888
20,635;-0,022888
20,636667;-0,022888
20,638333;-0,022888
20,64;-0,022888
20,641667;-0,022888
20,643333;-0,022888
20,645;-0,022888
20,646667;-0,022888
20,648333;-0,022888
20,65;-0,022888
20,651667;-0,022888
20,653333;-0,020027
20,655;-0,020027
20,656667;-0,020027
20,658333;-0,020027
20,66;-0,020027
20,661667;-0,020027
20,663333;-0,020027
20,665;-0,020027
20,666667;-0,020027
20,668333;-0,020027
20,67;-0,020027
20,671667;-0,020027
20,673333;-0,020027
20,675;-0,020027
20,676667;-0,020027
20,678333;-0,020027
20,68;-0,020027
20,681667;-0,020027
20,683333;-0,020027
20,685;-0,020027
20,686667;-0,020027
20,688333;-0,020027
20,69;-0,017166
20,691667;-0,017166
20,693333;-0,017166
20,695;-0,017166
20,696667;-0,017166
20,698333;-0,017166
20,7;-0,017166
20,701667;-0,017166
20,703333;-0,017166
20,705;-0,017166
20,706667;-0,017166
20,708333;-0,017166
20,71;-0,017166
20,711667;-0,017166
20,713333;-0,017166
20,715;-0,014305
20,716667;-0,014305
20,718333;-0,014305
20,72;-0,014305
20,721667;-0,014305
20,723333;-0,014305
20,725;-0,014305
20,726667;-0,014305
20,728333;-0,014305
20,73;-0,014305
20,731667;-0,014305
20,733333;-0,014305
20,735;-0,011444
20,736667;-0,011444
20,738333;-0,011444
20,74;-0,011444
20,741667;-0,011444
20,743333;-0,011444
20,745;-0,011444
20,746667;-0,011444
20,748333;-0,011444
20,75;-0,011444
20,751667;-0,011444
20,753333;-0,011444
20,755;-0,011444
20,756667;-0,011444
20,758333;-0,008583
20,76;-0,008583
20,761667;-0,008583
20,763333;-0,008583
20,765;-0,008583
20,766667;-0,008583
20,768333;-0,008583
20,77;-0,008583
20,771667;-0,008583
20,773333;-0,005722
20,775;-0,005722
20,776667;-0,005722
20,778333;-0,005722
20,78;-0,005722
20,781667;-0,005722
20,783333;-0,005722
20,785;-0,005722
20,786667;-0,005722
20,788333;-0,002861
20,79;-0,002861
20,791667;-0,002861
20,793333;-0,002861
20,795;-0,002861
20,796667;-0,002861
20,798333;-0,002861
20,8;-0,002861
20,801667;-0,002861
20,803333;0
20,805;0
20,806667;0
20,808333;0
20,81;0
20,811667;0
20,813333;0
20,815;0,002861
20,816667;0,002861
20,818333;0,002861
20,82;0,002861
20,821667;0,005722
20,823333;0,005722
20,825;0,005722
20,826667;0,005722
20,828333;0,005722
20,83;0,005722
20,831667;0,008583
20,833333;0,008583
20,835;0,008583
20,836667;0,008583
20,838333;0,008583
20,84;0,011444
20,841667;0,011444
20,843333;0,011444
20,845;0,011444
20,846667;0,011444
20,848333;0,014305
20,85;0,014305
20,851667;0,014305
20,853333;0,014305
20,855;0,014305
20,856667;0,017166
20,858333;0,017166
20,86;0,017166
20,861667;0,020027
20,863333;0,020027
20,865;0,020027
20,866667;0,020027
20,868333;0,022888
20,87;0,022888
20,871667;0,025749
20,873333;0,025749
20,875;0,025749
20,876667;0,025749
20,878333;0,02861
20,88;0,02861
20,881667;0,02861
20,883333;0,031471
20,885;0,031471
20,886667;0,031471
20,888333;0,031471
20,89;0,034332
20,891667;0,034332
20,893333;0,034332
20,895;0,037193
20,896667;0,037193
20,898333;0,037193
20,9;0,040054
20,901667;0,040054
20,903333;0,042915
20,905;0,042915
20,906667;0,042915
20,908333;0,045776
20,91;0,045776
20,911667;0,048637
20,913333;0,048637
20,915;0,048637
20,916667;0,051498
20,918333;0,051498
20,92;0,054359
20,921667;0,054359
20,923333;0,05722
20,925;0,05722
20,926667;0,060081
20,928333;0,060081
20,93;0,062943
20,931667;0,062943
20,933333;0,065804
20,935;0,065804
20,936667;0,068665
20,938333;0,068665
20,94;0,071526
20,941667;0,071526
20,943333;0,074387
20,945;0,074387
20,946667;0,077248
20,948333;0,080109
20,95;0,080109
20,951667;0,08297
20,953333;0,08297
20,955;0,085831
20,956667;0,085831
20,958333;0,088692
20,96;0,091553
20,961667;0,091553
20,963333;0,094414
20,965;0,097275
20,966667;0,100136
20,968333;0,100136
20,97;0,102997
20,971667;0,105858
20,973333;0,105858
20,975;0,108719
20,976667;0,11158
20,978333;0,114441
20,98;0,114441
20,981667;0,117302
20,983333;0,120163
20,985;0,123024
20,986667;0,125885
20,988333;0,125885
20,99;0,128746
20,991667;0,131607
20,993333;0,134468
20,995;0,137329
20,996667;0,14019
20,998333;0,143051
21;0,145912
21,001667;0,148773
21,003333;0,151634
21,005;0,154495
21,006667;0,157356
21,008333;0,160217
21,01;0,163078
21,011667;0,163078
21,013333;0,165939
21,015;0,1688
21,016667;0,171661
21,018333;0,177383
21,02;0,180244
21,021667;0,183105
21,023333;0,185967
21,025;0,188828
21,026667;0,191689
21,028333;0,197411
21,03;0,200272
21,031667;0,203133
21,033333;0,205994
21,035;0,208855
21,036667;0,214577
21,038333;0,217438
21,04;0,220299
21,041667;0,226021
21,043333;0,228882
21,045;0,231743
21,046667;0,237465
21,048333;0,240326
21,05;0,246048
21,051667;0,248909
21,053333;0,254631
21,055;0,257492
21,056667;0,263214
21,058333;0,266075
21,06;0,271797
21,061667;0,274658
21,063333;0,28038
21,065;0,283241
21,066667;0,288963
21,068333;0,294685
21,07;0,300407
21,071667;0,306129
21,073333;0,30899
21,075;0,314713
21,076667;0,320435
21,078333;0,326157
21,08;0,331879
21,081667;0,337601
21,083333;0,343323
21,085;0,349045
21,086667;0,354767
21,088333;0,360489
21,09;0,366211
21,091667;0,371933
21,093333;0,380516
21,095;0,386238
21,096667;0,39196
21,098333;0,397682
21,1;0,406265
21,101667;0,411987
21,103333;0,417709
21,105;0,426292
21,106667;0,432014
21,108333;0,440598
21,11;0,44632
21,111667;0,454903
21,113333;0,463486
21,115;0,469208
21,116667;0,477791
21,118333;0,486374
21,12;0,494957
21,121667;0,509262
21,123333;0,509262
21,125;0,517845
21,126667;0,529289
21,128333;0,537872
21,13;0,546455
21,131667;0,563622
21,133333;0,575066
21,135;0,583649
21,136667;0,592232
21,138333;0,603676
21,14;0,603676
21,141667;0,612259
21,143333;0,623703
21,145;0,635147
21,146667;0,64373
21,148333;0,655174
21,15;0,666618
21,151667;0,678062
21,153333;0,689507
21,155;0,700951
21,156667;0,712395
21,158333;0,723839
21,16;0,735283
21,161667;0,746727
21,163333;0,761032
21,165;0,772476
21,166667;0,786781
21,168333;0,798225
21,17;0,812531
21,171667;0,823975
21,173333;0,83828
21,175;0,852585
21,176667;0,86689
21,178333;0,881195
21,18;0,8955
21,181667;0,909805
21,183333;0,92411
21,185;0,941277
21,186667;0,955582
21,188333;0,969887
21,19;0,987053
21,191667;1,004219
21,193333;1,021385
21,195;1,03569
21,196667;1,052857
21,198333;1,070023
21,2;1,09005
21,201667;1,107216
21,203333;1,124382
21,205;1,144409
21,206667;1,161575
21,208333;1,181603
21,21;1,198769
21,211667;1,218796
21,213333;1,25885
21,215;1,278877
21,216667;1,278877
21,218333;1,298904
21,22;1,321793
21,221667;1,34182
21,223333;1,384735
21,225;1,407623
21,226667;1,430512
21,228333;1,4534
21,23;1,476288
21,231667;1,476288
21,233333;1,499176
21,235;1,524925
21,236667;1,547814
21,238333;1,570702
21,24;1,596451
21,241667;1,6222
21,243333;1,647949
21,245;1,673699
21,246667;1,699448
21,248333;1,728058
21,25;1,753807
21,251667;1,782417
21,253333;1,808167
21,255;1,836777
21,256667;1,865387
21,258333;1,896858
21,26;1,925469
21,261667;1,954079
21,263333;1,98555
21,265;2,01416
21,266667;2,045632
21,268333;2,077103
21,27;2,108574
21,271667;2,142906
21,273333;2,174378
21,275;2,205849
21,276667;2,240181
21,278333;2,274513
21,28;2,308846
21,281667;2,343178
21,283333;2,37751
21,285;2,411842
21,286667;2,449036
21,288333;2,483368
21,29;2,520561
21,291667;2,557755
21,293333;2,594948
21,295;2,635002
21,296667;2,71225
21,298333;2,749443
21,3;2,749443
21,301667;2,789498
21,303333;2,829552
21,305;2,869606
21,306667;2,912522
21,308333;2,952576
21,31;2,995491
21,311667;3,038407
21,313333;3,081322
21,315;3,124237
21,316667;3,167153
21,318333;3,210068
21,32;3,255844
21,321667;3,301621
21,323333;3,344536
21,325;3,390312
21,326667;3,43895
21,328333;3,484726
21,33;3,533364
21,331667;3,57914
21,333333;3,627777
21,335;3,676415
21,336667;3,725052
21,338333;3,773689
21,34;3,825188
21,341667;3,873825
21,343333;3,925324
21,345;3,976822
21,346667;4,028321
21,348333;4,131317
21,35;4,182816
21,351667;4,182816
21,353333;4,237175
21,355;4,291535
21,356667;4,345894
21,358333;4,451752
21,36;4,508972
21,361667;4,563332
21,363333;4,617691
21,365;4,674912
21,366667;4,732132
21,368333;4,732132
21,37;4,786492
21,371667;4,843712
21,373333;4,900933
21,375;4,958153
21,376667;5,018235
21,378333;5,075455
21,38;5,135536
21,381667;5,192757
21,383333;5,252838
21,385;5,31292
21,386667;5,373001
21,388333;5,433083
21,39;5,493164
21,391667;5,553246
21,393333;5,616188
21,395;5,67627
21,396667;5,739212
21,398333;5,799294
21,4;5,862236
21,401667;5,925179
21,403333;5,988121
21,405;6,051064
21,406667;6,114006
21,408333;6,176949
21,41;6,239891
21,411667;6,305695
21,413333;6,368637
21,415;6,434441
21,416667;6,497384
21,418333;6,563187
21,42;6,628991
21,421667;6,691933
21,423333;6,757737
21,425;6,82354
21,426667;6,889344
21,428333;6,955147
21,43;7,020951
21,431667;7,086754
21,433333;7,152558
21,435;7,218361
21,436667;7,287026
21,438333;7,352829
21,44;7,418633
21,441667;7,484436
21,443333;7,553101
21,445;7,618905
21,446667;7,684708
21,448333;7,753373
21,45;7,819176
21,451667;7,88498
21,453333;7,950783
21,455;8,019448
21,456667;8,085251
21,458333;8,151055
21,46;8,219719
21,461667;8,285523
21,463333;8,351326
21,465;8,419991
21,466667;8,485795
21,468333;8,551598
21,47;8,683205
21,471667;8,683205
21,473333;8,749009
21,475;8,814812
21,476667;8,883477
21,478333;8,946419
21,48;9,012223
21,481667;9,078026
21,483333;9,14383
21,485;9,209633
21,486667;9,272576
21,488333;9,338379
21,49;9,404183
21,491667;9,467126
21,493333;9,530068
21,495;9,595872
21,496667;9,658814
21,498333;9,721757
21,5;9,784699
21,501667;9,847642
21,503333;9,910584
21,505;9,973527
21,506667;10,033608
21,508333;10,096551
21,51;10,156632
21,511667;10,216714
21,513333;10,276795
21,515;10,336877
21,516667;10,396958
21,518333;10,45704
21,52;10,517121
21,521667;10,574341
21,523333;10,631562
21,525;10,691643
21,526667;10,748864
21,528333;10,806084
21,53;10,860444
21,531667;10,917664
21,533333;10,972024
21,535;11,029244
21,536667;11,083604
21,538333;11,137963
21,54;11,192322
21,541667;11,243821
21,543333;11,29818
21,545;11,349679
21,546667;11,401177
21,548333;11,452676
21,55;11,504174
21,551667;11,552811
21,553333;11,60431
21,555;11,652947
21,556667;11,701585
21,558333;11,750222
21,56;11,795998
21,561667;11,844636
21,563333;11,890412
21,565;11,936188
21,566667;11,981965
21,568333;12,02488
21,57;12,070657
21,571667;12,113572
21,573333;12,156487
21,575;12,199403
21,576667;12,239457
21,578333;12,279511
21,58;12,322427
21,581667;12,35962
21,583333;12,399674
21,585;12,439729
21,586667;12,476922
21,588333;12,514115
21,59;12,548447
21,591667;12,585641
21,593333;12,619973
21,595;12,654305
21,596667;12,688638
21,598333;12,72297
21,6;12,754441
21,601667;12,785912
21,603333;12,817384
21,605;12,848855
21,606667;12,877465
21,608333;12,908936
21,61;12,937547
21,611667;12,963296
21,613333;12,991906
21,615;13,017655
21,616667;13,043404
21,618333;13,069154
21,62;13,092042
21,621667;13,117791
21,623333;13,140679
21,625;13,160706
21,626667;13,183595
21,628333;13,203622
21,63;13,223649
21,631667;13,243676
21,633333;13,260842
21,635;13,295174
21,636667;13,295174
21,638333;13,312341
21,64;13,329507
21,641667;13,343812
21,643333;13,358117
21,645;13,383866
21,646667;13,39531
21,648333;13,406754
21,65;13,418198
21,651667;13,418198
21,653333;13,429643
21,655;13,438226
21,656667;13,446809
21,658333;13,455392
21,66;13,461114
21,661667;13,466836
21,663333;13,472558
21,665;13,47828
21,666667;13,484002
21,668333;13,486863
21,67;13,489724
21,671667;13,492585
21,673333;13,492585
21,675;13,495446
21,676667;13,495446
21,678333;13,495446
21,68;13,492585
21,681667;13,489724
21,683333;13,489724
21,685;13,484002
21,686667;13,481141
21,688333;13,475419
21,69;13,472558
21,691667;13,466836
21,693333;13,458253
21,695;13,452531
21,696667;13,443948
21,698333;13,435365
21,7;13,426782
21,701667;13,415337
21,703333;13,406754
21,705;13,39531
21,706667;13,383866
21,708333;13,372422
21,71;13,358117
21,711667;13,343812
21,713333;13,329507
21,715;13,315202
21,716667;13,300896
21,718333;13,28373
21,72;13,269425
21,721667;13,252259
21,723333;13,232232
21,725;13,215066
21,726667;13,195039
21,728333;13,175011
21,73;13,154984
21,731667;13,134957
21,733333;13,11493
21,735;13,092042
21,736667;13,069154
21,738333;13,046265
21,74;13,023377
21,741667;13,000489
21,743333;12,97474
21,745;12,948991
21,746667;12,923241
21,748333;12,897492
21,75;12,871743
21,751667;12,845994
21,753333;12,817384
21,755;12,788773
21,756667;12,760163
21,758333;12,731553
21,76;12,700082
21,761667;12,671471
21,763333;12,64
21,765;12,608529
21,766667;12,577058
21,768333;12,545586
21,77;12,514115
21,771667;12,479783
21,773333;12,448312
21,775;12,413979
21,776667;12,379647
21,778333;12,345315
21,78;12,310982
21,781667;12,27665
21,783333;12,239457
21,785;12,202264
21,786667;12,16507
21,788333;12,127877
21,79;12,090684
21,791667;12,016297
21,793333;11,979104
21,795;11,939049
21,796667;11,898995
21,798333;11,861802
21,8;11,821748
21,801667;11,781693
21,803333;11,738778
21,805;11,698724
21,806667;11,698724
21,808333;11,658669
21,81;11,615754
21,811667;11,5757
21,813333;11,532784
21,815;11,489869
21,816667;11,446954
21,818333;11,404038
21,82;11,361123
21,821667;11,318207
21,823333;11,275292
21,825;11,232377
21,826667;11,1866
21,828333;11,143685
21,83;11,097909
21,831667;11,054993
21,833333;11,009217
21,835;10,963441
21,836667;10,917664
21,838333;10,871888
21,84;10,826111
21,841667;10,780335
21,843333;10,734559
21,845;10,688782
21,846667;10,643006
21,848333;10,594369
21,85;10,548592
21,851667;10,502816
21,853333;10,454178
21,855;10,408402
21,856667;10,359765
21,858333;10,311127
21,86;10,265351
21,861667;10,216714
21,863333;10,168076
21,865;10,119439
21,866667;10,070801
21,868333;10,022164
21,87;9,976388
21,871667;9,92775
21,873333;9,879113
21,875;9,830475
21,876667;9,781838
21,878333;9,733201
21,88;9,684563
21,881667;9,633065
21,883333;9,584427
21,885;9,53579
21,886667;9,438515
21,888333;9,438515
21,89;9,389878
21,891667;9,338379
21,893333;9,289742
21,895;9,241105
21,896667;9,192467
21,898333;9,14383
21,9;9,092331
21,901667;9,043694
21,903333;8,995057
21,905;8,946419
21,906667;8,894921
21,908333;8,846283
21,91;8,797646
21,911667;8,746148
21,913333;8,69751
21,915;8,648873
21,916667;8,600235
21,918333;8,548737
21,92;8,5001
21,921667;8,451462
21,923333;8,402825
21,925;8,351326
21,926667;8,302689
21,928333;8,254052
21,93;8,205414
21,931667;8,156777
21,933333;8,10814
21,935;8,059502
21,936667;8,010865
21,938333;7,962227
21,94;7,91359
21,941667;7,864953
21,943333;7,816315
21,945;7,767678
21,946667;7,71904
21,948333;7,621766
21,95;7,573128
21,951667;7,527352
21,953333;7,478714
21,955;7,430077
21,956667;7,384301
21,958333;7,384301
21,96;7,335663
21,961667;7,287026
21,963333;7,24125
21,965;7,192612
21,966667;7,146836
21,968333;7,098198
21,97;7,052422
21,971667;7,006646
21,973333;6,958008
21,975;6,912232
21,976667;6,866455
21,978333;6,820679
21,98;6,774903
21,981667;6,729126
21,983333;6,68335
21,985;6,637574
21,986667;6,591797
21,988333;6,546021
21,99;6,503106
21,991667;6,457329
21,993333;6,411553
21,995;6,368637
21,996667;6,322861
21,998333;6,279946
22;6,234169
22,001667;6,191254
22,003333;6,148339
22,005;6,102562
22,006667;6,059647
22,008333;6,016732
22,01;5,973816
22,011667;5,930901
22,013333;5,887986
22,015;5,84507
22,016667;5,802155
22,018333;5,762101
22,02;5,719185
22,021667;5,67627
22,023333;5,636216
22,025;5,5933
22,026667;5,553246
22,028333;5,513192
22,03;5,470276
22,031667;5,430222
22,033333;5,390168
22,035;5,350113
22,036667;5,310059
22,038333;5,270005
22,04;5,22995
22,041667;5,189896
22,043333;5,149842
22,045;5,112648
22,046667;5,072594
22,048333;5,035401
22,05;4,995346
22,051667;4,958153
22,053333;4,918099
22,055;4,880905
22,056667;4,843712
22,058333;4,806519
22,06;4,769326
22,061667;4,732132
22,063333;4,657746
22,065;4,620552
22,066667;4,583359
22,068333;4,583359
22,07;4,549027
22,071667;4,511833
22,073333;4,477501
22,075;4,440308
22,076667;4,405976
22,078333;4,368782
22,08;4,33445
22,081667;4,300118
22,083333;4,265785
22,085;4,231453
22,086667;4,197121
22,088333;4,162789
22,09;4,128456
22,091667;4,096985
22,093333;4,062653
22,095;4,028321
22,096667;3,996849
22,098333;3,962517
22,1;3,931046
22,101667;3,896713
22,103333;3,865242
22,105;3,833771
22,106667;3,8023
22,108333;3,770828
22,11;3,739357
22,111667;3,707886
22,113333;3,676415
22,115;3,644943
22,116667;3,616333
22,118333;3,584862
22,12;3,553391
22,121667;3,52478
22,123333;3,49617
22,125;3,464699
22,126667;3,436089
22,128333;3,407479
22,13;3,378868
22,131667;3,350258
22,133333;3,321648
22,135;3,293038
22,136667;3,264427
22,138333;3,235817
22,14;3,207207
22,141667;3,181458
22,143333;3,152847
22,145;3,127098
22,146667;3,098488
22,148333;3,072739
22,15;3,044129
22,151667;3,018379
22,153333;2,99263
22,155;2,966881
22,156667;2,941132
22,158333;2,915383
22,16;2,889633
22,161667;2,863884
22,163333;2,838135
22,165;2,812386
22,166667;2,789498
22,168333;2,763748
22,17;2,74086
22,171667;2,715111
22,173333;2,692223
22,175;2,666474
22,176667;2,643585
22,178333;2,620697
22,18;2,597809
22,181667;2,574921
22,183333;2,552033
22,185;2,529144
22,186667;2,506256
22,188333;2,483368
22,19;2,46048
22,191667;2,437592
22,193333;2,417565
22,195;2,394676
22,196667;2,371788
22,198333;2,351761
22,2;2,328873
22,201667;2,308846
22,203333;2,288818
22,205;2,26593
22,206667;2,245903
22,208333;2,205849
22,21;2,185822
22,211667;2,185822
22,213333;2,165795
22,215;2,145767
22,216667;2,12574
22,218333;2,085686
22,22;2,06852
22,221667;2,048493
22,223333;2,028465
22,225;2,011299
22,226667;2,011299
22,228333;1,991272
22,23;1,974106
22,231667;1,954079
22,233333;1,936913
22,235;1,916885
22,236667;1,899719
22,238333;1,882553
22,24;1,865387
22,241667;1,848221
22,243333;1,831055
22,245;1,813889
22,246667;1,796723
22,248333;1,779556
22,25;1,76239
22,251667;1,745224
22,253333;1,730919
22,255;1,713753
22,256667;1,696587
22,258333;1,682282
22,26;1,665115
22,261667;1,65081
22,263333;1,633644
22,265;1,619339
22,266667;1,605034
22,268333;1,587868
22,27;1,573563
22,271667;1,559258
22,273333;1,544952
22,275;1,530647
22,276667;1,516342
22,278333;1,499176
22,28;1,484871
22,281667;1,470566
22,283333;1,456261
22,285;1,441956
22,286667;1,430512
22,288333;1,416206
22,29;1,387596
22,291667;1,373291
22,293333;1,361847
22,295;1,347542
22,296667;1,336098
22,298333;1,336098
22,3;1,321793
22,301667;1,310349
22,303333;1,296043
22,305;1,284599
22,306667;1,273155
22,308333;1,25885
22,31;1,247406
22,311667;1,235962
22,313333;1,224518
22,315;1,213074
22,316667;1,198769
22,318333;1,187325
22,32;1,175881
22,321667;1,164436
22,323333;1,152992
22,325;1,141548
22,326667;1,130104
22,328333;1,121521
22,33;1,110077
22,331667;1,098633
22,333333;1,087189
22,335;1,075745
22,336667;1,067162
22,338333;1,055718
22,34;1,047134
22,341667;1,03569
22,343333;1,024246
22,345;1,015663
22,346667;1,00708
22,348333;0,995636
22,35;0,987053
22,351667;0,975609
22,353333;0,967026
22,355;0,958443
22,356667;0,946999
22,358333;0,938416
22,36;0,929833
22,361667;0,921249
22,363333;0,912666
22,365;0,901222
22,366667;0,892639
22,368333;0,884056
22,37;0,875473
22,371667;0,86689
22,373333;0,858307
22,375;0,849724
22,376667;0,841141
22,378333;0,832558
22,38;0,823975
22,381667;0,815392
22,383333;0,80967
22,385;0,801086
22,386667;0,792503
22,388333;0,78392
22,39;0,778198
22,391667;0,769615
22,393333;0,761032
22,395;0,752449
22,396667;0,746727
22,398333;0,738144
22,4;0,729561
22,401667;0,723839
22,403333;0,709534
22,405;0,709534
22,406667;0,700951
22,408333;0,695229
22,41;0,689507
22,411667;0,680924
22,413333;0,675201
22,415;0,669479
22,416667;0,660896
22,418333;0,655174
22,42;0,649452
22,421667;0,640869
22,423333;0,635147
22,425;0,629425
22,426667;0,620842
22,428333;0,61512
22,43;0,609398
22,431667;0,603676
22,433333;0,597954
22,435;0,592232
22,436667;0,58651
22,438333;0,580788
22,44;0,575066
22,441667;0,569344
22,443333;0,563622
22,445;0,5579
22,446667;0,552177
22,448333;0,546455
22,45;0,540733
22,451667;0,535011
22,453333;0,529289
22,455;0,523567
22,456667;0,517845
22,458333;0,514984
22,46;0,509262
22,461667;0,50354
22,463333;0,497818
22,465;0,492096
22,466667;0,489235
22,468333;0,483513
22,47;0,477791
22,471667;0,47493
22,473333;0,469208
22,475;0,463486
22,476667;0,460625
22,478333;0,449181
22,48;0,44632
22,481667;0,440598
22,483333;0,437737
22,485;0,432014
22,486667;0,429153
22,488333;0,429153
22,49;0,423431
22,491667;0,42057
22,493333;0,414848
22,495;0,411987
22,496667;0,406265
22,498333;0,403404
22,5;0,397682
22,501667;0,394821
22,503333;0,39196
22,505;0,386238
22,506667;0,383377
22,508333;0,380516
22,51;0,374794
22,511667;0,371933
22,513333;0,369072
22,515;0,366211
22,516667;0,360489
22,518333;0,357628
22,52;0,354767
22,521667;0,349045
22,523333;0,346184
22,525;0,343323
22,526667;0,340462
22,528333;0,337601
22,53;0,331879
22,531667;0,329018
22,533333;0,326157
22,535;0,323296
22,536667;0,320435
22,538333;0,314713
22,54;0,311852
22,541667;0,30899
22,543333;0,306129
22,545;0,303268
22,546667;0,300407
22,548333;0,297546
22,55;0,294685
22,551667;0,291824
22,553333;0,288963
22,555;0,286102
22,556667;0,283241
22,558333;0,28038
22,56;0,277519
22,561667;0,271797
22,563333;0,268936
22,565;0,266075
22,566667;0,263214
22,568333;0,263214
22,57;0,260353
22,571667;0,257492
22,573333;0,257492
22,575;0,254631
22,576667;0,25177
22,578333;0,248909
22,58;0,246048
22,581667;0,243187
22,583333;0,240326
22,585;0,237465
22,586667;0,234604
22,588333;0,234604
22,59;0,231743
22,591667;0,228882
22,593333;0,226021
22,595;0,22316
22,596667;0,22316
22,598333;0,220299
22,6;0,217438
22,601667;0,214577
22,603333;0,211716
22,605;0,211716
22,606667;0,208855
22,608333;0,205994
22,61;0,205994
22,611667;0,203133
22,613333;0,197411
22,615;0,197411
22,616667;0,197411
22,618333;0,19455
22,62;0,191689
22,621667;0,191689
22,623333;0,188828
22,625;0,185967
22,626667;0,185967
22,628333;0,183105
22,63;0,180244
22,631667;0,180244
22,633333;0,177383
22,635;0,177383
22,636667;0,174522
22,638333;0,171661
22,64;0,171661
22,641667;0,1688
22,643333;0,1688
22,645;0,165939
22,646667;0,165939
22,648333;0,163078
22,65;0,160217
22,651667;0,160217
22,653333;0,157356
22,655;0,157356
22,656667;0,154495
22,658333;0,154495
22,66;0,151634
22,661667;0,151634
22,663333;0,148773
22,665;0,145912
22,666667;0,143051
22,668333;0,143051
22,67;0,14019
22,671667;0,14019
22,673333;0,14019
22,675;0,137329
22,676667;0,137329
22,678333;0,134468
22,68;0,134468
22,681667;0,131607
22,683333;0,131607
22,685;0,131607
22,686667;0,128746
22,688333;0,128746
22,69;0,125885
22,691667;0,125885
22,693333;0,123024
22,695;0,123024
22,696667;0,120163
22,698333;0,120163
22,7;0,120163
22,701667;0,117302
22,703333;0,117302
22,705;0,114441
22,706667;0,114441
22,708333;0,11158
22,71;0,11158
22,711667;0,108719
22,713333;0,108719
22,715;0,108719
22,716667;0,108719
22,718333;0,105858
22,72;0,105858
22,721667;0,105858
22,723333;0,102997
22,725;0,102997
22,726667;0,102997
22,728333;0,100136
22,73;0,100136
22,731667;0,100136
22,733333;0,097275
22,735;0,097275
22,736667;0,097275
22,738333;0,094414
22,74;0,094414
22,741667;0,094414
22,743333;0,091553
22,745;0,091553
22,746667;0,091553
22,748333;0,088692
22,75;0,088692
22,751667;0,088692
22,753333;0,085831
22,755;0,085831
22,756667;0,085831
22,758333;0,08297
22,76;0,08297
22,761667;0,08297
22,763333;0,08297
22,765;0,080109
22,766667;0,080109
22,768333;0,080109
22,77;0,077248
22,771667;0,077248
22,773333;0,077248
22,775;0,077248
22,776667;0,074387
22,778333;0,074387
22,78;0,074387
22,781667;0,074387
22,783333;0,074387
22,785;0,071526
22,786667;0,071526
22,788333;0,071526
22,79;0,071526
22,791667;0,068665
22,793333;0,068665
22,795;0,068665
22,796667;0,068665
22,798333;0,065804
22,8;0,065804
22,801667;0,062943
22,803333;0,062943
22,805;0,062943
22,806667;0,062943
22,808333;0,062943
22,81;0,060081
22,811667;0,060081
22,813333;0,060081
22,815;0,060081
22,816667;0,060081
22,818333;0,05722
22,82;0,05722
22,821667;0,05722
22,823333;0,05722
22,825;0,05722
22,826667;0,054359
22,828333;0,054359
22,83;0,054359
22,831667;0,054359
22,833333;0,054359
22,835;0,051498
22,836667;0,051498
22,838333;0,051498
22,84;0,051498
22,841667;0,051498
22,843333;0,048637
22,845;0,048637
22,846667;0,048637
22,848333;0,048637
22,85;0,048637
22,851667;0,045776
22,853333;0,045776
22,855;0,045776
22,856667;0,045776
22,858333;0,045776
22,86;0,045776
22,861667;0,042915
22,863333;0,042915
22,865;0,042915
22,866667;0,042915
22,868333;0,042915
22,87;0,042915
22,871667;0,040054
22,873333;0,040054
22,875;0,040054
22,876667;0,040054
22,878333;0,040054
22,88;0,040054
22,881667;0,037193
22,883333;0,037193
22,885;0,037193
22,886667;0,037193
22,888333;0,037193
22,89;0,037193
22,891667;0,037193
22,893333;0,034332
22,895;0,034332
22,896667;0,034332
22,898333;0,034332
22,9;0,034332
22,901667;0,034332
22,903333;0,034332
22,905;0,034332
22,906667;0,031471
22,908333;0,031471
22,91;0,031471
22,911667;0,031471
22,913333;0,031471
22,915;0,031471
22,916667;0,031471
22,918333;0,031471
22,92;0,02861
22,921667;0,02861
22,923333;0,02861
22,925;0,02861
22,926667;0,02861
22,928333;0,02861
22,93;0,02861
22,931667;0,02861
22,933333;0,02861
22,935;0,025749
22,936667;0,025749
22,938333;0,025749
22,94;0,025749
22,941667;0,025749
22,943333;0,025749
22,945;0,025749
22,946667;0,022888
22,948333;0,022888
22,95;0,022888
22,951667;0,022888
22,953333;0,022888
22,955;0,022888
22,956667;0,022888
22,958333;0,022888
22,96;0,022888
22,961667;0,020027
22,963333;0,020027
22,965;0,020027
22,966667;0,020027
22,968333;0,020027
22,97;0,020027
22,971667;0,020027
22,973333;0,020027
22,975;0,020027
22,976667;0,017166
22,978333;0,017166
22,98;0,017166
22,981667;0,017166
22,983333;0,017166
22,985;0,017166
22,986667;0,017166
22,988333;0,017166
22,99;0,017166
22,991667;0,017166
22,993333;0,017166
22,995;0,017166
22,996667;0,017166
22,998333;0,017166
23;0,017166
23,001667;0,017166
23,003333;0,014305
23,005;0,014305
23,006667;0,014305
23,008333;0,014305
23,01;0,014305
23,011667;0,014305
23,013333;0,014305
23,015;0,014305
23,016667;0,014305
23,018333;0,014305
23,02;0,014305
23,021667;0,014305
23,023333;0,014305
23,025;0,014305
23,026667;0,014305
23,028333;0,014305
23,03;0,011444
23,031667;0,011444
23,033333;0,011444
23,035;0,011444
23,036667;0,011444
23,038333;0,011444
23,04;0,011444
23,041667;0,011444
23,043333;0,011444
23,045;0,011444
23,046667;0,011444
23,048333;0,008583
23,05;0,008583
23,051667;0,008583
23,053333;0,008583
23,055;0,008583
23,056667;0,008583
23,058333;0,008583
23,06;0,008583
23,061667;0,008583
23,063333;0,008583
23,065;0,008583
23,066667;0,008583
23,068333;0,008583
23,07;0,008583
23,071667;0,008583
23,073333;0,008583
23,075;0,005722
23,076667;0,005722
23,078333;0,005722
23,08;0,005722
23,081667;0,005722
23,083333;0,005722
23,085;0,005722
23,086667;0,005722
23,088333;0,005722
23,09;0,005722
23,091667;0,005722
23,093333;0,005722
23,095;0,005722
23,096667;0,005722
23,098333;0,005722
23,1;0,005722
23,101667;0,005722
23,103333;0,005722
23,105;0,005722
23,106667;0,002861
23,108333;0,002861
23,11;0,002861
23,111667;0,002861
23,113333;0,002861
23,115;0,002861
23,116667;0,002861
23,118333;0,002861
23,12;0,002861
23,121667;0,002861
23,123333;0,002861
23,125;0,002861
23,126667;0,002861
23,128333;0,002861
23,13;0,002861
23,131667;0,002861
23,133333;0,002861
23,135;0,002861
23,136667;0,002861
23,138333;0,002861
23,14;0,002861
23,141667;0
23,143333;0
23,145;0
23,146667;0
23,148333;0
23,15;0
23,151667;0
23,153333;0
23,155;0
23,156667;0
23,158333;0
23,16;0
23,161667;0
23,163333;0
23,165;0
23,166667;0
23,168333;-0,002861
23,17;-0,002861
23,171667;-0,002861
23,173333;-0,002861
23,175;-0,002861
23,176667;-0,002861
23,178333;-0,002861
23,18;-0,002861
23,181667;-0,002861
23,183333;-0,002861
23,185;-0,002861
23,186667;-0,002861
23,188333;-0,002861
23,19;-0,002861
23,191667;-0,002861
23,193333;-0,002861
23,195;-0,002861
23,196667;-0,002861
23,198333;-0,002861
23,2;-0,002861
23,201667;-0,002861
23,203333;-0,002861
23,205;-0,002861
23,206667;-0,002861
23,208333;-0,002861
23,21;-0,002861
23,211667;-0,002861
23,213333;-0,005722
23,215;-0,005722
23,216667;-0,005722
23,218333;-0,005722
23,22;-0,005722
23,221667;-0,005722
23,223333;-0,005722
23,225;-0,005722
23,226667;-0,005722
23,228333;-0,005722
23,23;-0,005722
23,231667;-0,005722
23,233333;-0,005722
23,235;-0,005722
23,236667;-0,005722
23,238333;-0,005722
23,24;-0,005722
23,241667;-0,005722
23,243333;-0,005722
23,245;-0,005722
23,246667;-0,008583
23,248333;-0,008583
23,25;-0,008583
23,251667;-0,008583
23,253333;-0,008583
23,255;-0,008583
23,256667;-0,008583
23,258333;-0,008583
23,26;-0,008583
23,261667;-0,008583
23,263333;-0,008583
23,265;-0,008583
23,266667;-0,008583
23,268333;-0,008583
23,27;-0,008583
23,271667;-0,008583
23,273333;-0,008583
23,275;-0,008583
23,276667;-0,008583
23,278333;-0,008583
23,28;-0,008583
23,281667;-0,008583
23,283333;-0,008583
23,285;-0,008583
23,286667;-0,008583
23,288333;-0,008583
23,29;-0,008583
23,291667;-0,008583
23,293333;-0,011444
23,295;-0,011444
23,296667;-0,011444
23,298333;-0,011444
23,3;-0,011444
23,301667;-0,011444
23,303333;-0,011444
23,305;-0,011444
23,306667;-0,011444
23,308333;-0,011444
23,31;-0,011444
23,311667;-0,011444
23,313333;-0,011444
23,315;-0,011444
23,316667;-0,011444
23,318333;-0,011444
23,32;-0,011444
23,321667;-0,014305
23,323333;-0,014305
23,325;-0,014305
23,326667;-0,014305
23,328333;-0,014305
23,33;-0,014305
23,331667;-0,014305
23,333333;-0,014305
23,335;-0,011444
23,336667;-0,011444
23,338333;-0,014305
23,34;-0,014305
23,341667;-0,014305
23,343333;-0,014305
23,345;-0,014305
23,346667;-0,014305
23,348333;-0,014305
23,35;-0,014305
23,351667;-0,014305
23,353333;-0,014305
23,355;-0,014305
23,356667;-0,014305
23,358333;-0,014305
23,36;-0,014305
23,361667;-0,014305
23,363333;-0,014305
23,365;-0,014305
23,366667;-0,014305
23,368333;-0,014305
23,37;-0,014305
23,371667;-0,014305
23,373333;-0,014305
23,375;-0,014305
23,376667;-0,014305
23,378333;-0,014305
23,38;-0,014305
23,381667;-0,014305
23,383333;-0,014305
23,385;-0,014305
23,386667;-0,014305
23,388333;-0,014305
23,39;-0,017166
23,391667;-0,017166
23,393333;-0,017166
23,395;-0,017166
23,396667;-0,017166
23,398333;-0,017166
23,4;-0,017166
23,401667;-0,017166
23,403333;-0,017166
23,405;-0,017166
23,406667;-0,017166
23,408333;-0,017166
23,41;-0,017166
23,411667;-0,017166
23,413333;-0,017166
23,415;-0,017166
23,416667;-0,017166
23,418333;-0,017166
23,42;-0,017166
23,421667;-0,017166
23,423333;-0,017166
23,425;-0,017166
23,426667;-0,017166
23,428333;-0,017166
23,43;-0,017166
23,431667;-0,017166
23,433333;-0,017166
23,435;-0,017166
23,436667;-0,017166
23,438333;-0,017166
23,44;-0,017166
23,441667;-0,017166
23,443333;-0,017166
23,445;-0,017166
23,446667;-0,017166
23,448333;-0,017166
23,45;-0,017166
23,451667;-0,017166
23,453333;-0,017166
23,455;-0,017166
23,456667;-0,017166
23,458333;-0,017166
23,46;-0,017166
23,461667;-0,017166
23,463333;-0,017166
23,465;-0,017166
23,466667;-0,017166
23,468333;-0,017166
23,47;-0,017166
23,471667;-0,017166
23,473333;-0,017166
23,475;-0,017166
23,476667;-0,017166
23,478333;-0,017166
23,48;-0,017166
23,481667;-0,017166
23,483333;-0,017166
23,485;-0,017166
23,486667;-0,017166
23,488333;-0,017166
23,49;-0,017166
23,491667;-0,017166
23,493333;-0,017166
23,495;-0,017166
23,496667;-0,017166
23,498333;-0,017166
23,5;-0,017166
23,501667;-0,017166
23,503333;-0,017166
23,505;-0,017166
23,506667;-0,017166
23,508333;-0,017166
23,51;-0,017166
23,511667;-0,017166
23,513333;-0,017166
23,515;-0,017166
23,516667;-0,017166
23,518333;-0,017166
23,52;-0,017166
23,521667;-0,020027
23,523333;-0,020027
23,525;-0,020027
23,526667;-0,020027
23,528333;-0,020027
23,53;-0,020027
23,531667;-0,020027
23,533333;-0,020027
23,535;-0,020027
23,536667;-0,020027
23,538333;-0,020027
23,54;-0,020027
23,541667;-0,020027
23,543333;-0,020027
23,545;-0,020027
23,546667;-0,020027
23,548333;-0,020027
23,55;-0,020027
23,551667;-0,020027
23,553333;-0,020027
23,555;-0,020027
23,556667;-0,020027
23,558333;-0,020027
23,56;-0,020027
23,561667;-0,020027
23,563333;-0,020027
23,565;-0,020027
23,566667;-0,020027
23,568333;-0,020027
23,57;-0,020027
23,571667;-0,020027
23,573333;-0,020027
23,575;-0,020027
23,576667;-0,020027
23,578333;-0,020027
23,58;-0,020027
23,581667;-0,020027
23,583333;-0,020027
23,585;-0,020027
23,586667;-0,020027
23,588333;-0,020027
23,59;-0,020027
23,591667;-0,020027
23,593333;-0,020027
23,595;-0,020027
23,596667;-0,020027
23,598333;-0,020027
23,6;-0,020027
23,601667;-0,020027
23,603333;-0,020027
23,605;-0,020027
23,606667;-0,020027
23,608333;-0,020027
23,61;-0,020027
23,611667;-0,020027
23,613333;-0,020027
23,615;-0,020027
23,616667;-0,020027
23,618333;-0,020027
23,62;-0,020027
23,621667;-0,020027
23,623333;-0,022888
23,625;-0,022888
23,626667;-0,022888
23,628333;-0,022888
23,63;-0,022888
23,631667;-0,022888
23,633333;-0,022888
23,635;-0,022888
23,636667;-0,022888
23,638333;-0,022888
23,64;-0,022888
23,641667;-0,022888
23,643333;-0,022888
23,645;-0,022888
23,646667;-0,022888
23,648333;-0,022888
23,65;-0,022888
23,651667;-0,022888
23,653333;-0,022888
23,655;-0,022888
23,656667;-0,022888
23,658333;-0,022888
23,66;-0,022888
23,661667;-0,022888
23,663333;-0,022888
23,665;-0,022888
23,666667;-0,022888
23,668333;-0,022888
23,67;-0,022888
23,671667;-0,022888
23,673333;-0,022888
23,675;-0,022888
23,676667;-0,022888
23,678333;-0,022888
23,68;-0,022888
23,681667;-0,022888
23,683333;-0,022888
23,685;-0,022888
23,686667;-0,022888
23,688333;-0,022888
23,69;-0,022888
23,691667;-0,022888
23,693333;-0,022888
23,695;-0,022888
23,696667;-0,022888
23,698333;-0,022888
23,7;-0,022888
23,701667;-0,022888
23,703333;-0,022888
23,705;-0,022888
23,706667;-0,022888
23,708333;-0,022888
23,71;-0,022888
23,711667;-0,025749
23,713333;-0,025749
23,715;-0,025749
23,716667;-0,025749
23,718333;-0,025749
23,72;-0,025749
23,721667;-0,025749
23,723333;-0,025749
23,725;-0,025749
23,726667;-0,025749
23,728333;-0,025749
23,73;-0,025749
23,731667;-0,025749
23,733333;-0,025749
23,735;-0,025749
23,736667;-0,025749
23,738333;-0,025749
23,74;-0,025749
23,741667;-0,025749
23,743333;-0,025749
23,745;-0,025749
23,746667;-0,025749
23,748333;-0,025749
23,75;-0,025749
23,751667;-0,025749
23,753333;-0,025749
23,755;-0,025749
23,756667;-0,025749
23,758333;-0,025749
23,76;-0,025749
23,761667;-0,025749
23,763333;-0,025749
23,765;-0,025749
23,766667;-0,025749
23,768333;-0,025749
23,77;-0,025749
23,771667;-0,025749
23,773333;-0,025749
23,775;-0,025749
23,776667;-0,025749
23,778333;-0,025749
23,78;-0,025749
23,781667;-0,025749
23,783333;-0,025749
23,785;-0,025749
23,786667;-0,025749
23,788333;-0,025749
23,79;-0,025749
23,791667;-0,025749
23,793333;-0,025749
23,795;-0,025749
23,796667;-0,025749
23,798333;-0,025749
23,8;-0,025749
23,801667;-0,025749
23,803333;-0,025749
23,805;-0,025749
23,806667;-0,025749
23,808333;-0,025749
23,81;-0,025749
23,811667;-0,025749
23,813333;-0,025749
23,815;-0,025749
23,816667;-0,025749
23,818333;-0,025749
23,82;-0,025749
23,821667;-0,025749
23,823333;-0,025749
23,825;-0,025749
23,826667;-0,025749
23,828333;-0,025749
23,83;-0,025749
23,831667;-0,025749
23,833333;-0,025749
23,835;-0,025749
23,836667;-0,025749
23,838333;-0,025749
23,84;-0,025749
23,841667;-0,025749
23,843333;-0,025749
23,845;-0,025749
23,846667;-0,025749
23,848333;-0,025749
23,85;-0,025749
23,851667;-0,025749
23,853333;-0,025749
23,855;-0,025749
23,856667;-0,025749
23,858333;-0,025749
23,86;-0,025749
23,861667;-0,025749
23,863333;-0,025749
23,865;-0,025749
23,866667;-0,025749
23,868333;-0,025749
23,87;-0,025749
23,871667;-0,025749
23,873333;-0,025749
23,875;-0,025749
23,876667;-0,025749
23,878333;-0,025749
23,88;-0,025749
23,881667;-0,025749
23,883333;-0,025749
23,885;-0,025749
23,886667;-0,025749
23,888333;-0,025749
23,89;-0,025749
23,891667;-0,025749
23,893333;-0,025749
23,895;-0,025749
23,896667;-0,025749
23,898333;-0,025749
23,9;-0,025749
23,901667;-0,025749
23,903333;-0,025749
23,905;-0,025749
23,906667;-0,025749
23,908333;-0,025749
23,91;-0,025749
23,911667;-0,025749
23,913333;-0,025749
23,915;-0,025749
23,916667;-0,025749
23,918333;-0,025749
23,92;-0,025749
23,921667;-0,025749
23,923333;-0,025749
23,925;-0,025749
23,926667;-0,025749
23,928333;-0,025749
23,93;-0,025749
23,931667;-0,025749
23,933333;-0,025749
23,935;-0,025749
23,936667;-0,025749
23,938333;-0,025749
23,94;-0,025749
23,941667;-0,025749
23,943333;-0,025749
23,945;-0,025749
23,946667;-0,025749
23,948333;-0,025749
23,95;-0,025749
23,951667;-0,025749
23,953333;-0,025749
23,955;-0,025749
23,956667;-0,025749
23,958333;-0,025749
23,96;-0,025749
23,961667;-0,025749
23,963333;-0,025749
23,965;-0,025749
23,966667;-0,025749
23,968333;-0,025749
23,97;-0,025749
23,971667;-0,025749
23,973333;-0,025749
23,975;-0,025749
23,976667;-0,025749
23,978333;-0,025749
23,98;-0,025749
23,981667;-0,025749
23,983333;-0,025749
23,985;-0,025749
23,986667;-0,025749
23,988333;-0,025749
23,99;-0,025749
23,991667;-0,025749
23,993333;-0,025749
23,995;-0,025749
23,996667;-0,025749
23,998333;-0,025749
24;-0,025749
24,001667;-0,025749
24,003333;-0,025749
24,005;-0,025749
24,006667;-0,025749
24,008333;-0,025749
24,01;-0,025749
24,011667;-0,025749
24,013333;-0,025749
24,015;-0,025749
24,016667;-0,025749
24,018333;-0,025749
24,02;-0,025749
24,021667;-0,025749
24,023333;-0,025749
24,025;-0,025749
24,026667;-0,025749
24,028333;-0,025749
24,03;-0,025749
24,031667;-0,025749
24,033333;-0,025749
24,035;-0,025749
24,036667;-0,025749
24,038333;-0,025749
24,04;-0,025749
24,041667;-0,025749
24,043333;-0,025749
24,045;-0,025749
24,046667;-0,025749
24,048333;-0,025749
24,05;-0,025749
24,051667;-0,025749
24,053333;-0,025749
24,055;-0,025749
24,056667;-0,025749
24,058333;-0,025749
24,06;-0,025749
24,061667;-0,025749
24,063333;-0,025749
24,065;-0,025749
24,066667;-0,025749
24,068333;-0,025749
24,07;-0,025749
24,071667;-0,025749
24,073333;-0,025749
24,075;-0,025749
24,076667;-0,025749
24,078333;-0,025749
24,08;-0,025749
24,081667;-0,025749
24,083333;-0,025749
24,085;-0,025749
24,086667;-0,025749
24,088333;-0,025749
24,09;-0,025749
24,091667;-0,025749
24,093333;-0,025749
24,095;-0,025749
24,096667;-0,025749
24,098333;-0,025749
24,1;-0,025749
24,101667;-0,025749
24,103333;-0,025749
24,105;-0,025749
24,106667;-0,025749
24,108333;-0,025749
24,11;-0,025749
24,111667;-0,025749
24,113333;-0,025749
24,115;-0,025749
24,116667;-0,025749
24,118333;-0,025749
24,12;-0,025749
24,121667;-0,025749
24,123333;-0,025749
24,125;-0,025749
24,126667;-0,025749
24,128333;-0,025749
24,13;-0,025749
24,131667;-0,025749
24,133333;-0,025749
24,135;-0,025749
24,136667;-0,025749
24,138333;-0,025749
24,14;-0,025749
24,141667;-0,025749
24,143333;-0,025749
24,145;-0,025749
24,146667;-0,025749
24,148333;-0,025749
24,15;-0,025749
24,151667;-0,025749
24,153333;-0,025749
24,155;-0,025749
24,156667;-0,025749
24,158333;-0,025749
24,16;-0,025749
24,161667;-0,025749
24,163333;-0,022888
24,165;-0,022888
24,166667;-0,022888
24,168333;-0,022888
24,17;-0,022888
24,171667;-0,022888
24,173333;-0,022888
24,175;-0,022888
24,176667;-0,022888
24,178333;-0,022888
24,18;-0,022888
24,181667;-0,022888
24,183333;-0,022888
24,185;-0,022888
24,186667;-0,022888
24,188333;-0,022888
24,19;-0,022888
24,191667;-0,022888
24,193333;-0,022888
24,195;-0,022888
24,196667;-0,022888
24,198333;-0,022888
24,2;-0,022888
24,201667;-0,022888
24,203333;-0,022888
24,205;-0,022888
24,206667;-0,022888
24,208333;-0,022888
24,21;-0,022888
24,211667;-0,022888
24,213333;-0,022888
24,215;-0,022888
24,216667;-0,022888
24,218333;-0,022888
24,22;-0,022888
24,221667;-0,022888
24,223333;-0,022888
24,225;-0,022888
24,226667;-0,022888
24,228333;-0,022888
24,23;-0,022888
24,231667;-0,022888
24,233333;-0,022888
24,235;-0,022888
24,236667;-0,022888
24,238333;-0,022888
24,24;-0,022888
24,241667;-0,022888
24,243333;-0,022888
24,245;-0,022888
24,246667;-0,022888
24,248333;-0,022888
24,25;-0,022888
24,251667;-0,022888
24,253333;-0,022888
24,255;-0,022888
24,256667;-0,022888
24,258333;-0,022888
24,26;-0,022888
24,261667;-0,022888
24,263333;-0,022888
24,265;-0,022888
24,266667;-0,022888
24,268333;-0,022888
24,27;-0,022888
24,271667;-0,022888
24,273333;-0,022888
24,275;-0,022888
24,276667;-0,022888
24,278333;-0,022888
24,28;-0,022888
24,281667;-0,022888
24,283333;-0,022888
24,285;-0,022888
24,286667;-0,022888
24,288333;-0,022888
24,29;-0,022888
24,291667;-0,022888
24,293333;-0,022888
24,295;-0,022888
24,296667;-0,022888
24,298333;-0,022888
24,3;-0,022888
24,301667;-0,022888
24,303333;-0,022888
24,305;-0,022888
24,306667;-0,022888
24,308333;-0,022888
24,31;-0,022888
24,311667;-0,022888
24,313333;-0,022888
24,315;-0,022888
24,316667;-0,022888
24,318333;-0,022888
24,32;-0,022888
24,321667;-0,022888
24,323333;-0,022888
24,325;-0,022888
24,326667;-0,022888
24,328333;-0,022888
24,33;-0,022888
24,331667;-0,022888
24,333333;-0,022888
24,335;-0,022888
24,336667;-0,022888
24,338333;-0,022888
24,34;-0,022888
24,341667;-0,022888
24,343333;-0,022888
24,345;-0,022888
24,346667;-0,022888
24,348333;-0,022888
24,35;-0,022888
24,351667;-0,022888
24,353333;-0,022888
24,355;-0,022888
24,356667;-0,022888
24,358333;-0,022888
24,36;-0,022888
24,361667;-0,022888
24,363333;-0,022888
24,365;-0,022888
24,366667;-0,022888
24,368333;-0,022888
24,37;-0,022888
24,371667;-0,022888
24,373333;-0,022888
24,375;-0,022888
24,376667;-0,022888
24,378333;-0,022888
24,38;-0,022888
24,381667;-0,022888
24,383333;-0,022888
24,385;-0,022888
24,386667;-0,022888
24,388333;-0,022888
24,39;-0,022888
24,391667;-0,022888
24,393333;-0,022888
24,395;-0,022888
24,396667;-0,022888
24,398333;-0,022888
24,4;-0,022888
24,401667;-0,022888
24,403333;-0,022888
24,405;-0,022888
24,406667;-0,022888
24,408333;-0,022888
24,41;-0,022888
24,411667;-0,022888
24,413333;-0,022888
24,415;-0,022888
24,416667;-0,022888
24,418333;-0,022888
24,42;-0,022888
24,421667;-0,022888
24,423333;-0,022888
24,425;-0,022888
24,426667;-0,022888
24,428333;-0,022888
24,43;-0,022888
24,431667;-0,022888
24,433333;-0,022888
24,435;-0,022888
24,436667;-0,022888
24,438333;-0,022888
24,44;-0,022888
24,441667;-0,022888
24,443333;-0,022888
24,445;-0,022888
24,446667;-0,022888
24,448333;-0,022888
24,45;-0,022888
24,451667;-0,022888
24,453333;-0,022888
24,455;-0,022888
24,456667;-0,022888
24,458333;-0,022888
24,46;-0,022888
24,461667;-0,022888
24,463333;-0,022888
24,465;-0,022888
24,466667;-0,022888
24,468333;-0,022888
24,47;-0,022888
24,471667;-0,022888
24,473333;-0,022888
24,475;-0,022888
24,476667;-0,022888
24,478333;-0,022888
24,48;-0,022888
24,481667;-0,022888
24,483333;-0,022888
24,485;-0,022888
24,486667;-0,022888
24,488333;-0,022888
24,49;-0,022888
24,491667;-0,022888
24,493333;-0,022888
24,495;-0,022888
24,496667;-0,022888
24,498333;-0,022888
24,5;-0,025749
24,501667;-0,025749
24,503333;-0,025749
24,505;-0,025749
24,506667;-0,022888
24,508333;-0,022888
24,51;-0,022888
24,511667;-0,022888
24,513333;-0,022888
24,515;-0,022888
24,516667;-0,022888
24,518333;-0,022888
24,52;-0,022888
24,521667;-0,022888
24,523333;-0,022888
24,525;-0,022888
24,526667;-0,022888
24,528333;-0,022888
24,53;-0,022888
24,531667;-0,022888
24,533333;-0,022888
24,535;-0,022888
24,536667;-0,022888
24,538333;-0,022888
24,54;-0,022888
24,541667;-0,022888
24,543333;-0,022888
24,545;-0,022888
24,546667;-0,022888
24,548333;-0,022888
24,55;-0,022888
24,551667;-0,022888
24,553333;-0,022888
24,555;-0,022888
24,556667;-0,022888
24,558333;-0,022888
24,56;-0,022888
24,561667;-0,022888
24,563333;-0,025749
24,565;-0,025749
24,566667;-0,025749
24,568333;-0,025749
24,57;-0,025749
24,571667;-0,025749
24,573333;-0,025749
24,575;-0,025749
24,576667;-0,025749
24,578333;-0,025749
24,58;-0,025749
24,581667;-0,025749
24,583333;-0,025749
24,585;-0,025749
24,586667;-0,025749
24,588333;-0,025749
24,59;-0,025749
24,591667;-0,025749
24,593333;-0,025749
24,595;-0,025749
24,596667;-0,025749
24,598333;-0,025749
24,6;-0,025749
24,601667;-0,025749
24,603333;-0,025749
24,605;-0,025749
24,606667;-0,025749
24,608333;-0,025749
24,61;-0,025749
24,611667;-0,025749
24,613333;-0,025749
24,615;-0,025749
24,616667;-0,025749
24,618333;-0,025749
24,62;-0,025749
24,621667;-0,025749
24,623333;-0,025749
24,625;-0,025749
24,626667;-0,025749
24,628333;-0,025749
24,63;-0,025749
24,631667;-0,025749
24,633333;-0,025749
24,635;-0,025749
24,636667;-0,025749
24,638333;-0,025749
24,64;-0,025749
24,641667;-0,025749
24,643333;-0,025749
24,645;-0,025749
24,646667;-0,025749
24,648333;-0,025749
24,65;-0,025749
24,651667;-0,025749
24,653333;-0,025749
24,655;-0,025749
24,656667;-0,025749
24,658333;-0,025749
24,66;-0,025749
24,661667;-0,025749
24,663333;-0,025749
24,665;-0,025749
24,666667;-0,025749
24,668333;-0,025749
24,67;-0,025749
24,671667;-0,025749
24,673333;-0,025749
24,675;-0,02861
24,676667;-0,02861
24,678333;-0,02861
24,68;-0,02861
24,681667;-0,02861
24,683333;-0,02861
24,685;-0,02861
24,686667;-0,02861
24,688333;-0,02861
24,69;-0,02861
24,691667;-0,02861
24,693333;-0,02861
24,695;-0,02861
24,696667;-0,02861
24,698333;-0,02861
24,7;-0,02861
24,701667;-0,02861
24,703333;-0,02861
24,705;-0,02861
24,706667;-0,02861
24,708333;-0,02861
24,71;-0,02861
24,711667;-0,02861
24,713333;-0,02861
24,715;-0,02861
24,716667;-0,02861
24,718333;-0,02861
24,72;-0,02861
24,721667;-0,02861
24,723333;-0,02861
24,725;-0,02861
24,726667;-0,02861
24,728333;-0,02861
24,73;-0,02861
24,731667;-0,02861
24,733333;-0,02861
24,735;-0,02861
24,736667;-0,02861
24,738333;-0,02861
24,74;-0,02861
24,741667;-0,02861
24,743333;-0,02861
24,745;-0,02861
24,746667;-0,02861
24,748333;-0,02861
24,75;-0,02861
24,751667;-0,02861
24,753333;-0,02861
24,755;-0,02861
24,756667;-0,02861
24,758333;-0,02861
24,76;-0,02861
24,761667;-0,02861
24,763333;-0,02861
24,765;-0,02861
24,766667;-0,02861
24,768333;-0,02861
24,77;-0,02861
24,771667;-0,02861
24,773333;-0,02861
24,775;-0,02861
24,776667;-0,02861
24,778333;-0,02861
24,78;-0,02861
24,781667;-0,02861
24,783333;-0,02861
24,785;-0,02861
24,786667;-0,02861
24,788333;-0,02861
24,79;-0,02861
24,791667;-0,02861
24,793333;-0,02861
24,795;-0,02861
24,796667;-0,02861
24,798333;-0,02861
24,8;-0,02861
24,801667;-0,02861
24,803333;-0,02861
24,805;-0,02861
24,806667;-0,02861
24,808333;-0,02861
24,81;-0,02861
24,811667;-0,02861
24,813333;-0,02861
24,815;-0,02861
24,816667;-0,02861
24,818333;-0,02861
24,82;-0,02861
24,821667;-0,031471
24,823333;-0,031471
24,825;-0,031471
24,826667;-0,031471
24,828333;-0,031471
24,83;-0,031471
24,831667;-0,031471
24,833333;-0,031471
24,835;-0,031471
24,836667;-0,031471
24,838333;-0,031471
24,84;-0,031471
24,841667;-0,031471
24,843333;-0,031471
24,845;-0,031471
24,846667;-0,031471
24,848333;-0,02861
24,85;-0,02861
24,851667;-0,02861
24,853333;-0,02861
24,855;-0,02861
24,856667;-0,02861
24,858333;-0,02861
24,86;-0,02861
24,861667;-0,02861
24,863333;-0,02861
24,865;-0,02861
24,866667;-0,02861
24,868333;-0,02861
24,87;-0,02861
24,871667;-0,02861
24,873333;-0,02861
24,875;-0,02861
24,876667;-0,02861
24,878333;-0,02861
24,88;-0,031471
24,881667;-0,031471
24,883333;-0,031471
24,885;-0,031471
24,886667;-0,031471
24,888333;-0,031471
24,89;-0,031471
24,891667;-0,031471
24,893333;-0,031471
24,895;-0,031471
24,896667;-0,031471
24,898333;-0,031471
24,9;-0,031471
24,901667;-0,031471
24,903333;-0,031471
24,905;-0,031471
24,906667;-0,031471
24,908333;-0,031471
24,91;-0,031471
24,911667;-0,031471
24,913333;-0,031471
24,915;-0,031471
24,916667;-0,031471
24,918333;-0,031471
24,92;-0,031471
24,921667;-0,031471
24,923333;-0,031471
24,925;-0,031471
24,926667;-0,031471
24,928333;-0,031471
24,93;-0,031471
24,931667;-0,031471
24,933333;-0,031471
24,935;-0,031471
24,936667;-0,031471
24,938333;-0,031471
24,94;-0,031471
24,941667;-0,031471
24,943333;-0,031471
24,945;-0,031471
24,946667;-0,031471
24,948333;-0,031471
24,95;-0,031471
24,951667;-0,031471
24,953333;-0,031471
24,955;-0,031471
24,956667;-0,031471
24,958333;-0,031471
24,96;-0,031471
24,961667;-0,031471
24,963333;-0,031471
24,965;-0,031471
24,966667;-0,031471
24,968333;-0,031471
24,97;-0,031471
24,971667;-0,031471
24,973333;-0,031471
24,975;-0,031471
24,976667;-0,031471
24,978333;-0,031471
24,98;-0,031471
24,981667;-0,031471
24,983333;-0,031471
24,985;-0,031471
24,986667;-0,031471
24,988333;-0,031471
24,99;-0,031471
24,991667;-0,031471
24,993333;-0,031471
24,995;-0,031471
24,996667;-0,031471
24,998333;-0,031471
25;-0,031471
25,001667;-0,031471
25,003333;-0,031471
25,005;-0,031471
25,006667;-0,031471
25,008333;-0,031471
25,01;-0,031471
25,011667;-0,031471
25,013333;-0,031471
25,015;-0,031471
25,016667;-0,031471
25,018333;-0,031471
25,02;-0,031471
25,021667;-0,031471
25,023333;-0,031471
25,025;-0,031471
25,026667;-0,031471
25,028333;-0,031471
25,03;-0,031471
25,031667;-0,031471
25,033333;-0,031471
25,035;-0,031471
25,036667;-0,031471
25,038333;-0,031471
25,04;-0,031471
25,041667;-0,031471
25,043333;-0,031471
25,045;-0,031471
25,046667;-0,031471
25,048333;-0,031471
25,05;-0,031471
25,051667;-0,031471
25,053333;-0,031471
25,055;-0,031471
25,056667;-0,031471
25,058333;-0,031471
25,06;-0,031471
25,061667;-0,031471
25,063333;-0,031471
25,065;-0,031471
25,066667;-0,031471
25,068333;-0,031471
25,07;-0,031471
25,071667;-0,031471
25,073333;-0,031471
25,075;-0,031471
25,076667;-0,031471
25,078333;-0,031471
25,08;-0,031471
25,081667;-0,031471
25,083333;-0,031471
25,085;-0,031471
25,086667;-0,031471
25,088333;-0,031471
25,09;-0,031471
25,091667;-0,031471
25,093333;-0,031471
25,095;-0,031471
25,096667;-0,031471
25,098333;-0,031471
25,1;-0,031471
25,101667;-0,031471
25,103333;-0,031471
25,105;-0,031471
25,106667;-0,031471
25,108333;-0,031471
25,11;-0,031471
25,111667;-0,031471
25,113333;-0,031471
25,115;-0,031471
25,116667;-0,031471
25,118333;-0,031471
25,12;-0,031471
25,121667;-0,031471
25,123333;-0,031471
25,125;-0,031471
25,126667;-0,031471
25,128333;-0,031471
25,13;-0,031471
25,131667;-0,031471
25,133333;-0,031471
25,135;-0,031471
25,136667;-0,031471
25,138333;-0,031471
25,14;-0,031471
25,141667;-0,031471
25,143333;-0,031471
25,145;-0,031471
25,146667;-0,031471
25,148333;-0,031471
25,15;-0,031471
25,151667;-0,031471
25,153333;-0,031471
25,155;-0,031471
25,156667;-0,031471
25,158333;-0,031471
25,16;-0,031471
25,161667;-0,031471
25,163333;-0,031471
25,165;-0,031471
25,166667;-0,031471
25,168333;-0,031471
25,17;-0,031471
25,171667;-0,031471
25,173333;-0,031471
25,175;-0,031471
25,176667;-0,031471
25,178333;-0,031471
25,18;-0,031471
25,181667;-0,031471
25,183333;-0,031471
25,185;-0,031471
25,186667;-0,031471
25,188333;-0,031471
25,19;-0,031471
25,191667;-0,031471
25,193333;-0,031471
25,195;-0,031471
25,196667;-0,031471
25,198333;-0,031471
25,2;-0,031471
25,201667;-0,031471
25,203333;-0,031471
25,205;-0,031471
25,206667;-0,031471
25,208333;-0,031471
25,21;-0,031471
25,211667;-0,031471
25,213333;-0,031471
25,215;-0,031471
25,216667;-0,031471
25,218333;-0,031471
25,22;-0,031471
25,221667;-0,031471
25,223333;-0,031471
25,225;-0,031471
25,226667;-0,031471
25,228333;-0,031471
25,23;-0,031471
25,231667;-0,031471
25,233333;-0,031471
25,235;-0,031471
25,236667;-0,031471
25,238333;-0,031471
25,24;-0,031471
25,241667;-0,031471
25,243333;-0,031471
25,245;-0,031471
25,246667;-0,031471
25,248333;-0,031471
25,25;-0,031471
25,251667;-0,031471
25,253333;-0,031471
25,255;-0,031471
25,256667;-0,031471
25,258333;-0,031471
25,26;-0,031471
25,261667;-0,031471
25,263333;-0,031471
25,265;-0,031471
25,266667;-0,031471
25,268333;-0,031471
25,27;-0,031471
25,271667;-0,031471
25,273333;-0,031471
25,275;-0,031471
25,276667;-0,031471
25,278333;-0,031471
25,28;-0,02861
25,281667;-0,02861
25,283333;-0,02861
25,285;-0,02861
25,286667;-0,02861
25,288333;-0,02861
25,29;-0,02861
25,291667;-0,02861
25,293333;-0,02861
25,295;-0,02861
25,296667;-0,02861
25,298333;-0,02861
25,3;-0,02861
25,301667;-0,02861
25,303333;-0,02861
25,305;-0,02861
25,306667;-0,02861
25,308333;-0,02861
25,31;-0,02861
25,311667;-0,02861
25,313333;-0,02861
25,315;-0,02861
25,316667;-0,02861
25,318333;-0,02861
25,32;-0,02861
25,321667;-0,02861
25,323333;-0,02861
25,325;-0,02861
25,326667;-0,02861
25,328333;-0,02861
25,33;-0,02861
25,331667;-0,02861
25,333333;-0,02861
25,335;-0,02861
25,336667;-0,02861
25,338333;-0,02861
25,34;-0,02861
25,341667;-0,02861
25,343333;-0,02861
25,345;-0,02861
25,346667;-0,02861
25,348333;-0,02861
25,35;-0,02861
25,351667;-0,02861
25,353333;-0,02861
25,355;-0,02861
25,356667;-0,02861
25,358333;-0,02861
25,36;-0,02861
25,361667;-0,02861
25,363333;-0,02861
25,365;-0,02861
25,366667;-0,02861
25,368333;-0,02861
25,37;-0,02861
25,371667;-0,02861
25,373333;-0,02861
25,375;-0,02861
25,376667;-0,02861
25,378333;-0,02861
25,38;-0,02861
25,381667;-0,02861
25,383333;-0,02861
25,385;-0,02861
25,386667;-0,02861
25,388333;-0,02861
25,39;-0,02861
25,391667;-0,025749
25,393333;-0,025749
25,395;-0,025749
25,396667;-0,025749
25,398333;-0,025749
25,4;-0,025749
25,401667;-0,025749
25,403333;-0,025749
25,405;-0,025749
25,406667;-0,025749
25,408333;-0,025749
25,41;-0,025749
25,411667;-0,025749
25,413333;-0,025749
25,415;-0,025749
25,416667;-0,025749
25,418333;-0,025749
25,42;-0,025749
25,421667;-0,025749
25,423333;-0,025749
25,425;-0,025749
25,426667;-0,025749
25,428333;-0,025749
25,43;-0,025749
25,431667;-0,025749
25,433333;-0,025749
25,435;-0,025749
25,436667;-0,025749
25,438333;-0,022888
25,44;-0,022888
25,441667;-0,022888
25,443333;-0,022888
25,445;-0,022888
25,446667;-0,022888
25,448333;-0,022888
25,45;-0,022888
25,451667;-0,022888
25,453333;-0,022888
25,455;-0,022888
25,456667;-0,022888
25,458333;-0,022888
25,46;-0,022888
25,461667;-0,022888
25,463333;-0,022888
25,465;-0,022888
25,466667;-0,020027
25,468333;-0,020027
25,47;-0,020027
25,471667;-0,020027
25,473333;-0,020027
25,475;-0,020027
25,476667;-0,020027
25,478333;-0,020027
25,48;-0,020027
25,481667;-0,020027
25,483333;-0,020027
25,485;-0,020027
25,486667;-0,020027
25,488333;-0,020027
25,49;-0,020027
25,491667;-0,020027
25,493333;-0,020027
25,495;-0,020027
25,496667;-0,020027
25,498333;-0,020027
25,5;-0,020027
25,501667;-0,020027
25,503333;-0,017166
25,505;-0,017166
25,506667;-0,017166
25,508333;-0,017166
25,51;-0,017166
25,511667;-0,017166
25,513333;-0,017166
25,515;-0,017166
25,516667;-0,017166
25,518333;-0,017166
25,52;-0,017166
25,521667;-0,017166
25,523333;-0,017166
25,525;-0,017166
25,526667;-0,017166
25,528333;-0,017166
25,53;-0,017166
25,531667;-0,017166
25,533333;-0,014305
25,535;-0,014305
25,536667;-0,014305
25,538333;-0,014305
25,54;-0,014305
25,541667;-0,014305
25,543333;-0,014305
25,545;-0,014305
25,546667;-0,014305
25,548333;-0,014305
25,55;-0,011444
25,551667;-0,011444
25,553333;-0,011444
25,555;-0,011444
25,556667;-0,011444
25,558333;-0,011444
25,56;-0,011444
25,561667;-0,011444
25,563333;-0,011444
25,565;-0,008583
25,566667;-0,008583
25,568333;-0,008583
25,57;-0,008583
25,571667;-0,008583
25,573333;-0,008583
25,575;-0,008583
25,576667;-0,008583
25,578333;-0,005722
25,58;-0,005722
25,581667;-0,005722
25,583333;-0,005722
25,585;-0,005722
25,586667;-0,005722
25,588333;-0,005722
25,59;-0,005722
25,591667;-0,005722
25,593333;-0,005722
25,595;-0,002861
25,596667;-0,002861
25,598333;-0,002861
25,6;-0,002861
25,601667;-0,002861
25,603333;-0,002861
25,605;-0,002861
25,606667;0
25,608333;0
25,61;0
25,611667;0
25,613333;0
25,615;0
25,616667;0
25,618333;0
25,62;0
25,621667;0,002861
25,623333;0,002861
25,625;0,002861
25,626667;0,002861
25,628333;0,002861
25,63;0,002861
25,631667;0,002861
25,633333;0,005722
25,635;0,005722
25,636667;0,005722
25,638333;0,005722
25,64;0,005722
25,641667;0,005722
25,643333;0,005722
25,645;0,008583
25,646667;0,008583
25,648333;0,008583
25,65;0,008583
25,651667;0,008583
25,653333;0,008583
25,655;0,011444
25,656667;0,011444
25,658333;0,011444
25,66;0,011444
25,661667;0,011444
25,663333;0,014305
25,665;0,014305
25,666667;0,014305
25,668333;0,014305
25,67;0,017166
25,671667;0,017166
25,673333;0,017166
25,675;0,017166
25,676667;0,017166
25,678333;0,017166
25,68;0,020027
25,681667;0,020027
25,683333;0,020027
25,685;0,020027
25,686667;0,020027
25,688333;0,022888
25,69;0,022888
25,691667;0,022888
25,693333;0,022888
25,695;0,025749
25,696667;0,025749
25,698333;0,025749
25,7;0,025749
25,701667;0,02861
25,703333;0,02861
25,705;0,02861
25,706667;0,02861
25,708333;0,031471
25,71;0,031471
25,711667;0,031471
25,713333;0,031471
25,715;0,034332
25,716667;0,034332
25,718333;0,034332
25,72;0,034332
25,721667;0,037193
25,723333;0,037193
25,725;0,037193
25,726667;0,037193
25,728333;0,040054
25,73;0,040054
25,731667;0,040054
25,733333;0,042915
25,735;0,042915
25,736667;0,042915
25,738333;0,045776
25,74;0,045776
25,741667;0,045776
25,743333;0,045776
25,745;0,048637
25,746667;0,048637
25,748333;0,051498
25,75;0,051498
25,751667;0,051498
25,753333;0,054359
25,755;0,054359
25,756667;0,05722
25,758333;0,05722
25,76;0,05722
25,761667;0,05722
25,763333;0,060081
25,765;0,060081
25,766667;0,060081
25,768333;0,062943
25,77;0,062943
25,771667;0,062943
25,773333;0,065804
25,775;0,065804
25,776667;0,065804
25,778333;0,068665
25,78;0,068665
25,781667;0,071526
25,783333;0,071526
25,785;0,074387
25,786667;0,074387
25,788333;0,077248
25,79;0,077248
25,791667;0,077248
25,793333;0,080109
25,795;0,080109
25,796667;0,080109
25,798333;0,08297
25,8;0,08297
25,801667;0,085831
25,803333;0,085831
25,805;0,088692
25,806667;0,088692
25,808333;0,091553
25,81;0,091553
25,811667;0,094414
25,813333;0,094414
25,815;0,097275
25,816667;0,097275
25,818333;0,100136
25,82;0,100136
25,821667;0,102997
25,823333;0,102997
25,825;0,105858
25,826667;0,105858
25,828333;0,108719
25,83;0,108719
25,831667;0,11158
25,833333;0,11158
25,835;0,114441
25,836667;0,117302
25,838333;0,117302
25,84;0,120163
25,841667;0,120163
25,843333;0,120163
25,845;0,123024
25,846667;0,123024
25,848333;0,125885
25,85;0,125885
25,851667;0,128746
25,853333;0,131607
25,855;0,131607
25,856667;0,134468
25,858333;0,137329
25,86;0,137329
25,861667;0,14019
25,863333;0,143051
25,865;0,143051
25,866667;0,145912
25,868333;0,148773
25,87;0,148773
25,871667;0,151634
25,873333;0,154495
25,875;0,154495
25,876667;0,157356
25,878333;0,160217
25,88;0,160217
25,881667;0,163078
25,883333;0,165939
25,885;0,1688
25,886667;0,1688
25,888333;0,171661
25,89;0,174522
25,891667;0,177383
25,893333;0,177383
25,895;0,180244
25,896667;0,183105
25,898333;0,185967
25,9;0,188828
25,901667;0,188828
25,903333;0,191689
25,905;0,19455
25,906667;0,197411
25,908333;0,200272
25,91;0,200272
25,911667;0,203133
25,913333;0,205994
25,915;0,208855
25,916667;0,211716
25,918333;0,217438
25,92;0,220299
25,921667;0,22316
25,923333;0,22316
25,925;0,226021
25,926667;0,228882
25,928333;0,228882
25,93;0,231743
25,931667;0,234604
25,933333;0,237465
25,935;0,240326
25,936667;0,243187
25,938333;0,246048
25,94;0,248909
25,941667;0,25177
25,943333;0,257492
25,945;0,260353
25,946667;0,263214
25,948333;0,266075
25,95;0,268936
25,951667;0,271797
25,953333;0,274658
25,955;0,277519
25,956667;0,283241
25,958333;0,286102
25,96;0,288963
25,961667;0,291824
25,963333;0,297546
25,965;0,300407
25,966667;0,303268
25,968333;0,306129
25,97;0,311852
25,971667;0,314713
25,973333;0,317574
25,975;0,320435
25,976667;0,326157
25,978333;0,329018
25,98;0,331879
25,981667;0,337601
25,983333;0,340462
25,985;0,346184
25,986667;0,349045
25,988333;0,354767
25,99;0,357628
25,991667;0,36335
25,993333;0,366211
25,995;0,371933
25,996667;0,374794
25,998333;0,380516
26;0,386238
26,001667;0,389099
26,003333;0,394821
26,005;0,400543
26,006667;0,403404
26,008333;0,409126
26,01;0,414848
26,011667;0,417709
26,013333;0,423431
26,015;0,429153
26,016667;0,434876
26,018333;0,440598
26,02;0,44632
26,021667;0,449181
26,023333;0,454903
26,025;0,460625
26,026667;0,466347
26,028333;0,472069
26,03;0,477791
26,031667;0,483513
26,033333;0,489235
26,035;0,500679
26,036667;0,509262
26,038333;0,514984
26,04;0,514984
26,041667;0,520706
26,043333;0,526428
26,045;0,53215
26,046667;0,540733
26,048333;0,546455
26,05;0,552177
26,051667;0,560761
26,053333;0,566483
26,055;0,572205
26,056667;0,580788
26,058333;0,58651
26,06;0,595093
26,061667;0,600815
26,063333;0,609398
26,065;0,617981
26,066667;0,623703
26,068333;0,632286
26,07;0,640869
26,071667;0,649452
26,073333;0,655174
26,075;0,663757
26,076667;0,67234
26,078333;0,680924
26,08;0,689507
26,081667;0,69809
26,083333;0,706673
26,085;0,715256
26,086667;0,723839
26,088333;0,732422
26,09;0,741005
26,091667;0,749588
26,093333;0,758171
26,095;0,769615
26,096667;0,778198
26,098333;0,786781
26,1;0,798225
26,101667;0,806809
26,103333;0,815392
26,105;0,826836
26,106667;0,835419
26,108333;0,846863
26,11;0,858307
26,111667;0,86689
26,113333;0,878334
26,115;0,889778
26,116667;0,898361
26,118333;0,909805
26,12;0,921249
26,121667;0,932694
26,123333;0,944138
26,125;0,955582
26,126667;0,967026
26,128333;0,981331
26,13;0,992775
26,131667;1,004219
26,133333;1,015663
26,135;1,029968
26,136667;1,041412
26,138333;1,055718
26,14;1,067162
26,141667;1,081467
26,143333;1,092911
26,145;1,107216
26,146667;1,121521
26,148333;1,135826
26,15;1,14727
26,151667;1,161575
26,153333;1,175881
26,155;1,190186
26,156667;1,207352
26,158333;1,221657
26,16;1,235962
26,161667;1,250267
26,163333;1,267433
26,165;1,281738
26,166667;1,298904
26,168333;1,31321
26,17;1,330376
26,171667;1,347542
26,173333;1,364708
26,175;1,381874
26,176667;1,396179
26,178333;1,413345
26,18;1,430512
26,181667;1,450539
26,183333;1,467705
26,185;1,484871
26,186667;1,502037
26,188333;1,522064
26,19;1,53923
26,191667;1,576424
26,193333;1,596451
26,195;1,616478
26,196667;1,636505
26,198333;1,636505
26,2;1,656532
26,201667;1,67656
26,203333;1,696587
26,205;1,716614
26,206667;1,736641
26,208333;1,759529
26,21;1,779556
26,211667;1,799584
26,213333;1,822472
26,215;1,84536
26,216667;1,865387
26,218333;1,888275
26,22;1,911163
26,221667;1,934052
26,223333;1,95694
26,225;1,979828
26,226667;2,002716
26,228333;2,025604
26,23;2,051354
26,231667;2,074242
26,233333;2,099991
26,235;2,122879
26,236667;2,148628
26,238333;2,174378
26,24;2,200127
26,241667;2,223015
26,243333;2,248764
26,245;2,277374
26,246667;2,303124
26,248333;2,328873
26,25;2,354622
26,251667;2,383232
26,253333;2,437592
26,255;2,466202
26,256667;2,491951
26,258333;2,520561
26,26;2,549172
26,261667;2,549172
26,263333;2,577782
26,265;2,609253
26,266667;2,637863
26,268333;2,669335
26,27;2,697945
26,271667;2,729416
26,273333;2,758026
26,275;2,820969
26,276667;2,820969
26,278333;2,85244
26,28;2,883911
26,281667;2,915383
26,283333;2,946854
26,285;2,978325
26,286667;3,012657
26,288333;3,044129
26,29;3,078461
26,291667;3,112793
26,293333;3,147125
26,295;3,178597
26,296667;3,212929
26,298333;3,247261
26,3;3,284455
26,301667;3,318787
26,303333;3,353119
26,305;3,387451
26,306667;3,424645
26,308333;3,458977
26,31;3,49617
26,311667;3,533364
26,313333;3,570557
26,315;3,604889
26,316667;3,642082
26,318333;3,679276
26,32;3,71933
26,321667;3,756523
26,323333;3,793717
26,325;3,833771
26,326667;3,870964
26,328333;3,911019
26,33;3,951073
26,331667;3,988266
26,333333;4,028321
26,335;4,068375
26,336667;4,108429
26,338333;4,148484
26,34;4,188538
26,341667;4,231453
26,343333;4,271508
26,345;4,311562
26,346667;4,354477
26,348333;4,397393
26,35;4,437447
26,351667;4,480362
26,353333;4,523278
26,355;4,566193
26,356667;4,609108
26,358333;4,652024
26,36;4,694939
26,361667;4,737854
26,363333;4,78077
26,365;4,826546
26,366667;4,869461
26,368333;4,915238
26,37;4,958153
26,371667;5,003929
26,373333;5,046845
26,375;5,092621
26,376667;5,138398
26,378333;5,184174
26,38;5,22995
26,381667;5,275727
26,383333;5,321503
26,385;5,367279
26,386667;5,413056
26,388333;5,458832
26,39;5,504608
26,391667;5,553246
26,393333;5,599022
26,395;5,64766
26,396667;5,693436
26,398333;5,742073
26,4;5,78785
26,401667;5,836487
26,403333;5,882264
26,405;5,930901
26,406667;5,979538
26,408333;6,025315
26,41;6,073952
26,411667;6,122589
26,413333;6,171227
26,415;6,219864
26,416667;6,268502
26,418333;6,317139
26,42;6,365776
26,421667;6,414414
26,423333;6,463051
26,425;6,511689
26,426667;6,560326
26,428333;6,608963
26,43;6,657601
26,431667;6,709099
26,433333;6,757737
26,435;6,806374
26,436667;6,855011
26,438333;6,903649
26,44;6,955147
26,441667;7,003785
26,443333;7,101059
26,445;7,101059
26,446667;7,152558
26,448333;7,201195
26,45;7,249833
26,451667;7,301331
26,453333;7,349968
26,455;7,398606
26,456667;7,450104
26,458333;7,498742
26,46;7,547379
26,461667;7,598877
26,463333;7,647515
26,465;7,696152
26,466667;7,747651
26,468333;7,796288
26,47;7,844925
26,471667;7,896424
26,473333;7,945061
26,475;7,993699
26,476667;8,042336
26,478333;8,090973
26,48;8,139611
26,481667;8,188248
26,483333;8,236886
26,485;8,285523
26,486667;8,33416
26,488333;8,382798
26,49;8,431435
26,491667;8,480073
26,493333;8,52871
26,495;8,577347
26,496667;8,623124
26,498333;8,671761
26,5;8,720398
26,501667;8,766175
26,503333;8,814812
26,505;8,86345
26,506667;8,909226
26,508333;8,955002
26,51;9,00364
26,511667;9,049416
26,513333;9,098054
26,515;9,14383
26,516667;9,189606
26,518333;9,235383
26,52;9,281159
26,521667;9,326935
26,523333;9,372712
26,525;9,418488
26,526667;9,464264
26,528333;9,50718
26,53;9,552956
26,531667;9,598733
26,533333;9,641648
26,535;9,684563
26,536667;9,727479
26,538333;9,773255
26,54;9,81617
26,541667;9,859086
26,543333;9,902001
26,545;9,944916
26,546667;9,987832
26,548333;10,027886
26,55;10,070801
26,551667;10,113717
26,553333;10,153771
26,555;10,193825
26,556667;10,236741
26,558333;10,316849
26,56;10,316849
26,561667;10,356904
26,563333;10,396958
26,565;10,437012
26,566667;10,474206
26,568333;10,51426
26,57;10,551453
26,571667;10,591508
26,573333;10,628701
26,575;10,665894
26,576667;10,703087
26,578333;10,740281
26,58;10,774613
26,581667;10,811806
26,583333;10,849
26,585;10,883332
26,586667;10,917664
26,588333;10,954858
26,59;10,98919
26,591667;11,023522
26,593333;11,057854
26,595;11,092187
26,596667;11,123658
26,598333;11,15799
26,6;11,189461
26,601667;11,220933
26,603333;11,255265
26,605;11,286736
26,606667;11,318207
26,608333;11,346818
26,61;11,40976
26,611667;11,40976
26,613333;11,43837
26,615;11,466981
26,616667;11,495591
26,618333;11,524201
26,62;11,581422
26,621667;11,610032
26,623333;11,635781
26,625;11,66153
26,626667;11,66153
26,628333;11,69014
26,63;11,741639
26,631667;11,767388
26,633333;11,790276
26,635;11,816025
26,636667;11,838914
26,638333;11,861802
26,64;11,861802
26,641667;11,887551
26,643333;11,910439
26,645;11,930466
26,646667;11,953355
26,648333;11,976243
26,65;11,99627
26,651667;12,016297
26,653333;12,036324
26,655;12,056351
26,656667;12,076379
26,658333;12,096406
26,66;12,116433
26,661667;12,133599
26,663333;12,150765
26,665;12,167931
26,666667;12,185097
26,668333;12,202264
26,67;12,21943
26,671667;12,233735
26,673333;12,250901
26,675;12,265206
26,676667;12,279511
26,678333;12,293816
26,68;12,308121
26,681667;12,322427
26,683333;12,336732
26,685;12,348176
26,686667;12,35962
26,688333;12,371064
26,69;12,382508
26,691667;12,393952
26,693333;12,405396
26,695;12,413979
26,696667;12,425423
26,698333;12,434006
26,7;12,44259
26,701667;12,451173
26,703333;12,459756
26,705;12,465478
26,706667;12,474061
26,708333;12,479783
26,71;12,485505
26,711667;12,494088
26,713333;12,496949
26,715;12,502671
26,716667;12,508393
26,718333;12,511254
26,72;12,516976
26,721667;12,519837
26,723333;12,522698
26,725;12,525559
26,726667;12,525559
26,728333;12,52842
26,73;12,52842
26,731667;12,531281
26,733333;12,531281
26,735;12,531281
26,736667;12,531281
26,738333;12,531281
26,74;12,531281
26,741667;12,52842
26,743333;12,52842
26,745;12,525559
26,746667;12,522698
26,748333;12,519837
26,75;12,516976
26,751667;12,511254
26,753333;12,508393
26,755;12,502671
26,756667;12,49981
26,758333;12,494088
26,76;12,488366
26,761667;12,482644
26,763333;12,476922
26,765;12,468339
26,766667;12,462617
26,768333;12,454034
26,77;12,445451
26,771667;12,436868
26,773333;12,428284
26,775;12,419701
26,776667;12,411118
26,778333;12,402535
26,78;12,391091
26,781667;12,379647
26,783333;12,371064
26,785;12,35962
26,786667;12,348176
26,788333;12,333871
26,79;12,322427
26,791667;12,310982
26,793333;12,296677
26,795;12,285233
26,796667;12,270928
26,798333;12,256623
26,8;12,242318
26,801667;12,228013
26,803333;12,213708
26,805;12,199403
26,806667;12,182236
26,808333;12,16507
26,81;12,150765
26,811667;12,133599
26,813333;12,116433
26,815;12,099267
26,816667;12,082101
26,818333;12,064934
26,82;12,044907
26,821667;12,027741
26,823333;12,007714
26,825;11,990548
26,826667;11,970521
26,828333;11,950494
26,83;11,930466
26,831667;11,910439
26,833333;11,890412
26,835;11,867524
26,836667;11,847497
26,838333;11,82747
26,84;11,804581
26,841667;11,781693
26,843333;11,761666
26,845;11,738778
26,846667;11,71589
26,848333;11,693001
26,85;11,670113
26,851667;11,644364
26,853333;11,621476
26,855;11,598588
26,856667;11,572839
26,858333;11,547089
26,86;11,524201
26,861667;11,498452
26,863333;11,472703
26,865;11,446954
26,866667;11,421204
26,868333;11,395455
26,87;11,369706
26,871667;11,341096
26,873333;11,315346
26,875;11,286736
26,876667;11,260987
26,878333;11,232377
26,88;11,206628
26,881667;11,178017
26,883333;11,149407
26,885;11,120797
26,886667;11,092187
26,888333;11,063576
26,89;11,034966
26,891667;11,006356
26,893333;10,977746
26,895;10,946274
26,896667;10,917664
26,898333;10,886193
26,9;10,857583
26,901667;10,826111
26,903333;10,797501
26,905;10,76603
26,906667;10,734559
26,908333;10,705949
26,91;10,643006
26,911667;10,643006
26,913333;10,611535
26,915;10,580063
26,916667;10,548592
26,918333;10,517121
26,92;10,48565
26,921667;10,451317
26,923333;10,419846
26,925;10,388375
26,926667;10,354043
26,928333;10,322571
26,93;10,288239
26,931667;10,256768
26,933333;10,222436
26,935;10,188103
26,936667;10,156632
26,938333;10,1223
26,94;10,087968
26,941667;10,053635
26,943333;10,019303
26,945;9,984971
26,946667;9,950638
26,948333;9,916306
26,95;9,881974
26,951667;9,847642
26,953333;9,813309
26,955;9,778977
26,956667;9,744645
26,958333;9,710312
26,96;9,67598
26,961667;9,638787
26,963333;9,604455
26,965;9,570122
26,966667;9,532929
26,968333;9,498597
26,97;9,464264
26,971667;9,427071
26,973333;9,392739
26,975;9,355546
26,976667;9,321213
26,978333;9,28402
26,98;9,246827
26,981667;9,212494
26,983333;9,175301
26,985;9,138108
26,986667;9,103776
26,988333;9,066582
26,99;9,029389
26,991667;8,995057
26,993333;8,957863
26,995;8,92067
26,996667;8,886338
26,998333;8,849145
27;8,811951
27,001667;8,740426
27,003333;8,703232
27,005;8,703232
27,006667;8,666039
27,008333;8,628846
27,01;8,594513
27,011667;8,520127
27,013333;8,482934
27,015;8,44574
27,016667;8,44574
27,018333;8,408547
27,02;8,371354
27,021667;8,337021
27,023333;8,262635
27,025;8,225441
27,026667;8,188248
27,028333;8,188248
27,03;8,151055
27,031667;8,116723
27,033333;8,079529
27,035;8,042336
27,036667;8,005143
27,038333;7,967949
27,04;7,933617
27,041667;7,896424
27,043333;7,859231
27,045;7,822037
27,046667;7,787705
27,048333;7,750512
27,05;7,713318
27,051667;7,676125
27,053333;7,641793
27,055;7,604599
27,056667;7,567406
27,058333;7,533074
27,06;7,495881
27,061667;7,458687
27,063333;7,424355
27,065;7,387162
27,066667;7,349968
27,068333;7,315636
27,07;7,278443
27,071667;7,24125
27,073333;7,206917
27,075;7,169724
27,076667;7,135392
27,078333;7,098198
27,08;7,061005
27,081667;7,026673
27,083333;6,989479
27,085;6,955147
27,086667;6,917954
27,088333;6,883622
27,09;6,849289
27,091667;6,812096
27,093333;6,777764
27,095;6,743431
27,096667;6,706238
27,098333;6,671906
27,1;6,637574
27,101667;6,603241
27,103333;6,568909
27,105;6,531716
27,106667;6,497384
27,108333;6,463051
27,11;6,428719
27,111667;6,394387
27,113333;6,360054
27,115;6,325722
27,116667;6,29139
27,118333;6,257058
27,12;6,222725
27,121667;6,188393
27,123333;6,154061
27,125;6,119728
27,126667;6,085396
27,128333;6,053925
27,13;6,019593
27,131667;5,98526
27,133333;5,953789
27,135;5,919457
27,136667;5,885125
27,138333;5,853653
27,14;5,819321
27,141667;5,784989
27,143333;5,753517
27,145;5,719185
27,146667;5,687714
27,148333;5,656243
27,15;5,62191
27,151667;5,590439
27,153333;5,556107
27,155;5,524636
27,156667;5,493164
27,158333;5,461693
27,16;5,398751
27,161667;5,364418
27,163333;5,364418
27,165;5,332947
27,166667;5,301476
27,168333;5,270005
27,17;5,209923
27,171667;5,178452
27,173333;5,146981
27,175;5,115509
27,176667;5,115509
27,178333;5,086899
27,18;5,055428
27,181667;5,023957
27,183333;4,995346
27,185;4,963875
27,186667;4,935265
27,188333;4,903794
27,19;4,875183
27,191667;4,843712
27,193333;4,815102
27,195;4,786492
27,196667;4,75502
27,198333;4,72641
27,2;4,6978
27,201667;4,637718
27,203333;4,609108
27,205;4,580498
27,206667;4,551888
27,208333;4,523278
27,21;4,497528
27,211667;4,497528
27,213333;4,468918
27,215;4,440308
27,216667;4,411698
27,218333;4,383087
27,22;4,354477
27,221667;4,328728
27,223333;4,300118
27,225;4,271508
27,226667;4,245758
27,228333;4,217148
27,23;4,191399
27,231667;4,16565
27,233333;4,137039
27,235;4,11129
27,236667;4,085541
27,238333;4,056931
27,24;4,031182
27,241667;4,005432
27,243333;3,979683
27,245;3,953934
27,246667;3,928185
27,248333;3,902436
27,25;3,876686
27,251667;3,850937
27,253333;3,825188
27,255;3,799439
27,256667;3,773689
27,258333;3,74794
27,26;3,725052
27,261667;3,699303
27,263333;3,673554
27,265;3,650666
27,266667;3,624916
27,268333;3,602028
27,27;3,576279
27,271667;3,553391
27,273333;3,527642
27,275;3,504753
27,276667;3,481865
27,278333;3,456116
27,28;3,433228
27,281667;3,41034
27,283333;3,387451
27,285;3,364563
27,286667;3,341675
27,288333;3,318787
27,29;3,295899
27,291667;3,27301
27,293333;3,250122
27,295;3,227234
27,296667;3,204346
27,298333;3,181458
27,3;3,161431
27,301667;3,138542
27,303333;3,115654
27,305;3,072739
27,306667;3,052712
27,308333;3,052712
27,31;3,029823
27,311667;3,009796
27,313333;2,986908
27,315;2,946854
27,316667;2,923966
27,318333;2,903938
27,32;2,883911
27,321667;2,863884
27,323333;2,843857
27,325;2,843857
27,326667;2,82383
27,328333;2,803803
27,33;2,783775
27,331667;2,763748
27,333333;2,743721
27,335;2,723694
27,336667;2,703667
27,338333;2,686501
27,34;2,666474
27,341667;2,646446
27,343333;2,62928
27,345;2,609253
27,346667;2,589226
27,348333;2,57206
27,35;2,552033
27,351667;2,534866
27,353333;2,514839
27,355;2,497673
27,356667;2,46048
27,358333;2,443314
27,36;2,426148
27,361667;2,408981
27,363333;2,408981
27,365;2,391815
27,366667;2,374649
27,368333;2,357483
27,37;2,340317
27,371667;2,323151
27,373333;2,305985
27,375;2,288818
27,376667;2,271652
27,378333;2,254486
27,38;2,23732
27,381667;2,220154
27,383333;2,202988
27,385;2,188683
27,386667;2,171517
27,388333;2,15435
27,39;2,140045
27,391667;2,122879
27,393333;2,108574
27,395;2,091408
27,396667;2,077103
27,398333;2,045632
27,4;2,028465
27,401667;2,01416
27,403333;1,999855
27,405;1,999855
27,406667;1,98555
27,408333;1,971245
27,41;1,954079
27,411667;1,939774
27,413333;1,925469
27,415;1,911163
27,416667;1,896858
27,418333;1,882553
27,42;1,868248
27,421667;1,853943
27,423333;1,839638
27,425;1,825333
27,426667;1,811028
27,428333;1,796723
27,43;1,782417
27,431667;1,770973
27,433333;1,756668
27,435;1,742363
27,436667;1,730919
27,438333;1,716614
27,44;1,702309
27,441667;1,690865
27,443333;1,67656
27,445;1,665115
27,446667;1,65081
27,448333;1,639366
27,45;1,625061
27,451667;1,613617
27,453333;1,602173
27,455;1,587868
27,456667;1,576424
27,458333;1,56498
27,46;1,550675
27,461667;1,53923
27,463333;1,527786
27,465;1,516342
27,466667;1,504898
27,468333;1,493454
27,47;1,479149
27,471667;1,467705
27,473333;1,456261
27,475;1,444817
27,476667;1,433373
27,478333;1,42479
27,48;1,413345
27,481667;1,401901
27,483333;1,390457
27,485;1,379013
27,486667;1,367569
27,488333;1,358986
27,49;1,347542
27,491667;1,336098
27,493333;1,327515
27,495;1,316071
27,496667;1,304627
27,498333;1,296043
27,5;1,284599
27,501667;1,276016
27,503333;1,264572
27,505;1,255989
27,506667;1,244545
27,508333;1,235962
27,51;1,224518
27,511667;1,215935
27,513333;1,207352
27,515;1,195908
27,516667;1,187325
27,518333;1,178742
27,52;1,167297
27,521667;1,158714
27,523333;1,150131
27,525;1,141548
27,526667;1,132965
27,528333;1,121521
27,53;1,112938
27,531667;1,095772
27,533333;1,087189
27,535;1,078606
27,536667;1,070023
27,538333;1,070023
27,54;1,06144
27,541667;1,052857
27,543333;1,044273
27,545;1,03569
27,546667;1,027107
27,548333;1,018524
27,55;1,012802
27,551667;1,004219
27,553333;0,995636
27,555;0,987053
27,556667;0,981331
27,558333;0,972748
27,56;0,964165
27,561667;0,955582
27,563333;0,94986
27,565;0,941277
27,566667;0,932694
27,568333;0,926971
27,57;0,918388
27,571667;0,909805
27,573333;0,904083
27,575;0,8955
27,576667;0,889778
27,578333;0,881195
27,58;0,875473
27,581667;0,86689
27,583333;0,852585
27,585;0,846863
27,586667;0,846863
27,588333;0,83828
27,59;0,832558
27,591667;0,826836
27,593333;0,812531
27,595;0,806809
27,596667;0,801086
27,598333;0,792503
27,6;0,786781
27,601667;0,781059
27,603333;0,781059
27,605;0,775337
27,606667;0,766754
27,608333;0,761032
27,61;0,75531
27,611667;0,749588
27,613333;0,743866
27,615;0,738144
27,616667;0,732422
27,618333;0,7267
27,62;0,720978
27,621667;0,715256
27,623333;0,709534
27,625;0,703812
27,626667;0,695229
27,628333;0,689507
27,63;0,686646
27,631667;0,680924
27,633333;0,675201
27,635;0,669479
27,636667;0,663757
27,638333;0,658035
27,64;0,652313
27,641667;0,646591
27,643333;0,64373
27,645;0,638008
27,646667;0,632286
27,648333;0,626564
27,65;0,620842
27,651667;0,61512
27,653333;0,612259
27,655;0,600815
27,656667;0,595093
27,658333;0,592232
27,66;0,592232
27,661667;0,58651
27,663333;0,580788
27,665;0,577927
27,666667;0,572205
27,668333;0,566483
27,67;0,563622
27,671667;0,5579
27,673333;0,552177
27,675;0,549316
27,676667;0,543594
27,678333;0,537872
27,68;0,535011
27,681667;0,529289
27,683333;0,526428
27,685;0,520706
27,686667;0,517845
27,688333;0,512123
27,69;0,506401
27,691667;0,50354
27,693333;0,497818
27,695;0,494957
27,696667;0,489235
27,698333;0,486374
27,7;0,483513
27,701667;0,477791
27,703333;0,47493
27,705;0,469208
27,706667;0,466347
27,708333;0,463486
27,71;0,457764
27,711667;0,454903
27,713333;0,452042
27,715;0,449181
27,716667;0,443459
27,718333;0,440598
27,72;0,437737
27,721667;0,432014
27,723333;0,429153
27,725;0,426292
27,726667;0,423431
27,728333;0,417709
27,73;0,414848
27,731667;0,411987
27,733333;0,409126
27,735;0,403404
27,736667;0,400543
27,738333;0,397682
27,74;0,394821
27,741667;0,39196
27,743333;0,389099
27,745;0,383377
27,746667;0,380516
27,748333;0,377655
27,75;0,374794
27,751667;0,371933
27,753333;0,369072
27,755;0,366211
27,756667;0,36335
27,758333;0,360489
27,76;0,357628
27,761667;0,354767
27,763333;0,351906
27,765;0,349045
27,766667;0,346184
27,768333;0,343323
27,77;0,340462
27,771667;0,337601
27,773333;0,33474
27,775;0,331879
27,776667;0,329018
27,778333;0,326157
27,78;0,323296
27,781667;0,320435
27,783333;0,317574
27,785;0,314713
27,786667;0,311852
27,788333;0,30899
27,79;0,306129
27,791667;0,303268
27,793333;0,300407
27,795;0,297546
27,796667;0,294685
27,798333;0,294685
27,8;0,291824
27,801667;0,288963
27,803333;0,286102
27,805;0,283241
27,806667;0,28038
27,808333;0,277519
27,81;0,277519
27,811667;0,274658
27,813333;0,271797
27,815;0,268936
27,816667;0,266075
27,818333;0,266075
27,82;0,263214
27,821667;0,260353
27,823333;0,257492
27,825;0,254631
27,826667;0,254631
27,828333;0,25177
27,83;0,248909
27,831667;0,246048
27,833333;0,246048
27,835;0,243187
27,836667;0,240326
27,838333;0,237465
27,84;0,237465
27,841667;0,234604
27,843333;0,231743
27,845;0,231743
27,846667;0,228882
27,848333;0,226021
27,85;0,22316
27,851667;0,22316
27,853333;0,220299
27,855;0,217438
27,856667;0,217438
27,858333;0,214577
27,86;0,211716
27,861667;0,208855
27,863333;0,205994
27,865;0,205994
27,866667;0,203133
27,868333;0,200272
27,87;0,200272
27,871667;0,197411
27,873333;0,197411
27,875;0,19455
27,876667;0,19455
27,878333;0,191689
27,88;0,191689
27,881667;0,188828
27,883333;0,188828
27,885;0,185967
27,886667;0,183105
27,888333;0,183105
27,89;0,180244
27,891667;0,180244
27,893333;0,177383
27,895;0,177383
27,896667;0,174522
27,898333;0,174522
27,9;0,171661
27,901667;0,171661
27,903333;0,1688
27,905;0,1688
27,906667;0,165939
27,908333;0,165939
27,91;0,163078
27,911667;0,163078
27,913333;0,160217
27,915;0,160217
27,916667;0,157356
27,918333;0,157356
27,92;0,154495
27,921667;0,154495
27,923333;0,151634
27,925;0,151634
27,926667;0,151634
27,928333;0,148773
27,93;0,148773
27,931667;0,145912
27,933333;0,145912
27,935;0,143051
27,936667;0,143051
27,938333;0,14019
27,94;0,14019
27,941667;0,137329
27,943333;0,137329
27,945;0,134468
27,946667;0,134468
27,948333;0,131607
27,95;0,131607
27,951667;0,131607
27,953333;0,128746
27,955;0,128746
27,956667;0,125885
27,958333;0,125885
27,96;0,125885
27,961667;0,123024
27,963333;0,123024
27,965;0,123024
27,966667;0,120163
27,968333;0,120163
27,97;0,117302
27,971667;0,117302
27,973333;0,117302
27,975;0,114441
27,976667;0,114441
27,978333;0,114441
27,98;0,11158
27,981667;0,11158
27,983333;0,11158
27,985;0,108719
27,986667;0,108719
27,988333;0,108719
27,99;0,105858
27,991667;0,105858
27,993333;0,105858
27,995;0,102997
27,996667;0,102997
27,998333;0,100136
28;0,100136
28,001667;0,100136
28,003333;0,097275
28,005;0,097275
28,006667;0,097275
28,008333;0,097275
28,01;0,094414
28,011667;0,094414
28,013333;0,091553
28,015;0,091553
28,016667;0,091553
28,018333;0,091553
28,02;0,088692
28,021667;0,088692
28,023333;0,085831
28,025;0,085831
28,026667;0,085831
28,028333;0,085831
28,03;0,08297
28,031667;0,08297
28,033333;0,080109
28,035;0,080109
28,036667;0,080109
28,038333;0,080109
28,04;0,080109
28,041667;0,077248
28,043333;0,077248
28,045;0,077248
28,046667;0,077248
28,048333;0,074387
28,05;0,074387
28,051667;0,074387
28,053333;0,074387
28,055;0,071526
28,056667;0,071526
28,058333;0,071526
28,06;0,068665
28,061667;0,068665
28,063333;0,068665
28,065;0,068665
28,066667;0,065804
28,068333;0,065804
28,07;0,065804
28,071667;0,065804
28,073333;0,062943
28,075;0,062943
28,076667;0,062943
28,078333;0,062943
28,08;0,062943
28,081667;0,060081
28,083333;0,060081
28,085;0,060081
28,086667;0,060081
28,088333;0,060081
28,09;0,05722
28,091667;0,05722
28,093333;0,05722
28,095;0,05722
28,096667;0,054359
28,098333;0,054359
28,1;0,054359
28,101667;0,054359
28,103333;0,054359
28,105;0,051498
28,106667;0,051498
28,108333;0,051498
28,11;0,051498
28,111667;0,051498
28,113333;0,048637
28,115;0,048637
28,116667;0,048637
28,118333;0,048637
28,12;0,048637
28,121667;0,048637
28,123333;0,045776
28,125;0,045776
28,126667;0,045776
28,128333;0,045776
28,13;0,045776
28,131667;0,042915
28,133333;0,042915
28,135;0,042915
28,136667;0,042915
28,138333;0,042915
28,14;0,042915
28,141667;0,042915
28,143333;0,040054
28,145;0,040054
28,146667;0,040054
28,148333;0,040054
28,15;0,037193
28,151667;0,037193
28,153333;0,037193
28,155;0,037193
28,156667;0,037193
28,158333;0,037193
28,16;0,034332
28,161667;0,034332
28,163333;0,034332
28,165;0,034332
28,166667;0,034332
28,168333;0,034332
28,17;0,034332
28,171667;0,031471
28,173333;0,031471
28,175;0,031471
28,176667;0,031471
28,178333;0,031471
28,18;0,031471
28,181667;0,02861
28,183333;0,02861
28,185;0,02861
28,186667;0,02861
28,188333;0,02861
28,19;0,02861
28,191667;0,02861
28,193333;0,02861
28,195;0,02861
28,196667;0,025749
28,198333;0,025749
28,2;0,025749
28,201667;0,025749
28,203333;0,025749
28,205;0,025749
28,206667;0,025749
28,208333;0,025749
28,21;0,022888
28,211667;0,022888
28,213333;0,022888
28,215;0,022888
28,216667;0,022888
28,218333;0,022888
28,22;0,022888
28,221667;0,020027
28,223333;0,020027
28,225;0,020027
28,226667;0,020027
28,228333;0,020027
28,23;0,020027
28,231667;0,020027
28,233333;0,020027
28,235;0,017166
28,236667;0,017166
28,238333;0,017166
28,24;0,017166
28,241667;0,017166
28,243333;0,017166
28,245;0,017166
28,246667;0,017166
28,248333;0,017166
28,25;0,017166
28,251667;0,017166
28,253333;0,017166
28,255;0,014305
28,256667;0,014305
28,258333;0,014305
28,26;0,014305
28,261667;0,014305
28,263333;0,014305
28,265;0,014305
28,266667;0,014305
28,268333;0,014305
28,27;0,014305
28,271667;0,014305
28,273333;0,011444
28,275;0,011444
28,276667;0,011444
28,278333;0,011444
28,28;0,011444
28,281667;0,011444
28,283333;0,011444
28,285;0,011444
28,286667;0,011444
28,288333;0,011444
28,29;0,008583
28,291667;0,008583
28,293333;0,008583
28,295;0,008583
28,296667;0,008583
28,298333;0,008583
28,3;0,008583
28,301667;0,008583
28,303333;0,008583
28,305;0,008583
28,306667;0,008583
28,308333;0,008583
28,31;0,005722
28,311667;0,005722
28,313333;0,005722
28,315;0,005722
28,316667;0,005722
28,318333;0,005722
28,32;0,005722
28,321667;0,005722
28,323333;0,005722
28,325;0,005722
28,326667;0,005722
28,328333;0,005722
28,33;0,002861
28,331667;0,002861
28,333333;0,002861
28,335;0,002861
28,336667;0,002861
28,338333;0,002861
28,34;0,002861
28,341667;0,002861
28,343333;0,002861
28,345;0,002861
28,346667;0
28,348333;0
28,35;0
28,351667;0
28,353333;0
28,355;0
28,356667;0
28,358333;0
28,36;0
28,361667;0
28,363333;0
28,365;0
28,366667;0
28,368333;-0,002861
28,37;-0,002861
28,371667;-0,002861
28,373333;-0,002861
28,375;-0,002861
28,376667;-0,002861
28,378333;-0,002861
28,38;-0,002861
28,381667;-0,002861
28,383333;-0,002861
28,385;-0,002861
28,386667;-0,002861
28,388333;-0,002861
28,39;-0,002861
28,391667;-0,002861
28,393333;-0,002861
28,395;-0,002861
28,396667;-0,002861
28,398333;-0,002861
28,4;-0,002861
28,401667;-0,002861
28,403333;-0,002861
28,405;-0,002861
28,406667;-0,005722
28,408333;-0,005722
28,41;-0,005722
28,411667;-0,005722
28,413333;-0,005722
28,415;-0,005722
28,416667;-0,005722
28,418333;-0,005722
28,42;-0,005722
28,421667;-0,005722
28,423333;-0,005722
28,425;-0,005722
28,426667;-0,005722
28,428333;-0,005722
28,43;-0,005722
28,431667;-0,005722
28,433333;-0,005722
28,435;-0,005722
28,436667;-0,005722
28,438333;-0,005722
28,44;-0,005722
28,441667;-0,005722
28,443333;-0,005722
28,445;-0,008583
28,446667;-0,008583
28,448333;-0,008583
28,45;-0,008583
28,451667;-0,008583
28,453333;-0,008583
28,455;-0,008583
28,456667;-0,008583
28,458333;-0,008583
28,46;-0,008583
28,461667;-0,008583
28,463333;-0,008583
28,465;-0,008583
28,466667;-0,008583
28,468333;-0,008583
28,47;-0,008583
28,471667;-0,011444
28,473333;-0,011444
28,475;-0,011444
28,476667;-0,011444
28,478333;-0,011444
28,48;-0,011444
28,481667;-0,011444
28,483333;-0,011444
28,485;-0,011444
28,486667;-0,011444
28,488333;-0,011444
28,49;-0,011444
28,491667;-0,011444
28,493333;-0,011444
28,495;-0,011444
28,496667;-0,011444
28,498333;-0,011444
28,5;-0,011444
28,501667;-0,011444
28,503333;-0,011444
28,505;-0,011444
28,506667;-0,014305
28,508333;-0,014305
28,51;-0,014305
28,511667;-0,014305
28,513333;-0,014305
28,515;-0,014305
28,516667;-0,014305
28,518333;-0,014305
28,52;-0,014305
28,521667;-0,014305
28,523333;-0,014305
28,525;-0,014305
28,526667;-0,014305
28,528333;-0,014305
28,53;-0,014305
28,531667;-0,014305
28,533333;-0,014305
28,535;-0,014305
28,536667;-0,014305
28,538333;-0,014305
28,54;-0,014305
28,541667;-0,014305
28,543333;-0,014305
28,545;-0,014305
28,546667;-0,014305
28,548333;-0,014305
28,55;-0,014305
28,551667;-0,014305
28,553333;-0,014305
28,555;-0,014305
28,556667;-0,014305
28,558333;-0,014305
28,56;-0,014305
28,561667;-0,014305
28,563333;-0,014305
28,565;-0,014305
28,566667;-0,014305
28,568333;-0,017166
28,57;-0,017166
28,571667;-0,017166
28,573333;-0,017166
28,575;-0,017166
28,576667;-0,017166
28,578333;-0,017166
28,58;-0,017166
28,581667;-0,017166
28,583333;-0,017166
28,585;-0,017166
28,586667;-0,017166
28,588333;-0,017166
28,59;-0,017166
28,591667;-0,017166
28,593333;-0,017166
28,595;-0,017166
28,596667;-0,017166
28,598333;-0,017166
28,6;-0,017166
28,601667;-0,017166
28,603333;-0,017166
28,605;-0,017166
28,606667;-0,017166
28,608333;-0,017166
28,61;-0,017166
28,611667;-0,017166
28,613333;-0,017166
28,615;-0,017166
28,616667;-0,017166
28,618333;-0,017166
28,62;-0,017166
28,621667;-0,017166
28,623333;-0,017166
28,625;-0,017166
28,626667;-0,020027
28,628333;-0,020027
28,63;-0,020027
28,631667;-0,020027
28,633333;-0,020027
28,635;-0,020027
28,636667;-0,020027
28,638333;-0,020027
28,64;-0,020027
28,641667;-0,020027
28,643333;-0,020027
28,645;-0,020027
28,646667;-0,020027
28,648333;-0,020027
28,65;-0,020027
28,651667;-0,020027
28,653333;-0,020027
28,655;-0,020027
28,656667;-0,020027
28,658333;-0,020027
28,66;-0,020027
28,661667;-0,020027
28,663333;-0,020027
28,665;-0,020027
28,666667;-0,020027
28,668333;-0,020027
28,67;-0,020027
28,671667;-0,020027
28,673333;-0,020027
28,675;-0,020027
28,676667;-0,020027
28,678333;-0,020027
28,68;-0,020027
28,681667;-0,020027
28,683333;-0,020027
28,685;-0,020027
28,686667;-0,020027
28,688333;-0,020027
28,69;-0,020027
28,691667;-0,020027
28,693333;-0,020027
28,695;-0,020027
28,696667;-0,020027
28,698333;-0,020027
28,7;-0,020027
28,701667;-0,020027
28,703333;-0,020027
28,705;-0,020027
28,706667;-0,020027
28,708333;-0,020027
28,71;-0,020027
28,711667;-0,020027
28,713333;-0,020027
28,715;-0,020027
28,716667;-0,020027
28,718333;-0,020027
28,72;-0,020027
28,721667;-0,020027
28,723333;-0,020027
28,725;-0,020027
28,726667;-0,022888
28,728333;-0,022888
28,73;-0,022888
28,731667;-0,022888
28,733333;-0,022888
28,735;-0,022888
28,736667;-0,022888
28,738333;-0,022888
28,74;-0,022888
28,741667;-0,022888
28,743333;-0,022888
28,745;-0,022888
28,746667;-0,022888
28,748333;-0,022888
28,75;-0,022888
28,751667;-0,022888
28,753333;-0,022888
28,755;-0,022888
28,756667;-0,022888
28,758333;-0,022888
28,76;-0,022888
28,761667;-0,022888
28,763333;-0,022888
28,765;-0,022888
28,766667;-0,022888
28,768333;-0,022888
28,77;-0,022888
28,771667;-0,022888
28,773333;-0,022888
28,775;-0,022888
28,776667;-0,022888
28,778333;-0,022888
28,78;-0,022888
28,781667;-0,022888
28,783333;-0,022888
28,785;-0,022888
28,786667;-0,022888
28,788333;-0,022888
28,79;-0,022888
28,791667;-0,022888
28,793333;-0,022888
28,795;-0,022888
28,796667;-0,022888
28,798333;-0,022888
28,8;-0,022888
28,801667;-0,022888
28,803333;-0,022888
28,805;-0,022888
28,806667;-0,022888
28,808333;-0,022888
28,81;-0,022888
28,811667;-0,022888
28,813333;-0,022888
28,815;-0,022888
28,816667;-0,022888
28,818333;-0,022888
28,82;-0,022888
28,821667;-0,022888
28,823333;-0,022888
28,825;-0,022888
28,826667;-0,022888
28,828333;-0,022888
28,83;-0,022888
28,831667;-0,022888
28,833333;-0,022888
28,835;-0,022888
28,836667;-0,022888
28,838333;-0,022888
28,84;-0,022888
28,841667;-0,022888
28,843333;-0,022888
28,845;-0,022888
28,846667;-0,022888
28,848333;-0,022888
28,85;-0,022888
28,851667;-0,022888
28,853333;-0,022888
28,855;-0,022888
28,856667;-0,022888
28,858333;-0,022888
28,86;-0,022888
28,861667;-0,022888
28,863333;-0,022888
28,865;-0,022888
28,866667;-0,022888
28,868333;-0,022888
28,87;-0,022888
28,871667;-0,022888
28,873333;-0,022888
28,875;-0,022888
28,876667;-0,022888
28,878333;-0,022888
28,88;-0,022888
28,881667;-0,022888
28,883333;-0,022888
28,885;-0,022888
28,886667;-0,022888
28,888333;-0,022888
28,89;-0,022888
28,891667;-0,022888
28,893333;-0,022888
28,895;-0,022888
28,896667;-0,022888
28,898333;-0,022888
28,9;-0,022888
28,901667;-0,022888
28,903333;-0,022888
28,905;-0,022888
28,906667;-0,022888
28,908333;-0,022888
28,91;-0,022888
28,911667;-0,025749
28,913333;-0,025749
28,915;-0,025749
28,916667;-0,025749
28,918333;-0,025749
28,92;-0,025749
28,921667;-0,025749
28,923333;-0,025749
28,925;-0,025749
28,926667;-0,025749
28,928333;-0,025749
28,93;-0,025749
28,931667;-0,025749
28,933333;-0,025749
28,935;-0,025749
28,936667;-0,025749
28,938333;-0,025749
28,94;-0,025749
28,941667;-0,025749
28,943333;-0,022888
28,945;-0,022888
28,946667;-0,022888
28,948333;-0,022888
28,95;-0,022888
28,951667;-0,022888
28,953333;-0,022888
28,955;-0,022888
28,956667;-0,022888
28,958333;-0,022888
28,96;-0,022888
28,961667;-0,022888
28,963333;-0,022888
28,965;-0,022888
28,966667;-0,022888
28,968333;-0,022888
28,97;-0,025749
28,971667;-0,025749
28,973333;-0,025749
28,975;-0,025749
28,976667;-0,025749
28,978333;-0,025749
28,98;-0,025749
28,981667;-0,025749
28,983333;-0,025749
28,985;-0,025749
28,986667;-0,025749
28,988333;-0,025749
28,99;-0,025749
28,991667;-0,025749
28,993333;-0,025749
28,995;-0,025749
28,996667;-0,025749
28,998333;-0,025749
29;-0,025749
29,001667;-0,025749
29,003333;-0,025749
29,005;-0,025749
29,006667;-0,025749
29,008333;-0,025749
29,01;-0,025749
29,011667;-0,025749
29,013333;-0,025749
29,015;-0,025749
29,016667;-0,025749
29,018333;-0,025749
29,02;-0,025749
29,021667;-0,025749
29,023333;-0,025749
29,025;-0,025749
29,026667;-0,025749
29,028333;-0,025749
29,03;-0,025749
29,031667;-0,025749
29,033333;-0,025749
29,035;-0,025749
29,036667;-0,025749
29,038333;-0,025749
29,04;-0,025749
29,041667;-0,025749
29,043333;-0,025749
29,045;-0,025749
29,046667;-0,025749
29,048333;-0,025749
29,05;-0,025749
29,051667;-0,025749
29,053333;-0,025749
29,055;-0,025749
29,056667;-0,025749
29,058333;-0,025749
29,06;-0,025749
29,061667;-0,025749
29,063333;-0,025749
29,065;-0,025749
29,066667;-0,025749
29,068333;-0,025749
29,07;-0,025749
29,071667;-0,025749
29,073333;-0,025749
29,075;-0,025749
29,076667;-0,025749
29,078333;-0,025749
29,08;-0,025749
29,081667;-0,025749
29,083333;-0,025749
29,085;-0,025749
29,086667;-0,025749
29,088333;-0,025749
29,09;-0,025749
29,091667;-0,025749
29,093333;-0,025749
29,095;-0,025749
29,096667;-0,025749
29,098333;-0,025749
29,1;-0,025749
29,101667;-0,025749
29,103333;-0,025749
29,105;-0,025749
29,106667;-0,025749
29,108333;-0,025749
29,11;-0,025749
29,111667;-0,025749
29,113333;-0,025749
29,115;-0,025749
29,116667;-0,025749
29,118333;-0,025749
29,12;-0,025749
29,121667;-0,025749
29,123333;-0,025749
29,125;-0,025749
29,126667;-0,025749
29,128333;-0,025749
29,13;-0,025749
29,131667;-0,025749
29,133333;-0,025749
29,135;-0,025749
29,136667;-0,025749
29,138333;-0,025749
29,14;-0,025749
29,141667;-0,025749
29,143333;-0,025749
29,145;-0,025749
29,146667;-0,025749
29,148333;-0,025749
29,15;-0,025749
29,151667;-0,025749
29,153333;-0,02861
29,155;-0,02861
29,156667;-0,02861
29,158333;-0,02861
29,16;-0,02861
29,161667;-0,02861
29,163333;-0,02861
29,165;-0,02861
29,166667;-0,02861
29,168333;-0,025749
29,17;-0,025749
29,171667;-0,025749
29,173333;-0,025749
29,175;-0,025749
29,176667;-0,025749
29,178333;-0,025749
29,18;-0,025749
29,181667;-0,025749
29,183333;-0,025749
29,185;-0,025749
29,186667;-0,025749
29,188333;-0,025749
29,19;-0,025749
29,191667;-0,025749
29,193333;-0,025749
29,195;-0,025749
29,196667;-0,025749
29,198333;-0,025749
29,2;-0,02861
29,201667;-0,02861
29,203333;-0,02861
29,205;-0,02861
29,206667;-0,02861
29,208333;-0,02861
29,21;-0,02861
29,211667;-0,02861
29,213333;-0,02861
29,215;-0,02861
29,216667;-0,02861
29,218333;-0,02861
29,22;-0,02861
29,221667;-0,02861
29,223333;-0,02861
29,225;-0,02861
29,226667;-0,02861
29,228333;-0,02861
29,23;-0,02861
29,231667;-0,02861
29,233333;-0,02861
29,235;-0,02861
29,236667;-0,02861
29,238333;-0,02861
29,24;-0,02861
29,241667;-0,02861
29,243333;-0,02861
29,245;-0,02861
29,246667;-0,02861
29,248333;-0,02861
29,25;-0,02861
29,251667;-0,02861
29,253333;-0,02861
29,255;-0,02861
29,256667;-0,02861
29,258333;-0,02861
29,26;-0,02861
29,261667;-0,02861
29,263333;-0,02861
29,265;-0,02861
29,266667;-0,02861
29,268333;-0,02861
29,27;-0,02861
29,271667;-0,02861
29,273333;-0,02861
29,275;-0,02861
29,276667;-0,02861
29,278333;-0,02861
29,28;-0,02861
29,281667;-0,02861
29,283333;-0,02861
29,285;-0,02861
29,286667;-0,02861
29,288333;-0,02861
29,29;-0,02861
29,291667;-0,02861
29,293333;-0,02861
29,295;-0,02861
29,296667;-0,02861
29,298333;-0,02861
29,3;-0,02861
29,301667;-0,02861
29,303333;-0,02861
29,305;-0,02861
29,306667;-0,02861
29,308333;-0,02861
29,31;-0,02861
29,311667;-0,02861
29,313333;-0,02861
29,315;-0,02861
29,316667;-0,02861
29,318333;-0,02861
29,32;-0,02861
29,321667;-0,02861
29,323333;-0,02861
29,325;-0,02861
29,326667;-0,02861
29,328333;-0,02861
29,33;-0,02861
29,331667;-0,02861
29,333333;-0,02861
29,335;-0,02861
29,336667;-0,02861
29,338333;-0,02861
29,34;-0,02861
29,341667;-0,02861
29,343333;-0,02861
29,345;-0,02861
29,346667;-0,02861
29,348333;-0,02861
29,35;-0,031471
29,351667;-0,031471
29,353333;-0,031471
29,355;-0,031471
29,356667;-0,031471
29,358333;-0,031471
29,36;-0,031471
29,361667;-0,031471
29,363333;-0,031471
29,365;-0,031471
29,366667;-0,031471
29,368333;-0,031471
29,37;-0,031471
29,371667;-0,031471
29,373333;-0,031471
29,375;-0,031471
29,376667;-0,031471
29,378333;-0,031471
29,38;-0,031471
29,381667;-0,031471
29,383333;-0,031471
29,385;-0,031471
29,386667;-0,031471
29,388333;-0,031471
29,39;-0,031471
29,391667;-0,031471
29,393333;-0,031471
29,395;-0,031471
29,396667;-0,031471
29,398333;-0,031471
29,4;-0,031471
29,401667;-0,031471
29,403333;-0,031471
29,405;-0,031471
29,406667;-0,031471
29,408333;-0,031471
29,41;-0,031471
29,411667;-0,031471
29,413333;-0,031471
29,415;-0,031471
29,416667;-0,031471
29,418333;-0,031471
29,42;-0,031471
29,421667;-0,031471
29,423333;-0,031471
29,425;-0,031471
29,426667;-0,031471
29,428333;-0,031471
29,43;-0,031471
29,431667;-0,031471
29,433333;-0,031471
29,435;-0,034332
29,436667;-0,034332
29,438333;-0,034332
29,44;-0,034332
29,441667;-0,034332
29,443333;-0,034332
29,445;-0,034332
29,446667;-0,034332
29,448333;-0,034332
29,45;-0,034332
29,451667;-0,034332
29,453333;-0,034332
29,455;-0,034332
29,456667;-0,034332
29,458333;-0,034332
29,46;-0,034332
29,461667;-0,034332
29,463333;-0,034332
29,465;-0,034332
29,466667;-0,034332
29,468333;-0,034332
29,47;-0,034332
29,471667;-0,034332
29,473333;-0,034332
29,475;-0,034332
29,476667;-0,034332
29,478333;-0,034332
29,48;-0,034332
29,481667;-0,034332
29,483333;-0,034332
29,485;-0,034332
29,486667;-0,034332
29,488333;-0,034332
29,49;-0,034332
29,491667;-0,034332
29,493333;-0,034332
29,495;-0,034332
29,496667;-0,034332
29,498333;-0,034332
29,5;-0,034332
29,501667;-0,034332
29,503333;-0,034332
29,505;-0,034332
29,506667;-0,034332
29,508333;-0,034332
29,51;-0,034332
29,511667;-0,034332
29,513333;-0,034332
29,515;-0,034332
29,516667;-0,034332
29,518333;-0,034332
29,52;-0,034332
29,521667;-0,034332
29,523333;-0,034332
29,525;-0,034332
29,526667;-0,034332
29,528333;-0,034332
29,53;-0,034332
29,531667;-0,034332
29,533333;-0,034332
29,535;-0,031471
29,536667;-0,031471
29,538333;-0,031471
29,54;-0,031471
29,541667;-0,031471
29,543333;-0,031471
29,545;-0,031471
29,546667;-0,031471
29,548333;-0,031471
29,55;-0,031471
29,551667;-0,031471
29,553333;-0,031471
29,555;-0,031471
29,556667;-0,031471
29,558333;-0,031471
29,56;-0,031471
29,561667;-0,031471
29,563333;-0,031471
29,565;-0,031471
29,566667;-0,031471
29,568333;-0,031471
29,57;-0,031471
29,571667;-0,031471
29,573333;-0,031471
29,575;-0,031471
29,576667;-0,031471
29,578333;-0,031471
29,58;-0,031471
29,581667;-0,031471
29,583333;-0,031471
29,585;-0,031471
29,586667;-0,031471
29,588333;-0,031471
29,59;-0,031471
29,591667;-0,031471
29,593333;-0,031471
29,595;-0,031471
29,596667;-0,031471
29,598333;-0,031471
29,6;-0,031471
29,601667;-0,031471
29,603333;-0,031471
29,605;-0,034332
29,606667;-0,034332
29,608333;-0,034332
29,61;-0,034332
29,611667;-0,034332
29,613333;-0,034332
29,615;-0,034332
29,616667;-0,031471
29,618333;-0,031471
29,62;-0,031471
29,621667;-0,031471
29,623333;-0,031471
29,625;-0,031471
29,626667;-0,031471
29,628333;-0,031471
29,63;-0,031471
29,631667;-0,031471
29,633333;-0,031471
29,635;-0,031471
29,636667;-0,031471
29,638333;-0,031471
29,64;-0,031471
29,641667;-0,034332
29,643333;-0,034332
29,645;-0,034332
29,646667;-0,034332
29,648333;-0,034332
29,65;-0,034332
29,651667;-0,034332
29,653333;-0,034332
29,655;-0,034332
29,656667;-0,034332
29,658333;-0,034332
29,66;-0,034332
29,661667;-0,034332
29,663333;-0,034332
29,665;-0,034332
29,666667;-0,034332
29,668333;-0,034332
29,67;-0,034332
29,671667;-0,034332
29,673333;-0,034332
29,675;-0,034332
29,676667;-0,034332
29,678333;-0,034332
29,68;-0,034332
29,681667;-0,034332
29,683333;-0,034332
29,685;-0,034332
29,686667;-0,034332
29,688333;-0,034332
29,69;-0,034332
29,691667;-0,034332
29,693333;-0,034332
29,695;-0,034332
29,696667;-0,034332
29,698333;-0,034332
29,7;-0,034332
29,701667;-0,034332
29,703333;-0,034332
29,705;-0,034332
29,706667;-0,034332
29,708333;-0,034332
29,71;-0,034332
29,711667;-0,034332
29,713333;-0,034332
29,715;-0,034332
29,716667;-0,034332
29,718333;-0,034332
29,72;-0,034332
29,721667;-0,034332
29,723333;-0,034332
29,725;-0,034332
29,726667;-0,034332
29,728333;-0,034332
29,73;-0,034332
29,731667;-0,034332
29,733333;-0,034332
29,735;-0,034332
29,736667;-0,034332
29,738333;-0,034332
29,74;-0,034332
29,741667;-0,034332
29,743333;-0,034332
29,745;-0,034332
29,746667;-0,034332
29,748333;-0,034332
29,75;-0,034332
29,751667;-0,034332
29,753333;-0,034332
29,755;-0,034332
29,756667;-0,034332
29,758333;-0,034332
29,76;-0,034332
29,761667;-0,034332
29,763333;-0,034332
29,765;-0,034332
29,766667;-0,034332
29,768333;-0,034332
29,77;-0,034332
29,771667;-0,034332
29,773333;-0,034332
29,775;-0,034332
29,776667;-0,034332
29,778333;-0,034332
29,78;-0,034332
29,781667;-0,034332
29,783333;-0,034332
29,785;-0,034332
29,786667;-0,034332
29,788333;-0,034332
29,79;-0,034332
29,791667;-0,034332
29,793333;-0,034332
29,795;-0,034332
29,796667;-0,037193
29,798333;-0,037193
29,8;-0,034332
29,801667;-0,034332
29,803333;-0,034332
29,805;-0,034332
29,806667;-0,034332
29,808333;-0,034332
29,81;-0,034332
29,811667;-0,034332
29,813333;-0,034332
29,815;-0,034332
29,816667;-0,034332
29,818333;-0,034332
29,82;-0,034332
29,821667;-0,034332
29,823333;-0,034332
29,825;-0,034332
29,826667;-0,034332
29,828333;-0,034332
29,83;-0,034332
29,831667;-0,034332
29,833333;-0,034332
29,835;-0,034332
29,836667;-0,034332
29,838333;-0,034332
29,84;-0,034332
29,841667;-0,034332
29,843333;-0,034332
29,845;-0,034332
29,846667;-0,034332
29,848333;-0,034332
29,85;-0,034332
29,851667;-0,034332
29,853333;-0,037193
29,855;-0,037193
29,856667;-0,037193
29,858333;-0,037193
29,86;-0,037193
29,861667;-0,037193
29,863333;-0,037193
29,865;-0,037193
29,866667;-0,037193
29,868333;-0,037193
29,87;-0,037193
29,871667;-0,037193
29,873333;-0,037193
29,875;-0,037193
29,876667;-0,037193
29,878333;-0,037193
29,88;-0,037193
29,881667;-0,037193
29,883333;-0,037193
29,885;-0,037193
29,886667;-0,037193
29,888333;-0,037193
29,89;-0,037193
29,891667;-0,037193
29,893333;-0,037193
29,895;-0,037193
29,896667;-0,037193
29,898333;-0,037193
29,9;-0,037193
29,901667;-0,037193
29,903333;-0,037193
29,905;-0,037193
29,906667;-0,037193
29,908333;-0,037193
29,91;-0,037193
29,911667;-0,037193
29,913333;-0,037193
29,915;-0,037193
29,916667;-0,037193
29,918333;-0,037193
29,92;-0,037193
29,921667;-0,037193
29,923333;-0,037193
29,925;-0,037193
29,926667;-0,037193
29,928333;-0,037193
29,93;-0,037193
29,931667;-0,037193
29,933333;-0,037193
29,935;-0,037193
29,936667;-0,037193
29,938333;-0,037193
29,94;-0,037193
29,941667;-0,037193
29,943333;-0,037193
29,945;-0,037193
29,946667;-0,037193
29,948333;-0,037193
29,95;-0,037193
29,951667;-0,037193
29,953333;-0,037193
29,955;-0,037193
29,956667;-0,037193
29,958333;-0,037193
29,96;-0,037193
29,961667;-0,037193
29,963333;-0,037193
29,965;-0,037193
29,966667;-0,037193
29,968333;-0,037193
29,97;-0,037193
29,971667;-0,037193
29,973333;-0,037193
29,975;-0,037193
29,976667;-0,037193
29,978333;-0,037193
29,98;-0,037193
29,981667;-0,037193
29,983333;-0,037193
29,985;-0,037193
29,986667;-0,037193
29,988333;-0,037193
29,99;-0,037193
29,991667;-0,037193
29,993333;-0,037193
29,995;-0,037193
29,996667;-0,037193
29,998333;-0,037193
30;-0,037193
30,001667;-0,037193
30,003333;-0,037193
30,005;-0,037193
30,006667;-0,037193
30,008333;-0,037193
30,01;-0,037193
30,011667;-0,037193
30,013333;-0,037193
30,015;-0,037193
30,016667;-0,037193
30,018333;-0,037193
30,02;-0,037193
30,021667;-0,037193
30,023333;-0,037193
30,025;-0,037193
30,026667;-0,037193
30,028333;-0,037193
30,03;-0,037193
30,031667;-0,037193
30,033333;-0,037193
30,035;-0,037193
30,036667;-0,037193
30,038333;-0,037193
30,04;-0,037193
30,041667;-0,037193
30,043333;-0,037193
30,045;-0,037193
30,046667;-0,037193
30,048333;-0,037193
30,05;-0,037193
30,051667;-0,037193
30,053333;-0,037193
30,055;-0,037193
30,056667;-0,037193
30,058333;-0,037193
30,06;-0,037193
30,061667;-0,037193
30,063333;-0,037193
30,065;-0,037193
30,066667;-0,037193
30,068333;-0,037193
30,07;-0,037193
30,071667;-0,037193
30,073333;-0,037193
30,075;-0,037193
30,076667;-0,037193
30,078333;-0,037193
30,08;-0,037193
30,081667;-0,037193
30,083333;-0,037193
30,085;-0,037193
30,086667;-0,037193
30,088333;-0,037193
30,09;-0,037193
30,091667;-0,037193
30,093333;-0,037193
30,095;-0,037193
30,096667;-0,037193
30,098333;-0,037193
30,1;-0,037193
30,101667;-0,037193
30,103333;-0,037193
30,105;-0,037193
30,106667;-0,037193
30,108333;-0,037193
30,11;-0,037193
30,111667;-0,037193
30,113333;-0,037193
30,115;-0,037193
30,116667;-0,037193
30,118333;-0,037193
30,12;-0,037193
30,121667;-0,037193
30,123333;-0,037193
30,125;-0,037193
30,126667;-0,037193
30,128333;-0,037193
30,13;-0,037193
30,131667;-0,037193
30,133333;-0,037193
30,135;-0,037193
30,136667;-0,037193
30,138333;-0,037193
30,14;-0,037193
30,141667;-0,037193
30,143333;-0,034332
30,145;-0,034332
30,146667;-0,034332
30,148333;-0,034332
30,15;-0,034332
30,151667;-0,034332
30,153333;-0,034332
30,155;-0,037193
30,156667;-0,037193
30,158333;-0,037193
30,16;-0,037193
30,161667;-0,037193
30,163333;-0,037193
30,165;-0,037193
30,166667;-0,037193
30,168333;-0,037193
30,17;-0,037193
30,171667;-0,037193
30,173333;-0,037193
30,175;-0,037193
30,176667;-0,037193
30,178333;-0,037193
30,18;-0,037193
30,181667;-0,037193
30,183333;-0,037193
30,185;-0,037193
30,186667;-0,037193
30,188333;-0,037193
30,19;-0,037193
30,191667;-0,037193
30,193333;-0,037193
30,195;-0,037193
30,196667;-0,037193
30,198333;-0,037193
30,2;-0,037193
30,201667;-0,037193
30,203333;-0,037193
30,205;-0,037193
30,206667;-0,037193
30,208333;-0,037193
30,21;-0,037193
30,211667;-0,037193
30,213333;-0,037193
30,215;-0,037193
30,216667;-0,037193
30,218333;-0,037193
30,22;-0,037193
30,221667;-0,037193
30,223333;-0,037193
30,225;-0,037193
30,226667;-0,037193
30,228333;-0,037193
30,23;-0,037193
30,231667;-0,037193
30,233333;-0,037193
30,235;-0,037193
30,236667;-0,037193
30,238333;-0,037193
30,24;-0,037193
30,241667;-0,037193
30,243333;-0,037193
30,245;-0,037193
30,246667;-0,037193
30,248333;-0,037193
30,25;-0,037193
30,251667;-0,037193
30,253333;-0,037193
30,255;-0,037193
30,256667;-0,037193
30,258333;-0,037193
30,26;-0,037193
30,261667;-0,037193
30,263333;-0,037193
30,265;-0,037193
30,266667;-0,034332
30,268333;-0,034332
30,27;-0,034332
30,271667;-0,034332
30,273333;-0,034332
30,275;-0,034332
30,276667;-0,034332
30,278333;-0,034332
30,28;-0,034332
30,281667;-0,034332
30,283333;-0,034332
30,285;-0,034332
30,286667;-0,034332
30,288333;-0,034332
30,29;-0,034332
30,291667;-0,034332
30,293333;-0,034332
30,295;-0,034332
30,296667;-0,034332
30,298333;-0,034332
30,3;-0,034332
30,301667;-0,034332
30,303333;-0,034332
30,305;-0,034332
30,306667;-0,034332
30,308333;-0,034332
30,31;-0,034332
30,311667;-0,034332
30,313333;-0,034332
30,315;-0,034332
30,316667;-0,034332
30,318333;-0,034332
30,32;-0,034332
30,321667;-0,034332
30,323333;-0,034332
30,325;-0,034332
30,326667;-0,034332
30,328333;-0,034332
30,33;-0,034332
30,331667;-0,034332
30,333333;-0,034332
30,335;-0,034332
30,336667;-0,034332
30,338333;-0,034332
30,34;-0,034332
30,341667;-0,034332
30,343333;-0,034332
30,345;-0,034332
30,346667;-0,034332
30,348333;-0,034332
30,35;-0,034332
30,351667;-0,034332
30,353333;-0,034332
30,355;-0,034332
30,356667;-0,034332
30,358333;-0,034332
30,36;-0,034332
30,361667;-0,034332
30,363333;-0,034332
30,365;-0,034332
30,366667;-0,034332
30,368333;-0,034332
30,37;-0,034332
30,371667;-0,034332
30,373333;-0,034332
30,375;-0,034332
30,376667;-0,034332
30,378333;-0,034332
30,38;-0,034332
30,381667;-0,034332
30,383333;-0,034332
30,385;-0,034332
30,386667;-0,034332
30,388333;-0,034332
30,39;-0,034332
30,391667;-0,034332
30,393333;-0,034332
30,395;-0,034332
30,396667;-0,034332
30,398333;-0,034332
30,4;-0,034332
30,401667;-0,034332
30,403333;-0,034332
30,405;-0,034332
30,406667;-0,037193
30,408333;-0,037193
30,41;-0,037193
30,411667;-0,037193
30,413333;-0,037193
30,415;-0,037193
30,416667;-0,037193
30,418333;-0,037193
30,42;-0,037193
30,421667;-0,037193
30,423333;-0,037193
30,425;-0,037193
30,426667;-0,037193
30,428333;-0,037193
30,43;-0,037193
30,431667;-0,037193
30,433333;-0,037193
30,435;-0,037193
30,436667;-0,037193
30,438333;-0,037193
30,44;-0,037193
30,441667;-0,037193
30,443333;-0,037193
30,445;-0,037193
30,446667;-0,037193
30,448333;-0,034332
30,45;-0,034332
30,451667;-0,034332
30,453333;-0,034332
30,455;-0,037193
30,456667;-0,037193
30,458333;-0,037193
30,46;-0,037193
30,461667;-0,037193
30,463333;-0,037193
30,465;-0,037193
30,466667;-0,037193
30,468333;-0,037193
30,47;-0,037193
30,471667;-0,037193
30,473333;-0,034332
30,475;-0,034332
30,476667;-0,034332
30,478333;-0,034332
30,48;-0,034332
30,481667;-0,034332
30,483333;-0,034332
30,485;-0,034332
30,486667;-0,034332
30,488333;-0,034332
30,49;-0,034332
30,491667;-0,034332
30,493333;-0,034332
30,495;-0,034332
30,496667;-0,037193
30,498333;-0,037193
30,5;-0,037193
30,501667;-0,037193
30,503333;-0,037193
30,505;-0,037193
30,506667;-0,037193
30,508333;-0,037193
30,51;-0,037193
30,511667;-0,037193
30,513333;-0,037193
30,515;-0,037193
30,516667;-0,037193
30,518333;-0,034332
30,52;-0,034332
30,521667;-0,034332
30,523333;-0,034332
30,525;-0,034332
30,526667;-0,034332
30,528333;-0,034332
30,53;-0,034332
30,531667;-0,034332
30,533333;-0,034332
30,535;-0,034332
30,536667;-0,034332
30,538333;-0,034332
30,54;-0,034332
30,541667;-0,034332
30,543333;-0,034332
30,545;-0,034332
30,546667;-0,034332
30,548333;-0,034332
30,55;-0,034332
30,551667;-0,034332
30,553333;-0,034332
30,555;-0,034332
30,556667;-0,034332
30,558333;-0,034332
30,56;-0,034332
30,561667;-0,034332
30,563333;-0,034332
30,565;-0,034332
30,566667;-0,034332
30,568333;-0,034332
30,57;-0,034332
30,571667;-0,034332
30,573333;-0,034332
30,575;-0,034332
30,576667;-0,034332
30,578333;-0,034332
30,58;-0,034332
30,581667;-0,034332
30,583333;-0,034332
30,585;-0,034332
30,586667;-0,034332
30,588333;-0,034332
30,59;-0,034332
30,591667;-0,034332
30,593333;-0,034332
30,595;-0,034332
30,596667;-0,034332
30,598333;-0,034332
30,6;-0,034332
30,601667;-0,034332
30,603333;-0,034332
30,605;-0,034332
30,606667;-0,034332
30,608333;-0,034332
30,61;-0,034332
30,611667;-0,034332
30,613333;-0,034332
30,615;-0,034332
30,616667;-0,034332
30,618333;-0,034332
30,62;-0,034332
30,621667;-0,034332
30,623333;-0,034332
30,625;-0,034332
30,626667;-0,034332
30,628333;-0,034332
30,63;-0,034332
30,631667;-0,034332
30,633333;-0,034332
30,635;-0,034332
30,636667;-0,034332
30,638333;-0,034332
30,64;-0,034332
30,641667;-0,034332
30,643333;-0,034332
30,645;-0,034332
30,646667;-0,034332
30,648333;-0,034332
30,65;-0,034332
30,651667;-0,034332
30,653333;-0,034332
30,655;-0,034332
30,656667;-0,034332
30,658333;-0,034332
30,66;-0,034332
30,661667;-0,034332
30,663333;-0,034332
30,665;-0,034332
30,666667;-0,034332
30,668333;-0,034332
30,67;-0,034332
30,671667;-0,034332
30,673333;-0,034332
30,675;-0,034332
30,676667;-0,034332
30,678333;-0,034332
30,68;-0,034332
30,681667;-0,034332
30,683333;-0,034332
30,685;-0,034332
30,686667;-0,034332
30,688333;-0,034332
30,69;-0,034332
30,691667;-0,034332
30,693333;-0,034332
30,695;-0,034332
30,696667;-0,037193
30,698333;-0,037193
30,7;-0,037193
30,701667;-0,037193
30,703333;-0,037193
30,705;-0,034332
30,706667;-0,034332
30,708333;-0,034332
30,71;-0,034332
30,711667;-0,034332
30,713333;-0,034332
30,715;-0,034332
30,716667;-0,034332
30,718333;-0,034332
30,72;-0,034332
30,721667;-0,034332
30,723333;-0,034332
30,725;-0,034332
30,726667;-0,034332
30,728333;-0,034332
30,73;-0,034332
30,731667;-0,034332
30,733333;-0,034332
30,735;-0,034332
30,736667;-0,034332
30,738333;-0,034332
30,74;-0,034332
30,741667;-0,034332
30,743333;-0,034332
30,745;-0,034332
30,746667;-0,034332
30,748333;-0,034332
30,75;-0,034332
30,751667;-0,034332
30,753333;-0,034332
30,755;-0,034332
30,756667;-0,034332
30,758333;-0,034332
30,76;-0,034332
30,761667;-0,034332
30,763333;-0,034332
30,765;-0,034332
30,766667;-0,034332
30,768333;-0,034332
30,77;-0,034332
30,771667;-0,034332
30,773333;-0,034332
30,775;-0,034332
30,776667;-0,034332
30,778333;-0,034332
30,78;-0,034332
30,781667;-0,034332
30,783333;-0,034332
30,785;-0,034332
30,786667;-0,034332
30,788333;-0,034332
30,79;-0,034332
30,791667;-0,034332
30,793333;-0,034332
30,795;-0,034332
30,796667;-0,034332
30,798333;-0,034332
30,8;-0,034332
30,801667;-0,034332
30,803333;-0,034332
30,805;-0,034332
30,806667;-0,034332
30,808333;-0,034332
30,81;-0,034332
30,811667;-0,034332
30,813333;-0,034332
30,815;-0,034332
30,816667;-0,034332
30,818333;-0,034332
30,82;-0,034332
30,821667;-0,034332
30,823333;-0,034332
30,825;-0,034332
30,826667;-0,034332
30,828333;-0,034332
30,83;-0,034332
30,831667;-0,034332
30,833333;-0,034332
30,835;-0,034332
30,836667;-0,034332
30,838333;-0,034332
30,84;-0,034332
30,841667;-0,034332
30,843333;-0,034332
30,845;-0,034332
30,846667;-0,034332
30,848333;-0,034332
30,85;-0,034332
30,851667;-0,034332
30,853333;-0,034332
30,855;-0,034332
30,856667;-0,034332
30,858333;-0,034332
30,86;-0,034332
30,861667;-0,034332
30,863333;-0,034332
30,865;-0,034332
30,866667;-0,034332
30,868333;-0,034332
30,87;-0,034332
30,871667;-0,034332
30,873333;-0,034332
30,875;-0,034332
30,876667;-0,034332
30,878333;-0,034332
30,88;-0,034332
30,881667;-0,034332
30,883333;-0,034332
30,885;-0,034332
30,886667;-0,034332
30,888333;-0,034332
30,89;-0,034332
30,891667;-0,034332
30,893333;-0,034332
30,895;-0,034332
30,896667;-0,034332
30,898333;-0,034332
30,9;-0,034332
30,901667;-0,034332
30,903333;-0,034332
30,905;-0,034332
30,906667;-0,034332
30,908333;-0,034332
30,91;-0,034332
30,911667;-0,034332
30,913333;-0,034332
30,915;-0,034332
30,916667;-0,034332
30,918333;-0,034332
30,92;-0,034332
30,921667;-0,034332
30,923333;-0,034332
30,925;-0,034332
30,926667;-0,034332
30,928333;-0,034332
30,93;-0,034332
30,931667;-0,037193
30,933333;-0,037193
30,935;-0,037193
30,936667;-0,037193
30,938333;-0,037193
30,94;-0,037193
30,941667;-0,037193
30,943333;-0,037193
30,945;-0,037193
30,946667;-0,037193
30,948333;-0,037193
30,95;-0,037193
30,951667;-0,037193
30,953333;-0,037193
30,955;-0,034332
30,956667;-0,034332
30,958333;-0,034332
30,96;-0,037193
30,961667;-0,037193
30,963333;-0,037193
30,965;-0,037193
30,966667;-0,037193
30,968333;-0,037193
30,97;-0,037193
30,971667;-0,037193
30,973333;-0,037193
30,975;-0,037193
30,976667;-0,037193
30,978333;-0,037193
30,98;-0,037193
30,981667;-0,037193
30,983333;-0,037193
30,985;-0,037193
30,986667;-0,037193
30,988333;-0,037193
30,99;-0,037193
30,991667;-0,037193
30,993333;-0,037193
30,995;-0,037193
30,996667;-0,037193
30,998333;-0,037193
31;-0,037193
31,001667;-0,037193
31,003333;-0,037193
31,005;-0,037193
31,006667;-0,037193
31,008333;-0,037193
31,01;-0,034332
31,011667;-0,034332
31,013333;-0,034332
31,015;-0,034332
31,016667;-0,034332
31,018333;-0,034332
31,02;-0,034332
31,021667;-0,034332
31,023333;-0,034332
31,025;-0,034332
31,026667;-0,034332
31,028333;-0,034332
31,03;-0,034332
31,031667;-0,034332
31,033333;-0,034332
31,035;-0,034332
31,036667;-0,034332
31,038333;-0,034332
31,04;-0,034332
31,041667;-0,034332
31,043333;-0,034332
31,045;-0,034332
31,046667;-0,034332
31,048333;-0,034332
31,05;-0,034332
31,051667;-0,034332
31,053333;-0,034332
31,055;-0,034332
31,056667;-0,034332
31,058333;-0,034332
31,06;-0,034332
31,061667;-0,034332
31,063333;-0,034332
31,065;-0,034332
31,066667;-0,034332
31,068333;-0,034332
31,07;-0,034332
31,071667;-0,034332
31,073333;-0,034332
31,075;-0,034332
31,076667;-0,034332
31,078333;-0,034332
31,08;-0,034332
31,081667;-0,034332
31,083333;-0,034332
31,085;-0,034332
31,086667;-0,034332
31,088333;-0,034332
31,09;-0,034332
31,091667;-0,034332
31,093333;-0,034332
31,095;-0,034332
31,096667;-0,034332
31,098333;-0,034332
31,1;-0,034332
31,101667;-0,034332
31,103333;-0,034332
31,105;-0,034332
31,106667;-0,034332
31,108333;-0,034332
31,11;-0,034332
31,111667;-0,034332
31,113333;-0,034332
31,115;-0,034332
31,116667;-0,034332
31,118333;-0,034332
31,12;-0,034332
31,121667;-0,034332
31,123333;-0,034332
31,125;-0,034332
31,126667;-0,034332
31,128333;-0,034332
31,13;-0,034332
31,131667;-0,034332
31,133333;-0,034332
31,135;-0,034332
31,136667;-0,034332
31,138333;-0,034332
31,14;-0,034332
31,141667;-0,034332
31,143333;-0,034332
31,145;-0,034332
31,146667;-0,034332
31,148333;-0,034332
31,15;-0,034332
31,151667;-0,034332
31,153333;-0,034332
31,155;-0,034332
31,156667;-0,034332
31,158333;-0,034332
31,16;-0,034332
31,161667;-0,034332
31,163333;-0,034332
31,165;-0,034332
31,166667;-0,034332
31,168333;-0,034332
31,17;-0,034332
31,171667;-0,034332
31,173333;-0,034332
31,175;-0,034332
31,176667;-0,034332
31,178333;-0,034332
31,18;-0,034332
31,181667;-0,034332
31,183333;-0,034332
31,185;-0,034332
31,186667;-0,034332
31,188333;-0,034332
31,19;-0,034332
31,191667;-0,034332
31,193333;-0,034332
31,195;-0,034332
31,196667;-0,034332
31,198333;-0,034332
31,2;-0,034332
31,201667;-0,034332
31,203333;-0,034332
31,205;-0,034332
31,206667;-0,034332
31,208333;-0,034332
31,21;-0,034332
31,211667;-0,034332
31,213333;-0,034332
31,215;-0,034332
31,216667;-0,034332
31,218333;-0,034332
31,22;-0,034332
31,221667;-0,034332
31,223333;-0,034332
31,225;-0,034332
31,226667;-0,034332
31,228333;-0,034332
31,23;-0,034332
31,231667;-0,034332
31,233333;-0,034332
31,235;-0,034332
31,236667;-0,034332
31,238333;-0,034332
31,24;-0,034332
31,241667;-0,034332
31,243333;-0,034332
31,245;-0,034332
31,246667;-0,034332
31,248333;-0,034332
31,25;-0,034332
31,251667;-0,034332
31,253333;-0,034332
31,255;-0,034332
31,256667;-0,034332
31,258333;-0,034332
31,26;-0,034332
31,261667;-0,034332
31,263333;-0,034332
31,265;-0,034332
31,266667;-0,034332
31,268333;-0,034332
31,27;-0,034332
31,271667;-0,034332
31,273333;-0,034332
31,275;-0,034332
31,276667;-0,034332
31,278333;-0,034332
31,28;-0,034332
31,281667;-0,034332
31,283333;-0,034332
31,285;-0,034332
31,286667;-0,034332
31,288333;-0,034332
31,29;-0,034332
31,291667;-0,034332
31,293333;-0,034332
31,295;-0,034332
31,296667;-0,034332
31,298333;-0,034332
31,3;-0,034332
31,301667;-0,034332
31,303333;-0,034332
31,305;-0,034332
31,306667;-0,034332
31,308333;-0,034332
31,31;-0,034332
31,311667;-0,034332
31,313333;-0,034332
31,315;-0,034332
31,316667;-0,034332
31,318333;-0,034332
31,32;-0,034332
31,321667;-0,034332
31,323333;-0,034332
31,325;-0,034332
31,326667;-0,034332
31,328333;-0,034332
31,33;-0,034332
31,331667;-0,034332
31,333333;-0,034332
31,335;-0,034332
31,336667;-0,034332
31,338333;-0,034332
31,34;-0,034332
31,341667;-0,034332
31,343333;-0,034332
31,345;-0,034332
31,346667;-0,034332
31,348333;-0,034332
31,35;-0,034332
31,351667;-0,034332
31,353333;-0,034332
31,355;-0,034332
31,356667;-0,034332
31,358333;-0,034332
31,36;-0,034332
31,361667;-0,034332
31,363333;-0,034332
31,365;-0,034332
31,366667;-0,034332
31,368333;-0,034332
31,37;-0,034332
31,371667;-0,034332
31,373333;-0,034332
31,375;-0,034332
31,376667;-0,034332
31,378333;-0,034332
31,38;-0,034332
31,381667;-0,034332
31,383333;-0,034332
31,385;-0,034332
31,386667;-0,034332
31,388333;-0,034332
31,39;-0,034332
31,391667;-0,034332
31,393333;-0,034332
31,395;-0,034332
31,396667;-0,034332
31,398333;-0,034332
31,4;-0,037193
31,401667;-0,037193
31,403333;-0,037193
31,405;-0,037193
31,406667;-0,037193
31,408333;-0,037193
31,41;-0,037193
31,411667;-0,037193
31,413333;-0,037193
31,415;-0,034332
31,416667;-0,034332
31,418333;-0,034332
31,42;-0,034332
31,421667;-0,034332
31,423333;-0,034332
31,425;-0,034332
31,426667;-0,034332
31,428333;-0,034332
31,43;-0,034332
31,431667;-0,034332
31,433333;-0,034332
31,435;-0,034332
31,436667;-0,034332
31,438333;-0,034332
31,44;-0,034332
31,441667;-0,034332
31,443333;-0,034332
31,445;-0,034332
31,446667;-0,034332
31,448333;-0,034332
31,45;-0,034332
31,451667;-0,034332
31,453333;-0,034332
31,455;-0,034332
31,456667;-0,034332
31,458333;-0,034332
31,46;-0,034332
31,461667;-0,037193
31,463333;-0,037193
31,465;-0,037193
31,466667;-0,037193
31,468333;-0,037193
31,47;-0,037193
31,471667;-0,037193
31,473333;-0,037193
31,475;-0,037193
31,476667;-0,037193
31,478333;-0,037193
31,48;-0,037193
31,481667;-0,037193
31,483333;-0,037193
31,485;-0,037193
31,486667;-0,037193
31,488333;-0,037193
31,49;-0,037193
31,491667;-0,037193
31,493333;-0,037193
31,495;-0,037193
31,496667;-0,037193
31,498333;-0,037193
31,5;-0,037193
31,501667;-0,037193
31,503333;-0,037193
31,505;-0,037193
31,506667;-0,037193
31,508333;-0,037193
31,51;-0,037193
31,511667;-0,037193
31,513333;-0,037193
31,515;-0,037193
31,516667;-0,037193
31,518333;-0,037193
31,52;-0,037193
31,521667;-0,037193
31,523333;-0,037193
31,525;-0,037193
31,526667;-0,037193
31,528333;-0,037193
31,53;-0,037193
31,531667;-0,037193
31,533333;-0,037193
31,535;-0,037193
31,536667;-0,037193
31,538333;-0,037193
31,54;-0,037193
31,541667;-0,037193
31,543333;-0,037193
31,545;-0,037193
31,546667;-0,037193
31,548333;-0,037193
31,55;-0,037193
31,551667;-0,037193
31,553333;-0,037193
31,555;-0,037193
31,556667;-0,037193
31,558333;-0,037193
31,56;-0,037193
31,561667;-0,037193
31,563333;-0,037193
31,565;-0,037193
31,566667;-0,037193
31,568333;-0,037193
31,57;-0,037193
31,571667;-0,037193
31,573333;-0,037193
31,575;-0,037193
31,576667;-0,037193
31,578333;-0,037193
31,58;-0,037193
31,581667;-0,037193
31,583333;-0,037193
31,585;-0,037193
31,586667;-0,037193
31,588333;-0,037193
31,59;-0,037193
31,591667;-0,037193
31,593333;-0,037193
31,595;-0,037193
31,596667;-0,037193
31,598333;-0,037193
31,6;-0,037193
31,601667;-0,037193
31,603333;-0,037193
31,605;-0,037193
31,606667;-0,037193
31,608333;-0,037193
31,61;-0,037193
31,611667;-0,037193
31,613333;-0,037193
31,615;-0,037193
31,616667;-0,037193
31,618333;-0,037193
31,62;-0,037193
31,621667;-0,037193
31,623333;-0,037193
31,625;-0,037193
31,626667;-0,037193
31,628333;-0,037193
31,63;-0,037193
31,631667;-0,037193
31,633333;-0,037193
31,635;-0,037193
31,636667;-0,040054
31,638333;-0,040054
31,64;-0,040054
31,641667;-0,040054
31,643333;-0,040054
31,645;-0,040054
31,646667;-0,040054
31,648333;-0,040054
31,65;-0,040054
31,651667;-0,040054
31,653333;-0,040054
31,655;-0,037193
31,656667;-0,037193
31,658333;-0,037193
31,66;-0,037193
31,661667;-0,037193
31,663333;-0,037193
31,665;-0,037193
31,666667;-0,037193
31,668333;-0,037193
31,67;-0,037193
31,671667;-0,037193
31,673333;-0,037193
31,675;-0,037193
31,676667;-0,037193
31,678333;-0,037193
31,68;-0,037193
31,681667;-0,037193
31,683333;-0,037193
31,685;-0,037193
31,686667;-0,037193
31,688333;-0,037193
31,69;-0,037193
31,691667;-0,037193
31,693333;-0,037193
31,695;-0,037193
31,696667;-0,037193
31,698333;-0,037193
31,7;-0,037193
31,701667;-0,037193
31,703333;-0,037193
31,705;-0,037193
31,706667;-0,037193
31,708333;-0,037193
31,71;-0,037193
31,711667;-0,037193
31,713333;-0,037193
31,715;-0,037193
31,716667;-0,037193
31,718333;-0,037193
31,72;-0,037193
31,721667;-0,037193
31,723333;-0,037193
31,725;-0,037193
31,726667;-0,037193
31,728333;-0,037193
31,73;-0,037193
31,731667;-0,037193
31,733333;-0,037193
31,735;-0,037193
31,736667;-0,037193
31,738333;-0,037193
31,74;-0,037193
31,741667;-0,037193
31,743333;-0,037193
31,745;-0,037193
31,746667;-0,037193
31,748333;-0,037193
31,75;-0,037193
31,751667;-0,037193
31,753333;-0,037193
31,755;-0,037193
31,756667;-0,037193
31,758333;-0,037193
31,76;-0,037193
31,761667;-0,037193
31,763333;-0,037193
31,765;-0,037193
31,766667;-0,037193
31,768333;-0,037193
31,77;-0,037193
31,771667;-0,037193
31,773333;-0,037193
31,775;-0,037193
31,776667;-0,037193
31,778333;-0,037193
31,78;-0,037193
31,781667;-0,037193
31,783333;-0,037193
31,785;-0,037193
31,786667;-0,037193
31,788333;-0,037193
31,79;-0,037193
31,791667;-0,040054
31,793333;-0,040054
31,795;-0,040054
31,796667;-0,040054
31,798333;-0,040054
31,8;-0,040054
31,801667;-0,040054
31,803333;-0,040054
31,805;-0,040054
31,806667;-0,040054
31,808333;-0,040054
31,81;-0,040054
31,811667;-0,040054
31,813333;-0,040054
31,815;-0,040054
31,816667;-0,040054
31,818333;-0,040054
31,82;-0,040054
31,821667;-0,040054
31,823333;-0,040054
31,825;-0,040054
31,826667;-0,040054
31,828333;-0,040054
31,83;-0,040054
31,831667;-0,040054
31,833333;-0,040054
31,835;-0,040054
31,836667;-0,040054
31,838333;-0,040054
31,84;-0,040054
31,841667;-0,040054
31,843333;-0,040054
31,845;-0,040054
31,846667;-0,040054
31,848333;-0,040054
31,85;-0,040054
31,851667;-0,040054
31,853333;-0,040054
31,855;-0,040054
31,856667;-0,040054
31,858333;-0,040054
31,86;-0,040054
31,861667;-0,040054
31,863333;-0,040054
31,865;-0,040054
31,866667;-0,040054
31,868333;-0,040054
31,87;-0,040054
31,871667;-0,040054
31,873333;-0,040054
31,875;-0,040054
31,876667;-0,040054
31,878333;-0,040054
31,88;-0,040054
31,881667;-0,040054
31,883333;-0,040054
31,885;-0,040054
31,886667;-0,040054
31,888333;-0,040054
31,89;-0,040054
31,891667;-0,040054
31,893333;-0,040054
31,895;-0,040054
31,896667;-0,040054
31,898333;-0,040054
31,9;-0,040054
31,901667;-0,040054
31,903333;-0,040054
31,905;-0,040054
31,906667;-0,040054
31,908333;-0,040054
31,91;-0,040054
31,911667;-0,040054
31,913333;-0,040054
31,915;-0,040054
31,916667;-0,040054
31,918333;-0,040054
31,92;-0,040054
31,921667;-0,040054
31,923333;-0,040054
31,925;-0,040054
31,926667;-0,040054
31,928333;-0,040054
31,93;-0,040054
31,931667;-0,040054
31,933333;-0,040054
31,935;-0,040054
31,936667;-0,040054
31,938333;-0,040054
31,94;-0,040054
31,941667;-0,040054
31,943333;-0,040054
31,945;-0,040054
31,946667;-0,040054
31,948333;-0,040054
31,95;-0,040054
31,951667;-0,040054
31,953333;-0,040054
31,955;-0,040054
31,956667;-0,040054
31,958333;-0,040054
31,96;-0,040054
31,961667;-0,040054
31,963333;-0,040054
31,965;-0,040054
31,966667;-0,040054
31,968333;-0,040054
31,97;-0,040054
31,971667;-0,040054
31,973333;-0,040054
31,975;-0,040054
31,976667;-0,040054
31,978333;-0,040054
31,98;-0,040054
31,981667;-0,040054
31,983333;-0,040054
31,985;-0,040054
31,986667;-0,040054
31,988333;-0,040054
31,99;-0,040054
31,991667;-0,040054
31,993333;-0,040054
31,995;-0,040054
31,996667;-0,040054
31,998333;-0,040054
32;-0,040054
32,001667;-0,040054
32,003333;-0,040054
32,005;-0,040054
32,006667;-0,040054
32,008333;-0,040054
32,01;-0,040054
32,011667;-0,040054
32,013333;-0,040054
32,015;-0,040054
32,016667;-0,040054
32,018333;-0,040054
32,02;-0,040054
32,021667;-0,040054
32,023333;-0,040054
32,025;-0,040054
32,026667;-0,040054
32,028333;-0,040054
32,03;-0,040054
32,031667;-0,040054
32,033333;-0,040054
32,035;-0,040054
32,036667;-0,040054
32,038333;-0,040054
32,04;-0,040054
32,041667;-0,040054
32,043333;-0,040054
32,045;-0,040054
32,046667;-0,040054
32,048333;-0,040054
32,05;-0,040054
32,051667;-0,040054
32,053333;-0,040054
32,055;-0,040054
32,056667;-0,040054
32,058333;-0,040054
32,06;-0,040054
32,061667;-0,040054
32,063333;-0,040054
32,065;-0,040054
32,066667;-0,040054
32,068333;-0,040054
32,07;-0,040054
32,071667;-0,040054
32,073333;-0,040054
32,075;-0,040054
32,076667;-0,040054
32,078333;-0,040054
32,08;-0,040054
32,081667;-0,040054
32,083333;-0,040054
32,085;-0,040054
32,086667;-0,040054
32,088333;-0,040054
32,09;-0,040054
32,091667;-0,040054
32,093333;-0,040054
32,095;-0,040054
32,096667;-0,040054
32,098333;-0,040054
32,1;-0,040054
32,101667;-0,040054
32,103333;-0,040054
32,105;-0,040054
32,106667;-0,040054
32,108333;-0,040054
32,11;-0,040054
32,111667;-0,040054
32,113333;-0,040054
32,115;-0,040054
32,116667;-0,040054
32,118333;-0,040054
32,12;-0,040054
32,121667;-0,040054
32,123333;-0,040054
32,125;-0,040054
32,126667;-0,040054
32,128333;-0,040054
32,13;-0,040054
32,131667;-0,040054
32,133333;-0,040054
32,135;-0,040054
32,136667;-0,040054
32,138333;-0,040054
32,14;-0,040054
32,141667;-0,040054
32,143333;-0,040054
32,145;-0,040054
32,146667;-0,040054
32,148333;-0,040054
32,15;-0,040054
32,151667;-0,040054
32,153333;-0,040054
32,155;-0,040054
32,156667;-0,040054
32,158333;-0,040054
32,16;-0,040054
32,161667;-0,040054
32,163333;-0,040054
32,165;-0,040054
32,166667;-0,040054
32,168333;-0,037193
32,17;-0,037193
32,171667;-0,040054
32,173333;-0,040054
32,175;-0,040054
32,176667;-0,040054
32,178333;-0,040054
32,18;-0,040054
32,181667;-0,040054
32,183333;-0,040054
32,185;-0,040054
32,186667;-0,040054
32,188333;-0,040054
32,19;-0,040054
32,191667;-0,040054
32,193333;-0,040054
32,195;-0,040054
32,196667;-0,040054
32,198333;-0,040054
32,2;-0,040054
32,201667;-0,040054
32,203333;-0,040054
32,205;-0,040054
32,206667;-0,040054
32,208333;-0,040054
32,21;-0,040054
32,211667;-0,040054
32,213333;-0,040054
32,215;-0,040054
32,216667;-0,040054
32,218333;-0,040054
32,22;-0,040054
32,221667;-0,040054
32,223333;-0,040054
32,225;-0,040054
32,226667;-0,040054
32,228333;-0,040054
32,23;-0,040054
32,231667;-0,040054
32,233333;-0,040054
32,235;-0,040054
32,236667;-0,040054
32,238333;-0,040054
32,24;-0,040054
32,241667;-0,040054
32,243333;-0,040054
32,245;-0,040054
32,246667;-0,040054
32,248333;-0,040054
32,25;-0,040054
32,251667;-0,040054
32,253333;-0,040054
32,255;-0,040054
32,256667;-0,040054
32,258333;-0,040054
32,26;-0,040054
32,261667;-0,040054
32,263333;-0,040054
32,265;-0,040054
32,266667;-0,040054
32,268333;-0,040054
32,27;-0,040054
32,271667;-0,040054
32,273333;-0,040054
32,275;-0,040054
32,276667;-0,040054
32,278333;-0,040054
32,28;-0,040054
32,281667;-0,040054
32,283333;-0,040054
32,285;-0,040054
32,286667;-0,037193
32,288333;-0,037193
32,29;-0,037193
32,291667;-0,037193
32,293333;-0,037193
32,295;-0,037193
32,296667;-0,037193
32,298333;-0,037193
32,3;-0,037193
32,301667;-0,037193
32,303333;-0,037193
32,305;-0,037193
32,306667;-0,037193
32,308333;-0,037193
32,31;-0,037193
32,311667;-0,037193
32,313333;-0,037193
32,315;-0,037193
32,316667;-0,037193
32,318333;-0,037193
32,32;-0,037193
32,321667;-0,037193
32,323333;-0,037193
32,325;-0,037193
32,326667;-0,037193
32,328333;-0,037193
32,33;-0,037193
32,331667;-0,037193
32,333333;-0,037193
32,335;-0,037193
32,336667;-0,037193
32,338333;-0,037193
32,34;-0,037193
32,341667;-0,037193
32,343333;-0,037193
32,345;-0,037193
32,346667;-0,037193
32,348333;-0,037193
32,35;-0,040054
32,351667;-0,040054
32,353333;-0,040054
32,355;-0,040054
32,356667;-0,040054
32,358333;-0,040054
32,36;-0,040054
32,361667;-0,040054
32,363333;-0,040054
32,365;-0,040054
32,366667;-0,040054
32,368333;-0,040054
32,37;-0,040054
32,371667;-0,040054
32,373333;-0,040054
32,375;-0,040054
32,376667;-0,040054
32,378333;-0,040054
32,38;-0,040054
32,381667;-0,040054
32,383333;-0,040054
32,385;-0,040054
32,386667;-0,040054
32,388333;-0,040054
32,39;-0,040054
32,391667;-0,040054
32,393333;-0,040054
32,395;-0,040054
32,396667;-0,040054
32,398333;-0,040054
32,4;-0,040054
32,401667;-0,040054
32,403333;-0,040054
32,405;-0,040054
32,406667;-0,040054
32,408333;-0,040054
32,41;-0,040054
32,411667;-0,040054
32,413333;-0,040054
32,415;-0,040054
32,416667;-0,040054
32,418333;-0,040054
32,42;-0,040054
32,421667;-0,040054
32,423333;-0,040054
32,425;-0,040054
32,426667;-0,040054
32,428333;-0,040054
32,43;-0,040054
32,431667;-0,040054
32,433333;-0,040054
32,435;-0,040054
32,436667;-0,040054
32,438333;-0,040054
32,44;-0,040054
32,441667;-0,040054
32,443333;-0,040054
32,445;-0,040054
32,446667;-0,040054
32,448333;-0,040054
32,45;-0,040054
32,451667;-0,040054
32,453333;-0,040054
32,455;-0,040054
32,456667;-0,040054
32,458333;-0,040054
32,46;-0,040054
32,461667;-0,040054
32,463333;-0,040054
32,465;-0,040054
32,466667;-0,040054
32,468333;-0,040054
32,47;-0,040054
32,471667;-0,040054
32,473333;-0,040054
32,475;-0,040054
32,476667;-0,040054
32,478333;-0,040054
32,48;-0,040054
32,481667;-0,040054
32,483333;-0,040054
32,485;-0,040054
32,486667;-0,040054
32,488333;-0,040054
32,49;-0,040054
32,491667;-0,040054
32,493333;-0,040054
32,495;-0,040054
32,496667;-0,040054
32,498333;-0,040054
32,5;-0,040054
32,501667;-0,040054
32,503333;-0,040054
32,505;-0,040054
32,506667;-0,040054
32,508333;-0,040054
32,51;-0,040054
32,511667;-0,040054
32,513333;-0,040054
32,515;-0,040054
32,516667;-0,040054
32,518333;-0,040054
32,52;-0,040054
32,521667;-0,040054
32,523333;-0,040054
32,525;-0,040054
32,526667;-0,040054
32,528333;-0,040054
32,53;-0,040054
32,531667;-0,040054
32,533333;-0,040054
32,535;-0,040054
32,536667;-0,040054
32,538333;-0,040054
32,54;-0,040054
32,541667;-0,040054
32,543333;-0,040054
32,545;-0,040054
32,546667;-0,040054
32,548333;-0,040054
32,55;-0,040054
32,551667;-0,040054
32,553333;-0,040054
32,555;-0,040054
32,556667;-0,040054
32,558333;-0,040054
32,56;-0,040054
32,561667;-0,040054
32,563333;-0,040054
32,565;-0,040054
32,566667;-0,040054
32,568333;-0,040054
32,57;-0,040054
32,571667;-0,040054
32,573333;-0,040054
32,575;-0,040054
32,576667;-0,040054
32,578333;-0,040054
32,58;-0,040054
32,581667;-0,040054
32,583333;-0,040054
32,585;-0,040054
32,586667;-0,040054
32,588333;-0,040054
32,59;-0,040054
32,591667;-0,040054
32,593333;-0,037193
32,595;-0,037193
32,596667;-0,037193
32,598333;-0,037193
32,6;-0,037193
32,601667;-0,037193
32,603333;-0,037193
32,605;-0,037193
32,606667;-0,037193
32,608333;-0,037193
32,61;-0,037193
32,611667;-0,037193
32,613333;-0,037193
32,615;-0,037193
32,616667;-0,037193
32,618333;-0,037193
32,62;-0,037193
32,621667;-0,037193
32,623333;-0,037193
32,625;-0,037193
32,626667;-0,037193
32,628333;-0,037193
32,63;-0,037193
32,631667;-0,037193
32,633333;-0,037193
32,635;-0,037193
32,636667;-0,037193
32,638333;-0,037193
32,64;-0,037193
32,641667;-0,037193
32,643333;-0,037193
32,645;-0,037193
32,646667;-0,037193
32,648333;-0,037193
32,65;-0,037193
32,651667;-0,040054
32,653333;-0,040054
32,655;-0,040054
32,656667;-0,040054
32,658333;-0,040054
32,66;-0,040054
32,661667;-0,040054
32,663333;-0,040054
32,665;-0,040054
32,666667;-0,040054
32,668333;-0,040054
32,67;-0,040054
32,671667;-0,040054
32,673333;-0,040054
32,675;-0,040054
32,676667;-0,040054
32,678333;-0,040054
32,68;-0,040054
32,681667;-0,040054
32,683333;-0,040054
32,685;-0,040054
32,686667;-0,040054
32,688333;-0,040054
32,69;-0,040054
32,691667;-0,040054
32,693333;-0,040054
32,695;-0,040054
32,696667;-0,040054
32,698333;-0,040054
32,7;-0,040054
32,701667;-0,040054
32,703333;-0,040054
32,705;-0,040054
32,706667;-0,040054
32,708333;-0,040054
32,71;-0,040054
32,711667;-0,040054
32,713333;-0,040054
32,715;-0,040054
32,716667;-0,040054
32,718333;-0,040054
32,72;-0,040054
32,721667;-0,037193
32,723333;-0,037193
32,725;-0,037193
32,726667;-0,037193
32,728333;-0,037193
32,73;-0,037193
32,731667;-0,037193
32,733333;-0,037193
32,735;-0,037193
32,736667;-0,037193
32,738333;-0,037193
32,74;-0,040054
32,741667;-0,040054
32,743333;-0,040054
32,745;-0,040054
32,746667;-0,040054
32,748333;-0,040054
32,75;-0,040054
32,751667;-0,040054
32,753333;-0,040054
32,755;-0,040054
32,756667;-0,040054
32,758333;-0,040054
32,76;-0,040054
32,761667;-0,040054
32,763333;-0,040054
32,765;-0,040054
32,766667;-0,040054
32,768333;-0,037193
32,77;-0,037193
32,771667;-0,037193
32,773333;-0,037193
32,775;-0,037193
32,776667;-0,037193
32,778333;-0,037193
32,78;-0,037193
32,781667;-0,037193
32,783333;-0,037193
32,785;-0,037193
32,786667;-0,037193
32,788333;-0,037193
32,79;-0,037193
32,791667;-0,037193
32,793333;-0,037193
32,795;-0,037193
32,796667;-0,037193
32,798333;-0,037193
32,8;-0,037193
32,801667;-0,037193
32,803333;-0,037193
32,805;-0,037193
32,806667;-0,037193
32,808333;-0,037193
32,81;-0,037193
32,811667;-0,037193
32,813333;-0,037193
32,815;-0,037193
32,816667;-0,040054
32,818333;-0,040054
32,82;-0,040054
32,821667;-0,040054
32,823333;-0,040054
32,825;-0,040054
32,826667;-0,040054
32,828333;-0,040054
32,83;-0,040054
32,831667;-0,040054
32,833333;-0,040054
32,835;-0,040054
32,836667;-0,040054
32,838333;-0,040054
32,84;-0,040054
32,841667;-0,040054
32,843333;-0,040054
32,845;-0,040054
32,846667;-0,040054
32,848333;-0,040054
32,85;-0,040054
32,851667;-0,040054
32,853333;-0,040054
32,855;-0,040054
32,856667;-0,040054
32,858333;-0,040054
32,86;-0,040054
32,861667;-0,040054
32,863333;-0,040054
32,865;-0,040054
32,866667;-0,040054
32,868333;-0,040054
32,87;-0,040054
32,871667;-0,040054
32,873333;-0,040054
32,875;-0,040054
32,876667;-0,040054
32,878333;-0,040054
32,88;-0,040054
32,881667;-0,040054
32,883333;-0,040054
32,885;-0,040054
32,886667;-0,040054
32,888333;-0,040054
32,89;-0,040054
32,891667;-0,040054
32,893333;-0,040054
32,895;-0,040054
32,896667;-0,040054
32,898333;-0,040054
32,9;-0,040054
32,901667;-0,040054
32,903333;-0,040054
32,905;-0,040054
32,906667;-0,040054
32,908333;-0,040054
32,91;-0,040054
32,911667;-0,040054
32,913333;-0,040054
32,915;-0,040054
32,916667;-0,040054
32,918333;-0,040054
32,92;-0,040054
32,921667;-0,040054
32,923333;-0,040054
32,925;-0,040054
32,926667;-0,040054
32,928333;-0,040054
32,93;-0,040054
32,931667;-0,040054
32,933333;-0,040054
32,935;-0,040054
32,936667;-0,040054
32,938333;-0,040054
32,94;-0,040054
32,941667;-0,037193
32,943333;-0,037193
32,945;-0,037193
32,946667;-0,037193
32,948333;-0,037193
32,95;-0,037193
32,951667;-0,037193
32,953333;-0,037193
32,955;-0,037193
32,956667;-0,037193
32,958333;-0,037193
32,96;-0,037193
32,961667;-0,037193
32,963333;-0,037193
32,965;-0,037193
32,966667;-0,037193
32,968333;-0,037193
32,97;-0,037193
32,971667;-0,037193
32,973333;-0,037193
32,975;-0,037193
32,976667;-0,037193
32,978333;-0,037193
32,98;-0,037193
32,981667;-0,037193
32,983333;-0,037193
32,985;-0,037193
32,986667;-0,037193
32,988333;-0,037193
32,99;-0,037193
32,991667;-0,037193
32,993333;-0,037193
32,995;-0,040054
32,996667;-0,040054
32,998333;-0,040054
33;-0,040054
33,001667;-0,040054
33,003333;-0,040054
33,005;-0,040054
33,006667;-0,040054
33,008333;-0,040054
33,01;-0,037193
33,011667;-0,037193
33,013333;-0,037193
33,015;-0,037193
33,016667;-0,037193
33,018333;-0,037193
33,02;-0,037193
33,021667;-0,037193
33,023333;-0,037193
33,025;-0,037193
33,026667;-0,037193
33,028333;-0,037193
33,03;-0,037193
33,031667;-0,037193
33,033333;-0,037193
33,035;-0,037193
33,036667;-0,037193
33,038333;-0,037193
33,04;-0,037193
33,041667;-0,037193
33,043333;-0,037193
33,045;-0,037193
33,046667;-0,037193
33,048333;-0,037193
33,05;-0,037193
33,051667;-0,037193
33,053333;-0,037193
33,055;-0,037193
33,056667;-0,037193
33,058333;-0,037193
33,06;-0,037193
33,061667;-0,037193
33,063333;-0,037193
33,065;-0,037193
33,066667;-0,037193
33,068333;-0,040054
33,07;-0,040054
33,071667;-0,040054
33,073333;-0,040054
33,075;-0,040054
33,076667;-0,040054
33,078333;-0,040054
33,08;-0,040054
33,081667;-0,040054
33,083333;-0,040054
33,085;-0,040054
33,086667;-0,040054
33,088333;-0,040054
33,09;-0,040054
33,091667;-0,040054
33,093333;-0,040054
33,095;-0,040054
33,096667;-0,040054
33,098333;-0,040054
33,1;-0,040054
33,101667;-0,040054
33,103333;-0,040054
33,105;-0,040054
33,106667;-0,040054
33,108333;-0,040054
33,11;-0,040054
33,111667;-0,040054
33,113333;-0,040054
33,115;-0,040054
33,116667;-0,040054
33,118333;-0,040054
33,12;-0,040054
33,121667;-0,040054
33,123333;-0,040054
33,125;-0,040054
33,126667;-0,040054
33,128333;-0,040054
33,13;-0,040054
33,131667;-0,040054
33,133333;-0,040054
33,135;-0,040054
33,136667;-0,040054
33,138333;-0,040054
33,14;-0,040054
33,141667;-0,040054
33,143333;-0,040054
33,145;-0,040054
33,146667;-0,040054
33,148333;-0,040054
33,15;-0,040054
33,151667;-0,040054
33,153333;-0,040054
33,155;-0,040054
33,156667;-0,040054
33,158333;-0,040054
33,16;-0,040054
33,161667;-0,040054
33,163333;-0,040054
33,165;-0,040054
33,166667;-0,040054
33,168333;-0,040054
33,17;-0,040054
33,171667;-0,040054
33,173333;-0,040054
33,175;-0,040054
33,176667;-0,040054
33,178333;-0,040054
33,18;-0,040054
33,181667;-0,040054
33,183333;-0,040054
33,185;-0,040054
33,186667;-0,040054
33,188333;-0,040054
33,19;-0,040054
33,191667;-0,040054
33,193333;-0,040054
33,195;-0,040054
33,196667;-0,040054
33,198333;-0,040054
33,2;-0,040054
33,201667;-0,040054
33,203333;-0,040054
33,205;-0,040054
33,206667;-0,040054
33,208333;-0,040054
33,21;-0,040054
33,211667;-0,040054
33,213333;-0,040054
33,215;-0,040054
33,216667;-0,040054
33,218333;-0,040054
33,22;-0,040054
33,221667;-0,040054
33,223333;-0,040054
33,225;-0,040054
33,226667;-0,040054
33,228333;-0,040054
33,23;-0,040054
33,231667;-0,040054
33,233333;-0,040054
33,235;-0,040054
33,236667;-0,040054
33,238333;-0,040054
33,24;-0,040054
33,241667;-0,040054
33,243333;-0,040054
33,245;-0,040054
33,246667;-0,040054
33,248333;-0,040054
33,25;-0,042915
33,251667;-0,042915
33,253333;-0,042915
33,255;-0,042915
33,256667;-0,042915
33,258333;-0,042915
33,26;-0,042915
33,261667;-0,042915
33,263333;-0,042915
33,265;-0,042915
33,266667;-0,042915
33,268333;-0,042915
33,27;-0,042915
33,271667;-0,042915
33,273333;-0,042915
33,275;-0,042915
33,276667;-0,042915
33,278333;-0,042915
33,28;-0,042915
33,281667;-0,040054
33,283333;-0,040054
33,285;-0,040054
33,286667;-0,040054
33,288333;-0,040054
33,29;-0,040054
33,291667;-0,040054
33,293333;-0,040054
33,295;-0,040054
33,296667;-0,040054
33,298333;-0,040054
33,3;-0,040054
33,301667;-0,040054
33,303333;-0,040054
33,305;-0,040054
33,306667;-0,042915
33,308333;-0,042915
33,31;-0,042915
33,311667;-0,042915
33,313333;-0,042915
33,315;-0,042915
33,316667;-0,040054
33,318333;-0,040054
33,32;-0,040054
33,321667;-0,040054
33,323333;-0,040054
33,325;-0,040054
33,326667;-0,040054
33,328333;-0,040054
33,33;-0,040054
33,331667;-0,040054
33,333333;-0,040054
33,335;-0,040054
33,336667;-0,040054
33,338333;-0,040054
33,34;-0,040054
33,341667;-0,040054
33,343333;-0,040054
33,345;-0,040054
33,346667;-0,040054
33,348333;-0,040054
33,35;-0,040054
33,351667;-0,042915
33,353333;-0,042915
33,355;-0,042915
33,356667;-0,042915
33,358333;-0,042915
33,36;-0,042915
33,361667;-0,042915
33,363333;-0,042915
33,365;-0,042915
33,366667;-0,040054
33,368333;-0,040054
33,37;-0,040054
33,371667;-0,040054
33,373333;-0,040054
33,375;-0,040054
33,376667;-0,040054
33,378333;-0,040054
33,38;-0,040054
33,381667;-0,040054
33,383333;-0,040054
33,385;-0,040054
33,386667;-0,040054
33,388333;-0,040054
33,39;-0,040054
33,391667;-0,040054
33,393333;-0,040054
33,395;-0,040054
33,396667;-0,040054
33,398333;-0,040054
33,4;-0,040054
33,401667;-0,040054
33,403333;-0,040054
33,405;-0,040054
33,406667;-0,040054
33,408333;-0,040054
33,41;-0,040054
33,411667;-0,040054
33,413333;-0,040054
33,415;-0,040054
33,416667;-0,040054
33,418333;-0,040054
33,42;-0,040054
33,421667;-0,042915
33,423333;-0,042915
33,425;-0,042915
33,426667;-0,042915
33,428333;-0,042915
33,43;-0,042915
33,431667;-0,042915
33,433333;-0,042915
33,435;-0,042915
33,436667;-0,042915
33,438333;-0,042915
33,44;-0,042915
33,441667;-0,042915
33,443333;-0,042915
33,445;-0,042915
33,446667;-0,042915
33,448333;-0,042915
33,45;-0,042915
33,451667;-0,042915
33,453333;-0,042915
33,455;-0,042915
33,456667;-0,042915
33,458333;-0,042915
33,46;-0,042915
33,461667;-0,042915
33,463333;-0,042915
33,465;-0,042915
33,466667;-0,042915
33,468333;-0,042915
33,47;-0,042915
33,471667;-0,042915
33,473333;-0,042915
33,475;-0,042915
33,476667;-0,042915
33,478333;-0,042915
33,48;-0,042915
33,481667;-0,042915
33,483333;-0,042915
33,485;-0,042915
33,486667;-0,042915
33,488333;-0,042915
33,49;-0,042915
33,491667;-0,042915
33,493333;-0,042915
33,495;-0,042915
33,496667;-0,042915
33,498333;-0,042915
33,5;-0,042915
33,501667;-0,042915
33,503333;-0,042915
33,505;-0,042915
33,506667;-0,042915
33,508333;-0,042915
33,51;-0,042915
33,511667;-0,042915
33,513333;-0,040054
33,515;-0,040054
33,516667;-0,040054
33,518333;-0,040054
33,52;-0,040054
33,521667;-0,040054
33,523333;-0,040054
33,525;-0,040054
33,526667;-0,040054
33,528333;-0,040054
33,53;-0,040054
33,531667;-0,040054
33,533333;-0,040054
33,535;-0,040054
33,536667;-0,040054
33,538333;-0,040054
33,54;-0,040054
33,541667;-0,040054
33,543333;-0,040054
33,545;-0,040054
33,546667;-0,040054
33,548333;-0,040054
33,55;-0,040054
33,551667;-0,040054
33,553333;-0,040054
33,555;-0,040054
33,556667;-0,040054
33,558333;-0,040054
33,56;-0,040054
33,561667;-0,040054
33,563333;-0,040054
33,565;-0,040054
33,566667;-0,040054
33,568333;-0,040054
33,57;-0,040054
33,571667;-0,040054
33,573333;-0,040054
33,575;-0,040054
33,576667;-0,040054
33,578333;-0,040054
33,58;-0,040054
33,581667;-0,040054
33,583333;-0,040054
33,585;-0,040054
33,586667;-0,040054
33,588333;-0,040054
33,59;-0,040054
33,591667;-0,040054
33,593333;-0,040054
33,595;-0,040054
33,596667;-0,040054
33,598333;-0,040054
33,6;-0,040054
33,601667;-0,040054
33,603333;-0,040054
33,605;-0,042915
33,606667;-0,042915
33,608333;-0,042915
33,61;-0,042915
33,611667;-0,042915
33,613333;-0,042915
33,615;-0,042915
33,616667;-0,042915
33,618333;-0,042915
33,62;-0,042915
33,621667;-0,042915
33,623333;-0,042915
33,625;-0,042915
33,626667;-0,042915
33,628333;-0,042915
33,63;-0,042915
33,631667;-0,042915
33,633333;-0,042915
33,635;-0,042915
33,636667;-0,042915
33,638333;-0,042915
33,64;-0,042915
33,641667;-0,042915
33,643333;-0,042915
33,645;-0,042915
33,646667;-0,042915
33,648333;-0,042915
33,65;-0,042915
33,651667;-0,042915
33,653333;-0,042915
33,655;-0,042915
33,656667;-0,042915
33,658333;-0,042915
33,66;-0,042915
33,661667;-0,042915
33,663333;-0,042915
33,665;-0,042915
33,666667;-0,042915
33,668333;-0,042915
33,67;-0,042915
33,671667;-0,042915
33,673333;-0,042915
33,675;-0,042915
33,676667;-0,042915
33,678333;-0,042915
33,68;-0,042915
33,681667;-0,042915
33,683333;-0,042915
33,685;-0,042915
33,686667;-0,042915
33,688333;-0,042915
33,69;-0,042915
33,691667;-0,042915
33,693333;-0,042915
33,695;-0,042915
33,696667;-0,042915
33,698333;-0,042915
33,7;-0,042915
33,701667;-0,042915
33,703333;-0,042915
33,705;-0,042915
33,706667;-0,042915
33,708333;-0,042915
33,71;-0,042915
33,711667;-0,042915
33,713333;-0,042915
33,715;-0,042915
33,716667;-0,042915
33,718333;-0,042915
33,72;-0,042915
33,721667;-0,042915
33,723333;-0,042915
33,725;-0,042915
33,726667;-0,042915
33,728333;-0,042915
33,73;-0,042915
33,731667;-0,042915
33,733333;-0,042915
33,735;-0,042915
33,736667;-0,042915
33,738333;-0,042915
33,74;-0,042915
33,741667;-0,042915
33,743333;-0,042915
33,745;-0,042915
33,746667;-0,042915
33,748333;-0,042915
33,75;-0,042915
33,751667;-0,042915
33,753333;-0,042915
33,755;-0,042915
33,756667;-0,042915
33,758333;-0,042915
33,76;-0,042915
33,761667;-0,042915
33,763333;-0,042915
33,765;-0,042915
33,766667;-0,042915
33,768333;-0,042915
33,77;-0,042915
33,771667;-0,042915
33,773333;-0,042915
33,775;-0,042915
33,776667;-0,042915
33,778333;-0,042915
33,78;-0,042915
33,781667;-0,042915
33,783333;-0,042915
33,785;-0,042915
33,786667;-0,042915
33,788333;-0,042915
33,79;-0,042915
33,791667;-0,042915
33,793333;-0,042915
33,795;-0,042915
33,796667;-0,042915
33,798333;-0,042915
33,8;-0,042915
33,801667;-0,042915
33,803333;-0,042915
33,805;-0,042915
33,806667;-0,042915
33,808333;-0,042915
33,81;-0,042915
33,811667;-0,042915
33,813333;-0,042915
33,815;-0,042915
33,816667;-0,042915
33,818333;-0,042915
33,82;-0,042915
33,821667;-0,042915
33,823333;-0,042915
33,825;-0,042915
33,826667;-0,042915
33,828333;-0,042915
33,83;-0,042915
33,831667;-0,042915
33,833333;-0,045776
33,835;-0,045776
33,836667;-0,045776
33,838333;-0,045776
33,84;-0,042915
33,841667;-0,042915
33,843333;-0,042915
33,845;-0,042915
33,846667;-0,042915
33,848333;-0,042915
33,85;-0,042915
33,851667;-0,042915
33,853333;-0,045776
33,855;-0,045776
33,856667;-0,045776
33,858333;-0,045776
33,86;-0,045776
33,861667;-0,045776
33,863333;-0,045776
33,865;-0,045776
33,866667;-0,045776
33,868333;-0,045776
33,87;-0,045776
33,871667;-0,045776
33,873333;-0,045776
33,875;-0,045776
33,876667;-0,045776
33,878333;-0,045776
33,88;-0,045776
33,881667;-0,045776
33,883333;-0,045776
33,885;-0,045776
33,886667;-0,045776
33,888333;-0,045776
33,89;-0,045776
33,891667;-0,045776
33,893333;-0,045776
33,895;-0,045776
33,896667;-0,045776
33,898333;-0,045776
33,9;-0,045776
33,901667;-0,045776
33,903333;-0,045776
33,905;-0,045776
33,906667;-0,045776
33,908333;-0,045776
33,91;-0,045776
33,911667;-0,045776
33,913333;-0,045776
33,915;-0,045776
33,916667;-0,045776
33,918333;-0,045776
33,92;-0,045776
33,921667;-0,045776
33,923333;-0,045776
33,925;-0,045776
33,926667;-0,045776
33,928333;-0,042915
33,93;-0,042915
33,931667;-0,042915
33,933333;-0,042915
33,935;-0,042915
33,936667;-0,042915
33,938333;-0,042915
33,94;-0,042915
33,941667;-0,042915
33,943333;-0,042915
33,945;-0,045776
33,946667;-0,045776
33,948333;-0,045776
33,95;-0,045776
33,951667;-0,045776
33,953333;-0,045776
33,955;-0,045776
33,956667;-0,045776
33,958333;-0,045776
33,96;-0,045776
33,961667;-0,045776
33,963333;-0,045776
33,965;-0,045776
33,966667;-0,045776
33,968333;-0,045776
33,97;-0,045776
33,971667;-0,045776
33,973333;-0,042915
33,975;-0,042915
33,976667;-0,042915
33,978333;-0,042915
33,98;-0,042915
33,981667;-0,042915
33,983333;-0,042915
33,985;-0,045776
33,986667;-0,045776
33,988333;-0,042915
33,99;-0,042915
33,991667;-0,042915
33,993333;-0,042915
33,995;-0,042915
33,996667;-0,042915
33,998333;-0,042915
34;-0,042915
34,001667;-0,042915
34,003333;-0,042915
34,005;-0,042915
34,006667;-0,042915
34,008333;-0,042915
34,01;-0,042915
34,011667;-0,042915
34,013333;-0,042915
34,015;-0,042915
34,016667;-0,042915
34,018333;-0,042915
34,02;-0,042915
34,021667;-0,042915
34,023333;-0,042915
34,025;-0,042915
34,026667;-0,042915
34,028333;-0,042915
34,03;-0,042915
34,031667;-0,042915
34,033333;-0,042915
34,035;-0,042915
34,036667;-0,042915
34,038333;-0,042915
34,04;-0,042915
34,041667;-0,042915
34,043333;-0,042915
34,045;-0,042915
34,046667;-0,042915
34,048333;-0,042915
34,05;-0,042915
34,051667;-0,042915
34,053333;-0,042915
34,055;-0,042915
34,056667;-0,042915
34,058333;-0,042915
34,06;-0,042915
34,061667;-0,042915
34,063333;-0,042915
34,065;-0,042915
34,066667;-0,042915
34,068333;-0,042915
34,07;-0,042915
34,071667;-0,042915
34,073333;-0,042915
34,075;-0,042915
34,076667;-0,042915
34,078333;-0,042915
34,08;-0,042915
34,081667;-0,042915
34,083333;-0,042915
34,085;-0,042915
34,086667;-0,042915
34,088333;-0,042915
34,09;-0,042915
34,091667;-0,042915
34,093333;-0,042915
34,095;-0,042915
34,096667;-0,042915
34,098333;-0,042915
34,1;-0,042915
34,101667;-0,042915
34,103333;-0,042915
34,105;-0,042915
34,106667;-0,042915
34,108333;-0,042915
34,11;-0,042915
34,111667;-0,042915
34,113333;-0,042915
34,115;-0,042915
34,116667;-0,042915
34,118333;-0,042915
34,12;-0,042915
34,121667;-0,042915
34,123333;-0,042915
34,125;-0,042915
34,126667;-0,042915
34,128333;-0,042915
34,13;-0,042915
34,131667;-0,042915
34,133333;-0,042915
34,135;-0,042915
34,136667;-0,042915
34,138333;-0,042915
34,14;-0,042915
34,141667;-0,042915
34,143333;-0,042915
34,145;-0,042915
34,146667;-0,042915
34,148333;-0,042915
34,15;-0,042915
34,151667;-0,042915
34,153333;-0,042915
34,155;-0,042915
34,156667;-0,042915
34,158333;-0,042915
34,16;-0,042915
34,161667;-0,042915
34,163333;-0,042915
34,165;-0,042915
34,166667;-0,042915
34,168333;-0,042915
34,17;-0,042915
34,171667;-0,042915
34,173333;-0,042915
34,175;-0,042915
34,176667;-0,042915
34,178333;-0,042915
34,18;-0,042915
34,181667;-0,042915
34,183333;-0,042915
34,185;-0,042915
34,186667;-0,042915
34,188333;-0,042915
34,19;-0,042915
34,191667;-0,042915
34,193333;-0,042915
34,195;-0,042915
34,196667;-0,042915
34,198333;-0,042915
34,2;-0,042915
34,201667;-0,042915
34,203333;-0,042915
34,205;-0,042915
34,206667;-0,042915
34,208333;-0,042915
34,21;-0,042915
34,211667;-0,042915
34,213333;-0,042915
34,215;-0,042915
34,216667;-0,042915
34,218333;-0,042915
34,22;-0,042915
34,221667;-0,042915
34,223333;-0,042915
34,225;-0,042915
34,226667;-0,042915
34,228333;-0,042915
34,23;-0,042915
34,231667;-0,042915
34,233333;-0,042915
34,235;-0,042915
34,236667;-0,042915
34,238333;-0,042915
34,24;-0,042915
34,241667;-0,042915
34,243333;-0,042915
34,245;-0,042915
34,246667;-0,042915
34,248333;-0,042915
34,25;-0,042915
34,251667;-0,042915
34,253333;-0,042915
34,255;-0,042915
34,256667;-0,042915
34,258333;-0,042915
34,26;-0,042915
34,261667;-0,042915
34,263333;-0,042915
34,265;-0,042915
34,266667;-0,042915
34,268333;-0,042915
34,27;-0,042915
34,271667;-0,042915
34,273333;-0,042915
34,275;-0,042915
34,276667;-0,042915
34,278333;-0,042915
34,28;-0,042915
34,281667;-0,042915
34,283333;-0,042915
34,285;-0,042915
34,286667;-0,042915
34,288333;-0,042915
34,29;-0,042915
34,291667;-0,042915
34,293333;-0,042915
34,295;-0,042915
34,296667;-0,042915
34,298333;-0,042915
34,3;-0,042915
34,301667;-0,042915
34,303333;-0,042915
34,305;-0,042915
34,306667;-0,042915
34,308333;-0,042915
34,31;-0,042915
34,311667;-0,042915
34,313333;-0,042915
34,315;-0,042915
34,316667;-0,042915
34,318333;-0,042915
34,32;-0,042915
34,321667;-0,042915
34,323333;-0,042915
34,325;-0,042915
34,326667;-0,042915
34,328333;-0,042915
34,33;-0,042915
34,331667;-0,042915
34,333333;-0,042915
34,335;-0,042915
34,336667;-0,042915
34,338333;-0,042915
34,34;-0,042915
34,341667;-0,042915
34,343333;-0,042915
34,345;-0,042915
34,346667;-0,042915
34,348333;-0,042915
34,35;-0,042915
34,351667;-0,042915
34,353333;-0,042915
34,355;-0,042915
34,356667;-0,042915
34,358333;-0,042915
34,36;-0,042915
34,361667;-0,042915
34,363333;-0,042915
34,365;-0,042915
34,366667;-0,042915
34,368333;-0,042915
34,37;-0,042915
34,371667;-0,040054
34,373333;-0,040054
34,375;-0,040054
34,376667;-0,040054
34,378333;-0,040054
34,38;-0,040054
34,381667;-0,040054
34,383333;-0,040054
34,385;-0,040054
34,386667;-0,040054
34,388333;-0,040054
34,39;-0,040054
34,391667;-0,040054
34,393333;-0,040054
34,395;-0,040054
34,396667;-0,040054
34,398333;-0,040054
34,4;-0,040054
34,401667;-0,040054
34,403333;-0,040054
34,405;-0,040054
34,406667;-0,040054
34,408333;-0,040054
34,41;-0,040054
34,411667;-0,040054
34,413333;-0,040054
34,415;-0,040054
34,416667;-0,040054
34,418333;-0,040054
34,42;-0,040054
34,421667;-0,040054
34,423333;-0,040054
34,425;-0,040054
34,426667;-0,040054
34,428333;-0,040054
34,43;-0,040054
34,431667;-0,040054
34,433333;-0,040054
34,435;-0,040054
34,436667;-0,040054
34,438333;-0,040054
34,44;-0,040054
34,441667;-0,040054
34,443333;-0,040054
34,445;-0,040054
34,446667;-0,040054
34,448333;-0,040054
34,45;-0,040054
34,451667;-0,040054
34,453333;-0,040054
34,455;-0,040054
34,456667;-0,040054
34,458333;-0,040054
34,46;-0,040054
34,461667;-0,040054
34,463333;-0,040054
34,465;-0,040054
34,466667;-0,040054
34,468333;-0,040054
34,47;-0,040054
34,471667;-0,040054
34,473333;-0,040054
34,475;-0,040054
34,476667;-0,040054
34,478333;-0,040054
34,48;-0,040054
34,481667;-0,040054
34,483333;-0,040054
34,485;-0,040054
34,486667;-0,040054
34,488333;-0,040054
34,49;-0,040054
34,491667;-0,040054
34,493333;-0,040054
34,495;-0,040054
34,496667;-0,040054
34,498333;-0,040054
34,5;-0,040054
34,501667;-0,040054
34,503333;-0,040054
34,505;-0,040054
34,506667;-0,040054
34,508333;-0,040054
34,51;-0,040054
34,511667;-0,040054
34,513333;-0,040054
34,515;-0,040054
34,516667;-0,040054
34,518333;-0,040054
34,52;-0,040054
34,521667;-0,040054
34,523333;-0,040054
34,525;-0,040054
34,526667;-0,040054
34,528333;-0,040054
34,53;-0,040054
34,531667;-0,040054
34,533333;-0,040054
34,535;-0,040054
34,536667;-0,040054
34,538333;-0,040054
34,54;-0,040054
34,541667;-0,040054
34,543333;-0,040054
34,545;-0,040054
34,546667;-0,040054
34,548333;-0,040054
34,55;-0,040054
34,551667;-0,040054
34,553333;-0,040054
34,555;-0,040054
34,556667;-0,040054
34,558333;-0,040054
34,56;-0,040054
34,561667;-0,040054
34,563333;-0,040054
34,565;-0,040054
34,566667;-0,040054
34,568333;-0,040054
34,57;-0,040054
34,571667;-0,040054
34,573333;-0,040054
34,575;-0,040054
34,576667;-0,040054
34,578333;-0,040054
34,58;-0,040054
34,581667;-0,040054
34,583333;-0,040054
34,585;-0,040054
34,586667;-0,040054
34,588333;-0,040054
34,59;-0,040054
34,591667;-0,040054
34,593333;-0,040054
34,595;-0,040054
34,596667;-0,040054
34,598333;-0,040054
34,6;-0,040054
34,601667;-0,040054
34,603333;-0,040054
34,605;-0,040054
34,606667;-0,040054
34,608333;-0,040054
34,61;-0,040054
34,611667;-0,040054
34,613333;-0,040054
34,615;-0,040054
34,616667;-0,040054
34,618333;-0,040054
34,62;-0,040054
34,621667;-0,040054
34,623333;-0,040054
34,625;-0,040054
34,626667;-0,040054
34,628333;-0,040054
34,63;-0,040054
34,631667;-0,040054
34,633333;-0,040054
34,635;-0,040054
34,636667;-0,040054
34,638333;-0,040054
34,64;-0,040054
34,641667;-0,040054
34,643333;-0,040054
34,645;-0,040054
34,646667;-0,040054
34,648333;-0,040054
34,65;-0,040054
34,651667;-0,040054
34,653333;-0,040054
34,655;-0,040054
34,656667;-0,040054
34,658333;-0,040054
34,66;-0,040054
34,661667;-0,040054
34,663333;-0,040054
34,665;-0,040054
34,666667;-0,040054
34,668333;-0,040054
34,67;-0,040054
34,671667;-0,040054
34,673333;-0,040054
34,675;-0,040054
34,676667;-0,040054
34,678333;-0,040054
34,68;-0,040054
34,681667;-0,040054
34,683333;-0,040054
34,685;-0,040054
34,686667;-0,040054
34,688333;-0,040054
34,69;-0,040054
34,691667;-0,040054
34,693333;-0,040054
34,695;-0,040054
34,696667;-0,040054
34,698333;-0,040054
34,7;-0,040054
34,701667;-0,040054
34,703333;-0,040054
34,705;-0,040054
34,706667;-0,040054
34,708333;-0,040054
34,71;-0,040054
34,711667;-0,040054
34,713333;-0,040054
34,715;-0,040054
34,716667;-0,040054
34,718333;-0,040054
34,72;-0,040054
34,721667;-0,040054
34,723333;-0,040054
34,725;-0,040054
34,726667;-0,040054
34,728333;-0,040054
34,73;-0,040054
34,731667;-0,040054
34,733333;-0,040054
34,735;-0,040054
34,736667;-0,040054
34,738333;-0,040054
34,74;-0,040054
34,741667;-0,040054
34,743333;-0,040054
34,745;-0,040054
34,746667;-0,040054
34,748333;-0,040054
34,75;-0,040054
34,751667;-0,040054
34,753333;-0,040054
34,755;-0,040054
34,756667;-0,040054
34,758333;-0,040054
34,76;-0,040054
34,761667;-0,040054
34,763333;-0,040054
34,765;-0,040054
34,766667;-0,040054
34,768333;-0,040054
34,77;-0,040054
34,771667;-0,040054
34,773333;-0,040054
34,775;-0,040054
34,776667;-0,040054
34,778333;-0,040054
34,78;-0,040054
34,781667;-0,040054
34,783333;-0,040054
34,785;-0,040054
34,786667;-0,040054
34,788333;-0,040054
34,79;-0,040054
34,791667;-0,040054
34,793333;-0,040054
34,795;-0,040054
34,796667;-0,040054
34,798333;-0,040054
34,8;-0,040054
34,801667;-0,040054
34,803333;-0,040054
34,805;-0,040054
34,806667;-0,040054
34,808333;-0,040054
34,81;-0,040054
34,811667;-0,040054
34,813333;-0,040054
34,815;-0,040054
34,816667;-0,040054
34,818333;-0,040054
34,82;-0,040054
34,821667;-0,040054
34,823333;-0,040054
34,825;-0,040054
34,826667;-0,040054
34,828333;-0,040054
34,83;-0,040054
34,831667;-0,040054
34,833333;-0,040054
34,835;-0,040054
34,836667;-0,040054
34,838333;-0,040054
34,84;-0,040054
34,841667;-0,040054
34,843333;-0,040054
34,845;-0,040054
34,846667;-0,040054
34,848333;-0,040054
34,85;-0,040054
34,851667;-0,040054
34,853333;-0,040054
34,855;-0,040054
34,856667;-0,040054
34,858333;-0,040054
34,86;-0,040054
34,861667;-0,040054
34,863333;-0,040054
34,865;-0,040054
34,866667;-0,040054
34,868333;-0,040054
34,87;-0,040054
34,871667;-0,040054
34,873333;-0,040054
34,875;-0,040054
34,876667;-0,040054
34,878333;-0,040054
34,88;-0,040054
34,881667;-0,040054
34,883333;-0,040054
34,885;-0,040054
34,886667;-0,040054
34,888333;-0,040054
34,89;-0,040054
34,891667;-0,040054
34,893333;-0,040054
34,895;-0,040054
34,896667;-0,040054
34,898333;-0,040054
34,9;-0,040054
34,901667;-0,040054
34,903333;-0,040054
34,905;-0,040054
34,906667;-0,040054
34,908333;-0,040054
34,91;-0,040054
34,911667;-0,040054
34,913333;-0,040054
34,915;-0,040054
34,916667;-0,040054
34,918333;-0,040054
34,92;-0,040054
34,921667;-0,040054
34,923333;-0,040054
34,925;-0,040054
34,926667;-0,040054
34,928333;-0,040054
34,93;-0,040054
34,931667;-0,040054
34,933333;-0,040054
34,935;-0,040054
34,936667;-0,040054
34,938333;-0,040054
34,94;-0,040054
34,941667;-0,040054
34,943333;-0,040054
34,945;-0,040054
34,946667;-0,040054
34,948333;-0,040054
34,95;-0,040054
34,951667;-0,040054
34,953333;-0,040054
34,955;-0,040054
34,956667;-0,040054
34,958333;-0,040054
34,96;-0,040054
34,961667;-0,040054
34,963333;-0,040054
34,965;-0,040054
34,966667;-0,040054
34,968333;-0,040054
34,97;-0,040054
34,971667;-0,040054
34,973333;-0,040054
34,975;-0,040054
34,976667;-0,040054
34,978333;-0,040054
34,98;-0,040054
34,981667;-0,040054
34,983333;-0,040054
34,985;-0,040054
34,986667;-0,040054
34,988333;-0,040054
34,99;-0,040054
34,991667;-0,040054
34,993333;-0,040054
34,995;-0,040054
34,996667;-0,040054
34,998333;-0,040054
35;-0,040054
35,001667;-0,040054
35,003333;-0,040054
35,005;-0,040054
35,006667;-0,040054
35,008333;-0,040054
35,01;-0,040054
35,011667;-0,040054
35,013333;-0,040054
35,015;-0,040054
35,016667;-0,040054
35,018333;-0,040054
35,02;-0,040054
35,021667;-0,040054
35,023333;-0,040054
35,025;-0,040054
35,026667;-0,040054
35,028333;-0,040054
35,03;-0,040054
35,031667;-0,040054
35,033333;-0,040054
35,035;-0,040054
35,036667;-0,040054
35,038333;-0,040054
35,04;-0,040054
35,041667;-0,040054
35,043333;-0,040054
35,045;-0,040054
35,046667;-0,040054
35,048333;-0,040054
35,05;-0,040054
35,051667;-0,040054
35,053333;-0,040054
35,055;-0,040054
35,056667;-0,040054
35,058333;-0,040054
35,06;-0,040054
35,061667;-0,040054
35,063333;-0,040054
35,065;-0,040054
35,066667;-0,040054
35,068333;-0,040054
35,07;-0,040054
35,071667;-0,040054
35,073333;-0,040054
35,075;-0,040054
35,076667;-0,040054
35,078333;-0,040054
35,08;-0,040054
35,081667;-0,040054
35,083333;-0,040054
35,085;-0,040054
35,086667;-0,040054
35,088333;-0,040054
35,09;-0,040054
35,091667;-0,040054
35,093333;-0,040054
35,095;-0,040054
35,096667;-0,040054
35,098333;-0,040054
35,1;-0,040054
35,101667;-0,040054
35,103333;-0,040054
35,105;-0,040054
35,106667;-0,040054
35,108333;-0,040054
35,11;-0,040054
35,111667;-0,040054
35,113333;-0,040054
35,115;-0,040054
35,116667;-0,040054
35,118333;-0,040054
35,12;-0,040054
35,121667;-0,040054
35,123333;-0,040054
35,125;-0,040054
35,126667;-0,040054
35,128333;-0,040054
35,13;-0,040054
35,131667;-0,040054
35,133333;-0,040054
35,135;-0,040054
35,136667;-0,040054
35,138333;-0,040054
35,14;-0,040054
35,141667;-0,040054
35,143333;-0,040054
35,145;-0,040054
35,146667;-0,040054
35,148333;-0,040054
35,15;-0,040054
35,151667;-0,040054
35,153333;-0,040054
35,155;-0,040054
35,156667;-0,040054
35,158333;-0,040054
35,16;-0,040054
35,161667;-0,040054
35,163333;-0,040054
35,165;-0,040054
35,166667;-0,040054
35,168333;-0,040054
35,17;-0,040054
35,171667;-0,040054
35,173333;-0,040054
35,175;-0,040054
35,176667;-0,040054
35,178333;-0,040054
35,18;-0,040054
35,181667;-0,040054
35,183333;-0,040054
35,185;-0,040054
35,186667;-0,040054
35,188333;-0,040054
35,19;-0,040054
35,191667;-0,040054
35,193333;-0,040054
35,195;-0,040054
35,196667;-0,040054
35,198333;-0,040054
35,2;-0,040054
35,201667;-0,040054
35,203333;-0,040054
35,205;-0,040054
35,206667;-0,040054
35,208333;-0,040054
35,21;-0,040054
35,211667;-0,040054
35,213333;-0,040054
35,215;-0,040054
35,216667;-0,040054
35,218333;-0,040054
35,22;-0,040054
35,221667;-0,040054
35,223333;-0,040054
35,225;-0,040054
35,226667;-0,040054
35,228333;-0,040054
35,23;-0,040054
35,231667;-0,040054
35,233333;-0,040054
35,235;-0,040054
35,236667;-0,040054
35,238333;-0,040054
35,24;-0,040054
35,241667;-0,040054
35,243333;-0,040054
35,245;-0,040054
35,246667;-0,040054
35,248333;-0,040054
35,25;-0,040054
35,251667;-0,040054
35,253333;-0,040054
35,255;-0,040054
35,256667;-0,040054
35,258333;-0,040054
35,26;-0,040054
35,261667;-0,040054
35,263333;-0,040054
35,265;-0,040054
35,266667;-0,040054
35,268333;-0,040054
35,27;-0,040054
35,271667;-0,040054
35,273333;-0,040054
35,275;-0,040054
35,276667;-0,040054
35,278333;-0,040054
35,28;-0,040054
35,281667;-0,040054
35,283333;-0,037193
35,285;-0,037193
35,286667;-0,037193
35,288333;-0,037193
35,29;-0,040054
35,291667;-0,040054
35,293333;-0,040054
35,295;-0,040054
35,296667;-0,040054
35,298333;-0,040054
35,3;-0,040054
35,301667;-0,040054
35,303333;-0,040054
35,305;-0,040054
35,306667;-0,040054
35,308333;-0,040054
35,31;-0,040054
35,311667;-0,040054
35,313333;-0,040054
35,315;-0,040054
35,316667;-0,037193
35,318333;-0,037193
35,32;-0,037193
35,321667;-0,037193
35,323333;-0,037193
35,325;-0,037193
35,326667;-0,037193
35,328333;-0,037193
35,33;-0,037193
35,331667;-0,037193
35,333333;-0,037193
35,335;-0,037193
35,336667;-0,037193
35,338333;-0,037193
35,34;-0,037193
35,341667;-0,037193
35,343333;-0,037193
35,345;-0,037193
35,346667;-0,037193
35,348333;-0,037193
35,35;-0,037193
35,351667;-0,037193
35,353333;-0,037193
35,355;-0,037193
35,356667;-0,037193
35,358333;-0,037193
35,36;-0,037193
35,361667;-0,037193
35,363333;-0,037193
35,365;-0,037193
35,366667;-0,037193
35,368333;-0,037193
35,37;-0,037193
35,371667;-0,037193
35,373333;-0,037193
35,375;-0,037193
35,376667;-0,037193
35,378333;-0,037193
35,38;-0,037193
35,381667;-0,037193
35,383333;-0,037193
35,385;-0,037193
35,386667;-0,037193
35,388333;-0,037193
35,39;-0,037193
35,391667;-0,037193
35,393333;-0,037193
35,395;-0,037193
35,396667;-0,037193
35,398333;-0,037193
35,4;-0,037193
35,401667;-0,037193
35,403333;-0,037193
35,405;-0,037193
35,406667;-0,037193
35,408333;-0,037193
35,41;-0,037193
35,411667;-0,037193
35,413333;-0,037193
35,415;-0,037193
35,416667;-0,037193
35,418333;-0,037193
35,42;-0,037193
35,421667;-0,037193
35,423333;-0,037193
35,425;-0,037193
35,426667;-0,037193
35,428333;-0,037193
35,43;-0,037193
35,431667;-0,037193
35,433333;-0,037193
35,435;-0,037193
35,436667;-0,037193
35,438333;-0,037193
35,44;-0,037193
35,441667;-0,037193
35,443333;-0,037193
35,445;-0,037193
35,446667;-0,037193
35,448333;-0,037193
35,45;-0,037193
35,451667;-0,037193
35,453333;-0,037193
35,455;-0,037193
35,456667;-0,037193
35,458333;-0,037193
35,46;-0,037193
35,461667;-0,037193
35,463333;-0,037193
35,465;-0,037193
35,466667;-0,037193
35,468333;-0,037193
35,47;-0,037193
35,471667;-0,037193
35,473333;-0,037193
35,475;-0,037193
35,476667;-0,037193
35,478333;-0,037193
35,48;-0,037193
35,481667;-0,037193
35,483333;-0,037193
35,485;-0,037193
35,486667;-0,037193
35,488333;-0,037193
35,49;-0,037193
35,491667;-0,037193
35,493333;-0,037193
35,495;-0,037193
35,496667;-0,037193
35,498333;-0,037193
35,5;-0,037193
35,501667;-0,037193
35,503333;-0,037193
35,505;-0,037193
35,506667;-0,037193
35,508333;-0,037193
35,51;-0,037193
35,511667;-0,037193
35,513333;-0,037193
35,515;-0,037193
35,516667;-0,037193
35,518333;-0,037193
35,52;-0,037193
35,521667;-0,037193
35,523333;-0,037193
35,525;-0,037193
35,526667;-0,037193
35,528333;-0,037193
35,53;-0,037193
35,531667;-0,037193
35,533333;-0,037193
35,535;-0,037193
35,536667;-0,037193
35,538333;-0,037193
35,54;-0,037193
35,541667;-0,037193
35,543333;-0,037193
35,545;-0,037193
35,546667;-0,037193
35,548333;-0,037193
35,55;-0,037193
35,551667;-0,037193
35,553333;-0,037193
35,555;-0,037193
35,556667;-0,037193
35,558333;-0,037193
35,56;-0,037193
35,561667;-0,037193
35,563333;-0,037193
35,565;-0,037193
35,566667;-0,037193
35,568333;-0,037193
35,57;-0,037193
35,571667;-0,037193
35,573333;-0,037193
35,575;-0,037193
35,576667;-0,037193
35,578333;-0,037193
35,58;-0,037193
35,581667;-0,037193
35,583333;-0,037193
35,585;-0,037193
35,586667;-0,037193
35,588333;-0,037193
35,59;-0,037193
35,591667;-0,037193
35,593333;-0,037193
35,595;-0,037193
35,596667;-0,037193
35,598333;-0,037193
35,6;-0,037193
35,601667;-0,037193
35,603333;-0,037193
35,605;-0,037193
35,606667;-0,037193
35,608333;-0,037193
35,61;-0,037193
35,611667;-0,037193
35,613333;-0,037193
35,615;-0,037193
35,616667;-0,037193
35,618333;-0,037193
35,62;-0,037193
35,621667;-0,037193
35,623333;-0,037193
35,625;-0,037193
35,626667;-0,037193
35,628333;-0,037193
35,63;-0,037193
35,631667;-0,037193
35,633333;-0,037193
35,635;-0,037193
35,636667;-0,037193
35,638333;-0,037193
35,64;-0,037193
35,641667;-0,037193
35,643333;-0,037193
35,645;-0,037193
35,646667;-0,037193
35,648333;-0,037193
35,65;-0,037193
35,651667;-0,037193
35,653333;-0,037193
35,655;-0,037193
35,656667;-0,037193
35,658333;-0,037193
35,66;-0,037193
35,661667;-0,037193
35,663333;-0,037193
35,665;-0,037193
35,666667;-0,037193
35,668333;-0,037193
35,67;-0,037193
35,671667;-0,037193
35,673333;-0,037193
35,675;-0,037193
35,676667;-0,037193
35,678333;-0,037193
35,68;-0,037193
35,681667;-0,037193
35,683333;-0,037193
35,685;-0,037193
35,686667;-0,037193
35,688333;-0,037193
35,69;-0,037193
35,691667;-0,037193
35,693333;-0,037193
35,695;-0,037193
35,696667;-0,037193
35,698333;-0,037193
35,7;-0,037193
35,701667;-0,037193
35,703333;-0,037193
35,705;-0,037193
35,706667;-0,037193
35,708333;-0,037193
35,71;-0,037193
35,711667;-0,037193
35,713333;-0,037193
35,715;-0,037193
35,716667;-0,037193
35,718333;-0,037193
35,72;-0,037193
35,721667;-0,037193
35,723333;-0,040054
35,725;-0,040054
35,726667;-0,040054
35,728333;-0,040054
35,73;-0,040054
35,731667;-0,040054
35,733333;-0,040054
35,735;-0,040054
35,736667;-0,040054
35,738333;-0,037193
35,74;-0,037193
35,741667;-0,037193
35,743333;-0,037193
35,745;-0,037193
35,746667;-0,037193
35,748333;-0,037193
35,75;-0,037193
35,751667;-0,037193
35,753333;-0,037193
35,755;-0,037193
35,756667;-0,037193
35,758333;-0,037193
35,76;-0,037193
35,761667;-0,037193
35,763333;-0,037193
35,765;-0,037193
35,766667;-0,037193
35,768333;-0,037193
35,77;-0,037193
35,771667;-0,037193
35,773333;-0,037193
35,775;-0,037193
35,776667;-0,037193
35,778333;-0,037193
35,78;-0,037193
35,781667;-0,037193
35,783333;-0,037193
35,785;-0,037193
35,786667;-0,037193
35,788333;-0,037193
35,79;-0,037193
35,791667;-0,037193
35,793333;-0,037193
35,795;-0,037193
35,796667;-0,037193
35,798333;-0,037193
35,8;-0,037193
35,801667;-0,037193
35,803333;-0,040054
35,805;-0,040054
35,806667;-0,040054
35,808333;-0,040054
35,81;-0,040054
35,811667;-0,040054
35,813333;-0,040054
35,815;-0,040054
35,816667;-0,040054
35,818333;-0,040054
35,82;-0,040054
35,821667;-0,040054
35,823333;-0,040054
35,825;-0,040054
35,826667;-0,040054
35,828333;-0,040054
35,83;-0,040054
35,831667;-0,040054
35,833333;-0,040054
35,835;-0,040054
35,836667;-0,040054
35,838333;-0,040054
35,84;-0,040054
35,841667;-0,040054
35,843333;-0,040054
35,845;-0,040054
35,846667;-0,040054
35,848333;-0,040054
35,85;-0,040054
35,851667;-0,040054
35,853333;-0,040054
35,855;-0,040054
35,856667;-0,040054
35,858333;-0,040054
35,86;-0,040054
35,861667;-0,040054
35,863333;-0,040054
35,865;-0,040054
35,866667;-0,040054
35,868333;-0,040054
35,87;-0,040054
35,871667;-0,040054
35,873333;-0,040054
35,875;-0,037193
35,876667;-0,037193
35,878333;-0,037193
35,88;-0,040054
35,881667;-0,040054
35,883333;-0,040054
35,885;-0,040054
35,886667;-0,040054
35,888333;-0,040054
35,89;-0,040054
35,891667;-0,040054
35,893333;-0,040054
35,895;-0,040054
35,896667;-0,040054
35,898333;-0,040054
35,9;-0,040054
35,901667;-0,040054
35,903333;-0,040054
35,905;-0,040054
35,906667;-0,040054
35,908333;-0,040054
35,91;-0,040054
35,911667;-0,040054
35,913333;-0,040054
35,915;-0,040054
35,916667;-0,040054
35,918333;-0,040054
35,92;-0,040054
35,921667;-0,040054
35,923333;-0,040054
35,925;-0,040054
35,926667;-0,040054
35,928333;-0,040054
35,93;-0,040054
35,931667;-0,040054
35,933333;-0,040054
35,935;-0,040054
35,936667;-0,040054
35,938333;-0,040054
35,94;-0,040054
35,941667;-0,040054
35,943333;-0,040054
35,945;-0,040054
35,946667;-0,040054
35,948333;-0,040054
35,95;-0,040054
35,951667;-0,040054
35,953333;-0,040054
35,955;-0,040054
35,956667;-0,040054
35,958333;-0,040054
35,96;-0,040054
35,961667;-0,040054
35,963333;-0,040054
35,965;-0,040054
35,966667;-0,040054
35,968333;-0,040054
35,97;-0,040054
35,971667;-0,040054
35,973333;-0,040054
35,975;-0,040054
35,976667;-0,040054
35,978333;-0,040054
35,98;-0,040054
35,981667;-0,040054
35,983333;-0,040054
35,985;-0,040054
35,986667;-0,040054
35,988333;-0,040054
35,99;-0,040054
35,991667;-0,040054
35,993333;-0,040054
35,995;-0,040054
35,996667;-0,040054
35,998333;-0,040054
36;-0,040054
36,001667;-0,040054
36,003333;-0,040054
36,005;-0,040054
36,006667;-0,040054
36,008333;-0,040054
36,01;-0,040054
36,011667;-0,040054
36,013333;-0,040054
36,015;-0,040054
36,016667;-0,040054
36,018333;-0,040054
36,02;-0,040054
36,021667;-0,040054
36,023333;-0,040054
36,025;-0,040054
36,026667;-0,040054
36,028333;-0,040054
36,03;-0,040054
36,031667;-0,040054
36,033333;-0,040054
36,035;-0,040054
36,036667;-0,040054
36,038333;-0,040054
36,04;-0,040054
36,041667;-0,040054
36,043333;-0,040054
36,045;-0,040054
36,046667;-0,040054
36,048333;-0,040054
36,05;-0,040054
36,051667;-0,040054
36,053333;-0,040054
36,055;-0,040054
36,056667;-0,040054
36,058333;-0,040054
36,06;-0,040054
36,061667;-0,040054
36,063333;-0,040054
36,065;-0,040054
36,066667;-0,040054
36,068333;-0,040054
36,07;-0,040054
36,071667;-0,040054
36,073333;-0,040054
36,075;-0,040054
36,076667;-0,040054
36,078333;-0,040054
36,08;-0,040054
36,081667;-0,040054
36,083333;-0,040054
36,085;-0,040054
36,086667;-0,040054
36,088333;-0,040054
36,09;-0,040054
36,091667;-0,040054
36,093333;-0,040054
36,095;-0,040054
36,096667;-0,040054
36,098333;-0,040054
36,1;-0,040054
36,101667;-0,040054
36,103333;-0,040054
36,105;-0,040054
36,106667;-0,040054
36,108333;-0,040054
36,11;-0,040054
36,111667;-0,040054
36,113333;-0,040054
36,115;-0,040054
36,116667;-0,040054
36,118333;-0,040054
36,12;-0,040054
36,121667;-0,040054
36,123333;-0,040054
36,125;-0,040054
36,126667;-0,040054
36,128333;-0,040054
36,13;-0,040054
36,131667;-0,040054
36,133333;-0,040054
36,135;-0,040054
36,136667;-0,040054
36,138333;-0,040054
36,14;-0,040054
36,141667;-0,040054
36,143333;-0,040054
36,145;-0,040054
36,146667;-0,040054
36,148333;-0,040054
36,15;-0,040054
36,151667;-0,040054
36,153333;-0,040054
36,155;-0,040054
36,156667;-0,040054
36,158333;-0,040054
36,16;-0,040054
36,161667;-0,040054
36,163333;-0,040054
36,165;-0,040054
36,166667;-0,040054
36,168333;-0,040054
36,17;-0,040054
36,171667;-0,040054
36,173333;-0,040054
36,175;-0,040054
36,176667;-0,040054
36,178333;-0,040054
36,18;-0,040054
36,181667;-0,040054
36,183333;-0,040054
36,185;-0,040054
36,186667;-0,040054
36,188333;-0,040054
36,19;-0,040054
36,191667;-0,040054
36,193333;-0,040054
36,195;-0,040054
36,196667;-0,040054
36,198333;-0,040054
36,2;-0,040054
36,201667;-0,040054
36,203333;-0,040054
36,205;-0,040054
36,206667;-0,040054
36,208333;-0,040054
36,21;-0,040054
36,211667;-0,040054
36,213333;-0,040054
36,215;-0,040054
36,216667;-0,040054
36,218333;-0,040054
36,22;-0,040054
36,221667;-0,040054
36,223333;-0,040054
36,225;-0,040054
36,226667;-0,040054
36,228333;-0,040054
36,23;-0,040054
36,231667;-0,040054
36,233333;-0,040054
36,235;-0,040054
36,236667;-0,040054
36,238333;-0,040054
36,24;-0,040054
36,241667;-0,040054
36,243333;-0,040054
36,245;-0,040054
36,246667;-0,040054
36,248333;-0,040054
36,25;-0,040054
36,251667;-0,040054
36,253333;-0,040054
36,255;-0,040054
36,256667;-0,040054
36,258333;-0,040054
36,26;-0,040054
36,261667;-0,040054
36,263333;-0,040054
36,265;-0,040054
36,266667;-0,040054
36,268333;-0,040054
36,27;-0,040054
36,271667;-0,040054
36,273333;-0,040054
36,275;-0,040054
36,276667;-0,040054
36,278333;-0,040054
36,28;-0,040054
36,281667;-0,040054
36,283333;-0,040054
36,285;-0,040054
36,286667;-0,040054
36,288333;-0,040054
36,29;-0,040054
36,291667;-0,040054
36,293333;-0,040054
36,295;-0,040054
36,296667;-0,040054
36,298333;-0,040054
36,3;-0,040054
36,301667;-0,040054
36,303333;-0,040054
36,305;-0,040054
36,306667;-0,040054
36,308333;-0,040054
36,31;-0,040054
36,311667;-0,040054
36,313333;-0,040054
36,315;-0,040054
36,316667;-0,040054
36,318333;-0,040054
36,32;-0,040054
36,321667;-0,040054
36,323333;-0,040054
36,325;-0,040054
36,326667;-0,040054
36,328333;-0,040054
36,33;-0,040054
36,331667;-0,040054
36,333333;-0,040054
36,335;-0,040054
36,336667;-0,040054
36,338333;-0,040054
36,34;-0,040054
36,341667;-0,040054
36,343333;-0,040054
36,345;-0,040054
36,346667;-0,040054
36,348333;-0,040054
36,35;-0,040054
36,351667;-0,040054
36,353333;-0,040054
36,355;-0,040054
36,356667;-0,040054
36,358333;-0,040054
36,36;-0,040054
36,361667;-0,040054
36,363333;-0,040054
36,365;-0,040054
36,366667;-0,040054
36,368333;-0,040054
36,37;-0,040054
36,371667;-0,040054
36,373333;-0,040054
36,375;-0,040054
36,376667;-0,040054
36,378333;-0,040054
36,38;-0,040054
36,381667;-0,040054
36,383333;-0,040054
36,385;-0,040054
36,386667;-0,040054
36,388333;-0,040054
36,39;-0,040054
36,391667;-0,042915
36,393333;-0,042915
36,395;-0,042915
36,396667;-0,042915
36,398333;-0,042915
36,4;-0,042915
36,401667;-0,042915
36,403333;-0,042915
36,405;-0,042915
36,406667;-0,042915
36,408333;-0,042915
36,41;-0,042915
36,411667;-0,042915
36,413333;-0,042915
36,415;-0,042915
36,416667;-0,042915
36,418333;-0,042915
36,42;-0,042915
36,421667;-0,042915
36,423333;-0,042915
36,425;-0,042915
36,426667;-0,042915
36,428333;-0,042915
36,43;-0,042915
36,431667;-0,042915
36,433333;-0,042915
36,435;-0,042915
36,436667;-0,042915
36,438333;-0,042915
36,44;-0,042915
36,441667;-0,042915
36,443333;-0,042915
36,445;-0,042915
36,446667;-0,042915
36,448333;-0,042915
36,45;-0,042915
36,451667;-0,042915
36,453333;-0,042915
36,455;-0,042915
36,456667;-0,042915
36,458333;-0,042915
36,46;-0,042915
36,461667;-0,042915
36,463333;-0,042915
36,465;-0,042915
36,466667;-0,042915
36,468333;-0,042915
36,47;-0,042915
36,471667;-0,042915
36,473333;-0,042915
36,475;-0,042915
36,476667;-0,042915
36,478333;-0,042915
36,48;-0,042915
36,481667;-0,042915
36,483333;-0,042915
36,485;-0,042915
36,486667;-0,042915
36,488333;-0,042915
36,49;-0,042915
36,491667;-0,042915
36,493333;-0,042915
36,495;-0,042915
36,496667;-0,042915
36,498333;-0,042915
36,5;-0,042915
36,501667;-0,042915
36,503333;-0,042915
36,505;-0,042915
36,506667;-0,042915
36,508333;-0,042915
36,51;-0,042915
36,511667;-0,042915
36,513333;-0,042915
36,515;-0,042915
36,516667;-0,042915
36,518333;-0,042915
36,52;-0,042915
36,521667;-0,042915
36,523333;-0,042915
36,525;-0,042915
36,526667;-0,042915
36,528333;-0,042915
36,53;-0,042915
36,531667;-0,042915
36,533333;-0,042915
36,535;-0,042915
36,536667;-0,042915
36,538333;-0,042915
36,54;-0,042915
36,541667;-0,042915
36,543333;-0,042915
36,545;-0,042915
36,546667;-0,042915
36,548333;-0,042915
36,55;-0,042915
36,551667;-0,042915
36,553333;-0,042915
36,555;-0,042915
36,556667;-0,042915
36,558333;-0,042915
36,56;-0,042915
36,561667;-0,042915
36,563333;-0,042915
36,565;-0,042915
36,566667;-0,042915
36,568333;-0,042915
36,57;-0,042915
36,571667;-0,042915
36,573333;-0,042915
36,575;-0,042915
36,576667;-0,042915
36,578333;-0,042915
36,58;-0,042915
36,581667;-0,042915
36,583333;-0,042915
36,585;-0,042915
36,586667;-0,042915
36,588333;-0,042915
36,59;-0,042915
36,591667;-0,042915
36,593333;-0,042915
36,595;-0,042915
36,596667;-0,042915
36,598333;-0,042915
36,6;-0,042915
36,601667;-0,042915
36,603333;-0,042915
36,605;-0,042915
36,606667;-0,042915
36,608333;-0,042915
36,61;-0,042915
36,611667;-0,042915
36,613333;-0,042915
36,615;-0,042915
36,616667;-0,042915
36,618333;-0,042915
36,62;-0,042915
36,621667;-0,042915
36,623333;-0,042915
36,625;-0,042915
36,626667;-0,045776
36,628333;-0,045776
36,63;-0,045776
36,631667;-0,045776
36,633333;-0,045776
36,635;-0,045776
36,636667;-0,045776
36,638333;-0,045776
36,64;-0,045776
36,641667;-0,045776
36,643333;-0,045776
36,645;-0,045776
36,646667;-0,045776
36,648333;-0,045776
36,65;-0,045776
36,651667;-0,042915
36,653333;-0,042915
36,655;-0,042915
36,656667;-0,042915
36,658333;-0,042915
36,66;-0,042915
36,661667;-0,045776
36,663333;-0,045776
36,665;-0,045776
36,666667;-0,045776
36,668333;-0,042915
36,67;-0,042915
36,671667;-0,042915
36,673333;-0,042915
36,675;-0,042915
36,676667;-0,042915
36,678333;-0,042915
36,68;-0,042915
36,681667;-0,042915
36,683333;-0,042915
36,685;-0,042915
36,686667;-0,042915
36,688333;-0,042915
36,69;-0,042915
36,691667;-0,042915
36,693333;-0,042915
36,695;-0,042915
36,696667;-0,042915
36,698333;-0,042915
36,7;-0,042915
36,701667;-0,042915
36,703333;-0,042915
36,705;-0,042915
36,706667;-0,042915
36,708333;-0,042915
36,71;-0,042915
36,711667;-0,042915
36,713333;-0,042915
36,715;-0,042915
36,716667;-0,042915
36,718333;-0,042915
36,72;-0,042915
36,721667;-0,042915
36,723333;-0,042915
36,725;-0,042915
36,726667;-0,042915
36,728333;-0,042915
36,73;-0,042915
36,731667;-0,042915
36,733333;-0,042915
36,735;-0,042915
36,736667;-0,042915
36,738333;-0,042915
36,74;-0,042915
36,741667;-0,042915
36,743333;-0,042915
36,745;-0,042915
36,746667;-0,042915
36,748333;-0,042915
36,75;-0,042915
36,751667;-0,042915
36,753333;-0,042915
36,755;-0,042915
36,756667;-0,042915
36,758333;-0,042915
36,76;-0,042915
36,761667;-0,042915
36,763333;-0,042915
36,765;-0,042915
36,766667;-0,042915
36,768333;-0,042915
36,77;-0,042915
36,771667;-0,042915
36,773333;-0,042915
36,775;-0,042915
36,776667;-0,042915
36,778333;-0,042915
36,78;-0,042915
36,781667;-0,042915
36,783333;-0,042915
36,785;-0,042915
36,786667;-0,042915
36,788333;-0,042915
36,79;-0,042915
36,791667;-0,042915
36,793333;-0,042915
36,795;-0,042915
36,796667;-0,042915
36,798333;-0,042915
36,8;-0,042915
36,801667;-0,042915
36,803333;-0,042915
36,805;-0,042915
36,806667;-0,042915
36,808333;-0,042915
36,81;-0,042915
36,811667;-0,042915
36,813333;-0,042915
36,815;-0,042915
36,816667;-0,042915
36,818333;-0,042915
36,82;-0,042915
36,821667;-0,042915
36,823333;-0,042915
36,825;-0,042915
36,826667;-0,042915
36,828333;-0,042915
36,83;-0,042915
36,831667;-0,042915
36,833333;-0,042915
36,835;-0,042915
36,836667;-0,042915
36,838333;-0,042915
36,84;-0,042915
36,841667;-0,042915
36,843333;-0,042915
36,845;-0,042915
36,846667;-0,042915
36,848333;-0,042915
36,85;-0,042915
36,851667;-0,042915
36,853333;-0,042915
36,855;-0,042915
36,856667;-0,042915
36,858333;-0,042915
36,86;-0,042915
36,861667;-0,042915
36,863333;-0,042915
36,865;-0,042915
36,866667;-0,042915
36,868333;-0,042915
36,87;-0,042915
36,871667;-0,042915
36,873333;-0,042915
36,875;-0,045776
36,876667;-0,045776
36,878333;-0,045776
36,88;-0,042915
36,881667;-0,042915
36,883333;-0,042915
36,885;-0,042915
36,886667;-0,042915
36,888333;-0,042915
36,89;-0,042915
36,891667;-0,042915
36,893333;-0,042915
36,895;-0,042915
36,896667;-0,042915
36,898333;-0,042915
36,9;-0,042915
36,901667;-0,042915
36,903333;-0,042915
36,905;-0,042915
36,906667;-0,042915
36,908333;-0,042915
36,91;-0,042915
36,911667;-0,042915
36,913333;-0,042915
36,915;-0,042915
36,916667;-0,042915
36,918333;-0,042915
36,92;-0,042915
36,921667;-0,042915
36,923333;-0,042915
36,925;-0,042915
36,926667;-0,042915
36,928333;-0,042915
36,93;-0,042915
36,931667;-0,042915
36,933333;-0,042915
36,935;-0,042915
36,936667;-0,042915
36,938333;-0,042915
36,94;-0,042915
36,941667;-0,042915
36,943333;-0,042915
36,945;-0,042915
36,946667;-0,042915
36,948333;-0,042915
36,95;-0,042915
36,951667;-0,042915
36,953333;-0,042915
36,955;-0,042915
36,956667;-0,042915
36,958333;-0,042915
36,96;-0,042915
36,961667;-0,042915
36,963333;-0,042915
36,965;-0,042915
36,966667;-0,042915
36,968333;-0,042915
36,97;-0,042915
36,971667;-0,042915
36,973333;-0,042915
36,975;-0,042915
36,976667;-0,042915
36,978333;-0,042915
36,98;-0,042915
36,981667;-0,042915
36,983333;-0,042915
36,985;-0,042915
36,986667;-0,042915
36,988333;-0,042915
36,99;-0,042915
36,991667;-0,042915
36,993333;-0,042915
36,995;-0,042915
36,996667;-0,042915
36,998333;-0,042915
37;-0,042915
37,001667;-0,042915
37,003333;-0,042915
37,005;-0,042915
37,006667;-0,042915
37,008333;-0,042915
37,01;-0,042915
37,011667;-0,042915
37,013333;-0,042915
37,015;-0,042915
37,016667;-0,042915
37,018333;-0,042915
37,02;-0,042915
37,021667;-0,042915
37,023333;-0,042915
37,025;-0,042915
37,026667;-0,042915
37,028333;-0,042915
37,03;-0,042915
37,031667;-0,042915
37,033333;-0,042915
37,035;-0,042915
37,036667;-0,042915
37,038333;-0,042915
37,04;-0,042915
37,041667;-0,042915
37,043333;-0,042915
37,045;-0,042915
37,046667;-0,042915
37,048333;-0,042915
37,05;-0,042915
37,051667;-0,042915
37,053333;-0,042915
37,055;-0,042915
37,056667;-0,042915
37,058333;-0,042915
37,06;-0,042915
37,061667;-0,042915
37,063333;-0,042915
37,065;-0,042915
37,066667;-0,042915
37,068333;-0,042915
37,07;-0,042915
37,071667;-0,042915
37,073333;-0,042915
37,075;-0,042915
37,076667;-0,042915
37,078333;-0,042915
37,08;-0,042915
37,081667;-0,042915
37,083333;-0,042915
37,085;-0,042915
37,086667;-0,042915
37,088333;-0,042915
37,09;-0,042915
37,091667;-0,042915
37,093333;-0,042915
37,095;-0,042915
37,096667;-0,042915
37,098333;-0,042915
37,1;-0,042915
37,101667;-0,042915
37,103333;-0,042915
37,105;-0,042915
37,106667;-0,042915
37,108333;-0,042915
37,11;-0,042915
37,111667;-0,042915
37,113333;-0,042915
37,115;-0,042915
37,116667;-0,042915
37,118333;-0,042915
37,12;-0,042915
37,121667;-0,042915
37,123333;-0,042915
37,125;-0,042915
37,126667;-0,042915
37,128333;-0,042915
37,13;-0,040054
37,131667;-0,040054
37,133333;-0,040054
37,135;-0,040054
37,136667;-0,040054
37,138333;-0,040054
37,14;-0,040054
37,141667;-0,040054
37,143333;-0,042915
37,145;-0,042915
37,146667;-0,042915
37,148333;-0,042915
37,15;-0,042915
37,151667;-0,042915
37,153333;-0,042915
37,155;-0,042915
37,156667;-0,042915
37,158333;-0,042915
37,16;-0,042915
37,161667;-0,042915
37,163333;-0,042915
37,165;-0,042915
37,166667;-0,042915
37,168333;-0,042915
37,17;-0,042915
37,171667;-0,042915
37,173333;-0,042915
37,175;-0,042915
37,176667;-0,042915
37,178333;-0,042915
37,18;-0,042915
37,181667;-0,042915
37,183333;-0,042915
37,185;-0,042915
37,186667;-0,042915
37,188333;-0,040054
37,19;-0,040054
37,191667;-0,040054
37,193333;-0,040054
37,195;-0,040054
37,196667;-0,040054
37,198333;-0,040054
37,2;-0,040054
37,201667;-0,040054
37,203333;-0,042915
37,205;-0,042915
37,206667;-0,042915
37,208333;-0,042915
37,21;-0,042915
37,211667;-0,042915
37,213333;-0,042915
37,215;-0,042915
37,216667;-0,042915
37,218333;-0,042915
37,22;-0,042915
37,221667;-0,042915
37,223333;-0,042915
37,225;-0,042915
37,226667;-0,042915
37,228333;-0,042915
37,23;-0,042915
37,231667;-0,040054
37,233333;-0,040054
37,235;-0,040054
37,236667;-0,040054
37,238333;-0,040054
37,24;-0,040054
37,241667;-0,042915
37,243333;-0,042915
37,245;-0,042915
37,246667;-0,042915
37,248333;-0,042915
37,25;-0,042915
37,251667;-0,042915
37,253333;-0,042915
37,255;-0,042915
37,256667;-0,042915
37,258333;-0,042915
37,26;-0,042915
37,261667;-0,042915
37,263333;-0,042915
37,265;-0,042915
37,266667;-0,042915
37,268333;-0,042915
37,27;-0,042915
37,271667;-0,042915
37,273333;-0,042915
37,275;-0,042915
37,276667;-0,042915
37,278333;-0,042915
37,28;-0,042915
37,281667;-0,042915
37,283333;-0,042915
37,285;-0,042915
37,286667;-0,042915
37,288333;-0,042915
37,29;-0,042915
37,291667;-0,042915
37,293333;-0,042915
37,295;-0,042915
37,296667;-0,042915
37,298333;-0,042915
37,3;-0,042915
37,301667;-0,042915
37,303333;-0,042915
37,305;-0,042915
37,306667;-0,042915
37,308333;-0,042915
37,31;-0,042915
37,311667;-0,042915
37,313333;-0,042915
37,315;-0,042915
37,316667;-0,042915
37,318333;-0,042915
37,32;-0,042915
37,321667;-0,042915
37,323333;-0,042915
37,325;-0,042915
37,326667;-0,042915
37,328333;-0,042915
37,33;-0,042915
37,331667;-0,042915
37,333333;-0,042915
37,335;-0,042915
37,336667;-0,042915
37,338333;-0,042915
37,34;-0,042915
37,341667;-0,042915
37,343333;-0,042915
37,345;-0,042915
37,346667;-0,042915
37,348333;-0,042915
37,35;-0,042915
37,351667;-0,042915
37,353333;-0,042915
37,355;-0,042915
37,356667;-0,042915
37,358333;-0,042915
37,36;-0,042915
37,361667;-0,042915
37,363333;-0,042915
37,365;-0,042915
37,366667;-0,042915
37,368333;-0,042915
37,37;-0,042915
37,371667;-0,042915
37,373333;-0,042915
37,375;-0,042915
37,376667;-0,042915
37,378333;-0,042915
37,38;-0,042915
37,381667;-0,042915
37,383333;-0,042915
37,385;-0,042915
37,386667;-0,042915
37,388333;-0,042915
37,39;-0,042915
37,391667;-0,042915
37,393333;-0,042915
37,395;-0,042915
37,396667;-0,042915
37,398333;-0,042915
37,4;-0,042915
37,401667;-0,042915
37,403333;-0,042915
37,405;-0,042915
37,406667;-0,042915
37,408333;-0,042915
37,41;-0,042915
37,411667;-0,042915
37,413333;-0,042915
37,415;-0,042915
37,416667;-0,042915
37,418333;-0,042915
37,42;-0,042915
37,421667;-0,042915
37,423333;-0,042915
37,425;-0,042915
37,426667;-0,042915
37,428333;-0,042915
37,43;-0,042915
37,431667;-0,042915
37,433333;-0,042915
37,435;-0,042915
37,436667;-0,042915
37,438333;-0,042915
37,44;-0,042915
37,441667;-0,042915
37,443333;-0,042915
37,445;-0,042915
37,446667;-0,042915
37,448333;-0,042915
37,45;-0,042915
37,451667;-0,042915
37,453333;-0,042915
37,455;-0,042915
37,456667;-0,042915
37,458333;-0,042915
37,46;-0,042915
37,461667;-0,042915
37,463333;-0,042915
37,465;-0,042915
37,466667;-0,042915
37,468333;-0,042915
37,47;-0,042915
37,471667;-0,042915
37,473333;-0,042915
37,475;-0,042915
37,476667;-0,042915
37,478333;-0,042915
37,48;-0,042915
37,481667;-0,042915
37,483333;-0,042915
37,485;-0,042915
37,486667;-0,042915
37,488333;-0,042915
37,49;-0,042915
37,491667;-0,042915
37,493333;-0,042915
37,495;-0,042915
37,496667;-0,042915
37,498333;-0,042915
37,5;-0,042915
37,501667;-0,042915
37,503333;-0,042915
37,505;-0,042915
37,506667;-0,042915
37,508333;-0,042915
37,51;-0,042915
37,511667;-0,042915
37,513333;-0,042915
37,515;-0,042915
37,516667;-0,042915
37,518333;-0,042915
37,52;-0,045776
37,521667;-0,045776
37,523333;-0,045776
37,525;-0,045776
37,526667;-0,045776
37,528333;-0,045776
37,53;-0,045776
37,531667;-0,045776
37,533333;-0,045776
37,535;-0,042915
37,536667;-0,042915
37,538333;-0,042915
37,54;-0,042915
37,541667;-0,042915
37,543333;-0,042915
37,545;-0,042915
37,546667;-0,042915
37,548333;-0,042915
37,55;-0,042915
37,551667;-0,042915
37,553333;-0,042915
37,555;-0,042915
37,556667;-0,042915
37,558333;-0,042915
37,56;-0,042915
37,561667;-0,042915
37,563333;-0,042915
37,565;-0,042915
37,566667;-0,042915
37,568333;-0,042915
37,57;-0,042915
37,571667;-0,042915
37,573333;-0,042915
37,575;-0,045776
37,576667;-0,045776
37,578333;-0,045776
37,58;-0,045776
37,581667;-0,045776
37,583333;-0,042915
37,585;-0,042915
37,586667;-0,042915
37,588333;-0,042915
37,59;-0,042915
37,591667;-0,042915
37,593333;-0,042915
37,595;-0,042915
37,596667;-0,042915
37,598333;-0,042915
37,6;-0,042915
37,601667;-0,042915
37,603333;-0,042915
37,605;-0,042915
37,606667;-0,042915
37,608333;-0,042915
37,61;-0,042915
37,611667;-0,042915
37,613333;-0,042915
37,615;-0,042915
37,616667;-0,042915
37,618333;-0,042915
37,62;-0,042915
37,621667;-0,042915
37,623333;-0,042915
37,625;-0,042915
37,626667;-0,042915
37,628333;-0,042915
37,63;-0,042915
37,631667;-0,042915
37,633333;-0,042915
37,635;-0,042915
37,636667;-0,042915
37,638333;-0,042915
37,64;-0,042915
37,641667;-0,042915
37,643333;-0,042915
37,645;-0,042915
37,646667;-0,042915
37,648333;-0,042915
37,65;-0,042915
37,651667;-0,042915
37,653333;-0,042915
37,655;-0,042915
37,656667;-0,042915
37,658333;-0,042915
37,66;-0,042915
37,661667;-0,042915
37,663333;-0,042915
37,665;-0,042915
37,666667;-0,042915
37,668333;-0,042915
37,67;-0,042915
37,671667;-0,042915
37,673333;-0,042915
37,675;-0,042915
37,676667;-0,042915
37,678333;-0,042915
37,68;-0,042915
37,681667;-0,042915
37,683333;-0,042915
37,685;-0,042915
37,686667;-0,042915
37,688333;-0,042915
37,69;-0,042915
37,691667;-0,042915
37,693333;-0,042915
37,695;-0,042915
37,696667;-0,042915
37,698333;-0,042915
37,7;-0,042915
37,701667;-0,042915
37,703333;-0,042915
37,705;-0,042915
37,706667;-0,042915
37,708333;-0,042915
37,71;-0,042915
37,711667;-0,042915
37,713333;-0,042915
37,715;-0,042915
37,716667;-0,042915
37,718333;-0,042915
37,72;-0,042915
37,721667;-0,042915
37,723333;-0,042915
37,725;-0,042915
37,726667;-0,042915
37,728333;-0,042915
37,73;-0,042915
37,731667;-0,042915
37,733333;-0,042915
37,735;-0,042915
37,736667;-0,042915
37,738333;-0,042915
37,74;-0,042915
37,741667;-0,042915
37,743333;-0,042915
37,745;-0,042915
37,746667;-0,042915
37,748333;-0,042915
37,75;-0,042915
37,751667;-0,042915
37,753333;-0,042915
37,755;-0,042915
37,756667;-0,042915
37,758333;-0,042915
37,76;-0,042915
37,761667;-0,042915
37,763333;-0,042915
37,765;-0,042915
37,766667;-0,042915
37,768333;-0,042915
37,77;-0,042915
37,771667;-0,042915
37,773333;-0,042915
37,775;-0,042915
37,776667;-0,042915
37,778333;-0,042915
37,78;-0,042915
37,781667;-0,042915
37,783333;-0,042915
37,785;-0,042915
37,786667;-0,042915
37,788333;-0,042915
37,79;-0,042915
37,791667;-0,042915
37,793333;-0,042915
37,795;-0,042915
37,796667;-0,042915
37,798333;-0,042915
37,8;-0,042915
37,801667;-0,042915
37,803333;-0,042915
37,805;-0,042915
37,806667;-0,042915
37,808333;-0,042915
37,81;-0,042915
37,811667;-0,042915
37,813333;-0,042915
37,815;-0,042915
37,816667;-0,042915
37,818333;-0,042915
37,82;-0,042915
37,821667;-0,042915
37,823333;-0,042915
37,825;-0,042915
37,826667;-0,042915
37,828333;-0,042915
37,83;-0,042915
37,831667;-0,042915
37,833333;-0,042915
37,835;-0,042915
37,836667;-0,042915
37,838333;-0,042915
37,84;-0,042915
37,841667;-0,045776
37,843333;-0,045776
37,845;-0,045776
37,846667;-0,045776
37,848333;-0,045776
37,85;-0,045776
37,851667;-0,042915
37,853333;-0,042915
37,855;-0,042915
37,856667;-0,042915
37,858333;-0,042915
37,86;-0,042915
37,861667;-0,042915
37,863333;-0,042915
37,865;-0,042915
37,866667;-0,042915
37,868333;-0,042915
37,87;-0,042915
37,871667;-0,042915
37,873333;-0,042915
37,875;-0,042915
37,876667;-0,042915
37,878333;-0,042915
37,88;-0,042915
37,881667;-0,042915
37,883333;-0,042915
37,885;-0,042915
37,886667;-0,042915
37,888333;-0,042915
37,89;-0,042915
37,891667;-0,042915
37,893333;-0,042915
37,895;-0,042915
37,896667;-0,042915
37,898333;-0,042915
37,9;-0,042915
37,901667;-0,042915
37,903333;-0,042915
37,905;-0,042915
37,906667;-0,042915
37,908333;-0,045776
37,91;-0,045776
37,911667;-0,045776
37,913333;-0,045776
37,915;-0,042915
37,916667;-0,042915
37,918333;-0,042915
37,92;-0,042915
37,921667;-0,042915
37,923333;-0,042915
37,925;-0,042915
37,926667;-0,042915
37,928333;-0,042915
37,93;-0,042915
37,931667;-0,042915
37,933333;-0,042915
37,935;-0,042915
37,936667;-0,042915
37,938333;-0,042915
37,94;-0,042915
37,941667;-0,042915
37,943333;-0,042915
37,945;-0,042915
37,946667;-0,042915
37,948333;-0,042915
37,95;-0,042915
37,951667;-0,042915
37,953333;-0,042915
37,955;-0,042915
37,956667;-0,042915
37,958333;-0,042915
37,96;-0,042915
37,961667;-0,042915
37,963333;-0,042915
37,965;-0,042915
37,966667;-0,042915
37,968333;-0,042915
37,97;-0,042915
37,971667;-0,042915
37,973333;-0,042915
37,975;-0,042915
37,976667;-0,042915
37,978333;-0,042915
37,98;-0,042915
37,981667;-0,042915
37,983333;-0,042915
37,985;-0,042915
37,986667;-0,042915
37,988333;-0,042915
37,99;-0,042915
37,991667;-0,042915
37,993333;-0,042915
37,995;-0,042915
37,996667;-0,042915
37,998333;-0,042915
38;-0,042915
38,001667;-0,042915
38,003333;-0,042915
38,005;-0,042915
38,006667;-0,042915
38,008333;-0,042915
38,01;-0,042915
38,011667;-0,042915
38,013333;-0,042915
38,015;-0,042915
38,016667;-0,042915
38,018333;-0,042915
38,02;-0,042915
38,021667;-0,042915
38,023333;-0,042915
38,025;-0,042915
38,026667;-0,042915
38,028333;-0,042915
38,03;-0,042915
38,031667;-0,042915
38,033333;-0,042915
38,035;-0,042915
38,036667;-0,042915
38,038333;-0,042915
38,04;-0,042915
38,041667;-0,042915
38,043333;-0,042915
38,045;-0,042915
38,046667;-0,042915
38,048333;-0,042915
38,05;-0,042915
38,051667;-0,042915
38,053333;-0,042915
38,055;-0,042915
38,056667;-0,042915
38,058333;-0,042915
38,06;-0,042915
38,061667;-0,042915
38,063333;-0,042915
38,065;-0,040054
38,066667;-0,040054
38,068333;-0,040054
38,07;-0,040054
38,071667;-0,040054
38,073333;-0,040054
38,075;-0,040054
38,076667;-0,042915
38,078333;-0,042915
38,08;-0,042915
38,081667;-0,042915
38,083333;-0,042915
38,085;-0,042915
38,086667;-0,042915
38,088333;-0,042915
38,09;-0,042915
38,091667;-0,042915
38,093333;-0,042915
38,095;-0,040054
38,096667;-0,040054
38,098333;-0,042915
38,1;-0,040054
38,101667;-0,040054
38,103333;-0,040054
38,105;-0,040054
38,106667;-0,040054
38,108333;-0,040054
38,11;-0,040054
38,111667;-0,040054
38,113333;-0,040054
38,115;-0,040054
38,116667;-0,040054
38,118333;-0,040054
38,12;-0,040054
38,121667;-0,040054
38,123333;-0,040054
38,125;-0,040054
38,126667;-0,040054
38,128333;-0,040054
38,13;-0,040054
38,131667;-0,040054
38,133333;-0,040054
38,135;-0,040054
38,136667;-0,040054
38,138333;-0,040054
38,14;-0,042915
38,141667;-0,042915
38,143333;-0,042915
38,145;-0,042915
38,146667;-0,042915
38,148333;-0,040054
38,15;-0,040054
38,151667;-0,040054
38,153333;-0,040054
38,155;-0,040054
38,156667;-0,040054
38,158333;-0,040054
38,16;-0,040054
38,161667;-0,040054
38,163333;-0,040054
38,165;-0,040054
38,166667;-0,040054
38,168333;-0,042915
38,17;-0,042915
38,171667;-0,042915
38,173333;-0,040054
38,175;-0,040054
38,176667;-0,040054
38,178333;-0,040054
38,18;-0,040054
38,181667;-0,042915
38,183333;-0,042915
38,185;-0,042915
38,186667;-0,042915
38,188333;-0,042915
38,19;-0,042915
38,191667;-0,042915
38,193333;-0,042915
38,195;-0,042915
38,196667;-0,042915
38,198333;-0,042915
38,2;-0,042915
38,201667;-0,042915
38,203333;-0,042915
38,205;-0,042915
38,206667;-0,042915
38,208333;-0,042915
38,21;-0,042915
38,211667;-0,042915
38,213333;-0,042915
38,215;-0,042915
38,216667;-0,042915
38,218333;-0,042915
38,22;-0,042915
38,221667;-0,042915
38,223333;-0,042915
38,225;-0,042915
38,226667;-0,042915
38,228333;-0,042915
38,23;-0,042915
38,231667;-0,042915
38,233333;-0,042915
38,235;-0,042915
38,236667;-0,042915
38,238333;-0,042915
38,24;-0,042915
38,241667;-0,042915
38,243333;-0,042915
38,245;-0,042915
38,246667;-0,042915
38,248333;-0,042915
38,25;-0,042915
38,251667;-0,042915
38,253333;-0,042915
38,255;-0,042915
38,256667;-0,042915
38,258333;-0,042915
38,26;-0,042915
38,261667;-0,042915
38,263333;-0,042915
38,265;-0,042915
38,266667;-0,042915
38,268333;-0,042915
38,27;-0,042915
38,271667;-0,042915
38,273333;-0,042915
38,275;-0,042915
38,276667;-0,042915
38,278333;-0,042915
38,28;-0,042915
38,281667;-0,042915
38,283333;-0,042915
38,285;-0,042915
38,286667;-0,042915
38,288333;-0,042915
38,29;-0,042915
38,291667;-0,042915
38,293333;-0,042915
38,295;-0,042915
38,296667;-0,042915
38,298333;-0,042915
38,3;-0,042915
38,301667;-0,042915
38,303333;-0,042915
38,305;-0,042915
38,306667;-0,042915
38,308333;-0,042915
38,31;-0,042915
38,311667;-0,042915
38,313333;-0,042915
38,315;-0,042915
38,316667;-0,042915
38,318333;-0,042915
38,32;-0,042915
38,321667;-0,042915
38,323333;-0,042915
38,325;-0,042915
38,326667;-0,042915
38,328333;-0,042915
38,33;-0,042915
38,331667;-0,042915
38,333333;-0,042915
38,335;-0,042915
38,336667;-0,042915
38,338333;-0,042915
38,34;-0,042915
38,341667;-0,042915
38,343333;-0,042915
38,345;-0,042915
38,346667;-0,042915
38,348333;-0,042915
38,35;-0,042915
38,351667;-0,042915
38,353333;-0,042915
38,355;-0,042915
38,356667;-0,042915
38,358333;-0,042915
38,36;-0,042915
38,361667;-0,042915
38,363333;-0,042915
38,365;-0,042915
38,366667;-0,040054
38,368333;-0,040054
38,37;-0,040054
38,371667;-0,040054
38,373333;-0,040054
38,375;-0,040054
38,376667;-0,040054
38,378333;-0,040054
38,38;-0,040054
38,381667;-0,040054
38,383333;-0,040054
38,385;-0,040054
38,386667;-0,040054
38,388333;-0,040054
38,39;-0,040054
38,391667;-0,040054
38,393333;-0,040054
38,395;-0,040054
38,396667;-0,040054
38,398333;-0,040054
38,4;-0,040054
38,401667;-0,040054
38,403333;-0,040054
38,405;-0,040054
38,406667;-0,040054
38,408333;-0,040054
38,41;-0,040054
38,411667;-0,040054
38,413333;-0,040054
38,415;-0,040054
38,416667;-0,040054
38,418333;-0,040054
38,42;-0,040054
38,421667;-0,040054
38,423333;-0,040054
38,425;-0,040054
38,426667;-0,040054
38,428333;-0,040054
38,43;-0,040054
38,431667;-0,040054
38,433333;-0,040054
38,435;-0,040054
38,436667;-0,040054
38,438333;-0,040054
38,44;-0,040054
38,441667;-0,040054
38,443333;-0,040054
38,445;-0,040054
38,446667;-0,040054
38,448333;-0,042915
38,45;-0,042915
38,451667;-0,042915
38,453333;-0,040054
38,455;-0,040054
38,456667;-0,040054
38,458333;-0,040054
38,46;-0,040054
38,461667;-0,040054
38,463333;-0,040054
38,465;-0,040054
38,466667;-0,040054
38,468333;-0,042915
38,47;-0,042915
38,471667;-0,042915
38,473333;-0,042915
38,475;-0,042915
38,476667;-0,042915
38,478333;-0,042915
38,48;-0,042915
38,481667;-0,042915
38,483333;-0,042915
38,485;-0,042915
38,486667;-0,042915
38,488333;-0,042915
38,49;-0,042915
38,491667;-0,042915
38,493333;-0,042915
38,495;-0,042915
38,496667;-0,042915
38,498333;-0,042915
38,5;-0,042915
38,501667;-0,042915
38,503333;-0,042915
38,505;-0,042915
38,506667;-0,042915
38,508333;-0,042915
38,51;-0,042915
38,511667;-0,042915
38,513333;-0,042915
38,515;-0,042915
38,516667;-0,042915
38,518333;-0,042915
38,52;-0,042915
38,521667;-0,042915
38,523333;-0,042915
38,525;-0,042915
38,526667;-0,042915
38,528333;-0,042915
38,53;-0,042915
38,531667;-0,042915
38,533333;-0,042915
38,535;-0,042915
38,536667;-0,042915
38,538333;-0,042915
38,54;-0,042915
38,541667;-0,042915
38,543333;-0,042915
38,545;-0,042915
38,546667;-0,042915
38,548333;-0,042915
38,55;-0,042915
38,551667;-0,042915
38,553333;-0,042915
38,555;-0,042915
38,556667;-0,042915
38,558333;-0,042915
38,56;-0,042915
38,561667;-0,042915
38,563333;-0,042915
38,565;-0,042915
38,566667;-0,042915
38,568333;-0,042915
38,57;-0,042915
38,571667;-0,042915
38,573333;-0,042915
38,575;-0,042915
38,576667;-0,042915
38,578333;-0,042915
38,58;-0,042915
38,581667;-0,042915
38,583333;-0,042915
38,585;-0,042915
38,586667;-0,042915
38,588333;-0,042915
38,59;-0,042915
38,591667;-0,042915
38,593333;-0,042915
38,595;-0,042915
38,596667;-0,042915
38,598333;-0,042915
38,6;-0,042915
38,601667;-0,042915
38,603333;-0,042915
38,605;-0,042915
38,606667;-0,042915
38,608333;-0,042915
38,61;-0,042915
38,611667;-0,042915
38,613333;-0,042915
38,615;-0,042915
38,616667;-0,042915
38,618333;-0,042915
38,62;-0,042915
38,621667;-0,042915
38,623333;-0,042915
38,625;-0,042915
38,626667;-0,042915
38,628333;-0,042915
38,63;-0,042915
38,631667;-0,042915
38,633333;-0,042915
38,635;-0,042915
38,636667;-0,042915
38,638333;-0,042915
38,64;-0,042915
38,641667;-0,042915
38,643333;-0,042915
38,645;-0,042915
38,646667;-0,042915
38,648333;-0,042915
38,65;-0,042915
38,651667;-0,042915
38,653333;-0,042915
38,655;-0,042915
38,656667;-0,042915
38,658333;-0,042915
38,66;-0,042915
38,661667;-0,042915
38,663333;-0,042915
38,665;-0,042915
38,666667;-0,042915
38,668333;-0,042915
38,67;-0,042915
38,671667;-0,042915
38,673333;-0,042915
38,675;-0,042915
38,676667;-0,042915
38,678333;-0,042915
38,68;-0,042915
38,681667;-0,042915
38,683333;-0,042915
38,685;-0,042915
38,686667;-0,042915
38,688333;-0,042915
38,69;-0,042915
38,691667;-0,042915
38,693333;-0,042915
38,695;-0,042915
38,696667;-0,042915
38,698333;-0,042915
38,7;-0,042915
38,701667;-0,042915
38,703333;-0,042915
38,705;-0,042915
38,706667;-0,042915
38,708333;-0,042915
38,71;-0,042915
38,711667;-0,042915
38,713333;-0,042915
38,715;-0,042915
38,716667;-0,042915
38,718333;-0,042915
38,72;-0,042915
38,721667;-0,042915
38,723333;-0,042915
38,725;-0,042915
38,726667;-0,042915
38,728333;-0,042915
38,73;-0,042915
38,731667;-0,042915
38,733333;-0,042915
38,735;-0,042915
38,736667;-0,042915
38,738333;-0,042915
38,74;-0,042915
38,741667;-0,042915
38,743333;-0,042915
38,745;-0,042915
38,746667;-0,042915
38,748333;-0,042915
38,75;-0,042915
38,751667;-0,042915
38,753333;-0,042915
38,755;-0,042915
38,756667;-0,042915
38,758333;-0,042915
38,76;-0,042915
38,761667;-0,042915
38,763333;-0,042915
38,765;-0,042915
38,766667;-0,042915
38,768333;-0,042915
38,77;-0,042915
38,771667;-0,042915
38,773333;-0,042915
38,775;-0,042915
38,776667;-0,042915
38,778333;-0,042915
38,78;-0,042915
38,781667;-0,042915
38,783333;-0,042915
38,785;-0,042915
38,786667;-0,042915
38,788333;-0,042915
38,79;-0,042915
38,791667;-0,042915
38,793333;-0,042915
38,795;-0,042915
38,796667;-0,042915
38,798333;-0,042915
38,8;-0,042915
38,801667;-0,042915
38,803333;-0,042915
38,805;-0,042915
38,806667;-0,042915
38,808333;-0,042915
38,81;-0,042915
38,811667;-0,042915
38,813333;-0,042915
38,815;-0,045776
38,816667;-0,045776
38,818333;-0,045776
38,82;-0,045776
38,821667;-0,045776
38,823333;-0,045776
38,825;-0,045776
38,826667;-0,045776
38,828333;-0,045776
38,83;-0,045776
38,831667;-0,045776
38,833333;-0,045776
38,835;-0,045776
38,836667;-0,045776
38,838333;-0,045776
38,84;-0,045776
38,841667;-0,042915
38,843333;-0,042915
38,845;-0,042915
38,846667;-0,042915
38,848333;-0,042915
38,85;-0,042915
38,851667;-0,042915
38,853333;-0,042915
38,855;-0,042915
38,856667;-0,042915
38,858333;-0,042915
38,86;-0,042915
38,861667;-0,042915
38,863333;-0,042915
38,865;-0,042915
38,866667;-0,042915
38,868333;-0,042915
38,87;-0,042915
38,871667;-0,042915
38,873333;-0,042915
38,875;-0,042915
38,876667;-0,042915
38,878333;-0,042915
38,88;-0,042915
38,881667;-0,042915
38,883333;-0,042915
38,885;-0,042915
38,886667;-0,042915
38,888333;-0,042915
38,89;-0,042915
38,891667;-0,042915
38,893333;-0,042915
38,895;-0,042915
38,896667;-0,042915
38,898333;-0,042915
38,9;-0,042915
38,901667;-0,042915
38,903333;-0,040054
38,905;-0,040054
38,906667;-0,040054
38,908333;-0,040054
38,91;-0,040054
38,911667;-0,040054
38,913333;-0,040054
38,915;-0,040054
38,916667;-0,040054
38,918333;-0,040054
38,92;-0,040054
38,921667;-0,040054
38,923333;-0,040054
38,925;-0,040054
38,926667;-0,040054
38,928333;-0,040054
38,93;-0,040054
38,931667;-0,040054
38,933333;-0,040054
38,935;-0,040054
38,936667;-0,040054
38,938333;-0,040054
38,94;-0,040054
38,941667;-0,040054
38,943333;-0,040054
38,945;-0,040054
38,946667;-0,040054
38,948333;-0,040054
38,95;-0,040054
38,951667;-0,040054
38,953333;-0,040054
38,955;-0,040054
38,956667;-0,040054
38,958333;-0,042915
38,96;-0,042915
38,961667;-0,042915
38,963333;-0,042915
38,965;-0,042915
38,966667;-0,042915
38,968333;-0,042915
38,97;-0,042915
38,971667;-0,042915
38,973333;-0,040054
38,975;-0,040054
38,976667;-0,040054
38,978333;-0,040054
38,98;-0,040054
38,981667;-0,040054
38,983333;-0,040054
38,985;-0,040054
38,986667;-0,040054
38,988333;-0,040054
38,99;-0,040054
38,991667;-0,040054
38,993333;-0,040054
38,995;-0,040054
38,996667;-0,040054
38,998333;-0,042915
39;-0,042915
39,001667;-0,042915
39,003333;-0,042915
39,005;-0,042915
39,006667;-0,042915
39,008333;-0,042915
39,01;-0,042915
39,011667;-0,042915
39,013333;-0,042915
39,015;-0,042915
39,016667;-0,042915
39,018333;-0,042915
39,02;-0,042915
39,021667;-0,042915
39,023333;-0,042915
39,025;-0,042915
39,026667;-0,042915
39,028333;-0,042915
39,03;-0,042915
39,031667;-0,042915
39,033333;-0,042915
39,035;-0,042915
39,036667;-0,042915
39,038333;-0,042915
39,04;-0,042915
39,041667;-0,042915
39,043333;-0,042915
39,045;-0,042915
39,046667;-0,042915
39,048333;-0,042915
39,05;-0,042915
39,051667;-0,042915
39,053333;-0,042915
39,055;-0,042915
39,056667;-0,042915
39,058333;-0,042915
39,06;-0,042915
39,061667;-0,042915
39,063333;-0,042915
39,065;-0,042915
39,066667;-0,042915
39,068333;-0,042915
39,07;-0,042915
39,071667;-0,042915
39,073333;-0,042915
39,075;-0,042915
39,076667;-0,042915
39,078333;-0,042915
39,08;-0,042915
39,081667;-0,042915
39,083333;-0,042915
39,085;-0,042915
39,086667;-0,042915
39,088333;-0,042915
39,09;-0,042915
39,091667;-0,042915
39,093333;-0,040054
39,095;-0,040054
39,096667;-0,040054
39,098333;-0,040054
39,1;-0,040054
39,101667;-0,040054
39,103333;-0,040054
39,105;-0,040054
39,106667;-0,040054
39,108333;-0,040054
39,11;-0,040054
39,111667;-0,040054
39,113333;-0,040054
39,115;-0,040054
39,116667;-0,040054
39,118333;-0,040054
39,12;-0,040054
39,121667;-0,040054
39,123333;-0,040054
39,125;-0,040054
39,126667;-0,040054
39,128333;-0,040054
39,13;-0,040054
39,131667;-0,040054
39,133333;-0,040054
39,135;-0,040054
39,136667;-0,040054
39,138333;-0,040054
39,14;-0,042915
39,141667;-0,042915
39,143333;-0,042915
39,145;-0,042915
39,146667;-0,042915
39,148333;-0,042915
39,15;-0,042915
39,151667;-0,042915
39,153333;-0,042915
39,155;-0,042915
39,156667;-0,042915
39,158333;-0,042915
39,16;-0,042915
39,161667;-0,042915
39,163333;-0,042915
39,165;-0,042915
39,166667;-0,042915
39,168333;-0,042915
39,17;-0,042915
39,171667;-0,042915
39,173333;-0,042915
39,175;-0,042915
39,176667;-0,042915
39,178333;-0,042915
39,18;-0,042915
39,181667;-0,042915
39,183333;-0,042915
39,185;-0,042915
39,186667;-0,042915
39,188333;-0,042915
39,19;-0,042915
39,191667;-0,042915
39,193333;-0,042915
39,195;-0,042915
39,196667;-0,042915
39,198333;-0,042915
39,2;-0,042915
39,201667;-0,042915
39,203333;-0,042915
39,205;-0,042915
39,206667;-0,042915
39,208333;-0,042915
39,21;-0,042915
39,211667;-0,042915
39,213333;-0,042915
39,215;-0,042915
39,216667;-0,042915
39,218333;-0,042915
39,22;-0,042915
39,221667;-0,042915
39,223333;-0,042915
39,225;-0,042915
39,226667;-0,042915
39,228333;-0,042915
39,23;-0,042915
39,231667;-0,042915
39,233333;-0,042915
39,235;-0,042915
39,236667;-0,042915
39,238333;-0,042915
39,24;-0,042915
39,241667;-0,042915
39,243333;-0,042915
39,245;-0,042915
39,246667;-0,042915
39,248333;-0,042915
39,25;-0,042915
39,251667;-0,042915
39,253333;-0,042915
39,255;-0,042915
39,256667;-0,042915
39,258333;-0,042915
39,26;-0,042915
39,261667;-0,042915
39,263333;-0,042915
39,265;-0,042915
39,266667;-0,042915
39,268333;-0,042915
39,27;-0,042915
39,271667;-0,042915
39,273333;-0,042915
39,275;-0,042915
39,276667;-0,042915
39,278333;-0,042915
39,28;-0,042915
39,281667;-0,042915
39,283333;-0,042915
39,285;-0,042915
39,286667;-0,042915
39,288333;-0,042915
39,29;-0,042915
39,291667;-0,042915
39,293333;-0,042915
39,295;-0,042915
39,296667;-0,042915
39,298333;-0,042915
39,3;-0,042915
39,301667;-0,042915
39,303333;-0,042915
39,305;-0,042915
39,306667;-0,042915
39,308333;-0,042915
39,31;-0,042915
39,311667;-0,042915
39,313333;-0,042915
39,315;-0,042915
39,316667;-0,042915
39,318333;-0,042915
39,32;-0,042915
39,321667;-0,042915
39,323333;-0,042915
39,325;-0,042915
39,326667;-0,042915
39,328333;-0,042915
39,33;-0,042915
39,331667;-0,042915
39,333333;-0,042915
39,335;-0,042915
39,336667;-0,042915
39,338333;-0,042915
39,34;-0,042915
39,341667;-0,042915
39,343333;-0,042915
39,345;-0,042915
39,346667;-0,042915
39,348333;-0,042915
39,35;-0,042915
39,351667;-0,042915
39,353333;-0,042915
39,355;-0,042915
39,356667;-0,042915
39,358333;-0,042915
39,36;-0,042915
39,361667;-0,042915
39,363333;-0,042915
39,365;-0,042915
39,366667;-0,042915
39,368333;-0,042915
39,37;-0,042915
39,371667;-0,042915
39,373333;-0,042915
39,375;-0,042915
39,376667;-0,042915
39,378333;-0,042915
39,38;-0,042915
39,381667;-0,042915
39,383333;-0,042915
39,385;-0,042915
39,386667;-0,042915
39,388333;-0,042915
39,39;-0,042915
39,391667;-0,045776
39,393333;-0,045776
39,395;-0,045776
39,396667;-0,045776
39,398333;-0,045776
39,4;-0,042915
39,401667;-0,042915
39,403333;-0,042915
39,405;-0,042915
39,406667;-0,042915
39,408333;-0,042915
39,41;-0,042915
39,411667;-0,042915
39,413333;-0,042915
39,415;-0,042915
39,416667;-0,042915
39,418333;-0,042915
39,42;-0,042915
39,421667;-0,042915
39,423333;-0,042915
39,425;-0,042915
39,426667;-0,042915
39,428333;-0,042915
39,43;-0,042915
39,431667;-0,042915
39,433333;-0,042915
39,435;-0,042915
39,436667;-0,042915
39,438333;-0,042915
39,44;-0,042915
39,441667;-0,042915
39,443333;-0,042915
39,445;-0,042915
39,446667;-0,042915
39,448333;-0,045776
39,45;-0,045776
39,451667;-0,045776
39,453333;-0,045776
39,455;-0,045776
39,456667;-0,045776
39,458333;-0,045776
39,46;-0,045776
39,461667;-0,045776
39,463333;-0,045776
39,465;-0,045776
39,466667;-0,045776
39,468333;-0,045776
39,47;-0,045776
39,471667;-0,045776
39,473333;-0,045776
39,475;-0,045776
39,476667;-0,045776
39,478333;-0,045776
39,48;-0,045776
39,481667;-0,045776
39,483333;-0,045776
39,485;-0,045776
39,486667;-0,045776
39,488333;-0,045776
39,49;-0,045776
39,491667;-0,045776
39,493333;-0,045776
39,495;-0,045776
39,496667;-0,045776
39,498333;-0,045776
39,5;-0,045776
39,501667;-0,045776
39,503333;-0,045776
39,505;-0,045776
39,506667;-0,045776
39,508333;-0,045776
39,51;-0,045776
39,511667;-0,045776
39,513333;-0,045776
39,515;-0,045776
39,516667;-0,045776
39,518333;-0,045776
39,52;-0,045776
39,521667;-0,045776
39,523333;-0,045776
39,525;-0,045776
39,526667;-0,045776
39,528333;-0,045776
39,53;-0,045776
39,531667;-0,045776
39,533333;-0,045776
39,535;-0,045776
39,536667;-0,045776
39,538333;-0,045776
39,54;-0,045776
39,541667;-0,045776
39,543333;-0,045776
39,545;-0,045776
39,546667;-0,045776
39,548333;-0,045776
39,55;-0,045776
39,551667;-0,045776
39,553333;-0,045776
39,555;-0,045776
39,556667;-0,045776
39,558333;-0,045776
39,56;-0,045776
39,561667;-0,045776
39,563333;-0,045776
39,565;-0,045776
39,566667;-0,045776
39,568333;-0,045776
39,57;-0,045776
39,571667;-0,045776
39,573333;-0,045776
39,575;-0,045776
39,576667;-0,045776
39,578333;-0,045776
39,58;-0,045776
39,581667;-0,045776
39,583333;-0,045776
39,585;-0,045776
39,586667;-0,045776
39,588333;-0,045776
39,59;-0,045776
39,591667;-0,045776
39,593333;-0,045776
39,595;-0,045776
39,596667;-0,045776
39,598333;-0,045776
39,6;-0,045776
39,601667;-0,045776
39,603333;-0,045776
39,605;-0,045776
39,606667;-0,045776
39,608333;-0,045776
39,61;-0,045776
39,611667;-0,045776
39,613333;-0,045776
39,615;-0,045776
39,616667;-0,045776
39,618333;-0,045776
39,62;-0,045776
39,621667;-0,045776
39,623333;-0,045776
39,625;-0,045776
39,626667;-0,045776
39,628333;-0,045776
39,63;-0,045776
39,631667;-0,045776
39,633333;-0,045776
39,635;-0,045776
39,636667;-0,045776
39,638333;-0,045776
39,64;-0,042915
39,641667;-0,042915
39,643333;-0,042915
39,645;-0,042915
39,646667;-0,042915
39,648333;-0,042915
39,65;-0,042915
39,651667;-0,042915
39,653333;-0,042915
39,655;-0,042915
39,656667;-0,042915
39,658333;-0,042915
39,66;-0,042915
39,661667;-0,042915
39,663333;-0,042915
39,665;-0,042915
39,666667;-0,045776
39,668333;-0,045776
39,67;-0,045776
39,671667;-0,045776
39,673333;-0,045776
39,675;-0,045776
39,676667;-0,045776
39,678333;-0,045776
39,68;-0,045776
39,681667;-0,042915
39,683333;-0,042915
39,685;-0,042915
39,686667;-0,042915
39,688333;-0,042915
39,69;-0,042915
39,691667;-0,042915
39,693333;-0,042915
39,695;-0,042915
39,696667;-0,042915
39,698333;-0,042915
39,7;-0,042915
39,701667;-0,042915
39,703333;-0,042915
39,705;-0,042915
39,706667;-0,042915
39,708333;-0,042915
39,71;-0,042915
39,711667;-0,042915
39,713333;-0,042915
39,715;-0,042915
39,716667;-0,042915
39,718333;-0,042915
39,72;-0,042915
39,721667;-0,042915
39,723333;-0,045776
39,725;-0,045776
39,726667;-0,045776
39,728333;-0,045776
39,73;-0,045776
39,731667;-0,045776
39,733333;-0,045776
39,735;-0,045776
39,736667;-0,045776
39,738333;-0,045776
39,74;-0,045776
39,741667;-0,045776
39,743333;-0,045776
39,745;-0,045776
39,746667;-0,045776
39,748333;-0,045776
39,75;-0,045776
39,751667;-0,045776
39,753333;-0,045776
39,755;-0,045776
39,756667;-0,045776
39,758333;-0,045776
39,76;-0,045776
39,761667;-0,045776
39,763333;-0,045776
39,765;-0,045776
39,766667;-0,045776
39,768333;-0,045776
39,77;-0,045776
39,771667;-0,045776
39,773333;-0,045776
39,775;-0,045776
39,776667;-0,045776
39,778333;-0,045776
39,78;-0,045776
39,781667;-0,045776
39,783333;-0,045776
39,785;-0,045776
39,786667;-0,045776
39,788333;-0,045776
39,79;-0,045776
39,791667;-0,045776
39,793333;-0,045776
39,795;-0,045776
39,796667;-0,045776
39,798333;-0,045776
39,8;-0,045776
39,801667;-0,045776
39,803333;-0,045776
39,805;-0,045776
39,806667;-0,045776
39,808333;-0,045776
39,81;-0,045776
39,811667;-0,045776
39,813333;-0,045776
39,815;-0,045776
39,816667;-0,045776
39,818333;-0,045776
39,82;-0,045776
39,821667;-0,045776
39,823333;-0,045776
39,825;-0,045776
39,826667;-0,045776
39,828333;-0,045776
39,83;-0,045776
39,831667;-0,045776
39,833333;-0,045776
39,835;-0,045776
39,836667;-0,045776
39,838333;-0,045776
39,84;-0,045776
39,841667;-0,045776
39,843333;-0,045776
39,845;-0,045776
39,846667;-0,045776
39,848333;-0,045776
39,85;-0,045776
39,851667;-0,045776
39,853333;-0,045776
39,855;-0,042915
39,856667;-0,042915
39,858333;-0,042915
39,86;-0,042915
39,861667;-0,042915
39,863333;-0,042915
39,865;-0,042915
39,866667;-0,042915
39,868333;-0,042915
39,87;-0,042915
39,871667;-0,042915
39,873333;-0,042915
39,875;-0,042915
39,876667;-0,042915
39,878333;-0,042915
39,88;-0,042915
39,881667;-0,042915
39,883333;-0,042915
39,885;-0,042915
39,886667;-0,042915
39,888333;-0,045776
39,89;-0,045776
39,891667;-0,045776
39,893333;-0,045776
39,895;-0,045776
39,896667;-0,045776
39,898333;-0,045776
39,9;-0,045776
39,901667;-0,045776
39,903333;-0,045776
39,905;-0,045776
39,906667;-0,045776
39,908333;-0,045776
39,91;-0,045776
39,911667;-0,045776
39,913333;-0,045776
39,915;-0,045776
39,916667;-0,045776
39,918333;-0,045776
39,92;-0,045776
39,921667;-0,045776
39,923333;-0,045776
39,925;-0,045776
39,926667;-0,045776
39,928333;-0,045776
39,93;-0,045776
39,931667;-0,045776
39,933333;-0,045776
39,935;-0,045776
39,936667;-0,045776
39,938333;-0,045776
39,94;-0,045776
39,941667;-0,045776
39,943333;-0,045776
39,945;-0,045776
39,946667;-0,045776
39,948333;-0,045776
39,95;-0,045776
39,951667;-0,045776
39,953333;-0,045776
39,955;-0,045776
39,956667;-0,045776
39,958333;-0,045776
39,96;-0,045776
39,961667;-0,045776
39,963333;-0,045776
39,965;-0,045776
39,966667;-0,045776
39,968333;-0,045776
39,97;-0,045776
39,971667;-0,045776
39,973333;-0,045776
39,975;-0,045776
39,976667;-0,045776
39,978333;-0,045776
39,98;-0,045776
39,981667;-0,045776
39,983333;-0,045776
39,985;-0,045776
39,986667;-0,045776
39,988333;-0,045776
39,99;-0,048637
39,991667;-0,048637
39,993333;-0,048637
39,995;-0,048637
39,996667;-0,048637
39,998333;-0,048637
40;-0,048637
