Time (min);Value (µRIU)
0;-0,017166
0,001667;-0,017166
0,003333;-0,017166
0,005;-0,017166
0,006667;-0,014305
0,008333;-0,014305
0,01;-0,014305
0,011667;-0,014305
0,013333;-0,014305
0,015;-0,014305
0,016667;-0,014305
0,018333;-0,014305
0,02;-0,014305
0,021667;-0,014305
0,023333;-0,017166
0,025;-0,017166
0,026667;-0,017166
0,028333;-0,017166
0,03;-0,017166
0,031667;-0,017166
0,033333;-0,017166
0,035;-0,017166
0,036667;-0,017166
0,038333;-0,017166
0,04;-0,017166
0,041667;-0,017166
0,043333;-0,017166
0,045;-0,017166
0,046667;-0,017166
0,048333;-0,017166
0,05;-0,017166
0,051667;-0,017166
0,053333;-0,017166
0,055;-0,017166
0,056667;-0,017166
0,058333;-0,017166
0,06;-0,017166
0,061667;-0,017166
0,063333;-0,017166
0,065;-0,017166
0,066667;-0,017166
0,068333;-0,017166
0,07;-0,017166
0,071667;-0,017166
0,073333;-0,017166
0,075;-0,017166
0,076667;-0,017166
0,078333;-0,017166
0,08;-0,017166
0,081667;-0,017166
0,083333;-0,017166
0,085;-0,017166
0,086667;-0,017166
0,088333;-0,017166
0,09;-0,017166
0,091667;-0,017166
0,093333;-0,017166
0,095;-0,017166
0,096667;-0,017166
0,098333;-0,017166
0,1;-0,017166
0,101667;-0,017166
0,103333;-0,017166
0,105;-0,017166
0,106667;-0,017166
0,108333;-0,017166
0,11;-0,017166
0,111667;-0,017166
0,113333;-0,017166
0,115;-0,017166
0,116667;-0,017166
0,118333;-0,017166
0,12;-0,017166
0,121667;-0,017166
0,123333;-0,017166
0,125;-0,017166
0,126667;-0,017166
0,128333;-0,017166
0,13;-0,017166
0,131667;-0,017166
0,133333;-0,017166
0,135;-0,017166
0,136667;-0,017166
0,138333;-0,017166
0,14;-0,017166
0,141667;-0,017166
0,143333;-0,017166
0,145;-0,020027
0,146667;-0,020027
0,148333;-0,020027
0,15;-0,020027
0,151667;-0,020027
0,153333;-0,020027
0,155;-0,020027
0,156667;-0,020027
0,158333;-0,020027
0,16;-0,020027
0,161667;-0,020027
0,163333;-0,020027
0,165;-0,020027
0,166667;-0,020027
0,168333;-0,020027
0,17;-0,020027
0,171667;-0,020027
0,173333;-0,020027
0,175;-0,020027
0,176667;-0,020027
0,178333;-0,020027
0,18;-0,020027
0,181667;-0,020027
0,183333;-0,020027
0,185;-0,020027
0,186667;-0,020027
0,188333;-0,020027
0,19;-0,022888
0,191667;-0,022888
0,193333;-0,022888
0,195;-0,022888
0,196667;-0,022888
0,198333;-0,022888
0,2;-0,022888
0,201667;-0,022888
0,203333;-0,022888
0,205;-0,022888
0,206667;-0,022888
0,208333;-0,022888
0,21;-0,022888
0,211667;-0,022888
0,213333;-0,022888
0,215;-0,022888
0,216667;-0,022888
0,218333;-0,022888
0,22;-0,022888
0,221667;-0,022888
0,223333;-0,022888
0,225;-0,022888
0,226667;-0,022888
0,228333;-0,022888
0,23;-0,022888
0,231667;-0,022888
0,233333;-0,022888
0,235;-0,022888
0,236667;-0,022888
0,238333;-0,022888
0,24;-0,022888
0,241667;-0,022888
0,243333;-0,022888
0,245;-0,022888
0,246667;-0,022888
0,248333;-0,022888
0,25;-0,022888
0,251667;-0,022888
0,253333;-0,022888
0,255;-0,022888
0,256667;-0,022888
0,258333;-0,022888
0,26;-0,022888
0,261667;-0,022888
0,263333;-0,022888
0,265;-0,022888
0,266667;-0,022888
0,268333;-0,022888
0,27;-0,022888
0,271667;-0,022888
0,273333;-0,022888
0,275;-0,022888
0,276667;-0,022888
0,278333;-0,022888
0,28;-0,022888
0,281667;-0,022888
0,283333;-0,022888
0,285;-0,022888
0,286667;-0,022888
0,288333;-0,022888
0,29;-0,022888
0,291667;-0,022888
0,293333;-0,022888
0,295;-0,022888
0,296667;-0,022888
0,298333;-0,022888
0,3;-0,022888
0,301667;-0,022888
0,303333;-0,022888
0,305;-0,022888
0,306667;-0,022888
0,308333;-0,022888
0,31;-0,022888
0,311667;-0,022888
0,313333;-0,022888
0,315;-0,022888
0,316667;-0,022888
0,318333;-0,022888
0,32;-0,022888
0,321667;-0,022888
0,323333;-0,022888
0,325;-0,022888
0,326667;-0,022888
0,328333;-0,022888
0,33;-0,022888
0,331667;-0,022888
0,333333;-0,022888
0,335;-0,022888
0,336667;-0,022888
0,338333;-0,022888
0,34;-0,022888
0,341667;-0,022888
0,343333;-0,022888
0,345;-0,022888
0,346667;-0,022888
0,348333;-0,022888
0,35;-0,022888
0,351667;-0,022888
0,353333;-0,022888
0,355;-0,022888
0,356667;-0,022888
0,358333;-0,022888
0,36;-0,022888
0,361667;-0,022888
0,363333;-0,022888
0,365;-0,022888
0,366667;-0,022888
0,368333;-0,022888
0,37;-0,022888
0,371667;-0,022888
0,373333;-0,022888
0,375;-0,022888
0,376667;-0,022888
0,378333;-0,022888
0,38;-0,022888
0,381667;-0,022888
0,383333;-0,022888
0,385;-0,022888
0,386667;-0,022888
0,388333;-0,022888
0,39;-0,022888
0,391667;-0,022888
0,393333;-0,022888
0,395;-0,022888
0,396667;-0,022888
0,398333;-0,022888
0,4;-0,022888
0,401667;-0,022888
0,403333;-0,022888
0,405;-0,022888
0,406667;-0,022888
0,408333;-0,022888
0,41;-0,022888
0,411667;-0,022888
0,413333;-0,022888
0,415;-0,022888
0,416667;-0,022888
0,418333;-0,022888
0,42;-0,022888
0,421667;-0,022888
0,423333;-0,022888
0,425;-0,022888
0,426667;-0,022888
0,428333;-0,022888
0,43;-0,022888
0,431667;-0,022888
0,433333;-0,022888
0,435;-0,022888
0,436667;-0,022888
0,438333;-0,022888
0,44;-0,022888
0,441667;-0,022888
0,443333;-0,022888
0,445;-0,022888
0,446667;-0,022888
0,448333;-0,022888
0,45;-0,022888
0,451667;-0,022888
0,453333;-0,022888
0,455;-0,025749
0,456667;-0,025749
0,458333;-0,025749
0,46;-0,025749
0,461667;-0,025749
0,463333;-0,025749
0,465;-0,025749
0,466667;-0,025749
0,468333;-0,025749
0,47;-0,025749
0,471667;-0,025749
0,473333;-0,025749
0,475;-0,025749
0,476667;-0,025749
0,478333;-0,025749
0,48;-0,025749
0,481667;-0,025749
0,483333;-0,025749
0,485;-0,025749
0,486667;-0,025749
0,488333;-0,025749
0,49;-0,025749
0,491667;-0,025749
0,493333;-0,025749
0,495;-0,025749
0,496667;-0,025749
0,498333;-0,025749
0,5;-0,025749
0,501667;-0,025749
0,503333;-0,025749
0,505;-0,025749
0,506667;-0,025749
0,508333;-0,025749
0,51;-0,025749
0,511667;-0,025749
0,513333;-0,025749
0,515;-0,025749
0,516667;-0,025749
0,518333;-0,025749
0,52;-0,025749
0,521667;-0,025749
0,523333;-0,025749
0,525;-0,025749
0,526667;-0,025749
0,528333;-0,025749
0,53;-0,025749
0,531667;-0,025749
0,533333;-0,025749
0,535;-0,025749
0,536667;-0,025749
0,538333;-0,025749
0,54;-0,025749
0,541667;-0,025749
0,543333;-0,025749
0,545;-0,025749
0,546667;-0,025749
0,548333;-0,025749
0,55;-0,025749
0,551667;-0,025749
0,553333;-0,025749
0,555;-0,025749
0,556667;-0,025749
0,558333;-0,025749
0,56;-0,025749
0,561667;-0,025749
0,563333;-0,025749
0,565;-0,025749
0,566667;-0,02861
0,568333;-0,02861
0,57;-0,02861
0,571667;-0,02861
0,573333;-0,02861
0,575;-0,02861
0,576667;-0,02861
0,578333;-0,02861
0,58;-0,02861
0,581667;-0,02861
0,583333;-0,02861
0,585;-0,02861
0,586667;-0,02861
0,588333;-0,02861
0,59;-0,02861
0,591667;-0,02861
0,593333;-0,02861
0,595;-0,02861
0,596667;-0,02861
0,598333;-0,02861
0,6;-0,02861
0,601667;-0,02861
0,603333;-0,02861
0,605;-0,02861
0,606667;-0,02861
0,608333;-0,02861
0,61;-0,02861
0,611667;-0,02861
0,613333;-0,02861
0,615;-0,02861
0,616667;-0,02861
0,618333;-0,02861
0,62;-0,02861
0,621667;-0,02861
0,623333;-0,02861
0,625;-0,02861
0,626667;-0,02861
0,628333;-0,02861
0,63;-0,02861
0,631667;-0,02861
0,633333;-0,02861
0,635;-0,02861
0,636667;-0,02861
0,638333;-0,02861
0,64;-0,02861
0,641667;-0,02861
0,643333;-0,02861
0,645;-0,02861
0,646667;-0,02861
0,648333;-0,02861
0,65;-0,02861
0,651667;-0,02861
0,653333;-0,02861
0,655;-0,02861
0,656667;-0,02861
0,658333;-0,02861
0,66;-0,02861
0,661667;-0,02861
0,663333;-0,02861
0,665;-0,02861
0,666667;-0,02861
0,668333;-0,02861
0,67;-0,02861
0,671667;-0,02861
0,673333;-0,02861
0,675;-0,02861
0,676667;-0,02861
0,678333;-0,02861
0,68;-0,02861
0,681667;-0,02861
0,683333;-0,02861
0,685;-0,02861
0,686667;-0,02861
0,688333;-0,02861
0,69;-0,02861
0,691667;-0,02861
0,693333;-0,02861
0,695;-0,031471
0,696667;-0,031471
0,698333;-0,031471
0,7;-0,031471
0,701667;-0,02861
0,703333;-0,02861
0,705;-0,02861
0,706667;-0,02861
0,708333;-0,02861
0,71;-0,031471
0,711667;-0,031471
0,713333;-0,031471
0,715;-0,031471
0,716667;-0,031471
0,718333;-0,031471
0,72;-0,031471
0,721667;-0,031471
0,723333;-0,031471
0,725;-0,031471
0,726667;-0,02861
0,728333;-0,02861
0,73;-0,02861
0,731667;-0,02861
0,733333;-0,02861
0,735;-0,02861
0,736667;-0,02861
0,738333;-0,02861
0,74;-0,02861
0,741667;-0,02861
0,743333;-0,031471
0,745;-0,031471
0,746667;-0,031471
0,748333;-0,031471
0,75;-0,031471
0,751667;-0,031471
0,753333;-0,031471
0,755;-0,031471
0,756667;-0,031471
0,758333;-0,031471
0,76;-0,031471
0,761667;-0,031471
0,763333;-0,031471
0,765;-0,031471
0,766667;-0,031471
0,768333;-0,031471
0,77;-0,031471
0,771667;-0,031471
0,773333;-0,031471
0,775;-0,031471
0,776667;-0,031471
0,778333;-0,031471
0,78;-0,031471
0,781667;-0,031471
0,783333;-0,031471
0,785;-0,031471
0,786667;-0,031471
0,788333;-0,031471
0,79;-0,031471
0,791667;-0,031471
0,793333;-0,031471
0,795;-0,031471
0,796667;-0,031471
0,798333;-0,031471
0,8;-0,031471
0,801667;-0,031471
0,803333;-0,031471
0,805;-0,031471
0,806667;-0,031471
0,808333;-0,031471
0,81;-0,031471
0,811667;-0,031471
0,813333;-0,031471
0,815;-0,031471
0,816667;-0,031471
0,818333;-0,031471
0,82;-0,031471
0,821667;-0,031471
0,823333;-0,031471
0,825;-0,031471
0,826667;-0,031471
0,828333;-0,031471
0,83;-0,031471
0,831667;-0,031471
0,833333;-0,031471
0,835;-0,031471
0,836667;-0,031471
0,838333;-0,031471
0,84;-0,031471
0,841667;-0,031471
0,843333;-0,031471
0,845;-0,031471
0,846667;-0,031471
0,848333;-0,031471
0,85;-0,034332
0,851667;-0,034332
0,853333;-0,034332
0,855;-0,034332
0,856667;-0,034332
0,858333;-0,034332
0,86;-0,034332
0,861667;-0,034332
0,863333;-0,034332
0,865;-0,034332
0,866667;-0,034332
0,868333;-0,034332
0,87;-0,034332
0,871667;-0,034332
0,873333;-0,034332
0,875;-0,034332
0,876667;-0,034332
0,878333;-0,034332
0,88;-0,034332
0,881667;-0,034332
0,883333;-0,034332
0,885;-0,034332
0,886667;-0,034332
0,888333;-0,034332
0,89;-0,034332
0,891667;-0,034332
0,893333;-0,034332
0,895;-0,034332
0,896667;-0,034332
0,898333;-0,034332
0,9;-0,034332
0,901667;-0,034332
0,903333;-0,034332
0,905;-0,034332
0,906667;-0,034332
0,908333;-0,034332
0,91;-0,034332
0,911667;-0,034332
0,913333;-0,034332
0,915;-0,034332
0,916667;-0,034332
0,918333;-0,034332
0,92;-0,034332
0,921667;-0,034332
0,923333;-0,034332
0,925;-0,034332
0,926667;-0,034332
0,928333;-0,034332
0,93;-0,034332
0,931667;-0,034332
0,933333;-0,034332
0,935;-0,034332
0,936667;-0,034332
0,938333;-0,034332
0,94;-0,034332
0,941667;-0,034332
0,943333;-0,034332
0,945;-0,034332
0,946667;-0,034332
0,948333;-0,034332
0,95;-0,034332
0,951667;-0,034332
0,953333;-0,034332
0,955;-0,034332
0,956667;-0,034332
0,958333;-0,034332
0,96;-0,034332
0,961667;-0,034332
0,963333;-0,034332
0,965;-0,034332
0,966667;-0,034332
0,968333;-0,034332
0,97;-0,034332
0,971667;-0,034332
0,973333;-0,034332
0,975;-0,034332
0,976667;-0,034332
0,978333;-0,034332
0,98;-0,034332
0,981667;-0,034332
0,983333;-0,034332
0,985;-0,034332
0,986667;-0,034332
0,988333;-0,034332
0,99;-0,034332
0,991667;-0,034332
0,993333;-0,034332
0,995;-0,034332
0,996667;-0,034332
0,998333;-0,034332
1;-0,034332
1,001667;-0,034332
1,003333;-0,034332
1,005;-0,034332
1,006667;-0,034332
1,008333;-0,034332
1,01;-0,034332
1,011667;-0,034332
1,013333;-0,034332
1,015;-0,034332
1,016667;-0,034332
1,018333;-0,034332
1,02;-0,034332
1,021667;-0,034332
1,023333;-0,034332
1,025;-0,034332
1,026667;-0,034332
1,028333;-0,034332
1,03;-0,034332
1,031667;-0,034332
1,033333;-0,034332
1,035;-0,034332
1,036667;-0,034332
1,038333;-0,034332
1,04;-0,034332
1,041667;-0,034332
1,043333;-0,034332
1,045;-0,034332
1,046667;-0,034332
1,048333;-0,034332
1,05;-0,034332
1,051667;-0,034332
1,053333;-0,034332
1,055;-0,034332
1,056667;-0,034332
1,058333;-0,034332
1,06;-0,034332
1,061667;-0,034332
1,063333;-0,037193
1,065;-0,037193
1,066667;-0,037193
1,068333;-0,037193
1,07;-0,037193
1,071667;-0,037193
1,073333;-0,037193
1,075;-0,037193
1,076667;-0,037193
1,078333;-0,037193
1,08;-0,037193
1,081667;-0,037193
1,083333;-0,037193
1,085;-0,037193
1,086667;-0,037193
1,088333;-0,037193
1,09;-0,037193
1,091667;-0,037193
1,093333;-0,037193
1,095;-0,037193
1,096667;-0,037193
1,098333;-0,037193
1,1;-0,037193
1,101667;-0,037193
1,103333;-0,037193
1,105;-0,037193
1,106667;-0,037193
1,108333;-0,037193
1,11;-0,037193
1,111667;-0,037193
1,113333;-0,037193
1,115;-0,037193
1,116667;-0,037193
1,118333;-0,037193
1,12;-0,037193
1,121667;-0,037193
1,123333;-0,037193
1,125;-0,037193
1,126667;-0,037193
1,128333;-0,037193
1,13;-0,037193
1,131667;-0,037193
1,133333;-0,037193
1,135;-0,037193
1,136667;-0,037193
1,138333;-0,037193
1,14;-0,037193
1,141667;-0,037193
1,143333;-0,037193
1,145;-0,037193
1,146667;-0,037193
1,148333;-0,037193
1,15;-0,037193
1,151667;-0,037193
1,153333;-0,037193
1,155;-0,037193
1,156667;-0,037193
1,158333;-0,037193
1,16;-0,037193
1,161667;-0,037193
1,163333;-0,037193
1,165;-0,037193
1,166667;-0,037193
1,168333;-0,037193
1,17;-0,037193
1,171667;-0,037193
1,173333;-0,037193
1,175;-0,037193
1,176667;-0,037193
1,178333;-0,037193
1,18;-0,037193
1,181667;-0,037193
1,183333;-0,037193
1,185;-0,037193
1,186667;-0,037193
1,188333;-0,037193
1,19;-0,037193
1,191667;-0,037193
1,193333;-0,037193
1,195;-0,040054
1,196667;-0,040054
1,198333;-0,040054
1,2;-0,040054
1,201667;-0,040054
1,203333;-0,040054
1,205;-0,040054
1,206667;-0,040054
1,208333;-0,040054
1,21;-0,040054
1,211667;-0,040054
1,213333;-0,040054
1,215;-0,040054
1,216667;-0,040054
1,218333;-0,040054
1,22;-0,040054
1,221667;-0,040054
1,223333;-0,040054
1,225;-0,040054
1,226667;-0,040054
1,228333;-0,040054
1,23;-0,040054
1,231667;-0,040054
1,233333;-0,040054
1,235;-0,040054
1,236667;-0,040054
1,238333;-0,040054
1,24;-0,040054
1,241667;-0,040054
1,243333;-0,040054
1,245;-0,040054
1,246667;-0,040054
1,248333;-0,040054
1,25;-0,040054
1,251667;-0,040054
1,253333;-0,040054
1,255;-0,040054
1,256667;-0,040054
1,258333;-0,040054
1,26;-0,040054
1,261667;-0,040054
1,263333;-0,040054
1,265;-0,040054
1,266667;-0,040054
1,268333;-0,040054
1,27;-0,040054
1,271667;-0,040054
1,273333;-0,040054
1,275;-0,040054
1,276667;-0,040054
1,278333;-0,040054
1,28;-0,040054
1,281667;-0,040054
1,283333;-0,040054
1,285;-0,040054
1,286667;-0,040054
1,288333;-0,040054
1,29;-0,040054
1,291667;-0,040054
1,293333;-0,040054
1,295;-0,040054
1,296667;-0,042915
1,298333;-0,042915
1,3;-0,042915
1,301667;-0,042915
1,303333;-0,042915
1,305;-0,042915
1,306667;-0,042915
1,308333;-0,042915
1,31;-0,042915
1,311667;-0,042915
1,313333;-0,042915
1,315;-0,042915
1,316667;-0,042915
1,318333;-0,042915
1,32;-0,042915
1,321667;-0,042915
1,323333;-0,042915
1,325;-0,042915
1,326667;-0,042915
1,328333;-0,042915
1,33;-0,042915
1,331667;-0,042915
1,333333;-0,042915
1,335;-0,042915
1,336667;-0,042915
1,338333;-0,042915
1,34;-0,042915
1,341667;-0,042915
1,343333;-0,042915
1,345;-0,042915
1,346667;-0,042915
1,348333;-0,042915
1,35;-0,042915
1,351667;-0,042915
1,353333;-0,042915
1,355;-0,042915
1,356667;-0,042915
1,358333;-0,040054
1,36;-0,040054
1,361667;-0,040054
1,363333;-0,040054
1,365;-0,040054
1,366667;-0,040054
1,368333;-0,040054
1,37;-0,040054
1,371667;-0,040054
1,373333;-0,040054
1,375;-0,040054
1,376667;-0,040054
1,378333;-0,040054
1,38;-0,040054
1,381667;-0,040054
1,383333;-0,040054
1,385;-0,040054
1,386667;-0,040054
1,388333;-0,040054
1,39;-0,040054
1,391667;-0,040054
1,393333;-0,040054
1,395;-0,040054
1,396667;-0,040054
1,398333;-0,040054
1,4;-0,042915
1,401667;-0,042915
1,403333;-0,042915
1,405;-0,042915
1,406667;-0,042915
1,408333;-0,042915
1,41;-0,042915
1,411667;-0,042915
1,413333;-0,042915
1,415;-0,042915
1,416667;-0,040054
1,418333;-0,040054
1,42;-0,040054
1,421667;-0,040054
1,423333;-0,040054
1,425;-0,042915
1,426667;-0,042915
1,428333;-0,042915
1,43;-0,042915
1,431667;-0,042915
1,433333;-0,042915
1,435;-0,042915
1,436667;-0,042915
1,438333;-0,042915
1,44;-0,042915
1,441667;-0,042915
1,443333;-0,042915
1,445;-0,042915
1,446667;-0,040054
1,448333;-0,040054
1,45;-0,040054
1,451667;-0,040054
1,453333;-0,040054
1,455;-0,040054
1,456667;-0,040054
1,458333;-0,040054
1,46;-0,040054
1,461667;-0,040054
1,463333;-0,040054
1,465;-0,040054
1,466667;-0,040054
1,468333;-0,040054
1,47;-0,040054
1,471667;-0,040054
1,473333;-0,040054
1,475;-0,040054
1,476667;-0,040054
1,478333;-0,040054
1,48;-0,040054
1,481667;-0,040054
1,483333;-0,040054
1,485;-0,040054
1,486667;-0,040054
1,488333;-0,040054
1,49;-0,040054
1,491667;-0,040054
1,493333;-0,040054
1,495;-0,040054
1,496667;-0,040054
1,498333;-0,040054
1,5;-0,040054
1,501667;-0,040054
1,503333;-0,040054
1,505;-0,040054
1,506667;-0,040054
1,508333;-0,040054
1,51;-0,040054
1,511667;-0,040054
1,513333;-0,040054
1,515;-0,040054
1,516667;-0,040054
1,518333;-0,040054
1,52;-0,040054
1,521667;-0,040054
1,523333;-0,040054
1,525;-0,040054
1,526667;-0,040054
1,528333;-0,040054
1,53;-0,040054
1,531667;-0,040054
1,533333;-0,040054
1,535;-0,040054
1,536667;-0,040054
1,538333;-0,040054
1,54;-0,040054
1,541667;-0,040054
1,543333;-0,040054
1,545;-0,040054
1,546667;-0,040054
1,548333;-0,042915
1,55;-0,042915
1,551667;-0,042915
1,553333;-0,042915
1,555;-0,042915
1,556667;-0,042915
1,558333;-0,042915
1,56;-0,042915
1,561667;-0,042915
1,563333;-0,042915
1,565;-0,042915
1,566667;-0,042915
1,568333;-0,042915
1,57;-0,042915
1,571667;-0,042915
1,573333;-0,042915
1,575;-0,042915
1,576667;-0,042915
1,578333;-0,042915
1,58;-0,042915
1,581667;-0,042915
1,583333;-0,042915
1,585;-0,042915
1,586667;-0,042915
1,588333;-0,042915
1,59;-0,042915
1,591667;-0,042915
1,593333;-0,042915
1,595;-0,042915
1,596667;-0,042915
1,598333;-0,042915
1,6;-0,042915
1,601667;-0,042915
1,603333;-0,042915
1,605;-0,042915
1,606667;-0,042915
1,608333;-0,042915
1,61;-0,042915
1,611667;-0,042915
1,613333;-0,042915
1,615;-0,042915
1,616667;-0,042915
1,618333;-0,042915
1,62;-0,042915
1,621667;-0,042915
1,623333;-0,042915
1,625;-0,042915
1,626667;-0,042915
1,628333;-0,042915
1,63;-0,042915
1,631667;-0,042915
1,633333;-0,042915
1,635;-0,042915
1,636667;-0,042915
1,638333;-0,040054
1,64;-0,040054
1,641667;-0,040054
1,643333;-0,040054
1,645;-0,040054
1,646667;-0,040054
1,648333;-0,042915
1,65;-0,042915
1,651667;-0,042915
1,653333;-0,042915
1,655;-0,042915
1,656667;-0,042915
1,658333;-0,042915
1,66;-0,042915
1,661667;-0,042915
1,663333;-0,042915
1,665;-0,042915
1,666667;-0,042915
1,668333;-0,042915
1,67;-0,042915
1,671667;-0,042915
1,673333;-0,042915
1,675;-0,042915
1,676667;-0,042915
1,678333;-0,042915
1,68;-0,042915
1,681667;-0,042915
1,683333;-0,042915
1,685;-0,042915
1,686667;-0,042915
1,688333;-0,042915
1,69;-0,042915
1,691667;-0,042915
1,693333;-0,042915
1,695;-0,042915
1,696667;-0,042915
1,698333;-0,042915
1,7;-0,042915
1,701667;-0,042915
1,703333;-0,042915
1,705;-0,042915
1,706667;-0,042915
1,708333;-0,042915
1,71;-0,042915
1,711667;-0,042915
1,713333;-0,042915
1,715;-0,042915
1,716667;-0,042915
1,718333;-0,042915
1,72;-0,042915
1,721667;-0,042915
1,723333;-0,042915
1,725;-0,042915
1,726667;-0,042915
1,728333;-0,042915
1,73;-0,042915
1,731667;-0,042915
1,733333;-0,042915
1,735;-0,042915
1,736667;-0,042915
1,738333;-0,042915
1,74;-0,042915
1,741667;-0,042915
1,743333;-0,042915
1,745;-0,042915
1,746667;-0,042915
1,748333;-0,042915
1,75;-0,042915
1,751667;-0,042915
1,753333;-0,042915
1,755;-0,042915
1,756667;-0,042915
1,758333;-0,042915
1,76;-0,042915
1,761667;-0,042915
1,763333;-0,042915
1,765;-0,042915
1,766667;-0,042915
1,768333;-0,042915
1,77;-0,042915
1,771667;-0,042915
1,773333;-0,042915
1,775;-0,042915
1,776667;-0,042915
1,778333;-0,042915
1,78;-0,042915
1,781667;-0,045776
1,783333;-0,045776
1,785;-0,045776
1,786667;-0,042915
1,788333;-0,042915
1,79;-0,042915
1,791667;-0,042915
1,793333;-0,042915
1,795;-0,042915
1,796667;-0,042915
1,798333;-0,042915
1,8;-0,042915
1,801667;-0,042915
1,803333;-0,042915
1,805;-0,042915
1,806667;-0,042915
1,808333;-0,042915
1,81;-0,042915
1,811667;-0,042915
1,813333;-0,042915
1,815;-0,042915
1,816667;-0,042915
1,818333;-0,042915
1,82;-0,042915
1,821667;-0,042915
1,823333;-0,042915
1,825;-0,042915
1,826667;-0,042915
1,828333;-0,042915
1,83;-0,042915
1,831667;-0,042915
1,833333;-0,042915
1,835;-0,042915
1,836667;-0,042915
1,838333;-0,042915
1,84;-0,045776
1,841667;-0,045776
1,843333;-0,045776
1,845;-0,045776
1,846667;-0,045776
1,848333;-0,045776
1,85;-0,045776
1,851667;-0,045776
1,853333;-0,045776
1,855;-0,045776
1,856667;-0,045776
1,858333;-0,045776
1,86;-0,045776
1,861667;-0,045776
1,863333;-0,045776
1,865;-0,045776
1,866667;-0,045776
1,868333;-0,045776
1,87;-0,045776
1,871667;-0,045776
1,873333;-0,045776
1,875;-0,045776
1,876667;-0,045776
1,878333;-0,045776
1,88;-0,045776
1,881667;-0,045776
1,883333;-0,045776
1,885;-0,045776
1,886667;-0,045776
1,888333;-0,045776
1,89;-0,045776
1,891667;-0,045776
1,893333;-0,045776
1,895;-0,045776
1,896667;-0,045776
1,898333;-0,045776
1,9;-0,045776
1,901667;-0,045776
1,903333;-0,045776
1,905;-0,045776
1,906667;-0,045776
1,908333;-0,045776
1,91;-0,045776
1,911667;-0,045776
1,913333;-0,045776
1,915;-0,045776
1,916667;-0,045776
1,918333;-0,045776
1,92;-0,045776
1,921667;-0,045776
1,923333;-0,045776
1,925;-0,045776
1,926667;-0,045776
1,928333;-0,045776
1,93;-0,045776
1,931667;-0,045776
1,933333;-0,045776
1,935;-0,045776
1,936667;-0,045776
1,938333;-0,045776
1,94;-0,045776
1,941667;-0,045776
1,943333;-0,048637
1,945;-0,048637
1,946667;-0,048637
1,948333;-0,048637
1,95;-0,048637
1,951667;-0,045776
1,953333;-0,045776
1,955;-0,045776
1,956667;-0,045776
1,958333;-0,045776
1,96;-0,045776
1,961667;-0,045776
1,963333;-0,045776
1,965;-0,045776
1,966667;-0,045776
1,968333;-0,045776
1,97;-0,045776
1,971667;-0,045776
1,973333;-0,045776
1,975;-0,045776
1,976667;-0,045776
1,978333;-0,045776
1,98;-0,045776
1,981667;-0,045776
1,983333;-0,045776
1,985;-0,045776
1,986667;-0,045776
1,988333;-0,045776
1,99;-0,045776
1,991667;-0,045776
1,993333;-0,045776
1,995;-0,045776
1,996667;-0,045776
1,998333;-0,045776
2;-0,045776
2,001667;-0,045776
2,003333;-0,045776
2,005;-0,045776
2,006667;-0,045776
2,008333;-0,045776
2,01;-0,045776
2,011667;-0,045776
2,013333;-0,045776
2,015;-0,045776
2,016667;-0,045776
2,018333;-0,045776
2,02;-0,045776
2,021667;-0,045776
2,023333;-0,045776
2,025;-0,045776
2,026667;-0,045776
2,028333;-0,045776
2,03;-0,045776
2,031667;-0,048637
2,033333;-0,048637
2,035;-0,048637
2,036667;-0,048637
2,038333;-0,048637
2,04;-0,048637
2,041667;-0,048637
2,043333;-0,048637
2,045;-0,048637
2,046667;-0,048637
2,048333;-0,048637
2,05;-0,048637
2,051667;-0,048637
2,053333;-0,048637
2,055;-0,048637
2,056667;-0,048637
2,058333;-0,048637
2,06;-0,048637
2,061667;-0,048637
2,063333;-0,048637
2,065;-0,048637
2,066667;-0,048637
2,068333;-0,048637
2,07;-0,048637
2,071667;-0,048637
2,073333;-0,048637
2,075;-0,048637
2,076667;-0,048637
2,078333;-0,048637
2,08;-0,048637
2,081667;-0,045776
2,083333;-0,045776
2,085;-0,045776
2,086667;-0,045776
2,088333;-0,045776
2,09;-0,045776
2,091667;-0,045776
2,093333;-0,045776
2,095;-0,045776
2,096667;-0,045776
2,098333;-0,045776
2,1;-0,045776
2,101667;-0,045776
2,103333;-0,045776
2,105;-0,045776
2,106667;-0,045776
2,108333;-0,048637
2,11;-0,048637
2,111667;-0,048637
2,113333;-0,048637
2,115;-0,048637
2,116667;-0,048637
2,118333;-0,048637
2,12;-0,048637
2,121667;-0,048637
2,123333;-0,048637
2,125;-0,048637
2,126667;-0,048637
2,128333;-0,048637
2,13;-0,048637
2,131667;-0,048637
2,133333;-0,048637
2,135;-0,048637
2,136667;-0,048637
2,138333;-0,048637
2,14;-0,048637
2,141667;-0,048637
2,143333;-0,048637
2,145;-0,048637
2,146667;-0,048637
2,148333;-0,048637
2,15;-0,048637
2,151667;-0,048637
2,153333;-0,048637
2,155;-0,048637
2,156667;-0,048637
2,158333;-0,048637
2,16;-0,048637
2,161667;-0,048637
2,163333;-0,048637
2,165;-0,048637
2,166667;-0,048637
2,168333;-0,048637
2,17;-0,048637
2,171667;-0,048637
2,173333;-0,048637
2,175;-0,048637
2,176667;-0,048637
2,178333;-0,048637
2,18;-0,048637
2,181667;-0,048637
2,183333;-0,048637
2,185;-0,048637
2,186667;-0,048637
2,188333;-0,048637
2,19;-0,048637
2,191667;-0,048637
2,193333;-0,048637
2,195;-0,048637
2,196667;-0,048637
2,198333;-0,048637
2,2;-0,048637
2,201667;-0,048637
2,203333;-0,048637
2,205;-0,048637
2,206667;-0,048637
2,208333;-0,048637
2,21;-0,048637
2,211667;-0,048637
2,213333;-0,048637
2,215;-0,048637
2,216667;-0,048637
2,218333;-0,048637
2,22;-0,048637
2,221667;-0,048637
2,223333;-0,048637
2,225;-0,048637
2,226667;-0,048637
2,228333;-0,048637
2,23;-0,048637
2,231667;-0,048637
2,233333;-0,048637
2,235;-0,048637
2,236667;-0,048637
2,238333;-0,048637
2,24;-0,048637
2,241667;-0,048637
2,243333;-0,048637
2,245;-0,048637
2,246667;-0,048637
2,248333;-0,048637
2,25;-0,048637
2,251667;-0,048637
2,253333;-0,048637
2,255;-0,048637
2,256667;-0,048637
2,258333;-0,048637
2,26;-0,048637
2,261667;-0,048637
2,263333;-0,048637
2,265;-0,048637
2,266667;-0,048637
2,268333;-0,048637
2,27;-0,048637
2,271667;-0,048637
2,273333;-0,048637
2,275;-0,048637
2,276667;-0,048637
2,278333;-0,048637
2,28;-0,048637
2,281667;-0,048637
2,283333;-0,048637
2,285;-0,048637
2,286667;-0,048637
2,288333;-0,048637
2,29;-0,048637
2,291667;-0,048637
2,293333;-0,048637
2,295;-0,048637
2,296667;-0,048637
2,298333;-0,048637
2,3;-0,048637
2,301667;-0,048637
2,303333;-0,048637
2,305;-0,048637
2,306667;-0,048637
2,308333;-0,048637
2,31;-0,048637
2,311667;-0,048637
2,313333;-0,048637
2,315;-0,048637
2,316667;-0,048637
2,318333;-0,048637
2,32;-0,048637
2,321667;-0,048637
2,323333;-0,048637
2,325;-0,048637
2,326667;-0,048637
2,328333;-0,048637
2,33;-0,048637
2,331667;-0,048637
2,333333;-0,048637
2,335;-0,048637
2,336667;-0,048637
2,338333;-0,048637
2,34;-0,048637
2,341667;-0,048637
2,343333;-0,048637
2,345;-0,048637
2,346667;-0,048637
2,348333;-0,048637
2,35;-0,048637
2,351667;-0,048637
2,353333;-0,048637
2,355;-0,048637
2,356667;-0,048637
2,358333;-0,048637
2,36;-0,048637
2,361667;-0,048637
2,363333;-0,048637
2,365;-0,048637
2,366667;-0,048637
2,368333;-0,048637
2,37;-0,048637
2,371667;-0,048637
2,373333;-0,048637
2,375;-0,048637
2,376667;-0,048637
2,378333;-0,048637
2,38;-0,048637
2,381667;-0,048637
2,383333;-0,048637
2,385;-0,048637
2,386667;-0,048637
2,388333;-0,048637
2,39;-0,048637
2,391667;-0,048637
2,393333;-0,048637
2,395;-0,048637
2,396667;-0,048637
2,398333;-0,048637
2,4;-0,048637
2,401667;-0,048637
2,403333;-0,048637
2,405;-0,048637
2,406667;-0,048637
2,408333;-0,048637
2,41;-0,048637
2,411667;-0,048637
2,413333;-0,048637
2,415;-0,048637
2,416667;-0,048637
2,418333;-0,048637
2,42;-0,048637
2,421667;-0,051498
2,423333;-0,051498
2,425;-0,051498
2,426667;-0,048637
2,428333;-0,048637
2,43;-0,048637
2,431667;-0,048637
2,433333;-0,048637
2,435;-0,048637
2,436667;-0,048637
2,438333;-0,048637
2,44;-0,051498
2,441667;-0,051498
2,443333;-0,051498
2,445;-0,051498
2,446667;-0,051498
2,448333;-0,048637
2,45;-0,048637
2,451667;-0,048637
2,453333;-0,048637
2,455;-0,048637
2,456667;-0,048637
2,458333;-0,048637
2,46;-0,048637
2,461667;-0,048637
2,463333;-0,048637
2,465;-0,048637
2,466667;-0,048637
2,468333;-0,048637
2,47;-0,048637
2,471667;-0,048637
2,473333;-0,048637
2,475;-0,048637
2,476667;-0,048637
2,478333;-0,048637
2,48;-0,048637
2,481667;-0,048637
2,483333;-0,048637
2,485;-0,048637
2,486667;-0,048637
2,488333;-0,051498
2,49;-0,051498
2,491667;-0,051498
2,493333;-0,051498
2,495;-0,051498
2,496667;-0,051498
2,498333;-0,051498
2,5;-0,051498
2,501667;-0,051498
2,503333;-0,051498
2,505;-0,051498
2,506667;-0,051498
2,508333;-0,051498
2,51;-0,051498
2,511667;-0,051498
2,513333;-0,051498
2,515;-0,051498
2,516667;-0,051498
2,518333;-0,051498
2,52;-0,051498
2,521667;-0,051498
2,523333;-0,051498
2,525;-0,051498
2,526667;-0,051498
2,528333;-0,051498
2,53;-0,051498
2,531667;-0,051498
2,533333;-0,051498
2,535;-0,051498
2,536667;-0,051498
2,538333;-0,051498
2,54;-0,051498
2,541667;-0,051498
2,543333;-0,051498
2,545;-0,051498
2,546667;-0,051498
2,548333;-0,051498
2,55;-0,051498
2,551667;-0,051498
2,553333;-0,051498
2,555;-0,051498
2,556667;-0,051498
2,558333;-0,051498
2,56;-0,051498
2,561667;-0,051498
2,563333;-0,051498
2,565;-0,051498
2,566667;-0,051498
2,568333;-0,051498
2,57;-0,051498
2,571667;-0,051498
2,573333;-0,051498
2,575;-0,051498
2,576667;-0,051498
2,578333;-0,051498
2,58;-0,051498
2,581667;-0,051498
2,583333;-0,051498
2,585;-0,051498
2,586667;-0,051498
2,588333;-0,051498
2,59;-0,051498
2,591667;-0,051498
2,593333;-0,051498
2,595;-0,051498
2,596667;-0,051498
2,598333;-0,051498
2,6;-0,051498
2,601667;-0,051498
2,603333;-0,051498
2,605;-0,051498
2,606667;-0,051498
2,608333;-0,051498
2,61;-0,051498
2,611667;-0,051498
2,613333;-0,051498
2,615;-0,051498
2,616667;-0,051498
2,618333;-0,051498
2,62;-0,051498
2,621667;-0,051498
2,623333;-0,051498
2,625;-0,051498
2,626667;-0,051498
2,628333;-0,051498
2,63;-0,051498
2,631667;-0,051498
2,633333;-0,051498
2,635;-0,051498
2,636667;-0,051498
2,638333;-0,051498
2,64;-0,051498
2,641667;-0,051498
2,643333;-0,051498
2,645;-0,051498
2,646667;-0,051498
2,648333;-0,051498
2,65;-0,051498
2,651667;-0,051498
2,653333;-0,051498
2,655;-0,051498
2,656667;-0,051498
2,658333;-0,051498
2,66;-0,051498
2,661667;-0,051498
2,663333;-0,051498
2,665;-0,051498
2,666667;-0,051498
2,668333;-0,051498
2,67;-0,051498
2,671667;-0,051498
2,673333;-0,051498
2,675;-0,051498
2,676667;-0,051498
2,678333;-0,051498
2,68;-0,051498
2,681667;-0,051498
2,683333;-0,051498
2,685;-0,051498
2,686667;-0,051498
2,688333;-0,051498
2,69;-0,051498
2,691667;-0,051498
2,693333;-0,051498
2,695;-0,051498
2,696667;-0,051498
2,698333;-0,051498
2,7;-0,051498
2,701667;-0,051498
2,703333;-0,051498
2,705;-0,051498
2,706667;-0,051498
2,708333;-0,051498
2,71;-0,051498
2,711667;-0,051498
2,713333;-0,051498
2,715;-0,051498
2,716667;-0,051498
2,718333;-0,051498
2,72;-0,051498
2,721667;-0,051498
2,723333;-0,051498
2,725;-0,051498
2,726667;-0,051498
2,728333;-0,051498
2,73;-0,051498
2,731667;-0,051498
2,733333;-0,051498
2,735;-0,051498
2,736667;-0,051498
2,738333;-0,051498
2,74;-0,051498
2,741667;-0,051498
2,743333;-0,051498
2,745;-0,051498
2,746667;-0,051498
2,748333;-0,051498
2,75;-0,051498
2,751667;-0,051498
2,753333;-0,051498
2,755;-0,051498
2,756667;-0,051498
2,758333;-0,051498
2,76;-0,051498
2,761667;-0,051498
2,763333;-0,051498
2,765;-0,051498
2,766667;-0,051498
2,768333;-0,051498
2,77;-0,051498
2,771667;-0,051498
2,773333;-0,051498
2,775;-0,051498
2,776667;-0,051498
2,778333;-0,051498
2,78;-0,051498
2,781667;-0,051498
2,783333;-0,051498
2,785;-0,051498
2,786667;-0,051498
2,788333;-0,051498
2,79;-0,051498
2,791667;-0,051498
2,793333;-0,051498
2,795;-0,051498
2,796667;-0,051498
2,798333;-0,051498
2,8;-0,051498
2,801667;-0,051498
2,803333;-0,051498
2,805;-0,051498
2,806667;-0,051498
2,808333;-0,051498
2,81;-0,051498
2,811667;-0,051498
2,813333;-0,051498
2,815;-0,051498
2,816667;-0,051498
2,818333;-0,051498
2,82;-0,051498
2,821667;-0,051498
2,823333;-0,051498
2,825;-0,051498
2,826667;-0,051498
2,828333;-0,051498
2,83;-0,051498
2,831667;-0,051498
2,833333;-0,051498
2,835;-0,051498
2,836667;-0,051498
2,838333;-0,051498
2,84;-0,051498
2,841667;-0,051498
2,843333;-0,051498
2,845;-0,051498
2,846667;-0,051498
2,848333;-0,051498
2,85;-0,051498
2,851667;-0,051498
2,853333;-0,051498
2,855;-0,051498
2,856667;-0,051498
2,858333;-0,051498
2,86;-0,051498
2,861667;-0,051498
2,863333;-0,051498
2,865;-0,051498
2,866667;-0,051498
2,868333;-0,051498
2,87;-0,051498
2,871667;-0,051498
2,873333;-0,051498
2,875;-0,051498
2,876667;-0,051498
2,878333;-0,051498
2,88;-0,051498
2,881667;-0,051498
2,883333;-0,051498
2,885;-0,051498
2,886667;-0,051498
2,888333;-0,051498
2,89;-0,051498
2,891667;-0,051498
2,893333;-0,051498
2,895;-0,051498
2,896667;-0,051498
2,898333;-0,051498
2,9;-0,051498
2,901667;-0,051498
2,903333;-0,051498
2,905;-0,051498
2,906667;-0,051498
2,908333;-0,051498
2,91;-0,051498
2,911667;-0,051498
2,913333;-0,051498
2,915;-0,051498
2,916667;-0,051498
2,918333;-0,051498
2,92;-0,051498
2,921667;-0,051498
2,923333;-0,051498
2,925;-0,051498
2,926667;-0,051498
2,928333;-0,051498
2,93;-0,051498
2,931667;-0,051498
2,933333;-0,051498
2,935;-0,051498
2,936667;-0,051498
2,938333;-0,051498
2,94;-0,051498
2,941667;-0,051498
2,943333;-0,051498
2,945;-0,051498
2,946667;-0,051498
2,948333;-0,051498
2,95;-0,051498
2,951667;-0,051498
2,953333;-0,051498
2,955;-0,051498
2,956667;-0,051498
2,958333;-0,051498
2,96;-0,051498
2,961667;-0,051498
2,963333;-0,051498
2,965;-0,051498
2,966667;-0,051498
2,968333;-0,051498
2,97;-0,051498
2,971667;-0,051498
2,973333;-0,051498
2,975;-0,051498
2,976667;-0,051498
2,978333;-0,051498
2,98;-0,051498
2,981667;-0,051498
2,983333;-0,051498
2,985;-0,051498
2,986667;-0,051498
2,988333;-0,051498
2,99;-0,051498
2,991667;-0,051498
2,993333;-0,051498
2,995;-0,051498
2,996667;-0,051498
2,998333;-0,051498
3;-0,051498
3,001667;-0,051498
3,003333;-0,051498
3,005;-0,051498
3,006667;-0,051498
3,008333;-0,051498
3,01;-0,051498
3,011667;-0,051498
3,013333;-0,051498
3,015;-0,051498
3,016667;-0,051498
3,018333;-0,051498
3,02;-0,051498
3,021667;-0,051498
3,023333;-0,051498
3,025;-0,051498
3,026667;-0,051498
3,028333;-0,051498
3,03;-0,051498
3,031667;-0,051498
3,033333;-0,051498
3,035;-0,051498
3,036667;-0,051498
3,038333;-0,051498
3,04;-0,051498
3,041667;-0,051498
3,043333;-0,051498
3,045;-0,051498
3,046667;-0,051498
3,048333;-0,051498
3,05;-0,051498
3,051667;-0,051498
3,053333;-0,051498
3,055;-0,051498
3,056667;-0,051498
3,058333;-0,051498
3,06;-0,051498
3,061667;-0,051498
3,063333;-0,051498
3,065;-0,051498
3,066667;-0,051498
3,068333;-0,051498
3,07;-0,051498
3,071667;-0,051498
3,073333;-0,051498
3,075;-0,051498
3,076667;-0,051498
3,078333;-0,051498
3,08;-0,051498
3,081667;-0,051498
3,083333;-0,051498
3,085;-0,051498
3,086667;-0,051498
3,088333;-0,051498
3,09;-0,051498
3,091667;-0,051498
3,093333;-0,051498
3,095;-0,051498
3,096667;-0,051498
3,098333;-0,051498
3,1;-0,051498
3,101667;-0,051498
3,103333;-0,051498
3,105;-0,051498
3,106667;-0,051498
3,108333;-0,051498
3,11;-0,051498
3,111667;-0,051498
3,113333;-0,051498
3,115;-0,051498
3,116667;-0,051498
3,118333;-0,051498
3,12;-0,051498
3,121667;-0,051498
3,123333;-0,051498
3,125;-0,051498
3,126667;-0,051498
3,128333;-0,051498
3,13;-0,051498
3,131667;-0,051498
3,133333;-0,051498
3,135;-0,051498
3,136667;-0,051498
3,138333;-0,051498
3,14;-0,051498
3,141667;-0,051498
3,143333;-0,051498
3,145;-0,054359
3,146667;-0,054359
3,148333;-0,054359
3,15;-0,054359
3,151667;-0,054359
3,153333;-0,054359
3,155;-0,054359
3,156667;-0,051498
3,158333;-0,051498
3,16;-0,054359
3,161667;-0,054359
3,163333;-0,051498
3,165;-0,051498
3,166667;-0,051498
3,168333;-0,051498
3,17;-0,051498
3,171667;-0,051498
3,173333;-0,051498
3,175;-0,051498
3,176667;-0,051498
3,178333;-0,051498
3,18;-0,051498
3,181667;-0,051498
3,183333;-0,051498
3,185;-0,051498
3,186667;-0,051498
3,188333;-0,051498
3,19;-0,051498
3,191667;-0,051498
3,193333;-0,051498
3,195;-0,051498
3,196667;-0,051498
3,198333;-0,051498
3,2;-0,051498
3,201667;-0,051498
3,203333;-0,051498
3,205;-0,051498
3,206667;-0,054359
3,208333;-0,054359
3,21;-0,054359
3,211667;-0,054359
3,213333;-0,054359
3,215;-0,054359
3,216667;-0,054359
3,218333;-0,054359
3,22;-0,054359
3,221667;-0,054359
3,223333;-0,054359
3,225;-0,054359
3,226667;-0,054359
3,228333;-0,054359
3,23;-0,054359
3,231667;-0,054359
3,233333;-0,054359
3,235;-0,054359
3,236667;-0,054359
3,238333;-0,054359
3,24;-0,054359
3,241667;-0,054359
3,243333;-0,054359
3,245;-0,054359
3,246667;-0,054359
3,248333;-0,054359
3,25;-0,054359
3,251667;-0,054359
3,253333;-0,054359
3,255;-0,054359
3,256667;-0,054359
3,258333;-0,054359
3,26;-0,054359
3,261667;-0,054359
3,263333;-0,054359
3,265;-0,054359
3,266667;-0,054359
3,268333;-0,054359
3,27;-0,054359
3,271667;-0,054359
3,273333;-0,051498
3,275;-0,051498
3,276667;-0,051498
3,278333;-0,051498
3,28;-0,051498
3,281667;-0,051498
3,283333;-0,051498
3,285;-0,051498
3,286667;-0,054359
3,288333;-0,054359
3,29;-0,054359
3,291667;-0,054359
3,293333;-0,054359
3,295;-0,054359
3,296667;-0,054359
3,298333;-0,054359
3,3;-0,054359
3,301667;-0,054359
3,303333;-0,054359
3,305;-0,054359
3,306667;-0,054359
3,308333;-0,054359
3,31;-0,054359
3,311667;-0,054359
3,313333;-0,054359
3,315;-0,054359
3,316667;-0,054359
3,318333;-0,054359
3,32;-0,054359
3,321667;-0,054359
3,323333;-0,054359
3,325;-0,054359
3,326667;-0,054359
3,328333;-0,054359
3,33;-0,054359
3,331667;-0,054359
3,333333;-0,054359
3,335;-0,054359
3,336667;-0,054359
3,338333;-0,054359
3,34;-0,054359
3,341667;-0,054359
3,343333;-0,054359
3,345;-0,054359
3,346667;-0,054359
3,348333;-0,054359
3,35;-0,054359
3,351667;-0,054359
3,353333;-0,054359
3,355;-0,054359
3,356667;-0,054359
3,358333;-0,054359
3,36;-0,054359
3,361667;-0,054359
3,363333;-0,054359
3,365;-0,054359
3,366667;-0,054359
3,368333;-0,054359
3,37;-0,054359
3,371667;-0,054359
3,373333;-0,054359
3,375;-0,054359
3,376667;-0,054359
3,378333;-0,054359
3,38;-0,054359
3,381667;-0,054359
3,383333;-0,054359
3,385;-0,054359
3,386667;-0,054359
3,388333;-0,054359
3,39;-0,054359
3,391667;-0,054359
3,393333;-0,054359
3,395;-0,054359
3,396667;-0,054359
3,398333;-0,054359
3,4;-0,054359
3,401667;-0,054359
3,403333;-0,054359
3,405;-0,054359
3,406667;-0,054359
3,408333;-0,054359
3,41;-0,054359
3,411667;-0,054359
3,413333;-0,054359
3,415;-0,054359
3,416667;-0,054359
3,418333;-0,054359
3,42;-0,054359
3,421667;-0,054359
3,423333;-0,054359
3,425;-0,054359
3,426667;-0,054359
3,428333;-0,054359
3,43;-0,054359
3,431667;-0,054359
3,433333;-0,054359
3,435;-0,054359
3,436667;-0,054359
3,438333;-0,054359
3,44;-0,054359
3,441667;-0,054359
3,443333;-0,054359
3,445;-0,054359
3,446667;-0,054359
3,448333;-0,054359
3,45;-0,054359
3,451667;-0,054359
3,453333;-0,054359
3,455;-0,054359
3,456667;-0,054359
3,458333;-0,054359
3,46;-0,054359
3,461667;-0,054359
3,463333;-0,054359
3,465;-0,054359
3,466667;-0,054359
3,468333;-0,054359
3,47;-0,054359
3,471667;-0,054359
3,473333;-0,054359
3,475;-0,054359
3,476667;-0,054359
3,478333;-0,054359
3,48;-0,054359
3,481667;-0,054359
3,483333;-0,054359
3,485;-0,054359
3,486667;-0,054359
3,488333;-0,054359
3,49;-0,054359
3,491667;-0,054359
3,493333;-0,054359
3,495;-0,054359
3,496667;-0,054359
3,498333;-0,054359
3,5;-0,054359
3,501667;-0,054359
3,503333;-0,054359
3,505;-0,054359
3,506667;-0,054359
3,508333;-0,054359
3,51;-0,054359
3,511667;-0,054359
3,513333;-0,054359
3,515;-0,054359
3,516667;-0,054359
3,518333;-0,054359
3,52;-0,054359
3,521667;-0,054359
3,523333;-0,054359
3,525;-0,054359
3,526667;-0,054359
3,528333;-0,054359
3,53;-0,054359
3,531667;-0,054359
3,533333;-0,054359
3,535;-0,054359
3,536667;-0,054359
3,538333;-0,054359
3,54;-0,054359
3,541667;-0,054359
3,543333;-0,054359
3,545;-0,054359
3,546667;-0,054359
3,548333;-0,054359
3,55;-0,054359
3,551667;-0,054359
3,553333;-0,054359
3,555;-0,054359
3,556667;-0,054359
3,558333;-0,054359
3,56;-0,054359
3,561667;-0,054359
3,563333;-0,054359
3,565;-0,054359
3,566667;-0,054359
3,568333;-0,054359
3,57;-0,054359
3,571667;-0,054359
3,573333;-0,054359
3,575;-0,054359
3,576667;-0,054359
3,578333;-0,054359
3,58;-0,054359
3,581667;-0,054359
3,583333;-0,054359
3,585;-0,054359
3,586667;-0,054359
3,588333;-0,054359
3,59;-0,054359
3,591667;-0,054359
3,593333;-0,054359
3,595;-0,054359
3,596667;-0,054359
3,598333;-0,054359
3,6;-0,054359
3,601667;-0,054359
3,603333;-0,054359
3,605;-0,051498
3,606667;-0,051498
3,608333;-0,051498
3,61;-0,051498
3,611667;-0,051498
3,613333;-0,051498
3,615;-0,051498
3,616667;-0,051498
3,618333;-0,051498
3,62;-0,051498
3,621667;-0,051498
3,623333;-0,051498
3,625;-0,051498
3,626667;-0,051498
3,628333;-0,051498
3,63;-0,051498
3,631667;-0,051498
3,633333;-0,051498
3,635;-0,051498
3,636667;-0,051498
3,638333;-0,051498
3,64;-0,051498
3,641667;-0,051498
3,643333;-0,051498
3,645;-0,051498
3,646667;-0,051498
3,648333;-0,051498
3,65;-0,051498
3,651667;-0,051498
3,653333;-0,051498
3,655;-0,051498
3,656667;-0,051498
3,658333;-0,051498
3,66;-0,051498
3,661667;-0,051498
3,663333;-0,051498
3,665;-0,051498
3,666667;-0,051498
3,668333;-0,051498
3,67;-0,051498
3,671667;-0,051498
3,673333;-0,051498
3,675;-0,051498
3,676667;-0,051498
3,678333;-0,051498
3,68;-0,051498
3,681667;-0,051498
3,683333;-0,051498
3,685;-0,051498
3,686667;-0,051498
3,688333;-0,051498
3,69;-0,051498
3,691667;-0,051498
3,693333;-0,051498
3,695;-0,051498
3,696667;-0,051498
3,698333;-0,051498
3,7;-0,051498
3,701667;-0,051498
3,703333;-0,051498
3,705;-0,051498
3,706667;-0,051498
3,708333;-0,051498
3,71;-0,051498
3,711667;-0,051498
3,713333;-0,051498
3,715;-0,051498
3,716667;-0,051498
3,718333;-0,051498
3,72;-0,051498
3,721667;-0,051498
3,723333;-0,051498
3,725;-0,051498
3,726667;-0,051498
3,728333;-0,051498
3,73;-0,051498
3,731667;-0,051498
3,733333;-0,051498
3,735;-0,051498
3,736667;-0,051498
3,738333;-0,051498
3,74;-0,051498
3,741667;-0,051498
3,743333;-0,051498
3,745;-0,051498
3,746667;-0,051498
3,748333;-0,051498
3,75;-0,051498
3,751667;-0,051498
3,753333;-0,051498
3,755;-0,051498
3,756667;-0,051498
3,758333;-0,051498
3,76;-0,051498
3,761667;-0,051498
3,763333;-0,051498
3,765;-0,051498
3,766667;-0,051498
3,768333;-0,051498
3,77;-0,051498
3,771667;-0,051498
3,773333;-0,051498
3,775;-0,051498
3,776667;-0,051498
3,778333;-0,051498
3,78;-0,051498
3,781667;-0,051498
3,783333;-0,051498
3,785;-0,051498
3,786667;-0,051498
3,788333;-0,051498
3,79;-0,051498
3,791667;-0,051498
3,793333;-0,051498
3,795;-0,051498
3,796667;-0,051498
3,798333;-0,051498
3,8;-0,051498
3,801667;-0,051498
3,803333;-0,051498
3,805;-0,051498
3,806667;-0,051498
3,808333;-0,051498
3,81;-0,051498
3,811667;-0,051498
3,813333;-0,051498
3,815;-0,051498
3,816667;-0,051498
3,818333;-0,051498
3,82;-0,051498
3,821667;-0,051498
3,823333;-0,051498
3,825;-0,051498
3,826667;-0,051498
3,828333;-0,051498
3,83;-0,051498
3,831667;-0,051498
3,833333;-0,051498
3,835;-0,051498
3,836667;-0,051498
3,838333;-0,051498
3,84;-0,051498
3,841667;-0,051498
3,843333;-0,051498
3,845;-0,051498
3,846667;-0,051498
3,848333;-0,051498
3,85;-0,051498
3,851667;-0,051498
3,853333;-0,051498
3,855;-0,051498
3,856667;-0,051498
3,858333;-0,051498
3,86;-0,051498
3,861667;-0,051498
3,863333;-0,051498
3,865;-0,051498
3,866667;-0,051498
3,868333;-0,051498
3,87;-0,051498
3,871667;-0,051498
3,873333;-0,051498
3,875;-0,051498
3,876667;-0,051498
3,878333;-0,051498
3,88;-0,051498
3,881667;-0,051498
3,883333;-0,051498
3,885;-0,051498
3,886667;-0,051498
3,888333;-0,051498
3,89;-0,051498
3,891667;-0,051498
3,893333;-0,051498
3,895;-0,051498
3,896667;-0,051498
3,898333;-0,051498
3,9;-0,051498
3,901667;-0,051498
3,903333;-0,051498
3,905;-0,051498
3,906667;-0,051498
3,908333;-0,051498
3,91;-0,051498
3,911667;-0,051498
3,913333;-0,051498
3,915;-0,051498
3,916667;-0,051498
3,918333;-0,051498
3,92;-0,051498
3,921667;-0,051498
3,923333;-0,051498
3,925;-0,051498
3,926667;-0,051498
3,928333;-0,051498
3,93;-0,051498
3,931667;-0,051498
3,933333;-0,051498
3,935;-0,051498
3,936667;-0,051498
3,938333;-0,051498
3,94;-0,051498
3,941667;-0,051498
3,943333;-0,051498
3,945;-0,051498
3,946667;-0,051498
3,948333;-0,051498
3,95;-0,051498
3,951667;-0,051498
3,953333;-0,051498
3,955;-0,051498
3,956667;-0,051498
3,958333;-0,051498
3,96;-0,051498
3,961667;-0,051498
3,963333;-0,051498
3,965;-0,051498
3,966667;-0,051498
3,968333;-0,051498
3,97;-0,051498
3,971667;-0,051498
3,973333;-0,051498
3,975;-0,051498
3,976667;-0,051498
3,978333;-0,051498
3,98;-0,051498
3,981667;-0,051498
3,983333;-0,051498
3,985;-0,051498
3,986667;-0,051498
3,988333;-0,051498
3,99;-0,051498
3,991667;-0,051498
3,993333;-0,051498
3,995;-0,051498
3,996667;-0,051498
3,998333;-0,051498
4;-0,051498
4,001667;-0,051498
4,003333;-0,051498
4,005;-0,051498
4,006667;-0,051498
4,008333;-0,051498
4,01;-0,051498
4,011667;-0,051498
4,013333;-0,051498
4,015;-0,051498
4,016667;-0,051498
4,018333;-0,051498
4,02;-0,051498
4,021667;-0,051498
4,023333;-0,051498
4,025;-0,051498
4,026667;-0,051498
4,028333;-0,051498
4,03;-0,051498
4,031667;-0,051498
4,033333;-0,051498
4,035;-0,051498
4,036667;-0,051498
4,038333;-0,051498
4,04;-0,051498
4,041667;-0,051498
4,043333;-0,051498
4,045;-0,051498
4,046667;-0,051498
4,048333;-0,051498
4,05;-0,051498
4,051667;-0,051498
4,053333;-0,051498
4,055;-0,051498
4,056667;-0,051498
4,058333;-0,051498
4,06;-0,051498
4,061667;-0,051498
4,063333;-0,051498
4,065;-0,051498
4,066667;-0,051498
4,068333;-0,051498
4,07;-0,051498
4,071667;-0,051498
4,073333;-0,051498
4,075;-0,051498
4,076667;-0,051498
4,078333;-0,051498
4,08;-0,051498
4,081667;-0,051498
4,083333;-0,051498
4,085;-0,051498
4,086667;-0,051498
4,088333;-0,051498
4,09;-0,051498
4,091667;-0,051498
4,093333;-0,051498
4,095;-0,051498
4,096667;-0,051498
4,098333;-0,051498
4,1;-0,051498
4,101667;-0,051498
4,103333;-0,051498
4,105;-0,051498
4,106667;-0,051498
4,108333;-0,051498
4,11;-0,051498
4,111667;-0,051498
4,113333;-0,054359
4,115;-0,054359
4,116667;-0,054359
4,118333;-0,054359
4,12;-0,054359
4,121667;-0,054359
4,123333;-0,054359
4,125;-0,054359
4,126667;-0,054359
4,128333;-0,054359
4,13;-0,054359
4,131667;-0,054359
4,133333;-0,054359
4,135;-0,054359
4,136667;-0,054359
4,138333;-0,054359
4,14;-0,054359
4,141667;-0,054359
4,143333;-0,054359
4,145;-0,054359
4,146667;-0,054359
4,148333;-0,054359
4,15;-0,054359
4,151667;-0,054359
4,153333;-0,054359
4,155;-0,054359
4,156667;-0,054359
4,158333;-0,054359
4,16;-0,054359
4,161667;-0,054359
4,163333;-0,054359
4,165;-0,054359
4,166667;-0,054359
4,168333;-0,054359
4,17;-0,054359
4,171667;-0,054359
4,173333;-0,054359
4,175;-0,054359
4,176667;-0,054359
4,178333;-0,054359
4,18;-0,054359
4,181667;-0,051498
4,183333;-0,051498
4,185;-0,051498
4,186667;-0,051498
4,188333;-0,051498
4,19;-0,051498
4,191667;-0,051498
4,193333;-0,051498
4,195;-0,051498
4,196667;-0,051498
4,198333;-0,054359
4,2;-0,054359
4,201667;-0,054359
4,203333;-0,054359
4,205;-0,054359
4,206667;-0,054359
4,208333;-0,054359
4,21;-0,054359
4,211667;-0,054359
4,213333;-0,054359
4,215;-0,054359
4,216667;-0,054359
4,218333;-0,054359
4,22;-0,054359
4,221667;-0,054359
4,223333;-0,054359
4,225;-0,054359
4,226667;-0,054359
4,228333;-0,054359
4,23;-0,054359
4,231667;-0,054359
4,233333;-0,054359
4,235;-0,054359
4,236667;-0,054359
4,238333;-0,054359
4,24;-0,054359
4,241667;-0,054359
4,243333;-0,054359
4,245;-0,054359
4,246667;-0,054359
4,248333;-0,054359
4,25;-0,054359
4,251667;-0,054359
4,253333;-0,054359
4,255;-0,054359
4,256667;-0,051498
4,258333;-0,051498
4,26;-0,051498
4,261667;-0,051498
4,263333;-0,051498
4,265;-0,051498
4,266667;-0,051498
4,268333;-0,051498
4,27;-0,051498
4,271667;-0,051498
4,273333;-0,051498
4,275;-0,051498
4,276667;-0,051498
4,278333;-0,051498
4,28;-0,051498
4,281667;-0,051498
4,283333;-0,051498
4,285;-0,054359
4,286667;-0,054359
4,288333;-0,054359
4,29;-0,054359
4,291667;-0,054359
4,293333;-0,054359
4,295;-0,054359
4,296667;-0,054359
4,298333;-0,054359
4,3;-0,054359
4,301667;-0,054359
4,303333;-0,054359
4,305;-0,054359
4,306667;-0,054359
4,308333;-0,054359
4,31;-0,051498
4,311667;-0,051498
4,313333;-0,051498
4,315;-0,051498
4,316667;-0,051498
4,318333;-0,051498
4,32;-0,051498
4,321667;-0,051498
4,323333;-0,051498
4,325;-0,051498
4,326667;-0,051498
4,328333;-0,051498
4,33;-0,051498
4,331667;-0,051498
4,333333;-0,051498
4,335;-0,051498
4,336667;-0,051498
4,338333;-0,051498
4,34;-0,051498
4,341667;-0,051498
4,343333;-0,051498
4,345;-0,051498
4,346667;-0,051498
4,348333;-0,051498
4,35;-0,051498
4,351667;-0,051498
4,353333;-0,051498
4,355;-0,051498
4,356667;-0,051498
4,358333;-0,051498
4,36;-0,051498
4,361667;-0,051498
4,363333;-0,051498
4,365;-0,051498
4,366667;-0,051498
4,368333;-0,051498
4,37;-0,051498
4,371667;-0,051498
4,373333;-0,051498
4,375;-0,054359
4,376667;-0,054359
4,378333;-0,054359
4,38;-0,054359
4,381667;-0,054359
4,383333;-0,054359
4,385;-0,054359
4,386667;-0,054359
4,388333;-0,054359
4,39;-0,054359
4,391667;-0,054359
4,393333;-0,054359
4,395;-0,054359
4,396667;-0,054359
4,398333;-0,054359
4,4;-0,054359
4,401667;-0,054359
4,403333;-0,054359
4,405;-0,054359
4,406667;-0,054359
4,408333;-0,054359
4,41;-0,054359
4,411667;-0,054359
4,413333;-0,054359
4,415;-0,054359
4,416667;-0,054359
4,418333;-0,054359
4,42;-0,054359
4,421667;-0,054359
4,423333;-0,054359
4,425;-0,054359
4,426667;-0,054359
4,428333;-0,054359
4,43;-0,054359
4,431667;-0,054359
4,433333;-0,054359
4,435;-0,054359
4,436667;-0,054359
4,438333;-0,054359
4,44;-0,054359
4,441667;-0,054359
4,443333;-0,054359
4,445;-0,054359
4,446667;-0,054359
4,448333;-0,054359
4,45;-0,054359
4,451667;-0,054359
4,453333;-0,054359
4,455;-0,054359
4,456667;-0,054359
4,458333;-0,054359
4,46;-0,054359
4,461667;-0,054359
4,463333;-0,054359
4,465;-0,054359
4,466667;-0,054359
4,468333;-0,054359
4,47;-0,054359
4,471667;-0,054359
4,473333;-0,054359
4,475;-0,054359
4,476667;-0,054359
4,478333;-0,054359
4,48;-0,054359
4,481667;-0,054359
4,483333;-0,054359
4,485;-0,054359
4,486667;-0,054359
4,488333;-0,054359
4,49;-0,054359
4,491667;-0,054359
4,493333;-0,054359
4,495;-0,054359
4,496667;-0,054359
4,498333;-0,054359
4,5;-0,054359
4,501667;-0,054359
4,503333;-0,054359
4,505;-0,054359
4,506667;-0,054359
4,508333;-0,054359
4,51;-0,054359
4,511667;-0,054359
4,513333;-0,054359
4,515;-0,054359
4,516667;-0,054359
4,518333;-0,054359
4,52;-0,054359
4,521667;-0,054359
4,523333;-0,054359
4,525;-0,054359
4,526667;-0,054359
4,528333;-0,054359
4,53;-0,054359
4,531667;-0,054359
4,533333;-0,054359
4,535;-0,054359
4,536667;-0,054359
4,538333;-0,054359
4,54;-0,054359
4,541667;-0,054359
4,543333;-0,054359
4,545;-0,054359
4,546667;-0,054359
4,548333;-0,054359
4,55;-0,054359
4,551667;-0,054359
4,553333;-0,054359
4,555;-0,054359
4,556667;-0,054359
4,558333;-0,054359
4,56;-0,054359
4,561667;-0,054359
4,563333;-0,054359
4,565;-0,054359
4,566667;-0,054359
4,568333;-0,054359
4,57;-0,054359
4,571667;-0,054359
4,573333;-0,054359
4,575;-0,054359
4,576667;-0,054359
4,578333;-0,054359
4,58;-0,054359
4,581667;-0,054359
4,583333;-0,054359
4,585;-0,054359
4,586667;-0,054359
4,588333;-0,054359
4,59;-0,054359
4,591667;-0,054359
4,593333;-0,054359
4,595;-0,054359
4,596667;-0,054359
4,598333;-0,054359
4,6;-0,054359
4,601667;-0,054359
4,603333;-0,054359
4,605;-0,054359
4,606667;-0,054359
4,608333;-0,054359
4,61;-0,054359
4,611667;-0,054359
4,613333;-0,054359
4,615;-0,054359
4,616667;-0,054359
4,618333;-0,054359
4,62;-0,054359
4,621667;-0,054359
4,623333;-0,054359
4,625;-0,054359
4,626667;-0,054359
4,628333;-0,054359
4,63;-0,054359
4,631667;-0,054359
4,633333;-0,054359
4,635;-0,054359
4,636667;-0,054359
4,638333;-0,054359
4,64;-0,054359
4,641667;-0,054359
4,643333;-0,054359
4,645;-0,054359
4,646667;-0,054359
4,648333;-0,054359
4,65;-0,054359
4,651667;-0,054359
4,653333;-0,054359
4,655;-0,054359
4,656667;-0,054359
4,658333;-0,054359
4,66;-0,054359
4,661667;-0,054359
4,663333;-0,054359
4,665;-0,054359
4,666667;-0,054359
4,668333;-0,054359
4,67;-0,054359
4,671667;-0,054359
4,673333;-0,054359
4,675;-0,054359
4,676667;-0,054359
4,678333;-0,054359
4,68;-0,054359
4,681667;-0,054359
4,683333;-0,054359
4,685;-0,054359
4,686667;-0,054359
4,688333;-0,054359
4,69;-0,054359
4,691667;-0,054359
4,693333;-0,054359
4,695;-0,054359
4,696667;-0,054359
4,698333;-0,054359
4,7;-0,054359
4,701667;-0,054359
4,703333;-0,054359
4,705;-0,054359
4,706667;-0,054359
4,708333;-0,054359
4,71;-0,054359
4,711667;-0,054359
4,713333;-0,054359
4,715;-0,054359
4,716667;-0,054359
4,718333;-0,054359
4,72;-0,054359
4,721667;-0,054359
4,723333;-0,054359
4,725;-0,054359
4,726667;-0,054359
4,728333;-0,054359
4,73;-0,054359
4,731667;-0,054359
4,733333;-0,054359
4,735;-0,054359
4,736667;-0,054359
4,738333;-0,054359
4,74;-0,054359
4,741667;-0,054359
4,743333;-0,054359
4,745;-0,054359
4,746667;-0,054359
4,748333;-0,054359
4,75;-0,054359
4,751667;-0,054359
4,753333;-0,054359
4,755;-0,054359
4,756667;-0,054359
4,758333;-0,054359
4,76;-0,054359
4,761667;-0,054359
4,763333;-0,054359
4,765;-0,054359
4,766667;-0,054359
4,768333;-0,054359
4,77;-0,054359
4,771667;-0,054359
4,773333;-0,054359
4,775;-0,054359
4,776667;-0,054359
4,778333;-0,054359
4,78;-0,054359
4,781667;-0,054359
4,783333;-0,054359
4,785;-0,054359
4,786667;-0,054359
4,788333;-0,054359
4,79;-0,054359
4,791667;-0,054359
4,793333;-0,054359
4,795;-0,054359
4,796667;-0,054359
4,798333;-0,054359
4,8;-0,054359
4,801667;-0,054359
4,803333;-0,054359
4,805;-0,054359
4,806667;-0,054359
4,808333;-0,054359
4,81;-0,054359
4,811667;-0,054359
4,813333;-0,054359
4,815;-0,054359
4,816667;-0,054359
4,818333;-0,054359
4,82;-0,054359
4,821667;-0,054359
4,823333;-0,054359
4,825;-0,054359
4,826667;-0,054359
4,828333;-0,054359
4,83;-0,054359
4,831667;-0,054359
4,833333;-0,054359
4,835;-0,054359
4,836667;-0,054359
4,838333;-0,054359
4,84;-0,054359
4,841667;-0,054359
4,843333;-0,054359
4,845;-0,054359
4,846667;-0,054359
4,848333;-0,054359
4,85;-0,054359
4,851667;-0,054359
4,853333;-0,054359
4,855;-0,054359
4,856667;-0,054359
4,858333;-0,054359
4,86;-0,054359
4,861667;-0,054359
4,863333;-0,054359
4,865;-0,054359
4,866667;-0,054359
4,868333;-0,054359
4,87;-0,054359
4,871667;-0,054359
4,873333;-0,054359
4,875;-0,054359
4,876667;-0,054359
4,878333;-0,054359
4,88;-0,054359
4,881667;-0,054359
4,883333;-0,054359
4,885;-0,054359
4,886667;-0,054359
4,888333;-0,054359
4,89;-0,054359
4,891667;-0,054359
4,893333;-0,054359
4,895;-0,054359
4,896667;-0,054359
4,898333;-0,054359
4,9;-0,054359
4,901667;-0,054359
4,903333;-0,054359
4,905;-0,054359
4,906667;-0,054359
4,908333;-0,054359
4,91;-0,054359
4,911667;-0,054359
4,913333;-0,054359
4,915;-0,054359
4,916667;-0,054359
4,918333;-0,054359
4,92;-0,054359
4,921667;-0,054359
4,923333;-0,054359
4,925;-0,054359
4,926667;-0,054359
4,928333;-0,054359
4,93;-0,054359
4,931667;-0,054359
4,933333;-0,054359
4,935;-0,054359
4,936667;-0,054359
4,938333;-0,054359
4,94;-0,054359
4,941667;-0,054359
4,943333;-0,054359
4,945;-0,054359
4,946667;-0,054359
4,948333;-0,054359
4,95;-0,054359
4,951667;-0,054359
4,953333;-0,054359
4,955;-0,054359
4,956667;-0,054359
4,958333;-0,054359
4,96;-0,054359
4,961667;-0,054359
4,963333;-0,054359
4,965;-0,054359
4,966667;-0,054359
4,968333;-0,054359
4,97;-0,054359
4,971667;-0,054359
4,973333;-0,054359
4,975;-0,054359
4,976667;-0,054359
4,978333;-0,054359
4,98;-0,054359
4,981667;-0,054359
4,983333;-0,054359
4,985;-0,054359
4,986667;-0,054359
4,988333;-0,054359
4,99;-0,054359
4,991667;-0,054359
4,993333;-0,054359
4,995;-0,054359
4,996667;-0,054359
4,998333;-0,054359
5;-0,054359
5,001667;-0,054359
5,003333;-0,054359
5,005;-0,054359
5,006667;-0,054359
5,008333;-0,054359
5,01;-0,054359
5,011667;-0,054359
5,013333;-0,05722
5,015;-0,05722
5,016667;-0,05722
5,018333;-0,05722
5,02;-0,05722
5,021667;-0,05722
5,023333;-0,05722
5,025;-0,05722
5,026667;-0,05722
5,028333;-0,05722
5,03;-0,05722
5,031667;-0,05722
5,033333;-0,05722
5,035;-0,05722
5,036667;-0,05722
5,038333;-0,05722
5,04;-0,05722
5,041667;-0,05722
5,043333;-0,05722
5,045;-0,05722
5,046667;-0,05722
5,048333;-0,05722
5,05;-0,05722
5,051667;-0,05722
5,053333;-0,05722
5,055;-0,05722
5,056667;-0,05722
5,058333;-0,05722
5,06;-0,05722
5,061667;-0,05722
5,063333;-0,05722
5,065;-0,05722
5,066667;-0,05722
5,068333;-0,05722
5,07;-0,05722
5,071667;-0,05722
5,073333;-0,05722
5,075;-0,05722
5,076667;-0,05722
5,078333;-0,05722
5,08;-0,05722
5,081667;-0,05722
5,083333;-0,05722
5,085;-0,05722
5,086667;-0,05722
5,088333;-0,05722
5,09;-0,05722
5,091667;-0,05722
5,093333;-0,05722
5,095;-0,05722
5,096667;-0,05722
5,098333;-0,05722
5,1;-0,05722
5,101667;-0,05722
5,103333;-0,05722
5,105;-0,05722
5,106667;-0,05722
5,108333;-0,05722
5,11;-0,05722
5,111667;-0,05722
5,113333;-0,05722
5,115;-0,05722
5,116667;-0,05722
5,118333;-0,05722
5,12;-0,05722
5,121667;-0,05722
5,123333;-0,05722
5,125;-0,05722
5,126667;-0,05722
5,128333;-0,05722
5,13;-0,05722
5,131667;-0,05722
5,133333;-0,05722
5,135;-0,05722
5,136667;-0,05722
5,138333;-0,05722
5,14;-0,05722
5,141667;-0,05722
5,143333;-0,05722
5,145;-0,05722
5,146667;-0,05722
5,148333;-0,05722
5,15;-0,05722
5,151667;-0,05722
5,153333;-0,05722
5,155;-0,05722
5,156667;-0,05722
5,158333;-0,05722
5,16;-0,05722
5,161667;-0,05722
5,163333;-0,05722
5,165;-0,05722
5,166667;-0,05722
5,168333;-0,05722
5,17;-0,05722
5,171667;-0,05722
5,173333;-0,05722
5,175;-0,05722
5,176667;-0,05722
5,178333;-0,05722
5,18;-0,05722
5,181667;-0,05722
5,183333;-0,05722
5,185;-0,05722
5,186667;-0,05722
5,188333;-0,05722
5,19;-0,05722
5,191667;-0,05722
5,193333;-0,05722
5,195;-0,05722
5,196667;-0,05722
5,198333;-0,05722
5,2;-0,05722
5,201667;-0,05722
5,203333;-0,05722
5,205;-0,05722
5,206667;-0,05722
5,208333;-0,05722
5,21;-0,05722
5,211667;-0,05722
5,213333;-0,05722
5,215;-0,05722
5,216667;-0,05722
5,218333;-0,05722
5,22;-0,05722
5,221667;-0,05722
5,223333;-0,05722
5,225;-0,05722
5,226667;-0,05722
5,228333;-0,05722
5,23;-0,05722
5,231667;-0,05722
5,233333;-0,05722
5,235;-0,05722
5,236667;-0,05722
5,238333;-0,060081
5,24;-0,060081
5,241667;-0,060081
5,243333;-0,060081
5,245;-0,060081
5,246667;-0,060081
5,248333;-0,060081
5,25;-0,060081
5,251667;-0,060081
5,253333;-0,060081
5,255;-0,060081
5,256667;-0,060081
5,258333;-0,060081
5,26;-0,05722
5,261667;-0,05722
5,263333;-0,05722
5,265;-0,05722
5,266667;-0,05722
5,268333;-0,05722
5,27;-0,05722
5,271667;-0,05722
5,273333;-0,05722
5,275;-0,05722
5,276667;-0,05722
5,278333;-0,05722
5,28;-0,05722
5,281667;-0,05722
5,283333;-0,05722
5,285;-0,05722
5,286667;-0,05722
5,288333;-0,05722
5,29;-0,05722
5,291667;-0,05722
5,293333;-0,05722
5,295;-0,05722
5,296667;-0,060081
5,298333;-0,060081
5,3;-0,060081
5,301667;-0,060081
5,303333;-0,060081
5,305;-0,060081
5,306667;-0,060081
5,308333;-0,060081
5,31;-0,060081
5,311667;-0,05722
5,313333;-0,05722
5,315;-0,05722
5,316667;-0,05722
5,318333;-0,05722
5,32;-0,05722
5,321667;-0,05722
5,323333;-0,05722
5,325;-0,05722
5,326667;-0,05722
5,328333;-0,05722
5,33;-0,05722
5,331667;-0,05722
5,333333;-0,05722
5,335;-0,05722
5,336667;-0,05722
5,338333;-0,05722
5,34;-0,05722
5,341667;-0,05722
5,343333;-0,05722
5,345;-0,05722
5,346667;-0,060081
5,348333;-0,060081
5,35;-0,060081
5,351667;-0,060081
5,353333;-0,060081
5,355;-0,060081
5,356667;-0,060081
5,358333;-0,060081
5,36;-0,060081
5,361667;-0,060081
5,363333;-0,060081
5,365;-0,060081
5,366667;-0,060081
5,368333;-0,060081
5,37;-0,060081
5,371667;-0,060081
5,373333;-0,060081
5,375;-0,060081
5,376667;-0,060081
5,378333;-0,060081
5,38;-0,060081
5,381667;-0,060081
5,383333;-0,060081
5,385;-0,060081
5,386667;-0,060081
5,388333;-0,060081
5,39;-0,060081
5,391667;-0,060081
5,393333;-0,060081
5,395;-0,060081
5,396667;-0,060081
5,398333;-0,060081
5,4;-0,060081
5,401667;-0,060081
5,403333;-0,060081
5,405;-0,060081
5,406667;-0,060081
5,408333;-0,060081
5,41;-0,060081
5,411667;-0,060081
5,413333;-0,060081
5,415;-0,060081
5,416667;-0,060081
5,418333;-0,060081
5,42;-0,060081
5,421667;-0,060081
5,423333;-0,060081
5,425;-0,060081
5,426667;-0,060081
5,428333;-0,060081
5,43;-0,060081
5,431667;-0,060081
5,433333;-0,060081
5,435;-0,060081
5,436667;-0,060081
5,438333;-0,062943
5,44;-0,062943
5,441667;-0,062943
5,443333;-0,062943
5,445;-0,062943
5,446667;-0,062943
5,448333;-0,062943
5,45;-0,062943
5,451667;-0,062943
5,453333;-0,062943
5,455;-0,062943
5,456667;-0,062943
5,458333;-0,062943
5,46;-0,062943
5,461667;-0,062943
5,463333;-0,062943
5,465;-0,062943
5,466667;-0,062943
5,468333;-0,062943
5,47;-0,062943
5,471667;-0,062943
5,473333;-0,062943
5,475;-0,062943
5,476667;-0,062943
5,478333;-0,062943
5,48;-0,062943
5,481667;-0,062943
5,483333;-0,062943
5,485;-0,062943
5,486667;-0,062943
5,488333;-0,062943
5,49;-0,060081
5,491667;-0,060081
5,493333;-0,060081
5,495;-0,060081
5,496667;-0,060081
5,498333;-0,060081
5,5;-0,060081
5,501667;-0,060081
5,503333;-0,060081
5,505;-0,060081
5,506667;-0,060081
5,508333;-0,060081
5,51;-0,060081
5,511667;-0,060081
5,513333;-0,060081
5,515;-0,060081
5,516667;-0,060081
5,518333;-0,060081
5,52;-0,060081
5,521667;-0,060081
5,523333;-0,060081
5,525;-0,060081
5,526667;-0,060081
5,528333;-0,060081
5,53;-0,060081
5,531667;-0,060081
5,533333;-0,060081
5,535;-0,060081
5,536667;-0,060081
5,538333;-0,060081
5,54;-0,060081
5,541667;-0,060081
5,543333;-0,060081
5,545;-0,060081
5,546667;-0,060081
5,548333;-0,060081
5,55;-0,060081
5,551667;-0,060081
5,553333;-0,060081
5,555;-0,060081
5,556667;-0,060081
5,558333;-0,060081
5,56;-0,060081
5,561667;-0,060081
5,563333;-0,060081
5,565;-0,060081
5,566667;-0,060081
5,568333;-0,060081
5,57;-0,060081
5,571667;-0,060081
5,573333;-0,060081
5,575;-0,060081
5,576667;-0,060081
5,578333;-0,060081
5,58;-0,060081
5,581667;-0,060081
5,583333;-0,060081
5,585;-0,060081
5,586667;-0,060081
5,588333;-0,060081
5,59;-0,060081
5,591667;-0,060081
5,593333;-0,060081
5,595;-0,060081
5,596667;-0,060081
5,598333;-0,060081
5,6;-0,060081
5,601667;-0,060081
5,603333;-0,060081
5,605;-0,060081
5,606667;-0,060081
5,608333;-0,060081
5,61;-0,060081
5,611667;-0,060081
5,613333;-0,060081
5,615;-0,060081
5,616667;-0,060081
5,618333;-0,060081
5,62;-0,060081
5,621667;-0,060081
5,623333;-0,060081
5,625;-0,060081
5,626667;-0,060081
5,628333;-0,060081
5,63;-0,060081
5,631667;-0,060081
5,633333;-0,060081
5,635;-0,060081
5,636667;-0,060081
5,638333;-0,060081
5,64;-0,060081
5,641667;-0,060081
5,643333;-0,060081
5,645;-0,060081
5,646667;-0,060081
5,648333;-0,060081
5,65;-0,060081
5,651667;-0,060081
5,653333;-0,060081
5,655;-0,060081
5,656667;-0,060081
5,658333;-0,060081
5,66;-0,060081
5,661667;-0,060081
5,663333;-0,060081
5,665;-0,060081
5,666667;-0,060081
5,668333;-0,060081
5,67;-0,060081
5,671667;-0,060081
5,673333;-0,060081
5,675;-0,060081
5,676667;-0,060081
5,678333;-0,060081
5,68;-0,060081
5,681667;-0,060081
5,683333;-0,060081
5,685;-0,060081
5,686667;-0,060081
5,688333;-0,060081
5,69;-0,060081
5,691667;-0,060081
5,693333;-0,060081
5,695;-0,060081
5,696667;-0,060081
5,698333;-0,060081
5,7;-0,060081
5,701667;-0,060081
5,703333;-0,060081
5,705;-0,060081
5,706667;-0,060081
5,708333;-0,060081
5,71;-0,060081
5,711667;-0,060081
5,713333;-0,060081
5,715;-0,060081
5,716667;-0,060081
5,718333;-0,060081
5,72;-0,060081
5,721667;-0,060081
5,723333;-0,060081
5,725;-0,060081
5,726667;-0,060081
5,728333;-0,060081
5,73;-0,060081
5,731667;-0,060081
5,733333;-0,060081
5,735;-0,060081
5,736667;-0,060081
5,738333;-0,060081
5,74;-0,060081
5,741667;-0,060081
5,743333;-0,060081
5,745;-0,060081
5,746667;-0,060081
5,748333;-0,060081
5,75;-0,060081
5,751667;-0,060081
5,753333;-0,060081
5,755;-0,060081
5,756667;-0,060081
5,758333;-0,060081
5,76;-0,060081
5,761667;-0,060081
5,763333;-0,060081
5,765;-0,060081
5,766667;-0,060081
5,768333;-0,060081
5,77;-0,060081
5,771667;-0,060081
5,773333;-0,060081
5,775;-0,060081
5,776667;-0,060081
5,778333;-0,060081
5,78;-0,060081
5,781667;-0,060081
5,783333;-0,060081
5,785;-0,060081
5,786667;-0,060081
5,788333;-0,060081
5,79;-0,060081
5,791667;-0,060081
5,793333;-0,060081
5,795;-0,060081
5,796667;-0,060081
5,798333;-0,060081
5,8;-0,060081
5,801667;-0,060081
5,803333;-0,060081
5,805;-0,060081
5,806667;-0,060081
5,808333;-0,060081
5,81;-0,060081
5,811667;-0,060081
5,813333;-0,060081
5,815;-0,060081
5,816667;-0,060081
5,818333;-0,060081
5,82;-0,060081
5,821667;-0,060081
5,823333;-0,060081
5,825;-0,060081
5,826667;-0,060081
5,828333;-0,060081
5,83;-0,060081
5,831667;-0,060081
5,833333;-0,060081
5,835;-0,060081
5,836667;-0,060081
5,838333;-0,060081
5,84;-0,060081
5,841667;-0,062943
5,843333;-0,062943
5,845;-0,062943
5,846667;-0,062943
5,848333;-0,062943
5,85;-0,062943
5,851667;-0,062943
5,853333;-0,062943
5,855;-0,062943
5,856667;-0,062943
5,858333;-0,062943
5,86;-0,062943
5,861667;-0,062943
5,863333;-0,062943
5,865;-0,062943
5,866667;-0,062943
5,868333;-0,062943
5,87;-0,062943
5,871667;-0,062943
5,873333;-0,062943
5,875;-0,062943
5,876667;-0,062943
5,878333;-0,062943
5,88;-0,062943
5,881667;-0,062943
5,883333;-0,062943
5,885;-0,062943
5,886667;-0,062943
5,888333;-0,062943
5,89;-0,060081
5,891667;-0,060081
5,893333;-0,060081
5,895;-0,060081
5,896667;-0,060081
5,898333;-0,060081
5,9;-0,060081
5,901667;-0,060081
5,903333;-0,060081
5,905;-0,060081
5,906667;-0,060081
5,908333;-0,060081
5,91;-0,060081
5,911667;-0,060081
5,913333;-0,060081
5,915;-0,062943
5,916667;-0,062943
5,918333;-0,062943
5,92;-0,062943
5,921667;-0,062943
5,923333;-0,062943
5,925;-0,062943
5,926667;-0,062943
5,928333;-0,062943
5,93;-0,062943
5,931667;-0,062943
5,933333;-0,062943
5,935;-0,062943
5,936667;-0,062943
5,938333;-0,062943
5,94;-0,062943
5,941667;-0,062943
5,943333;-0,062943
5,945;-0,062943
5,946667;-0,062943
5,948333;-0,062943
5,95;-0,062943
5,951667;-0,062943
5,953333;-0,062943
5,955;-0,062943
5,956667;-0,062943
5,958333;-0,062943
5,96;-0,062943
5,961667;-0,062943
5,963333;-0,062943
5,965;-0,062943
5,966667;-0,062943
5,968333;-0,062943
5,97;-0,062943
5,971667;-0,062943
5,973333;-0,062943
5,975;-0,062943
5,976667;-0,062943
5,978333;-0,062943
5,98;-0,062943
5,981667;-0,062943
5,983333;-0,062943
5,985;-0,062943
5,986667;-0,062943
5,988333;-0,062943
5,99;-0,062943
5,991667;-0,062943
5,993333;-0,062943
5,995;-0,062943
5,996667;-0,062943
5,998333;-0,062943
6;-0,062943
6,001667;-0,062943
6,003333;-0,062943
6,005;-0,062943
6,006667;-0,062943
6,008333;-0,062943
6,01;-0,062943
6,011667;-0,062943
6,013333;-0,062943
6,015;-0,062943
6,016667;-0,062943
6,018333;-0,062943
6,02;-0,062943
6,021667;-0,062943
6,023333;-0,062943
6,025;-0,062943
6,026667;-0,062943
6,028333;-0,062943
6,03;-0,062943
6,031667;-0,062943
6,033333;-0,062943
6,035;-0,062943
6,036667;-0,062943
6,038333;-0,062943
6,04;-0,062943
6,041667;-0,062943
6,043333;-0,062943
6,045;-0,062943
6,046667;-0,062943
6,048333;-0,062943
6,05;-0,062943
6,051667;-0,062943
6,053333;-0,062943
6,055;-0,062943
6,056667;-0,062943
6,058333;-0,062943
6,06;-0,062943
6,061667;-0,062943
6,063333;-0,062943
6,065;-0,062943
6,066667;-0,062943
6,068333;-0,062943
6,07;-0,062943
6,071667;-0,062943
6,073333;-0,062943
6,075;-0,062943
6,076667;-0,062943
6,078333;-0,062943
6,08;-0,062943
6,081667;-0,062943
6,083333;-0,062943
6,085;-0,062943
6,086667;-0,062943
6,088333;-0,062943
6,09;-0,062943
6,091667;-0,062943
6,093333;-0,062943
6,095;-0,062943
6,096667;-0,062943
6,098333;-0,062943
6,1;-0,062943
6,101667;-0,062943
6,103333;-0,062943
6,105;-0,062943
6,106667;-0,062943
6,108333;-0,062943
6,11;-0,062943
6,111667;-0,062943
6,113333;-0,062943
6,115;-0,062943
6,116667;-0,062943
6,118333;-0,062943
6,12;-0,062943
6,121667;-0,062943
6,123333;-0,062943
6,125;-0,062943
6,126667;-0,062943
6,128333;-0,062943
6,13;-0,062943
6,131667;-0,062943
6,133333;-0,062943
6,135;-0,062943
6,136667;-0,062943
6,138333;-0,062943
6,14;-0,062943
6,141667;-0,062943
6,143333;-0,062943
6,145;-0,062943
6,146667;-0,062943
6,148333;-0,062943
6,15;-0,062943
6,151667;-0,062943
6,153333;-0,062943
6,155;-0,062943
6,156667;-0,062943
6,158333;-0,062943
6,16;-0,062943
6,161667;-0,062943
6,163333;-0,062943
6,165;-0,062943
6,166667;-0,062943
6,168333;-0,062943
6,17;-0,062943
6,171667;-0,062943
6,173333;-0,062943
6,175;-0,062943
6,176667;-0,062943
6,178333;-0,062943
6,18;-0,062943
6,181667;-0,062943
6,183333;-0,062943
6,185;-0,062943
6,186667;-0,062943
6,188333;-0,062943
6,19;-0,062943
6,191667;-0,062943
6,193333;-0,062943
6,195;-0,062943
6,196667;-0,062943
6,198333;-0,062943
6,2;-0,062943
6,201667;-0,062943
6,203333;-0,062943
6,205;-0,062943
6,206667;-0,062943
6,208333;-0,062943
6,21;-0,062943
6,211667;-0,062943
6,213333;-0,062943
6,215;-0,062943
6,216667;-0,062943
6,218333;-0,062943
6,22;-0,062943
6,221667;-0,062943
6,223333;-0,062943
6,225;-0,062943
6,226667;-0,062943
6,228333;-0,062943
6,23;-0,062943
6,231667;-0,062943
6,233333;-0,062943
6,235;-0,062943
6,236667;-0,062943
6,238333;-0,062943
6,24;-0,062943
6,241667;-0,062943
6,243333;-0,062943
6,245;-0,062943
6,246667;-0,062943
6,248333;-0,062943
6,25;-0,062943
6,251667;-0,062943
6,253333;-0,062943
6,255;-0,062943
6,256667;-0,062943
6,258333;-0,062943
6,26;-0,062943
6,261667;-0,062943
6,263333;-0,062943
6,265;-0,062943
6,266667;-0,062943
6,268333;-0,062943
6,27;-0,062943
6,271667;-0,062943
6,273333;-0,062943
6,275;-0,062943
6,276667;-0,062943
6,278333;-0,062943
6,28;-0,062943
6,281667;-0,062943
6,283333;-0,062943
6,285;-0,062943
6,286667;-0,062943
6,288333;-0,062943
6,29;-0,062943
6,291667;-0,062943
6,293333;-0,062943
6,295;-0,062943
6,296667;-0,062943
6,298333;-0,062943
6,3;-0,062943
6,301667;-0,062943
6,303333;-0,062943
6,305;-0,062943
6,306667;-0,062943
6,308333;-0,062943
6,31;-0,062943
6,311667;-0,062943
6,313333;-0,062943
6,315;-0,062943
6,316667;-0,062943
6,318333;-0,062943
6,32;-0,062943
6,321667;-0,062943
6,323333;-0,062943
6,325;-0,062943
6,326667;-0,062943
6,328333;-0,062943
6,33;-0,062943
6,331667;-0,062943
6,333333;-0,062943
6,335;-0,062943
6,336667;-0,062943
6,338333;-0,062943
6,34;-0,062943
6,341667;-0,062943
6,343333;-0,062943
6,345;-0,062943
6,346667;-0,062943
6,348333;-0,062943
6,35;-0,062943
6,351667;-0,062943
6,353333;-0,062943
6,355;-0,062943
6,356667;-0,062943
6,358333;-0,062943
6,36;-0,062943
6,361667;-0,062943
6,363333;-0,062943
6,365;-0,062943
6,366667;-0,062943
6,368333;-0,062943
6,37;-0,062943
6,371667;-0,062943
6,373333;-0,062943
6,375;-0,062943
6,376667;-0,062943
6,378333;-0,062943
6,38;-0,062943
6,381667;-0,062943
6,383333;-0,062943
6,385;-0,062943
6,386667;-0,062943
6,388333;-0,062943
6,39;-0,062943
6,391667;-0,062943
6,393333;-0,062943
6,395;-0,062943
6,396667;-0,062943
6,398333;-0,062943
6,4;-0,062943
6,401667;-0,062943
6,403333;-0,062943
6,405;-0,062943
6,406667;-0,062943
6,408333;-0,062943
6,41;-0,062943
6,411667;-0,062943
6,413333;-0,062943
6,415;-0,062943
6,416667;-0,062943
6,418333;-0,062943
6,42;-0,062943
6,421667;-0,062943
6,423333;-0,062943
6,425;-0,062943
6,426667;-0,062943
6,428333;-0,062943
6,43;-0,062943
6,431667;-0,062943
6,433333;-0,062943
6,435;-0,062943
6,436667;-0,062943
6,438333;-0,062943
6,44;-0,062943
6,441667;-0,062943
6,443333;-0,062943
6,445;-0,062943
6,446667;-0,062943
6,448333;-0,062943
6,45;-0,062943
6,451667;-0,062943
6,453333;-0,062943
6,455;-0,062943
6,456667;-0,062943
6,458333;-0,062943
6,46;-0,062943
6,461667;-0,062943
6,463333;-0,062943
6,465;-0,062943
6,466667;-0,062943
6,468333;-0,062943
6,47;-0,062943
6,471667;-0,062943
6,473333;-0,062943
6,475;-0,062943
6,476667;-0,062943
6,478333;-0,062943
6,48;-0,062943
6,481667;-0,062943
6,483333;-0,062943
6,485;-0,062943
6,486667;-0,062943
6,488333;-0,062943
6,49;-0,062943
6,491667;-0,062943
6,493333;-0,062943
6,495;-0,062943
6,496667;-0,062943
6,498333;-0,062943
6,5;-0,062943
6,501667;-0,062943
6,503333;-0,062943
6,505;-0,062943
6,506667;-0,062943
6,508333;-0,062943
6,51;-0,065804
6,511667;-0,065804
6,513333;-0,065804
6,515;-0,065804
6,516667;-0,065804
6,518333;-0,062943
6,52;-0,062943
6,521667;-0,062943
6,523333;-0,062943
6,525;-0,062943
6,526667;-0,062943
6,528333;-0,062943
6,53;-0,062943
6,531667;-0,062943
6,533333;-0,062943
6,535;-0,062943
6,536667;-0,062943
6,538333;-0,062943
6,54;-0,062943
6,541667;-0,062943
6,543333;-0,062943
6,545;-0,062943
6,546667;-0,062943
6,548333;-0,062943
6,55;-0,062943
6,551667;-0,062943
6,553333;-0,062943
6,555;-0,062943
6,556667;-0,062943
6,558333;-0,062943
6,56;-0,062943
6,561667;-0,062943
6,563333;-0,062943
6,565;-0,062943
6,566667;-0,062943
6,568333;-0,062943
6,57;-0,062943
6,571667;-0,062943
6,573333;-0,062943
6,575;-0,062943
6,576667;-0,062943
6,578333;-0,062943
6,58;-0,062943
6,581667;-0,062943
6,583333;-0,062943
6,585;-0,062943
6,586667;-0,062943
6,588333;-0,062943
6,59;-0,062943
6,591667;-0,062943
6,593333;-0,062943
6,595;-0,062943
6,596667;-0,062943
6,598333;-0,062943
6,6;-0,062943
6,601667;-0,062943
6,603333;-0,062943
6,605;-0,062943
6,606667;-0,062943
6,608333;-0,062943
6,61;-0,062943
6,611667;-0,062943
6,613333;-0,065804
6,615;-0,065804
6,616667;-0,065804
6,618333;-0,065804
6,62;-0,065804
6,621667;-0,065804
6,623333;-0,065804
6,625;-0,065804
6,626667;-0,065804
6,628333;-0,065804
6,63;-0,065804
6,631667;-0,065804
6,633333;-0,065804
6,635;-0,065804
6,636667;-0,065804
6,638333;-0,065804
6,64;-0,065804
6,641667;-0,065804
6,643333;-0,065804
6,645;-0,065804
6,646667;-0,065804
6,648333;-0,065804
6,65;-0,065804
6,651667;-0,065804
6,653333;-0,065804
6,655;-0,065804
6,656667;-0,065804
6,658333;-0,065804
6,66;-0,065804
6,661667;-0,065804
6,663333;-0,065804
6,665;-0,065804
6,666667;-0,065804
6,668333;-0,065804
6,67;-0,065804
6,671667;-0,065804
6,673333;-0,065804
6,675;-0,065804
6,676667;-0,065804
6,678333;-0,065804
6,68;-0,065804
6,681667;-0,065804
6,683333;-0,065804
6,685;-0,065804
6,686667;-0,065804
6,688333;-0,065804
6,69;-0,065804
6,691667;-0,065804
6,693333;-0,065804
6,695;-0,065804
6,696667;-0,065804
6,698333;-0,065804
6,7;-0,065804
6,701667;-0,065804
6,703333;-0,065804
6,705;-0,065804
6,706667;-0,065804
6,708333;-0,065804
6,71;-0,065804
6,711667;-0,065804
6,713333;-0,065804
6,715;-0,065804
6,716667;-0,065804
6,718333;-0,065804
6,72;-0,068665
6,721667;-0,068665
6,723333;-0,068665
6,725;-0,068665
6,726667;-0,068665
6,728333;-0,068665
6,73;-0,068665
6,731667;-0,068665
6,733333;-0,068665
6,735;-0,068665
6,736667;-0,068665
6,738333;-0,068665
6,74;-0,068665
6,741667;-0,068665
6,743333;-0,068665
6,745;-0,068665
6,746667;-0,068665
6,748333;-0,068665
6,75;-0,068665
6,751667;-0,068665
6,753333;-0,068665
6,755;-0,068665
6,756667;-0,068665
6,758333;-0,068665
6,76;-0,068665
6,761667;-0,068665
6,763333;-0,068665
6,765;-0,068665
6,766667;-0,065804
6,768333;-0,065804
6,77;-0,065804
6,771667;-0,065804
6,773333;-0,065804
6,775;-0,065804
6,776667;-0,065804
6,778333;-0,065804
6,78;-0,065804
6,781667;-0,065804
6,783333;-0,065804
6,785;-0,065804
6,786667;-0,065804
6,788333;-0,065804
6,79;-0,065804
6,791667;-0,065804
6,793333;-0,065804
6,795;-0,065804
6,796667;-0,065804
6,798333;-0,068665
6,8;-0,068665
6,801667;-0,068665
6,803333;-0,068665
6,805;-0,068665
6,806667;-0,068665
6,808333;-0,068665
6,81;-0,068665
6,811667;-0,068665
6,813333;-0,068665
6,815;-0,068665
6,816667;-0,068665
6,818333;-0,068665
6,82;-0,065804
6,821667;-0,065804
6,823333;-0,065804
6,825;-0,065804
6,826667;-0,065804
6,828333;-0,065804
6,83;-0,065804
6,831667;-0,065804
6,833333;-0,065804
6,835;-0,065804
6,836667;-0,065804
6,838333;-0,065804
6,84;-0,065804
6,841667;-0,065804
6,843333;-0,065804
6,845;-0,065804
6,846667;-0,065804
6,848333;-0,065804
6,85;-0,065804
6,851667;-0,065804
6,853333;-0,065804
6,855;-0,065804
6,856667;-0,065804
6,858333;-0,065804
6,86;-0,065804
6,861667;-0,065804
6,863333;-0,065804
6,865;-0,065804
6,866667;-0,065804
6,868333;-0,065804
6,87;-0,065804
6,871667;-0,065804
6,873333;-0,065804
6,875;-0,065804
6,876667;-0,065804
6,878333;-0,065804
6,88;-0,065804
6,881667;-0,065804
6,883333;-0,065804
6,885;-0,065804
6,886667;-0,068665
6,888333;-0,068665
6,89;-0,068665
6,891667;-0,068665
6,893333;-0,068665
6,895;-0,068665
6,896667;-0,068665
6,898333;-0,068665
6,9;-0,068665
6,901667;-0,068665
6,903333;-0,068665
6,905;-0,068665
6,906667;-0,068665
6,908333;-0,068665
6,91;-0,068665
6,911667;-0,068665
6,913333;-0,068665
6,915;-0,068665
6,916667;-0,068665
6,918333;-0,068665
6,92;-0,068665
6,921667;-0,068665
6,923333;-0,068665
6,925;-0,068665
6,926667;-0,068665
6,928333;-0,068665
6,93;-0,068665
6,931667;-0,068665
6,933333;-0,068665
6,935;-0,068665
6,936667;-0,068665
6,938333;-0,068665
6,94;-0,068665
6,941667;-0,068665
6,943333;-0,068665
6,945;-0,068665
6,946667;-0,068665
6,948333;-0,068665
6,95;-0,068665
6,951667;-0,068665
6,953333;-0,068665
6,955;-0,068665
6,956667;-0,068665
6,958333;-0,068665
6,96;-0,068665
6,961667;-0,068665
6,963333;-0,068665
6,965;-0,068665
6,966667;-0,068665
6,968333;-0,068665
6,97;-0,068665
6,971667;-0,068665
6,973333;-0,068665
6,975;-0,068665
6,976667;-0,068665
6,978333;-0,068665
6,98;-0,068665
6,981667;-0,068665
6,983333;-0,068665
6,985;-0,068665
6,986667;-0,068665
6,988333;-0,068665
6,99;-0,068665
6,991667;-0,068665
6,993333;-0,068665
6,995;-0,065804
6,996667;-0,065804
6,998333;-0,065804
7;-0,065804
7,001667;-0,065804
7,003333;-0,065804
7,005;-0,065804
7,006667;-0,065804
7,008333;-0,065804
7,01;-0,065804
7,011667;-0,065804
7,013333;-0,065804
7,015;-0,065804
7,016667;-0,065804
7,018333;-0,065804
7,02;-0,065804
7,021667;-0,065804
7,023333;-0,065804
7,025;-0,065804
7,026667;-0,065804
7,028333;-0,065804
7,03;-0,065804
7,031667;-0,065804
7,033333;-0,065804
7,035;-0,065804
7,036667;-0,065804
7,038333;-0,065804
7,04;-0,065804
7,041667;-0,065804
7,043333;-0,065804
7,045;-0,065804
7,046667;-0,065804
7,048333;-0,065804
7,05;-0,065804
7,051667;-0,065804
7,053333;-0,065804
7,055;-0,065804
7,056667;-0,065804
7,058333;-0,065804
7,06;-0,065804
7,061667;-0,065804
7,063333;-0,065804
7,065;-0,065804
7,066667;-0,065804
7,068333;-0,065804
7,07;-0,065804
7,071667;-0,065804
7,073333;-0,062943
7,075;-0,062943
7,076667;-0,062943
7,078333;-0,062943
7,08;-0,062943
7,081667;-0,062943
7,083333;-0,062943
7,085;-0,062943
7,086667;-0,062943
7,088333;-0,062943
7,09;-0,062943
7,091667;-0,062943
7,093333;-0,062943
7,095;-0,062943
7,096667;-0,062943
7,098333;-0,060081
7,1;-0,060081
7,101667;-0,060081
7,103333;-0,060081
7,105;-0,060081
7,106667;-0,060081
7,108333;-0,060081
7,11;-0,060081
7,111667;-0,05722
7,113333;-0,05722
7,115;-0,05722
7,116667;-0,05722
7,118333;-0,05722
7,12;-0,05722
7,121667;-0,054359
7,123333;-0,054359
7,125;-0,054359
7,126667;-0,054359
7,128333;-0,051498
7,13;-0,051498
7,131667;-0,051498
7,133333;-0,051498
7,135;-0,051498
7,136667;-0,048637
7,138333;-0,048637
7,14;-0,048637
7,141667;-0,045776
7,143333;-0,045776
7,145;-0,042915
7,146667;-0,042915
7,148333;-0,042915
7,15;-0,040054
7,151667;-0,040054
7,153333;-0,037193
7,155;-0,037193
7,156667;-0,034332
7,158333;-0,031471
7,16;-0,031471
7,161667;-0,02861
7,163333;-0,025749
7,165;-0,022888
7,166667;-0,022888
7,168333;-0,020027
7,17;-0,017166
7,171667;-0,014305
7,173333;-0,011444
7,175;-0,005722
7,176667;-0,002861
7,178333;0
7,18;0,005722
7,181667;0,008583
7,183333;0,014305
7,185;0,017166
7,186667;0,022888
7,188333;0,02861
7,19;0,034332
7,191667;0,040054
7,193333;0,045776
7,195;0,054359
7,196667;0,060081
7,198333;0,068665
7,2;0,077248
7,201667;0,085831
7,203333;0,094414
7,205;0,105858
7,206667;0,117302
7,208333;0,128746
7,21;0,14019
7,211667;0,151634
7,213333;0,165939
7,215;0,183105
7,216667;0,197411
7,218333;0,214577
7,22;0,231743
7,221667;0,25177
7,223333;0,271797
7,225;0,291824
7,226667;0,314713
7,228333;0,337601
7,23;0,36335
7,231667;0,39196
7,233333;0,42057
7,235;0,452042
7,236667;0,486374
7,238333;0,520706
7,24;0,5579
7,241667;0,597954
7,243333;0,638008
7,245;0,683785
7,246667;0,729561
7,248333;0,778198
7,25;0,832558
7,251667;0,886917
7,253333;0,946999
7,255;1,009941
7,256667;1,075745
7,258333;1,144409
7,26;1,218796
7,261667;1,296043
7,263333;1,379013
7,265;1,464844
7,266667;1,553536
7,268333;1,65081
7,27;1,750946
7,271667;1,856804
7,273333;1,968384
7,275;2,085686
7,276667;2,20871
7,278333;2,337456
7,28;2,471924
7,281667;2,612114
7,283333;2,760887
7,285;2,915383
7,286667;3,078461
7,288333;3,247261
7,29;3,424645
7,291667;3,60775
7,293333;3,8023
7,295;4,002571
7,296667;4,214287
7,298333;4,431725
7,3;4,657746
7,301667;4,895211
7,303333;5,141259
7,305;5,39589
7,306667;5,661965
7,308333;5,936623
7,31;6,222725
7,311667;6,517411
7,313333;6,82354
7,315;7,470131
7,316667;7,810593
7,318333;7,810593
7,32;8,162499
7,321667;8,525849
7,323333;8,900643
7,325;9,286881
7,326667;9,687424
7,328333;10,099412
7,33;10,522843
7,331667;10,957719
7,333333;11,406899
7,335;11,870385
7,336667;12,345315
7,338333;12,83455
7,34;13,335229
7,341667;13,850213
7,343333;14,379502
7,345;14,923097
7,346667;15,478135
7,348333;16,05034
7,35;16,633988
7,351667;17,231942
7,353333;17,844201
7,355;18,473626
7,356667;19,114495
7,358333;19,76967
7,36;20,439149
7,361667;21,122934
7,363333;21,821023
7,365;22,533418
7,366667;23,260118
7,368333;24,001123
7,37;24,756433
7,371667;25,526048
7,373333;26,31283
7,375;27,111055
7,376667;27,923586
7,378333;28,750421
7,38;29,591562
7,381667;30,447008
7,383333;31,316759
7,385;32,200815
7,386667;33,096315
7,388333;34,008982
7,39;34,933092
7,391667;35,871508
7,393333;36,821368
7,395;37,785532
7,396667;38,764002
7,398333;39,753916
7,4;40,758135
7,401667;41,773799
7,403333;42,800906
7,405;43,842318
7,406667;44,895175
7,408333;45,959475
7,41;47,03522
7,411667;48,12527
7,413333;49,223903
7,415;50,33398
7,416667;51,45264
7,418333;52,585605
7,42;53,727153
7,421667;54,877284
7,423333;56,03886
7,425;57,209018
7,426667;58,38776
7,428333;59,577945
7,43;60,773853
7,431667;61,978344
7,433333;63,194279
7,435;64,413075
7,436667;65,643314
7,438333;68,118099
7,44;68,118099
7,441667;69,365506
7,443333;70,621495
7,445;71,880345
7,446667;73,144917
7,448333;75,685506
7,45;76,961522
7,451667;78,24326
7,453333;79,524999
7,455;79,524999
7,456667;80,812459
7,458333;82,099919
7,46;83,390241
7,461667;84,680562
7,463333;85,970884
7,465;87,261205
7,466667;88,554388
7,468333;89,844709
7,47;91,132169
7,471667;92,41963
7,473333;93,704229
7,475;94,983107
7,476667;96,261984
7,478333;97,535139
7,48;98,805433
7,481667;100,070006
7,483333;101,325995
7,485;102,576262
7,486667;103,820807
7,488333;105,056769
7,49;106,284148
7,491667;107,502944
7,493333;108,710295
7,495;109,909064
7,496667;111,096389
7,498333;112,272269
7,5;113,433845
7,501667;114,583976
7,503333;115,719802
7,505;116,841323
7,506667;117,945678
7,508333;119,035728
7,51;120,108612
7,511667;121,161468
7,513333;122,200019
7,515;123,215683
7,516667;124,21418
7,518333;125,189789
7,52;126,14537
7,521667;127,078064
7,523333;127,987869
7,525;128,874786
7,526667;129,735954
7,528333;130,574234
7,53;131,383904
7,531667;132,167824
7,533333;132,923134
7,535;133,652695
7,536667;134,350785
7,538333;135,020264
7,54;135,661133
7,541667;136,26767
7,543333;136,845597
7,545;137,389191
7,546667;137,901314
7,548333;138,379105
7,55;138,822564
7,551667;139,606484
7,553333;139,606484
7,555;139,944085
7,556667;140,247353
7,558333;140,513428
7,56;140,74231
7,561667;140,931138
7,563333;141,085633
7,565;141,202935
7,566667;141,280183
7,568333;141,320237
7,57;141,323098
7,571667;141,285905
7,573333;141,211518
7,575;141,099938
7,576667;140,951165
7,578333;140,762337
7,58;140,536317
7,581667;140,273103
7,583333;139,969834
7,585;139,632233
7,586667;139,2603
7,588333;138,848313
7,59;138,404854
7,591667;137,924203
7,593333;137,409218
7,595;136,859902
7,596667;136,276253
7,598333;135,663994
7,6;135,017403
7,601667;134,339341
7,603333;133,632668
7,605;132,894524
7,606667;132,12777
7,608333;131,335266
7,61;130,514153
7,611667;129,66729
7,613333;128,794678
7,615;127,899178
7,616667;126,980789
7,618333;126,039513
7,62;125,078209
7,621667;124,094017
7,623333;123,089798
7,625;122,068412
7,626667;121,029861
7,628333;119,974144
7,63;118,904121
7,631667;117,816932
7,633333;116,718299
7,635;115,605361
7,636667;114,478118
7,638333;113,342292
7,64;112,197883
7,641667;111,042029
7,643333;108,704573
7,645;108,704573
7,646667;107,525832
7,648333;106,344229
7,65;105,154044
7,651667;103,960997
7,653333;101,56346
7,655;100,358969
7,656667;99,157339
7,658333;97,952849
7,66;96,748358
7,661667;95,543867
7,663333;95,543867
7,665;94,339376
7,666667;93,137747
7,668333;91,938978
7,67;90,74307
7,671667;89,552885
7,673333;88,362699
7,675;85,999494
7,676667;85,999494
7,678333;84,826474
7,68;83,659177
7,681667;82,497602
7,683333;81,344609
7,685;80,197339
7,686667;79,055791
7,688333;77,925687
7,69;76,801305
7,691667;75,685506
7,693333;74,581151
7,695;73,482518
7,696667;72,395329
7,698333;71,316723
7,7;70,246701
7,701667;69,188122
7,703333;68,140988
7,705;67,102436
7,706667;66,075329
7,708333;65,056805
7,71;64,052586
7,711667;63,05695
7,713333;62,072758
7,715;61,10001
7,716667;59,188846
7,718333;58,24757
7,72;57,320598
7,721667;57,320598
7,723333;56,405071
7,725;55,500988
7,726667;54,608348
7,728333;53,730014
7,73;52,860263
7,731667;52,001956
7,733333;51,155093
7,735;50,322536
7,736667;49,498561
7,738333;48,68603
7,74;47,887805
7,741667;47,098163
7,743333;46,322825
7,745;45,556071
7,746667;44,803622
7,748333;44,059756
7,75;43,327334
7,751667;42,606356
7,753333;41,896823
7,755;41,195872
7,756667;40,509226
7,758333;39,831164
7,76;39,164545
7,761667;38,50651
7,763333;37,859919
7,765;37,224772
7,766667;36,598208
7,768333;35,983088
7,77;35,376551
7,771667;34,781458
7,773333;34,194948
7,775;33,619883
7,776667;33,0534
7,778333;32,495501
7,78;31,946184
7,781667;31,408312
7,783333;30,879023
7,785;30,355455
7,786667;29,843332
7,788333;29,339792
7,79;28,844835
7,791667;28,358461
7,793333;27,877809
7,795;27,408601
7,796667;26,945116
7,798333;26,490213
7,8;26,043893
7,801667;25,606157
7,803333;25,174142
7,805;24,750711
7,806667;24,333002
7,808333;23,923875
7,81;23,523332
7,811667;23,128511
7,813333;22,739412
7,815;22,356035
7,816667;21,981241
7,818333;21,61503
7,82;21,25168
7,821667;20,896913
7,823333;20,547868
7,825;20,204545
7,826667;19,866945
7,828333;19,535066
7,83;19,208909
7,831667;18,891336
7,833333;18,576623
7,835;18,267633
7,836667;17,964364
7,838333;17,669679
7,84;17,377854
7,841667;17,088891
7,843333;16,808511
7,845;16,530992
7,846667;16,259194
7,848333;15,993119
7,85;15,729905
7,851667;15,472413
7,853333;15,217782
7,855;14,725686
7,856667;14,48536
7,858333;14,48536
7,86;14,250756
7,861667;14,019013
7,863333;13,792992
7,865;13,569833
7,866667;13,349534
7,868333;13,134957
7,87;12,923241
7,871667;12,714387
7,873333;12,508393
7,875;12,308121
7,876667;12,113572
7,878333;11,919022
7,88;11,727334
7,881667;11,541367
7,883333;11,358262
7,885;11,178017
7,886667;11,000634
7,888333;10,826111
7,89;10,65445
7,891667;10,488511
7,893333;10,322571
7,895;10,159493
7,896667;10,002137
7,898333;9,844781
7,9;9,690285
7,901667;9,541512
7,903333;9,392739
7,905;9,246827
7,906667;9,103776
7,908333;8,960724
7,91;8,823395
7,911667;8,688927
7,913333;8,554459
7,915;8,422852
7,916667;8,16536
7,918333;8,042336
7,92;8,042336
7,921667;7,919312
7,923333;7,799149
7,925;7,681847
7,926667;7,564545
7,928333;7,450104
7,93;7,338524
7,931667;7,229805
7,933333;7,121087
7,935;7,015229
7,936667;6,909371
7,938333;6,806374
7,94;6,706238
7,941667;6,606102
7,943333;6,508828
7,945;6,411553
7,946667;6,317139
7,948333;6,225586
7,95;6,134034
7,951667;6,042481
7,953333;5,95665
7,955;5,867958
7,956667;5,784989
7,958333;5,699158
7,96;5,616188
7,961667;5,53608
7,963333;5,455971
7,965;5,378723
7,966667;5,301476
7,968333;5,227089
7,97;5,152703
7,971667;5,078316
7,973333;5,00679
7,975;4,935265
7,976667;4,8666
7,978333;4,797936
7,98;4,732132
7,981667;4,663468
7,983333;4,600525
7,985;4,534722
7,986667;4,471779
7,988333;4,408837
7,99;4,348755
7,991667;4,288674
7,993333;4,228592
7,995;4,171372
7,996667;4,114151
7,998333;4,059792
8;4,002571
8,001667;3,948212
8,003333;3,896713
8,005;3,842354
8,006667;3,790856
8,008333;3,739357
8,01;3,69072
8,011667;3,639221
8,013333;3,590584
8,015;3,544808
8,016667;3,49617
8,018333;3,450394
8,02;3,404618
8,021667;3,361702
8,023333;3,315926
8,025;3,27301
8,026667;3,230095
8,028333;3,190041
8,03;3,147125
8,031667;3,107071
8,033333;3,067017
8,035;3,026962
8,036667;2,989769
8,038333;2,949715
8,04;2,912522
8,041667;2,875328
8,043333;2,840996
8,045;2,803803
8,046667;2,76947
8,048333;2,735138
8,05;2,700806
8,051667;2,666474
8,053333;2,632141
8,055;2,60067
8,056667;2,569199
8,058333;2,537728
8,06;2,506256
8,061667;2,474785
8,063333;2,443314
8,065;2,414704
8,066667;2,386093
8,068333;2,357483
8,07;2,328873
8,071667;2,300263
8,073333;2,271652
8,075;2,243042
8,076667;2,217293
8,078333;2,191544
8,08;2,165795
8,081667;2,140045
8,083333;2,114296
8,085;2,088547
8,086667;2,065659
8,088333;2,039909
8,09;2,017021
8,091667;1,994133
8,093333;1,971245
8,095;1,925469
8,096667;1,90258
8,098333;1,90258
8,1;1,882553
8,101667;1,859665
8,103333;1,839638
8,105;1,81675
8,106667;1,796723
8,108333;1,776695
8,11;1,756668
8,111667;1,736641
8,113333;1,719475
8,115;1,699448
8,116667;1,679421
8,118333;1,662254
8,12;1,642227
8,121667;1,625061
8,123333;1,607895
8,125;1,590729
8,126667;1,573563
8,128333;1,556397
8,13;1,53923
8,131667;1,522064
8,133333;1,504898
8,135;1,490593
8,136667;1,473427
8,138333;1,459122
8,14;1,441956
8,141667;1,427651
8,143333;1,410484
8,145;1,396179
8,146667;1,381874
8,148333;1,367569
8,15;1,353264
8,151667;1,338959
8,153333;1,324654
8,155;1,31321
8,156667;1,298904
8,158333;1,284599
8,16;1,273155
8,161667;1,25885
8,163333;1,247406
8,165;1,233101
8,166667;1,210213
8,168333;1,195908
8,17;1,195908
8,171667;1,184464
8,173333;1,173019
8,175;1,161575
8,176667;1,138687
8,178333;1,127243
8,18;1,115799
8,181667;1,104355
8,183333;1,104355
8,185;1,095772
8,186667;1,084328
8,188333;1,072884
8,19;1,064301
8,191667;1,052857
8,193333;1,041412
8,195;1,032829
8,196667;1,021385
8,198333;1,012802
8,2;1,004219
8,201667;0,992775
8,203333;0,984192
8,205;0,975609
8,206667;0,967026
8,208333;0,958443
8,21;0,94986
8,211667;0,941277
8,213333;0,932694
8,215;0,92411
8,216667;0,915527
8,218333;0,906944
8,22;0,898361
8,221667;0,889778
8,223333;0,884056
8,225;0,875473
8,226667;0,86689
8,228333;0,858307
8,23;0,852585
8,231667;0,844002
8,233333;0,835419
8,235;0,829697
8,236667;0,821114
8,238333;0,806809
8,24;0,806809
8,241667;0,801086
8,243333;0,792503
8,245;0,786781
8,246667;0,778198
8,248333;0,766754
8,25;0,758171
8,251667;0,758171
8,253333;0,752449
8,255;0,746727
8,256667;0,738144
8,258333;0,732422
8,26;0,7267
8,261667;0,720978
8,263333;0,715256
8,265;0,709534
8,266667;0,703812
8,268333;0,69809
8,27;0,692368
8,271667;0,686646
8,273333;0,680924
8,275;0,675201
8,276667;0,669479
8,278333;0,663757
8,28;0,658035
8,281667;0,652313
8,283333;0,646591
8,285;0,640869
8,286667;0,638008
8,288333;0,632286
8,29;0,626564
8,291667;0,620842
8,293333;0,617981
8,295;0,612259
8,296667;0,606537
8,298333;0,600815
8,3;0,597954
8,301667;0,592232
8,303333;0,58651
8,305;0,583649
8,306667;0,577927
8,308333;0,572205
8,31;0,569344
8,311667;0,563622
8,313333;0,560761
8,315;0,555038
8,316667;0,552177
8,318333;0,546455
8,32;0,543594
8,321667;0,537872
8,323333;0,535011
8,325;0,53215
8,326667;0,526428
8,328333;0,523567
8,33;0,517845
8,331667;0,514984
8,333333;0,512123
8,335;0,506401
8,336667;0,50354
8,338333;0,500679
8,34;0,497818
8,341667;0,492096
8,343333;0,489235
8,345;0,486374
8,346667;0,483513
8,348333;0,477791
8,35;0,47493
8,351667;0,472069
8,353333;0,469208
8,355;0,463486
8,356667;0,460625
8,358333;0,457764
8,36;0,454903
8,361667;0,452042
8,363333;0,449181
8,365;0,440598
8,366667;0,437737
8,368333;0,437737
8,37;0,434876
8,371667;0,432014
8,373333;0,429153
8,375;0,426292
8,376667;0,423431
8,378333;0,42057
8,38;0,417709
8,381667;0,414848
8,383333;0,411987
8,385;0,409126
8,386667;0,406265
8,388333;0,403404
8,39;0,400543
8,391667;0,397682
8,393333;0,394821
8,395;0,39196
8,396667;0,389099
8,398333;0,386238
8,4;0,383377
8,401667;0,383377
8,403333;0,380516
8,405;0,377655
8,406667;0,374794
8,408333;0,371933
8,41;0,369072
8,411667;0,366211
8,413333;0,36335
8,415;0,360489
8,416667;0,360489
8,418333;0,357628
8,42;0,354767
8,421667;0,351906
8,423333;0,349045
8,425;0,349045
8,426667;0,346184
8,428333;0,343323
8,43;0,340462
8,431667;0,337601
8,433333;0,33474
8,435;0,33474
8,436667;0,331879
8,438333;0,329018
8,44;0,326157
8,441667;0,326157
8,443333;0,323296
8,445;0,320435
8,446667;0,317574
8,448333;0,314713
8,45;0,311852
8,451667;0,311852
8,453333;0,30899
8,455;0,30899
8,456667;0,306129
8,458333;0,303268
8,46;0,300407
8,461667;0,300407
8,463333;0,297546
8,465;0,294685
8,466667;0,294685
8,468333;0,294685
8,47;0,291824
8,471667;0,288963
8,473333;0,288963
8,475;0,286102
8,476667;0,283241
8,478333;0,283241
8,48;0,28038
8,481667;0,28038
8,483333;0,277519
8,485;0,274658
8,486667;0,274658
8,488333;0,271797
8,49;0,271797
8,491667;0,268936
8,493333;0,266075
8,495;0,266075
8,496667;0,263214
8,498333;0,263214
8,5;0,260353
8,501667;0,260353
8,503333;0,257492
8,505;0,257492
8,506667;0,254631
8,508333;0,254631
8,51;0,25177
8,511667;0,248909
8,513333;0,248909
8,515;0,246048
8,516667;0,246048
8,518333;0,243187
8,52;0,243187
8,521667;0,240326
8,523333;0,240326
8,525;0,237465
8,526667;0,237465
8,528333;0,234604
8,53;0,234604
8,531667;0,231743
8,533333;0,231743
8,535;0,228882
8,536667;0,228882
8,538333;0,226021
8,54;0,226021
8,541667;0,22316
8,543333;0,22316
8,545;0,220299
8,546667;0,220299
8,548333;0,220299
8,55;0,217438
8,551667;0,217438
8,553333;0,214577
8,555;0,214577
8,556667;0,211716
8,558333;0,211716
8,56;0,208855
8,561667;0,208855
8,563333;0,208855
8,565;0,205994
8,566667;0,205994
8,568333;0,203133
8,57;0,203133
8,571667;0,203133
8,573333;0,200272
8,575;0,200272
8,576667;0,200272
8,578333;0,197411
8,58;0,197411
8,581667;0,19455
8,583333;0,19455
8,585;0,19455
8,586667;0,191689
8,588333;0,191689
8,59;0,188828
8,591667;0,188828
8,593333;0,185967
8,595;0,185967
8,596667;0,185967
8,598333;0,183105
8,6;0,183105
8,601667;0,180244
8,603333;0,180244
8,605;0,180244
8,606667;0,177383
8,608333;0,177383
8,61;0,177383
8,611667;0,174522
8,613333;0,174522
8,615;0,174522
8,616667;0,171661
8,618333;0,171661
8,62;0,171661
8,621667;0,1688
8,623333;0,1688
8,625;0,1688
8,626667;0,165939
8,628333;0,165939
8,63;0,165939
8,631667;0,165939
8,633333;0,163078
8,635;0,163078
8,636667;0,160217
8,638333;0,160217
8,64;0,160217
8,641667;0,157356
8,643333;0,157356
8,645;0,157356
8,646667;0,154495
8,648333;0,154495
8,65;0,154495
8,651667;0,154495
8,653333;0,151634
8,655;0,151634
8,656667;0,151634
8,658333;0,148773
8,66;0,148773
8,661667;0,148773
8,663333;0,145912
8,665;0,145912
8,666667;0,145912
8,668333;0,145912
8,67;0,143051
8,671667;0,143051
8,673333;0,143051
8,675;0,143051
8,676667;0,14019
8,678333;0,14019
8,68;0,14019
8,681667;0,137329
8,683333;0,137329
8,685;0,137329
8,686667;0,137329
8,688333;0,137329
8,69;0,134468
8,691667;0,134468
8,693333;0,134468
8,695;0,134468
8,696667;0,131607
8,698333;0,131607
8,7;0,131607
8,701667;0,131607
8,703333;0,128746
8,705;0,128746
8,706667;0,128746
8,708333;0,128746
8,71;0,125885
8,711667;0,125885
8,713333;0,125885
8,715;0,123024
8,716667;0,123024
8,718333;0,123024
8,72;0,123024
8,721667;0,123024
8,723333;0,120163
8,725;0,120163
8,726667;0,120163
8,728333;0,117302
8,73;0,117302
8,731667;0,117302
8,733333;0,117302
8,735;0,117302
8,736667;0,117302
8,738333;0,114441
8,74;0,114441
8,741667;0,114441
8,743333;0,114441
8,745;0,11158
8,746667;0,11158
8,748333;0,11158
8,75;0,11158
8,751667;0,108719
8,753333;0,108719
8,755;0,108719
8,756667;0,108719
8,758333;0,105858
8,76;0,105858
8,761667;0,105858
8,763333;0,105858
8,765;0,102997
8,766667;0,102997
8,768333;0,102997
8,77;0,102997
8,771667;0,102997
8,773333;0,102997
8,775;0,100136
8,776667;0,100136
8,778333;0,100136
8,78;0,100136
8,781667;0,100136
8,783333;0,097275
8,785;0,097275
8,786667;0,097275
8,788333;0,097275
8,79;0,097275
8,791667;0,094414
8,793333;0,094414
8,795;0,094414
8,796667;0,094414
8,798333;0,094414
8,8;0,091553
8,801667;0,091553
8,803333;0,091553
8,805;0,091553
8,806667;0,091553
8,808333;0,088692
8,81;0,088692
8,811667;0,088692
8,813333;0,088692
8,815;0,085831
8,816667;0,085831
8,818333;0,085831
8,82;0,085831
8,821667;0,08297
8,823333;0,08297
8,825;0,08297
8,826667;0,08297
8,828333;0,08297
8,83;0,08297
8,831667;0,080109
8,833333;0,080109
8,835;0,080109
8,836667;0,080109
8,838333;0,080109
8,84;0,080109
8,841667;0,080109
8,843333;0,077248
8,845;0,077248
8,846667;0,077248
8,848333;0,077248
8,85;0,077248
8,851667;0,077248
8,853333;0,077248
8,855;0,077248
8,856667;0,074387
8,858333;0,074387
8,86;0,074387
8,861667;0,074387
8,863333;0,074387
8,865;0,074387
8,866667;0,074387
8,868333;0,071526
8,87;0,071526
8,871667;0,071526
8,873333;0,071526
8,875;0,071526
8,876667;0,068665
8,878333;0,068665
8,88;0,068665
8,881667;0,068665
8,883333;0,068665
8,885;0,068665
8,886667;0,065804
8,888333;0,065804
8,89;0,065804
8,891667;0,065804
8,893333;0,065804
8,895;0,065804
8,896667;0,062943
8,898333;0,062943
8,9;0,062943
8,901667;0,062943
8,903333;0,062943
8,905;0,062943
8,906667;0,060081
8,908333;0,060081
8,91;0,060081
8,911667;0,060081
8,913333;0,060081
8,915;0,060081
8,916667;0,05722
8,918333;0,05722
8,92;0,05722
8,921667;0,05722
8,923333;0,05722
8,925;0,05722
8,926667;0,05722
8,928333;0,05722
8,93;0,05722
8,931667;0,054359
8,933333;0,054359
8,935;0,054359
8,936667;0,054359
8,938333;0,054359
8,94;0,054359
8,941667;0,054359
8,943333;0,054359
8,945;0,054359
8,946667;0,054359
8,948333;0,054359
8,95;0,051498
8,951667;0,051498
8,953333;0,051498
8,955;0,051498
8,956667;0,051498
8,958333;0,051498
8,96;0,051498
8,961667;0,051498
8,963333;0,048637
8,965;0,048637
8,966667;0,048637
8,968333;0,048637
8,97;0,048637
8,971667;0,048637
8,973333;0,045776
8,975;0,045776
8,976667;0,045776
8,978333;0,045776
8,98;0,045776
8,981667;0,045776
8,983333;0,042915
8,985;0,042915
8,986667;0,042915
8,988333;0,042915
8,99;0,042915
8,991667;0,042915
8,993333;0,042915
8,995;0,042915
8,996667;0,042915
8,998333;0,040054
9;0,040054
9,001667;0,040054
9,003333;0,040054
9,005;0,040054
9,006667;0,040054
9,008333;0,037193
9,01;0,037193
9,011667;0,037193
9,013333;0,037193
9,015;0,037193
9,016667;0,037193
9,018333;0,037193
9,02;0,037193
9,021667;0,037193
9,023333;0,037193
9,025;0,037193
9,026667;0,034332
9,028333;0,034332
9,03;0,034332
9,031667;0,034332
9,033333;0,034332
9,035;0,034332
9,036667;0,034332
9,038333;0,034332
9,04;0,034332
9,041667;0,034332
9,043333;0,034332
9,045;0,031471
9,046667;0,031471
9,048333;0,031471
9,05;0,031471
9,051667;0,031471
9,053333;0,031471
9,055;0,031471
9,056667;0,031471
9,058333;0,031471
9,06;0,031471
9,061667;0,031471
9,063333;0,031471
9,065;0,031471
9,066667;0,02861
9,068333;0,02861
9,07;0,02861
9,071667;0,02861
9,073333;0,02861
9,075;0,02861
9,076667;0,02861
9,078333;0,02861
9,08;0,02861
9,081667;0,02861
9,083333;0,025749
9,085;0,025749
9,086667;0,025749
9,088333;0,025749
9,09;0,025749
9,091667;0,025749
9,093333;0,025749
9,095;0,022888
9,096667;0,022888
9,098333;0,022888
9,1;0,022888
9,101667;0,022888
9,103333;0,022888
9,105;0,022888
9,106667;0,022888
9,108333;0,022888
9,11;0,022888
9,111667;0,020027
9,113333;0,020027
9,115;0,020027
9,116667;0,020027
9,118333;0,020027
9,12;0,020027
9,121667;0,020027
9,123333;0,020027
9,125;0,020027
9,126667;0,017166
9,128333;0,017166
9,13;0,017166
9,131667;0,017166
9,133333;0,017166
9,135;0,017166
9,136667;0,017166
9,138333;0,017166
9,14;0,017166
9,141667;0,017166
9,143333;0,017166
9,145;0,017166
9,146667;0,014305
9,148333;0,014305
9,15;0,014305
9,151667;0,014305
9,153333;0,014305
9,155;0,014305
9,156667;0,014305
9,158333;0,014305
9,16;0,014305
9,161667;0,014305
9,163333;0,011444
9,165;0,011444
9,166667;0,011444
9,168333;0,011444
9,17;0,011444
9,171667;0,011444
9,173333;0,011444
9,175;0,011444
9,176667;0,011444
9,178333;0,011444
9,18;0,008583
9,181667;0,008583
9,183333;0,008583
9,185;0,008583
9,186667;0,008583
9,188333;0,008583
9,19;0,008583
9,191667;0,008583
9,193333;0,008583
9,195;0,008583
9,196667;0,008583
9,198333;0,008583
9,2;0,008583
9,201667;0,008583
9,203333;0,008583
9,205;0,008583
9,206667;0,008583
9,208333;0,008583
9,21;0,008583
9,211667;0,005722
9,213333;0,005722
9,215;0,005722
9,216667;0,005722
9,218333;0,005722
9,22;0,005722
9,221667;0,005722
9,223333;0,005722
9,225;0,005722
9,226667;0,005722
9,228333;0,005722
9,23;0,005722
9,231667;0,005722
9,233333;0,005722
9,235;0,005722
9,236667;0,005722
9,238333;0,005722
9,24;0,005722
9,241667;0,002861
9,243333;0,002861
9,245;0,002861
9,246667;0,002861
9,248333;0,002861
9,25;0,002861
9,251667;0,002861
9,253333;0,002861
9,255;0,002861
9,256667;0
9,258333;0
9,26;0
9,261667;0
9,263333;0
9,265;0
9,266667;0
9,268333;0
9,27;0
9,271667;0
9,273333;0
9,275;0
9,276667;0
9,278333;0
9,28;0
9,281667;0
9,283333;-0,002861
9,285;-0,002861
9,286667;-0,002861
9,288333;-0,002861
9,29;-0,002861
9,291667;-0,002861
9,293333;-0,002861
9,295;-0,002861
9,296667;-0,002861
9,298333;-0,002861
9,3;-0,002861
9,301667;-0,002861
9,303333;-0,005722
9,305;-0,005722
9,306667;-0,005722
9,308333;-0,005722
9,31;-0,005722
9,311667;-0,005722
9,313333;-0,005722
9,315;-0,005722
9,316667;-0,005722
9,318333;-0,005722
9,32;-0,005722
9,321667;-0,005722
9,323333;-0,005722
9,325;-0,005722
9,326667;-0,005722
9,328333;-0,005722
9,33;-0,005722
9,331667;-0,008583
9,333333;-0,008583
9,335;-0,008583
9,336667;-0,008583
9,338333;-0,008583
9,34;-0,008583
9,341667;-0,008583
9,343333;-0,008583
9,345;-0,008583
9,346667;-0,008583
9,348333;-0,008583
9,35;-0,008583
9,351667;-0,008583
9,353333;-0,008583
9,355;-0,008583
9,356667;-0,008583
9,358333;-0,008583
9,36;-0,008583
9,361667;-0,008583
9,363333;-0,008583
9,365;-0,011444
9,366667;-0,011444
9,368333;-0,011444
9,37;-0,011444
9,371667;-0,011444
9,373333;-0,011444
9,375;-0,011444
9,376667;-0,011444
9,378333;-0,011444
9,38;-0,011444
9,381667;-0,011444
9,383333;-0,011444
9,385;-0,011444
9,386667;-0,011444
9,388333;-0,011444
9,39;-0,011444
9,391667;-0,014305
9,393333;-0,014305
9,395;-0,014305
9,396667;-0,014305
9,398333;-0,014305
9,4;-0,014305
9,401667;-0,014305
9,403333;-0,014305
9,405;-0,014305
9,406667;-0,014305
9,408333;-0,014305
9,41;-0,014305
9,411667;-0,014305
9,413333;-0,014305
9,415;-0,017166
9,416667;-0,017166
9,418333;-0,017166
9,42;-0,017166
9,421667;-0,017166
9,423333;-0,017166
9,425;-0,017166
9,426667;-0,017166
9,428333;-0,017166
9,43;-0,017166
9,431667;-0,017166
9,433333;-0,017166
9,435;-0,017166
9,436667;-0,017166
9,438333;-0,017166
9,44;-0,017166
9,441667;-0,017166
9,443333;-0,017166
9,445;-0,017166
9,446667;-0,017166
9,448333;-0,017166
9,45;-0,017166
9,451667;-0,017166
9,453333;-0,017166
9,455;-0,017166
9,456667;-0,017166
9,458333;-0,017166
9,46;-0,017166
9,461667;-0,017166
9,463333;-0,017166
9,465;-0,017166
9,466667;-0,017166
9,468333;-0,017166
9,47;-0,017166
9,471667;-0,017166
9,473333;-0,017166
9,475;-0,020027
9,476667;-0,020027
9,478333;-0,020027
9,48;-0,020027
9,481667;-0,020027
9,483333;-0,020027
9,485;-0,020027
9,486667;-0,020027
9,488333;-0,020027
9,49;-0,020027
9,491667;-0,020027
9,493333;-0,020027
9,495;-0,020027
9,496667;-0,020027
9,498333;-0,020027
9,5;-0,020027
9,501667;-0,020027
9,503333;-0,022888
9,505;-0,022888
9,506667;-0,022888
9,508333;-0,022888
9,51;-0,022888
9,511667;-0,022888
9,513333;-0,022888
9,515;-0,022888
9,516667;-0,022888
9,518333;-0,022888
9,52;-0,022888
9,521667;-0,022888
9,523333;-0,022888
9,525;-0,022888
9,526667;-0,022888
9,528333;-0,022888
9,53;-0,022888
9,531667;-0,022888
9,533333;-0,022888
9,535;-0,022888
9,536667;-0,022888
9,538333;-0,022888
9,54;-0,022888
9,541667;-0,025749
9,543333;-0,025749
9,545;-0,025749
9,546667;-0,025749
9,548333;-0,025749
9,55;-0,025749
9,551667;-0,025749
9,553333;-0,025749
9,555;-0,025749
9,556667;-0,025749
9,558333;-0,025749
9,56;-0,025749
9,561667;-0,025749
9,563333;-0,025749
9,565;-0,025749
9,566667;-0,025749
9,568333;-0,025749
9,57;-0,025749
9,571667;-0,025749
9,573333;-0,025749
9,575;-0,025749
9,576667;-0,025749
9,578333;-0,02861
9,58;-0,02861
9,581667;-0,02861
9,583333;-0,02861
9,585;-0,02861
9,586667;-0,02861
9,588333;-0,02861
9,59;-0,02861
9,591667;-0,02861
9,593333;-0,02861
9,595;-0,02861
9,596667;-0,02861
9,598333;-0,02861
9,6;-0,02861
9,601667;-0,02861
9,603333;-0,02861
9,605;-0,02861
9,606667;-0,02861
9,608333;-0,02861
9,61;-0,02861
9,611667;-0,02861
9,613333;-0,02861
9,615;-0,02861
9,616667;-0,02861
9,618333;-0,02861
9,62;-0,02861
9,621667;-0,02861
9,623333;-0,02861
9,625;-0,02861
9,626667;-0,02861
9,628333;-0,02861
9,63;-0,02861
9,631667;-0,02861
9,633333;-0,02861
9,635;-0,02861
9,636667;-0,02861
9,638333;-0,02861
9,64;-0,031471
9,641667;-0,031471
9,643333;-0,031471
9,645;-0,031471
9,646667;-0,031471
9,648333;-0,031471
9,65;-0,031471
9,651667;-0,031471
9,653333;-0,031471
9,655;-0,031471
9,656667;-0,031471
9,658333;-0,031471
9,66;-0,031471
9,661667;-0,031471
9,663333;-0,031471
9,665;-0,031471
9,666667;-0,031471
9,668333;-0,031471
9,67;-0,031471
9,671667;-0,031471
9,673333;-0,031471
9,675;-0,031471
9,676667;-0,031471
9,678333;-0,031471
9,68;-0,031471
9,681667;-0,031471
9,683333;-0,031471
9,685;-0,031471
9,686667;-0,031471
9,688333;-0,031471
9,69;-0,031471
9,691667;-0,031471
9,693333;-0,031471
9,695;-0,031471
9,696667;-0,031471
9,698333;-0,031471
9,7;-0,034332
9,701667;-0,034332
9,703333;-0,034332
9,705;-0,034332
9,706667;-0,034332
9,708333;-0,034332
9,71;-0,034332
9,711667;-0,034332
9,713333;-0,034332
9,715;-0,034332
9,716667;-0,034332
9,718333;-0,034332
9,72;-0,034332
9,721667;-0,034332
9,723333;-0,034332
9,725;-0,034332
9,726667;-0,034332
9,728333;-0,034332
9,73;-0,034332
9,731667;-0,034332
9,733333;-0,037193
9,735;-0,037193
9,736667;-0,037193
9,738333;-0,037193
9,74;-0,037193
9,741667;-0,037193
9,743333;-0,037193
9,745;-0,037193
9,746667;-0,037193
9,748333;-0,037193
9,75;-0,037193
9,751667;-0,037193
9,753333;-0,037193
9,755;-0,037193
9,756667;-0,037193
9,758333;-0,037193
9,76;-0,037193
9,761667;-0,037193
9,763333;-0,037193
9,765;-0,037193
9,766667;-0,040054
9,768333;-0,040054
9,77;-0,040054
9,771667;-0,040054
9,773333;-0,040054
9,775;-0,040054
9,776667;-0,040054
9,778333;-0,040054
9,78;-0,040054
9,781667;-0,040054
9,783333;-0,040054
9,785;-0,040054
9,786667;-0,040054
9,788333;-0,040054
9,79;-0,040054
9,791667;-0,040054
9,793333;-0,040054
9,795;-0,040054
9,796667;-0,040054
9,798333;-0,040054
9,8;-0,040054
9,801667;-0,040054
9,803333;-0,040054
9,805;-0,040054
9,806667;-0,040054
9,808333;-0,040054
9,81;-0,040054
9,811667;-0,040054
9,813333;-0,040054
9,815;-0,040054
9,816667;-0,040054
9,818333;-0,040054
9,82;-0,040054
9,821667;-0,040054
9,823333;-0,040054
9,825;-0,040054
9,826667;-0,040054
9,828333;-0,040054
9,83;-0,040054
9,831667;-0,040054
9,833333;-0,040054
9,835;-0,040054
9,836667;-0,040054
9,838333;-0,040054
9,84;-0,040054
9,841667;-0,040054
9,843333;-0,040054
9,845;-0,040054
9,846667;-0,040054
9,848333;-0,040054
9,85;-0,040054
9,851667;-0,040054
9,853333;-0,040054
9,855;-0,040054
9,856667;-0,040054
9,858333;-0,040054
9,86;-0,040054
9,861667;-0,040054
9,863333;-0,040054
9,865;-0,040054
9,866667;-0,040054
9,868333;-0,040054
9,87;-0,040054
9,871667;-0,040054
9,873333;-0,040054
9,875;-0,040054
9,876667;-0,040054
9,878333;-0,040054
9,88;-0,040054
9,881667;-0,040054
9,883333;-0,040054
9,885;-0,040054
9,886667;-0,040054
9,888333;-0,040054
9,89;-0,040054
9,891667;-0,040054
9,893333;-0,040054
9,895;-0,040054
9,896667;-0,040054
9,898333;-0,040054
9,9;-0,040054
9,901667;-0,040054
9,903333;-0,040054
9,905;-0,040054
9,906667;-0,040054
9,908333;-0,040054
9,91;-0,040054
9,911667;-0,040054
9,913333;-0,040054
9,915;-0,040054
9,916667;-0,040054
9,918333;-0,040054
9,92;-0,040054
9,921667;-0,040054
9,923333;-0,040054
9,925;-0,040054
9,926667;-0,040054
9,928333;-0,040054
9,93;-0,040054
9,931667;-0,040054
9,933333;-0,040054
9,935;-0,040054
9,936667;-0,040054
9,938333;-0,040054
9,94;-0,040054
9,941667;-0,040054
9,943333;-0,040054
9,945;-0,040054
9,946667;-0,040054
9,948333;-0,040054
9,95;-0,040054
9,951667;-0,040054
9,953333;-0,040054
9,955;-0,040054
9,956667;-0,040054
9,958333;-0,040054
9,96;-0,040054
9,961667;-0,040054
9,963333;-0,040054
9,965;-0,040054
9,966667;-0,040054
9,968333;-0,040054
9,97;-0,040054
9,971667;-0,040054
9,973333;-0,040054
9,975;-0,040054
9,976667;-0,040054
9,978333;-0,040054
9,98;-0,040054
9,981667;-0,040054
9,983333;-0,040054
9,985;-0,040054
9,986667;-0,040054
9,988333;-0,040054
9,99;-0,040054
9,991667;-0,040054
9,993333;-0,040054
9,995;-0,040054
9,996667;-0,040054
9,998333;-0,040054
10;-0,040054
10,001667;-0,040054
10,003333;-0,040054
10,005;-0,040054
10,006667;-0,040054
10,008333;-0,040054
10,01;-0,040054
10,011667;-0,040054
10,013333;-0,042915
10,015;-0,042915
10,016667;-0,042915
10,018333;-0,042915
10,02;-0,042915
10,021667;-0,042915
10,023333;-0,042915
10,025;-0,042915
10,026667;-0,042915
10,028333;-0,042915
10,03;-0,042915
10,031667;-0,042915
10,033333;-0,042915
10,035;-0,042915
10,036667;-0,042915
10,038333;-0,042915
10,04;-0,042915
10,041667;-0,042915
10,043333;-0,042915
10,045;-0,042915
10,046667;-0,042915
10,048333;-0,042915
10,05;-0,042915
10,051667;-0,042915
10,053333;-0,042915
10,055;-0,042915
10,056667;-0,042915
10,058333;-0,042915
10,06;-0,042915
10,061667;-0,042915
10,063333;-0,042915
10,065;-0,042915
10,066667;-0,042915
10,068333;-0,042915
10,07;-0,042915
10,071667;-0,042915
10,073333;-0,042915
10,075;-0,042915
10,076667;-0,042915
10,078333;-0,042915
10,08;-0,042915
10,081667;-0,042915
10,083333;-0,042915
10,085;-0,042915
10,086667;-0,042915
10,088333;-0,042915
10,09;-0,042915
10,091667;-0,042915
10,093333;-0,042915
10,095;-0,042915
10,096667;-0,045776
10,098333;-0,045776
10,1;-0,045776
10,101667;-0,045776
10,103333;-0,045776
10,105;-0,045776
10,106667;-0,045776
10,108333;-0,045776
10,11;-0,045776
10,111667;-0,045776
10,113333;-0,045776
10,115;-0,045776
10,116667;-0,045776
10,118333;-0,045776
10,12;-0,045776
10,121667;-0,045776
10,123333;-0,045776
10,125;-0,045776
10,126667;-0,045776
10,128333;-0,045776
10,13;-0,045776
10,131667;-0,045776
10,133333;-0,045776
10,135;-0,045776
10,136667;-0,045776
10,138333;-0,045776
10,14;-0,045776
10,141667;-0,045776
10,143333;-0,045776
10,145;-0,045776
10,146667;-0,045776
10,148333;-0,045776
10,15;-0,045776
10,151667;-0,045776
10,153333;-0,045776
10,155;-0,045776
10,156667;-0,045776
10,158333;-0,045776
10,16;-0,045776
10,161667;-0,045776
10,163333;-0,045776
10,165;-0,045776
10,166667;-0,045776
10,168333;-0,045776
10,17;-0,045776
10,171667;-0,045776
10,173333;-0,045776
10,175;-0,045776
10,176667;-0,045776
10,178333;-0,045776
10,18;-0,045776
10,181667;-0,045776
10,183333;-0,045776
10,185;-0,045776
10,186667;-0,045776
10,188333;-0,045776
10,19;-0,045776
10,191667;-0,045776
10,193333;-0,045776
10,195;-0,045776
10,196667;-0,045776
10,198333;-0,045776
10,2;-0,045776
10,201667;-0,045776
10,203333;-0,045776
10,205;-0,045776
10,206667;-0,045776
10,208333;-0,045776
10,21;-0,045776
10,211667;-0,045776
10,213333;-0,045776
10,215;-0,045776
10,216667;-0,045776
10,218333;-0,045776
10,22;-0,045776
10,221667;-0,045776
10,223333;-0,045776
10,225;-0,045776
10,226667;-0,045776
10,228333;-0,045776
10,23;-0,045776
10,231667;-0,045776
10,233333;-0,045776
10,235;-0,045776
10,236667;-0,045776
10,238333;-0,045776
10,24;-0,045776
10,241667;-0,045776
10,243333;-0,045776
10,245;-0,045776
10,246667;-0,045776
10,248333;-0,045776
10,25;-0,045776
10,251667;-0,045776
10,253333;-0,045776
10,255;-0,045776
10,256667;-0,045776
10,258333;-0,045776
10,26;-0,045776
10,261667;-0,045776
10,263333;-0,045776
10,265;-0,045776
10,266667;-0,045776
10,268333;-0,045776
10,27;-0,045776
10,271667;-0,045776
10,273333;-0,045776
10,275;-0,045776
10,276667;-0,045776
10,278333;-0,045776
10,28;-0,045776
10,281667;-0,045776
10,283333;-0,045776
10,285;-0,045776
10,286667;-0,045776
10,288333;-0,045776
10,29;-0,045776
10,291667;-0,045776
10,293333;-0,045776
10,295;-0,045776
10,296667;-0,045776
10,298333;-0,045776
10,3;-0,045776
10,301667;-0,045776
10,303333;-0,045776
10,305;-0,042915
10,306667;-0,042915
10,308333;-0,042915
10,31;-0,042915
10,311667;-0,042915
10,313333;-0,042915
10,315;-0,042915
10,316667;-0,042915
10,318333;-0,042915
10,32;-0,042915
10,321667;-0,042915
10,323333;-0,042915
10,325;-0,042915
10,326667;-0,042915
10,328333;-0,042915
10,33;-0,042915
10,331667;-0,040054
10,333333;-0,040054
10,335;-0,040054
10,336667;-0,040054
10,338333;-0,040054
10,34;-0,040054
10,341667;-0,040054
10,343333;-0,040054
10,345;-0,040054
10,346667;-0,040054
10,348333;-0,040054
10,35;-0,040054
10,351667;-0,040054
10,353333;-0,040054
10,355;-0,040054
10,356667;-0,040054
10,358333;-0,040054
10,36;-0,040054
10,361667;-0,040054
10,363333;-0,040054
10,365;-0,040054
10,366667;-0,040054
10,368333;-0,040054
10,37;-0,040054
10,371667;-0,040054
10,373333;-0,040054
10,375;-0,040054
10,376667;-0,040054
10,378333;-0,040054
10,38;-0,040054
10,381667;-0,040054
10,383333;-0,040054
10,385;-0,040054
10,386667;-0,040054
10,388333;-0,040054
10,39;-0,040054
10,391667;-0,040054
10,393333;-0,040054
10,395;-0,040054
10,396667;-0,040054
10,398333;-0,040054
10,4;-0,040054
10,401667;-0,040054
10,403333;-0,040054
10,405;-0,040054
10,406667;-0,040054
10,408333;-0,040054
10,41;-0,040054
10,411667;-0,040054
10,413333;-0,040054
10,415;-0,040054
10,416667;-0,040054
10,418333;-0,040054
10,42;-0,040054
10,421667;-0,040054
10,423333;-0,040054
10,425;-0,040054
10,426667;-0,040054
10,428333;-0,040054
10,43;-0,040054
10,431667;-0,040054
10,433333;-0,040054
10,435;-0,040054
10,436667;-0,040054
10,438333;-0,040054
10,44;-0,040054
10,441667;-0,040054
10,443333;-0,040054
10,445;-0,040054
10,446667;-0,040054
10,448333;-0,040054
10,45;-0,040054
10,451667;-0,040054
10,453333;-0,040054
10,455;-0,040054
10,456667;-0,040054
10,458333;-0,040054
10,46;-0,040054
10,461667;-0,040054
10,463333;-0,040054
10,465;-0,040054
10,466667;-0,040054
10,468333;-0,040054
10,47;-0,040054
10,471667;-0,040054
10,473333;-0,040054
10,475;-0,040054
10,476667;-0,040054
10,478333;-0,040054
10,48;-0,040054
10,481667;-0,040054
10,483333;-0,040054
10,485;-0,040054
10,486667;-0,040054
10,488333;-0,040054
10,49;-0,042915
10,491667;-0,042915
10,493333;-0,042915
10,495;-0,042915
10,496667;-0,042915
10,498333;-0,042915
10,5;-0,042915
10,501667;-0,042915
10,503333;-0,042915
10,505;-0,042915
10,506667;-0,042915
10,508333;-0,042915
10,51;-0,042915
10,511667;-0,042915
10,513333;-0,042915
10,515;-0,042915
10,516667;-0,042915
10,518333;-0,042915
10,52;-0,042915
10,521667;-0,042915
10,523333;-0,042915
10,525;-0,042915
10,526667;-0,042915
10,528333;-0,042915
10,53;-0,042915
10,531667;-0,042915
10,533333;-0,042915
10,535;-0,042915
10,536667;-0,045776
10,538333;-0,045776
10,54;-0,045776
10,541667;-0,045776
10,543333;-0,045776
10,545;-0,045776
10,546667;-0,045776
10,548333;-0,045776
10,55;-0,045776
10,551667;-0,045776
10,553333;-0,045776
10,555;-0,045776
10,556667;-0,045776
10,558333;-0,045776
10,56;-0,045776
10,561667;-0,045776
10,563333;-0,045776
10,565;-0,045776
10,566667;-0,045776
10,568333;-0,045776
10,57;-0,045776
10,571667;-0,045776
10,573333;-0,045776
10,575;-0,045776
10,576667;-0,045776
10,578333;-0,045776
10,58;-0,045776
10,581667;-0,048637
10,583333;-0,048637
10,585;-0,048637
10,586667;-0,048637
10,588333;-0,048637
10,59;-0,048637
10,591667;-0,048637
10,593333;-0,048637
10,595;-0,048637
10,596667;-0,048637
10,598333;-0,048637
10,6;-0,048637
10,601667;-0,048637
10,603333;-0,048637
10,605;-0,048637
10,606667;-0,048637
10,608333;-0,048637
10,61;-0,048637
10,611667;-0,048637
10,613333;-0,048637
10,615;-0,048637
10,616667;-0,048637
10,618333;-0,048637
10,62;-0,048637
10,621667;-0,048637
10,623333;-0,048637
10,625;-0,048637
10,626667;-0,048637
10,628333;-0,051498
10,63;-0,051498
10,631667;-0,051498
10,633333;-0,051498
10,635;-0,051498
10,636667;-0,051498
10,638333;-0,051498
10,64;-0,051498
10,641667;-0,051498
10,643333;-0,051498
10,645;-0,051498
10,646667;-0,051498
10,648333;-0,051498
10,65;-0,051498
10,651667;-0,051498
10,653333;-0,051498
10,655;-0,051498
10,656667;-0,051498
10,658333;-0,054359
10,66;-0,054359
10,661667;-0,054359
10,663333;-0,054359
10,665;-0,054359
10,666667;-0,054359
10,668333;-0,054359
10,67;-0,054359
10,671667;-0,054359
10,673333;-0,054359
10,675;-0,054359
10,676667;-0,054359
10,678333;-0,054359
10,68;-0,054359
10,681667;-0,054359
10,683333;-0,054359
10,685;-0,054359
10,686667;-0,054359
10,688333;-0,054359
10,69;-0,054359
10,691667;-0,054359
10,693333;-0,054359
10,695;-0,054359
10,696667;-0,054359
10,698333;-0,054359
10,7;-0,05722
10,701667;-0,05722
10,703333;-0,05722
10,705;-0,05722
10,706667;-0,05722
10,708333;-0,05722
10,71;-0,05722
10,711667;-0,05722
10,713333;-0,05722
10,715;-0,05722
10,716667;-0,05722
10,718333;-0,05722
10,72;-0,05722
10,721667;-0,05722
10,723333;-0,05722
10,725;-0,05722
10,726667;-0,05722
10,728333;-0,05722
10,73;-0,05722
10,731667;-0,05722
10,733333;-0,05722
10,735;-0,05722
10,736667;-0,05722
10,738333;-0,05722
10,74;-0,05722
10,741667;-0,05722
10,743333;-0,05722
10,745;-0,05722
10,746667;-0,05722
10,748333;-0,05722
10,75;-0,05722
10,751667;-0,05722
10,753333;-0,05722
10,755;-0,05722
10,756667;-0,05722
10,758333;-0,05722
10,76;-0,05722
10,761667;-0,05722
10,763333;-0,05722
10,765;-0,05722
10,766667;-0,05722
10,768333;-0,05722
10,77;-0,05722
10,771667;-0,05722
10,773333;-0,05722
10,775;-0,05722
10,776667;-0,05722
10,778333;-0,05722
10,78;-0,05722
10,781667;-0,05722
10,783333;-0,05722
10,785;-0,05722
10,786667;-0,05722
10,788333;-0,05722
10,79;-0,05722
10,791667;-0,05722
10,793333;-0,05722
10,795;-0,05722
10,796667;-0,05722
10,798333;-0,05722
10,8;-0,060081
10,801667;-0,060081
10,803333;-0,060081
10,805;-0,060081
10,806667;-0,060081
10,808333;-0,060081
10,81;-0,060081
10,811667;-0,060081
10,813333;-0,060081
10,815;-0,060081
10,816667;-0,060081
10,818333;-0,060081
10,82;-0,060081
10,821667;-0,060081
10,823333;-0,060081
10,825;-0,060081
10,826667;-0,060081
10,828333;-0,060081
10,83;-0,060081
10,831667;-0,060081
10,833333;-0,060081
10,835;-0,060081
10,836667;-0,060081
10,838333;-0,060081
10,84;-0,060081
10,841667;-0,060081
10,843333;-0,060081
10,845;-0,060081
10,846667;-0,060081
10,848333;-0,060081
10,85;-0,060081
10,851667;-0,062943
10,853333;-0,062943
10,855;-0,062943
10,856667;-0,062943
10,858333;-0,062943
10,86;-0,062943
10,861667;-0,062943
10,863333;-0,062943
10,865;-0,062943
10,866667;-0,062943
10,868333;-0,062943
10,87;-0,062943
10,871667;-0,062943
10,873333;-0,062943
10,875;-0,062943
10,876667;-0,062943
10,878333;-0,062943
10,88;-0,062943
10,881667;-0,062943
10,883333;-0,062943
10,885;-0,062943
10,886667;-0,062943
10,888333;-0,062943
10,89;-0,062943
10,891667;-0,062943
10,893333;-0,062943
10,895;-0,062943
10,896667;-0,062943
10,898333;-0,062943
10,9;-0,062943
10,901667;-0,062943
10,903333;-0,062943
10,905;-0,062943
10,906667;-0,062943
10,908333;-0,062943
10,91;-0,062943
10,911667;-0,062943
10,913333;-0,062943
10,915;-0,062943
10,916667;-0,062943
10,918333;-0,062943
10,92;-0,062943
10,921667;-0,065804
10,923333;-0,065804
10,925;-0,065804
10,926667;-0,065804
10,928333;-0,065804
10,93;-0,065804
10,931667;-0,065804
10,933333;-0,065804
10,935;-0,065804
10,936667;-0,065804
10,938333;-0,065804
10,94;-0,065804
10,941667;-0,065804
10,943333;-0,065804
10,945;-0,065804
10,946667;-0,065804
10,948333;-0,065804
10,95;-0,065804
10,951667;-0,065804
10,953333;-0,065804
10,955;-0,065804
10,956667;-0,065804
10,958333;-0,065804
10,96;-0,065804
10,961667;-0,065804
10,963333;-0,065804
10,965;-0,065804
10,966667;-0,065804
10,968333;-0,065804
10,97;-0,065804
10,971667;-0,065804
10,973333;-0,065804
10,975;-0,065804
10,976667;-0,065804
10,978333;-0,065804
10,98;-0,065804
10,981667;-0,065804
10,983333;-0,065804
10,985;-0,065804
10,986667;-0,065804
10,988333;-0,065804
10,99;-0,065804
10,991667;-0,065804
10,993333;-0,065804
10,995;-0,065804
10,996667;-0,065804
10,998333;-0,065804
11;-0,065804
11,001667;-0,065804
11,003333;-0,065804
11,005;-0,065804
11,006667;-0,065804
11,008333;-0,065804
11,01;-0,065804
11,011667;-0,065804
11,013333;-0,065804
11,015;-0,068665
11,016667;-0,068665
11,018333;-0,068665
11,02;-0,068665
11,021667;-0,068665
11,023333;-0,068665
11,025;-0,068665
11,026667;-0,068665
11,028333;-0,068665
11,03;-0,068665
11,031667;-0,068665
11,033333;-0,068665
11,035;-0,068665
11,036667;-0,068665
11,038333;-0,068665
11,04;-0,068665
11,041667;-0,068665
11,043333;-0,068665
11,045;-0,068665
11,046667;-0,068665
11,048333;-0,068665
11,05;-0,068665
11,051667;-0,068665
11,053333;-0,068665
11,055;-0,068665
11,056667;-0,068665
11,058333;-0,068665
11,06;-0,065804
11,061667;-0,065804
11,063333;-0,065804
11,065;-0,065804
11,066667;-0,065804
11,068333;-0,065804
11,07;-0,065804
11,071667;-0,065804
11,073333;-0,065804
11,075;-0,065804
11,076667;-0,065804
11,078333;-0,065804
11,08;-0,065804
11,081667;-0,065804
11,083333;-0,065804
11,085;-0,065804
11,086667;-0,065804
11,088333;-0,065804
11,09;-0,065804
11,091667;-0,065804
11,093333;-0,065804
11,095;-0,065804
11,096667;-0,065804
11,098333;-0,065804
11,1;-0,065804
11,101667;-0,065804
11,103333;-0,065804
11,105;-0,065804
11,106667;-0,065804
11,108333;-0,065804
11,11;-0,065804
11,111667;-0,065804
11,113333;-0,065804
11,115;-0,065804
11,116667;-0,065804
11,118333;-0,065804
11,12;-0,065804
11,121667;-0,068665
11,123333;-0,068665
11,125;-0,068665
11,126667;-0,068665
11,128333;-0,068665
11,13;-0,068665
11,131667;-0,068665
11,133333;-0,068665
11,135;-0,068665
11,136667;-0,068665
11,138333;-0,068665
11,14;-0,068665
11,141667;-0,068665
11,143333;-0,068665
11,145;-0,068665
11,146667;-0,068665
11,148333;-0,068665
11,15;-0,068665
11,151667;-0,068665
11,153333;-0,068665
11,155;-0,068665
11,156667;-0,068665
11,158333;-0,068665
11,16;-0,068665
11,161667;-0,068665
11,163333;-0,068665
11,165;-0,068665
11,166667;-0,068665
11,168333;-0,068665
11,17;-0,068665
11,171667;-0,068665
11,173333;-0,068665
11,175;-0,068665
11,176667;-0,068665
11,178333;-0,068665
11,18;-0,068665
11,181667;-0,068665
11,183333;-0,068665
11,185;-0,068665
11,186667;-0,068665
11,188333;-0,068665
11,19;-0,068665
11,191667;-0,068665
11,193333;-0,068665
11,195;-0,068665
11,196667;-0,068665
11,198333;-0,068665
11,2;-0,068665
11,201667;-0,068665
11,203333;-0,068665
11,205;-0,068665
11,206667;-0,068665
11,208333;-0,068665
11,21;-0,068665
11,211667;-0,068665
11,213333;-0,068665
11,215;-0,068665
11,216667;-0,068665
11,218333;-0,068665
11,22;-0,068665
11,221667;-0,068665
11,223333;-0,068665
11,225;-0,068665
11,226667;-0,068665
11,228333;-0,068665
11,23;-0,071526
11,231667;-0,071526
11,233333;-0,071526
11,235;-0,071526
11,236667;-0,071526
11,238333;-0,071526
11,24;-0,071526
11,241667;-0,071526
11,243333;-0,071526
11,245;-0,071526
11,246667;-0,071526
11,248333;-0,071526
11,25;-0,071526
11,251667;-0,071526
11,253333;-0,071526
11,255;-0,071526
11,256667;-0,071526
11,258333;-0,071526
11,26;-0,071526
11,261667;-0,071526
11,263333;-0,071526
11,265;-0,071526
11,266667;-0,071526
11,268333;-0,071526
11,27;-0,071526
11,271667;-0,071526
11,273333;-0,071526
11,275;-0,071526
11,276667;-0,071526
11,278333;-0,071526
11,28;-0,071526
11,281667;-0,071526
11,283333;-0,071526
11,285;-0,071526
11,286667;-0,071526
11,288333;-0,071526
11,29;-0,071526
11,291667;-0,071526
11,293333;-0,071526
11,295;-0,071526
11,296667;-0,071526
11,298333;-0,071526
11,3;-0,071526
11,301667;-0,071526
11,303333;-0,071526
11,305;-0,071526
11,306667;-0,071526
11,308333;-0,071526
11,31;-0,071526
11,311667;-0,071526
11,313333;-0,071526
11,315;-0,071526
11,316667;-0,071526
11,318333;-0,071526
11,32;-0,071526
11,321667;-0,071526
11,323333;-0,071526
11,325;-0,071526
11,326667;-0,071526
11,328333;-0,071526
11,33;-0,071526
11,331667;-0,071526
11,333333;-0,071526
11,335;-0,071526
11,336667;-0,071526
11,338333;-0,071526
11,34;-0,071526
11,341667;-0,071526
11,343333;-0,071526
11,345;-0,071526
11,346667;-0,071526
11,348333;-0,071526
11,35;-0,071526
11,351667;-0,071526
11,353333;-0,071526
11,355;-0,071526
11,356667;-0,071526
11,358333;-0,071526
11,36;-0,071526
11,361667;-0,071526
11,363333;-0,071526
11,365;-0,071526
11,366667;-0,071526
11,368333;-0,071526
11,37;-0,071526
11,371667;-0,071526
11,373333;-0,071526
11,375;-0,071526
11,376667;-0,071526
11,378333;-0,071526
11,38;-0,071526
11,381667;-0,071526
11,383333;-0,071526
11,385;-0,071526
11,386667;-0,071526
11,388333;-0,071526
11,39;-0,071526
11,391667;-0,071526
11,393333;-0,071526
11,395;-0,071526
11,396667;-0,071526
11,398333;-0,071526
11,4;-0,071526
11,401667;-0,071526
11,403333;-0,071526
11,405;-0,071526
11,406667;-0,071526
11,408333;-0,071526
11,41;-0,071526
11,411667;-0,071526
11,413333;-0,071526
11,415;-0,071526
11,416667;-0,071526
11,418333;-0,071526
11,42;-0,071526
11,421667;-0,071526
11,423333;-0,071526
11,425;-0,071526
11,426667;-0,071526
11,428333;-0,071526
11,43;-0,071526
11,431667;-0,071526
11,433333;-0,071526
11,435;-0,071526
11,436667;-0,071526
11,438333;-0,071526
11,44;-0,071526
11,441667;-0,071526
11,443333;-0,071526
11,445;-0,071526
11,446667;-0,071526
11,448333;-0,071526
11,45;-0,071526
11,451667;-0,071526
11,453333;-0,071526
11,455;-0,071526
11,456667;-0,071526
11,458333;-0,071526
11,46;-0,071526
11,461667;-0,071526
11,463333;-0,071526
11,465;-0,071526
11,466667;-0,071526
11,468333;-0,071526
11,47;-0,071526
11,471667;-0,071526
11,473333;-0,071526
11,475;-0,071526
11,476667;-0,071526
11,478333;-0,071526
11,48;-0,071526
11,481667;-0,071526
11,483333;-0,071526
11,485;-0,071526
11,486667;-0,071526
11,488333;-0,071526
11,49;-0,071526
11,491667;-0,071526
11,493333;-0,071526
11,495;-0,071526
11,496667;-0,071526
11,498333;-0,071526
11,5;-0,071526
11,501667;-0,071526
11,503333;-0,071526
11,505;-0,071526
11,506667;-0,071526
11,508333;-0,071526
11,51;-0,071526
11,511667;-0,071526
11,513333;-0,071526
11,515;-0,071526
11,516667;-0,074387
11,518333;-0,074387
11,52;-0,074387
11,521667;-0,074387
11,523333;-0,074387
11,525;-0,074387
11,526667;-0,074387
11,528333;-0,074387
11,53;-0,074387
11,531667;-0,074387
11,533333;-0,074387
11,535;-0,074387
11,536667;-0,074387
11,538333;-0,074387
11,54;-0,074387
11,541667;-0,074387
11,543333;-0,074387
11,545;-0,074387
11,546667;-0,074387
11,548333;-0,074387
11,55;-0,074387
11,551667;-0,074387
11,553333;-0,074387
11,555;-0,074387
11,556667;-0,074387
11,558333;-0,074387
11,56;-0,074387
11,561667;-0,074387
11,563333;-0,074387
11,565;-0,074387
11,566667;-0,074387
11,568333;-0,074387
11,57;-0,074387
11,571667;-0,074387
11,573333;-0,074387
11,575;-0,074387
11,576667;-0,074387
11,578333;-0,074387
11,58;-0,074387
11,581667;-0,074387
11,583333;-0,074387
11,585;-0,074387
11,586667;-0,074387
11,588333;-0,074387
11,59;-0,074387
11,591667;-0,074387
11,593333;-0,074387
11,595;-0,074387
11,596667;-0,074387
11,598333;-0,074387
11,6;-0,074387
11,601667;-0,074387
11,603333;-0,074387
11,605;-0,074387
11,606667;-0,074387
11,608333;-0,074387
11,61;-0,074387
11,611667;-0,074387
11,613333;-0,074387
11,615;-0,074387
11,616667;-0,074387
11,618333;-0,074387
11,62;-0,074387
11,621667;-0,074387
11,623333;-0,074387
11,625;-0,074387
11,626667;-0,074387
11,628333;-0,074387
11,63;-0,074387
11,631667;-0,074387
11,633333;-0,074387
11,635;-0,074387
11,636667;-0,074387
11,638333;-0,074387
11,64;-0,074387
11,641667;-0,074387
11,643333;-0,074387
11,645;-0,074387
11,646667;-0,074387
11,648333;-0,074387
11,65;-0,074387
11,651667;-0,074387
11,653333;-0,074387
11,655;-0,074387
11,656667;-0,074387
11,658333;-0,074387
11,66;-0,074387
11,661667;-0,074387
11,663333;-0,074387
11,665;-0,074387
11,666667;-0,074387
11,668333;-0,074387
11,67;-0,074387
11,671667;-0,074387
11,673333;-0,074387
11,675;-0,074387
11,676667;-0,074387
11,678333;-0,074387
11,68;-0,074387
11,681667;-0,074387
11,683333;-0,074387
11,685;-0,074387
11,686667;-0,074387
11,688333;-0,077248
11,69;-0,077248
11,691667;-0,077248
11,693333;-0,077248
11,695;-0,077248
11,696667;-0,077248
11,698333;-0,077248
11,7;-0,077248
11,701667;-0,077248
11,703333;-0,077248
11,705;-0,077248
11,706667;-0,077248
11,708333;-0,077248
11,71;-0,077248
11,711667;-0,077248
11,713333;-0,077248
11,715;-0,077248
11,716667;-0,077248
11,718333;-0,077248
11,72;-0,077248
11,721667;-0,077248
11,723333;-0,077248
11,725;-0,077248
11,726667;-0,077248
11,728333;-0,077248
11,73;-0,077248
11,731667;-0,077248
11,733333;-0,077248
11,735;-0,077248
11,736667;-0,077248
11,738333;-0,077248
11,74;-0,077248
11,741667;-0,077248
11,743333;-0,077248
11,745;-0,077248
11,746667;-0,077248
11,748333;-0,077248
11,75;-0,077248
11,751667;-0,077248
11,753333;-0,077248
11,755;-0,077248
11,756667;-0,077248
11,758333;-0,077248
11,76;-0,077248
11,761667;-0,077248
11,763333;-0,077248
11,765;-0,077248
11,766667;-0,077248
11,768333;-0,077248
11,77;-0,077248
11,771667;-0,077248
11,773333;-0,077248
11,775;-0,077248
11,776667;-0,077248
11,778333;-0,077248
11,78;-0,077248
11,781667;-0,077248
11,783333;-0,077248
11,785;-0,077248
11,786667;-0,077248
11,788333;-0,077248
11,79;-0,077248
11,791667;-0,077248
11,793333;-0,077248
11,795;-0,077248
11,796667;-0,077248
11,798333;-0,077248
11,8;-0,077248
11,801667;-0,077248
11,803333;-0,077248
11,805;-0,077248
11,806667;-0,077248
11,808333;-0,077248
11,81;-0,077248
11,811667;-0,077248
11,813333;-0,077248
11,815;-0,077248
11,816667;-0,077248
11,818333;-0,077248
11,82;-0,077248
11,821667;-0,077248
11,823333;-0,077248
11,825;-0,077248
11,826667;-0,077248
11,828333;-0,077248
11,83;-0,077248
11,831667;-0,077248
11,833333;-0,077248
11,835;-0,077248
11,836667;-0,077248
11,838333;-0,077248
11,84;-0,077248
11,841667;-0,077248
11,843333;-0,077248
11,845;-0,077248
11,846667;-0,077248
11,848333;-0,077248
11,85;-0,077248
11,851667;-0,077248
11,853333;-0,077248
11,855;-0,077248
11,856667;-0,077248
11,858333;-0,077248
11,86;-0,077248
11,861667;-0,077248
11,863333;-0,077248
11,865;-0,077248
11,866667;-0,077248
11,868333;-0,077248
11,87;-0,077248
11,871667;-0,077248
11,873333;-0,077248
11,875;-0,077248
11,876667;-0,077248
11,878333;-0,077248
11,88;-0,077248
11,881667;-0,077248
11,883333;-0,077248
11,885;-0,077248
11,886667;-0,077248
11,888333;-0,077248
11,89;-0,077248
11,891667;-0,077248
11,893333;-0,077248
11,895;-0,077248
11,896667;-0,077248
11,898333;-0,077248
11,9;-0,077248
11,901667;-0,077248
11,903333;-0,077248
11,905;-0,077248
11,906667;-0,077248
11,908333;-0,077248
11,91;-0,077248
11,911667;-0,080109
11,913333;-0,080109
11,915;-0,080109
11,916667;-0,080109
11,918333;-0,080109
11,92;-0,080109
11,921667;-0,080109
11,923333;-0,080109
11,925;-0,080109
11,926667;-0,080109
11,928333;-0,080109
11,93;-0,080109
11,931667;-0,080109
11,933333;-0,080109
11,935;-0,080109
11,936667;-0,080109
11,938333;-0,080109
11,94;-0,080109
11,941667;-0,080109
11,943333;-0,080109
11,945;-0,080109
11,946667;-0,080109
11,948333;-0,080109
11,95;-0,080109
11,951667;-0,080109
11,953333;-0,080109
11,955;-0,080109
11,956667;-0,080109
11,958333;-0,080109
11,96;-0,080109
11,961667;-0,080109
11,963333;-0,080109
11,965;-0,080109
11,966667;-0,080109
11,968333;-0,080109
11,97;-0,080109
11,971667;-0,080109
11,973333;-0,080109
11,975;-0,080109
11,976667;-0,080109
11,978333;-0,080109
11,98;-0,080109
11,981667;-0,080109
11,983333;-0,080109
11,985;-0,080109
11,986667;-0,080109
11,988333;-0,080109
11,99;-0,080109
11,991667;-0,080109
11,993333;-0,080109
11,995;-0,080109
11,996667;-0,080109
11,998333;-0,080109
12;-0,080109
12,001667;-0,080109
12,003333;-0,080109
12,005;-0,080109
12,006667;-0,080109
12,008333;-0,080109
12,01;-0,080109
12,011667;-0,080109
12,013333;-0,080109
12,015;-0,080109
12,016667;-0,080109
12,018333;-0,080109
12,02;-0,080109
12,021667;-0,080109
12,023333;-0,080109
12,025;-0,080109
12,026667;-0,080109
12,028333;-0,080109
12,03;-0,080109
12,031667;-0,080109
12,033333;-0,080109
12,035;-0,080109
12,036667;-0,080109
12,038333;-0,080109
12,04;-0,080109
12,041667;-0,080109
12,043333;-0,080109
12,045;-0,080109
12,046667;-0,080109
12,048333;-0,080109
12,05;-0,080109
12,051667;-0,080109
12,053333;-0,080109
12,055;-0,080109
12,056667;-0,080109
12,058333;-0,080109
12,06;-0,077248
12,061667;-0,077248
12,063333;-0,077248
12,065;-0,077248
12,066667;-0,077248
12,068333;-0,077248
12,07;-0,080109
12,071667;-0,080109
12,073333;-0,080109
12,075;-0,080109
12,076667;-0,080109
12,078333;-0,080109
12,08;-0,080109
12,081667;-0,080109
12,083333;-0,080109
12,085;-0,080109
12,086667;-0,080109
12,088333;-0,080109
12,09;-0,080109
12,091667;-0,080109
12,093333;-0,080109
12,095;-0,080109
12,096667;-0,080109
12,098333;-0,080109
12,1;-0,080109
12,101667;-0,080109
12,103333;-0,080109
12,105;-0,080109
12,106667;-0,080109
12,108333;-0,080109
12,11;-0,080109
12,111667;-0,080109
12,113333;-0,080109
12,115;-0,080109
12,116667;-0,080109
12,118333;-0,080109
12,12;-0,080109
12,121667;-0,080109
12,123333;-0,080109
12,125;-0,080109
12,126667;-0,080109
12,128333;-0,080109
12,13;-0,08297
12,131667;-0,08297
12,133333;-0,08297
12,135;-0,08297
12,136667;-0,08297
12,138333;-0,08297
12,14;-0,08297
12,141667;-0,08297
12,143333;-0,08297
12,145;-0,08297
12,146667;-0,08297
12,148333;-0,08297
12,15;-0,08297
12,151667;-0,08297
12,153333;-0,08297
12,155;-0,08297
12,156667;-0,08297
12,158333;-0,08297
12,16;-0,08297
12,161667;-0,08297
12,163333;-0,08297
12,165;-0,08297
12,166667;-0,08297
12,168333;-0,08297
12,17;-0,08297
12,171667;-0,08297
12,173333;-0,08297
12,175;-0,08297
12,176667;-0,08297
12,178333;-0,08297
12,18;-0,08297
12,181667;-0,08297
12,183333;-0,08297
12,185;-0,08297
12,186667;-0,08297
12,188333;-0,08297
12,19;-0,08297
12,191667;-0,08297
12,193333;-0,08297
12,195;-0,08297
12,196667;-0,08297
12,198333;-0,08297
12,2;-0,08297
12,201667;-0,08297
12,203333;-0,08297
12,205;-0,08297
12,206667;-0,08297
12,208333;-0,08297
12,21;-0,08297
12,211667;-0,08297
12,213333;-0,08297
12,215;-0,08297
12,216667;-0,08297
12,218333;-0,08297
12,22;-0,08297
12,221667;-0,08297
12,223333;-0,08297
12,225;-0,080109
12,226667;-0,080109
12,228333;-0,080109
12,23;-0,080109
12,231667;-0,080109
12,233333;-0,08297
12,235;-0,08297
12,236667;-0,08297
12,238333;-0,08297
12,24;-0,08297
12,241667;-0,08297
12,243333;-0,08297
12,245;-0,08297
12,246667;-0,08297
12,248333;-0,08297
12,25;-0,08297
12,251667;-0,08297
12,253333;-0,08297
12,255;-0,08297
12,256667;-0,08297
12,258333;-0,08297
12,26;-0,08297
12,261667;-0,08297
12,263333;-0,08297
12,265;-0,08297
12,266667;-0,08297
12,268333;-0,08297
12,27;-0,08297
12,271667;-0,08297
12,273333;-0,08297
12,275;-0,08297
12,276667;-0,08297
12,278333;-0,08297
12,28;-0,08297
12,281667;-0,08297
12,283333;-0,08297
12,285;-0,08297
12,286667;-0,08297
12,288333;-0,08297
12,29;-0,08297
12,291667;-0,08297
12,293333;-0,08297
12,295;-0,08297
12,296667;-0,08297
12,298333;-0,08297
12,3;-0,08297
12,301667;-0,08297
12,303333;-0,08297
12,305;-0,08297
12,306667;-0,08297
12,308333;-0,08297
12,31;-0,08297
12,311667;-0,08297
12,313333;-0,08297
12,315;-0,08297
12,316667;-0,08297
12,318333;-0,08297
12,32;-0,08297
12,321667;-0,08297
12,323333;-0,08297
12,325;-0,08297
12,326667;-0,08297
12,328333;-0,08297
12,33;-0,08297
12,331667;-0,08297
12,333333;-0,08297
12,335;-0,08297
12,336667;-0,08297
12,338333;-0,08297
12,34;-0,08297
12,341667;-0,08297
12,343333;-0,08297
12,345;-0,08297
12,346667;-0,08297
12,348333;-0,08297
12,35;-0,08297
12,351667;-0,08297
12,353333;-0,08297
12,355;-0,08297
12,356667;-0,08297
12,358333;-0,085831
12,36;-0,085831
12,361667;-0,085831
12,363333;-0,085831
12,365;-0,085831
12,366667;-0,085831
12,368333;-0,085831
12,37;-0,085831
12,371667;-0,085831
12,373333;-0,085831
12,375;-0,085831
12,376667;-0,085831
12,378333;-0,085831
12,38;-0,085831
12,381667;-0,085831
12,383333;-0,085831
12,385;-0,085831
12,386667;-0,085831
12,388333;-0,085831
12,39;-0,085831
12,391667;-0,085831
12,393333;-0,085831
12,395;-0,085831
12,396667;-0,085831
12,398333;-0,085831
12,4;-0,085831
12,401667;-0,08297
12,403333;-0,08297
12,405;-0,08297
12,406667;-0,08297
12,408333;-0,08297
12,41;-0,08297
12,411667;-0,08297
12,413333;-0,08297
12,415;-0,08297
12,416667;-0,08297
12,418333;-0,08297
12,42;-0,08297
12,421667;-0,08297
12,423333;-0,08297
12,425;-0,08297
12,426667;-0,08297
12,428333;-0,08297
12,43;-0,08297
12,431667;-0,08297
12,433333;-0,08297
12,435;-0,08297
12,436667;-0,08297
12,438333;-0,08297
12,44;-0,08297
12,441667;-0,08297
12,443333;-0,08297
12,445;-0,08297
12,446667;-0,08297
12,448333;-0,08297
12,45;-0,08297
12,451667;-0,08297
12,453333;-0,08297
12,455;-0,08297
12,456667;-0,085831
12,458333;-0,085831
12,46;-0,085831
12,461667;-0,085831
12,463333;-0,085831
12,465;-0,085831
12,466667;-0,085831
12,468333;-0,085831
12,47;-0,085831
12,471667;-0,085831
12,473333;-0,085831
12,475;-0,085831
12,476667;-0,085831
12,478333;-0,085831
12,48;-0,085831
12,481667;-0,085831
12,483333;-0,085831
12,485;-0,085831
12,486667;-0,085831
12,488333;-0,085831
12,49;-0,085831
12,491667;-0,085831
12,493333;-0,085831
12,495;-0,085831
12,496667;-0,085831
12,498333;-0,085831
12,5;-0,085831
12,501667;-0,085831
12,503333;-0,085831
12,505;-0,085831
12,506667;-0,085831
12,508333;-0,085831
12,51;-0,085831
12,511667;-0,085831
12,513333;-0,085831
12,515;-0,085831
12,516667;-0,085831
12,518333;-0,085831
12,52;-0,085831
12,521667;-0,085831
12,523333;-0,085831
12,525;-0,085831
12,526667;-0,085831
12,528333;-0,085831
12,53;-0,085831
12,531667;-0,085831
12,533333;-0,085831
12,535;-0,085831
12,536667;-0,085831
12,538333;-0,085831
12,54;-0,085831
12,541667;-0,085831
12,543333;-0,085831
12,545;-0,085831
12,546667;-0,085831
12,548333;-0,085831
12,55;-0,085831
12,551667;-0,085831
12,553333;-0,085831
12,555;-0,085831
12,556667;-0,085831
12,558333;-0,085831
12,56;-0,085831
12,561667;-0,085831
12,563333;-0,085831
12,565;-0,085831
12,566667;-0,085831
12,568333;-0,085831
12,57;-0,085831
12,571667;-0,085831
12,573333;-0,085831
12,575;-0,085831
12,576667;-0,085831
12,578333;-0,085831
12,58;-0,085831
12,581667;-0,085831
12,583333;-0,085831
12,585;-0,085831
12,586667;-0,085831
12,588333;-0,085831
12,59;-0,085831
12,591667;-0,085831
12,593333;-0,085831
12,595;-0,085831
12,596667;-0,085831
12,598333;-0,085831
12,6;-0,085831
12,601667;-0,085831
12,603333;-0,085831
12,605;-0,085831
12,606667;-0,085831
12,608333;-0,085831
12,61;-0,085831
12,611667;-0,085831
12,613333;-0,085831
12,615;-0,085831
12,616667;-0,085831
12,618333;-0,085831
12,62;-0,085831
12,621667;-0,085831
12,623333;-0,085831
12,625;-0,085831
12,626667;-0,085831
12,628333;-0,085831
12,63;-0,085831
12,631667;-0,085831
12,633333;-0,085831
12,635;-0,085831
12,636667;-0,085831
12,638333;-0,085831
12,64;-0,085831
12,641667;-0,085831
12,643333;-0,085831
12,645;-0,085831
12,646667;-0,085831
12,648333;-0,085831
12,65;-0,085831
12,651667;-0,08297
12,653333;-0,08297
12,655;-0,08297
12,656667;-0,08297
12,658333;-0,08297
12,66;-0,08297
12,661667;-0,08297
12,663333;-0,08297
12,665;-0,08297
12,666667;-0,08297
12,668333;-0,08297
12,67;-0,08297
12,671667;-0,08297
12,673333;-0,08297
12,675;-0,08297
12,676667;-0,08297
12,678333;-0,08297
12,68;-0,08297
12,681667;-0,08297
12,683333;-0,08297
12,685;-0,08297
12,686667;-0,085831
12,688333;-0,085831
12,69;-0,085831
12,691667;-0,085831
12,693333;-0,085831
12,695;-0,085831
12,696667;-0,085831
12,698333;-0,085831
12,7;-0,085831
12,701667;-0,085831
12,703333;-0,085831
12,705;-0,085831
12,706667;-0,085831
12,708333;-0,085831
12,71;-0,085831
12,711667;-0,085831
12,713333;-0,085831
12,715;-0,085831
12,716667;-0,085831
12,718333;-0,085831
12,72;-0,085831
12,721667;-0,085831
12,723333;-0,085831
12,725;-0,085831
12,726667;-0,085831
12,728333;-0,085831
12,73;-0,085831
12,731667;-0,085831
12,733333;-0,085831
12,735;-0,085831
12,736667;-0,085831
12,738333;-0,085831
12,74;-0,085831
12,741667;-0,085831
12,743333;-0,085831
12,745;-0,085831
12,746667;-0,085831
12,748333;-0,085831
12,75;-0,085831
12,751667;-0,085831
12,753333;-0,085831
12,755;-0,085831
12,756667;-0,085831
12,758333;-0,085831
12,76;-0,085831
12,761667;-0,085831
12,763333;-0,085831
12,765;-0,085831
12,766667;-0,085831
12,768333;-0,085831
12,77;-0,085831
12,771667;-0,085831
12,773333;-0,085831
12,775;-0,085831
12,776667;-0,085831
12,778333;-0,085831
12,78;-0,085831
12,781667;-0,085831
12,783333;-0,085831
12,785;-0,085831
12,786667;-0,085831
12,788333;-0,085831
12,79;-0,085831
12,791667;-0,085831
12,793333;-0,085831
12,795;-0,085831
12,796667;-0,085831
12,798333;-0,085831
12,8;-0,085831
12,801667;-0,085831
12,803333;-0,085831
12,805;-0,085831
12,806667;-0,085831
12,808333;-0,088692
12,81;-0,088692
12,811667;-0,088692
12,813333;-0,088692
12,815;-0,088692
12,816667;-0,088692
12,818333;-0,088692
12,82;-0,088692
12,821667;-0,088692
12,823333;-0,088692
12,825;-0,088692
12,826667;-0,088692
12,828333;-0,088692
12,83;-0,088692
12,831667;-0,088692
12,833333;-0,088692
12,835;-0,088692
12,836667;-0,088692
12,838333;-0,088692
12,84;-0,088692
12,841667;-0,088692
12,843333;-0,088692
12,845;-0,088692
12,846667;-0,088692
12,848333;-0,088692
12,85;-0,088692
12,851667;-0,088692
12,853333;-0,088692
12,855;-0,088692
12,856667;-0,088692
12,858333;-0,088692
12,86;-0,088692
12,861667;-0,088692
12,863333;-0,088692
12,865;-0,088692
12,866667;-0,088692
12,868333;-0,088692
12,87;-0,088692
12,871667;-0,088692
12,873333;-0,088692
12,875;-0,088692
12,876667;-0,088692
12,878333;-0,088692
12,88;-0,088692
12,881667;-0,088692
12,883333;-0,088692
12,885;-0,088692
12,886667;-0,088692
12,888333;-0,088692
12,89;-0,088692
12,891667;-0,088692
12,893333;-0,088692
12,895;-0,088692
12,896667;-0,088692
12,898333;-0,088692
12,9;-0,088692
12,901667;-0,088692
12,903333;-0,088692
12,905;-0,088692
12,906667;-0,088692
12,908333;-0,088692
12,91;-0,088692
12,911667;-0,088692
12,913333;-0,088692
12,915;-0,088692
12,916667;-0,088692
12,918333;-0,088692
12,92;-0,088692
12,921667;-0,088692
12,923333;-0,088692
12,925;-0,088692
12,926667;-0,088692
12,928333;-0,088692
12,93;-0,088692
12,931667;-0,088692
12,933333;-0,088692
12,935;-0,088692
12,936667;-0,088692
12,938333;-0,088692
12,94;-0,091553
12,941667;-0,091553
12,943333;-0,091553
12,945;-0,091553
12,946667;-0,091553
12,948333;-0,091553
12,95;-0,091553
12,951667;-0,091553
12,953333;-0,091553
12,955;-0,091553
12,956667;-0,091553
12,958333;-0,091553
12,96;-0,091553
12,961667;-0,091553
12,963333;-0,091553
12,965;-0,091553
12,966667;-0,091553
12,968333;-0,091553
12,97;-0,091553
12,971667;-0,091553
12,973333;-0,091553
12,975;-0,091553
12,976667;-0,091553
12,978333;-0,091553
12,98;-0,091553
12,981667;-0,091553
12,983333;-0,091553
12,985;-0,091553
12,986667;-0,091553
12,988333;-0,091553
12,99;-0,091553
12,991667;-0,091553
12,993333;-0,091553
12,995;-0,088692
12,996667;-0,088692
12,998333;-0,088692
13;-0,088692
13,001667;-0,088692
13,003333;-0,088692
13,005;-0,088692
13,006667;-0,088692
13,008333;-0,088692
13,01;-0,088692
13,011667;-0,088692
13,013333;-0,088692
13,015;-0,088692
13,016667;-0,088692
13,018333;-0,088692
13,02;-0,088692
13,021667;-0,088692
13,023333;-0,088692
13,025;-0,088692
13,026667;-0,088692
13,028333;-0,091553
13,03;-0,091553
13,031667;-0,091553
13,033333;-0,091553
13,035;-0,091553
13,036667;-0,091553
13,038333;-0,091553
13,04;-0,091553
13,041667;-0,091553
13,043333;-0,091553
13,045;-0,091553
13,046667;-0,088692
13,048333;-0,088692
13,05;-0,088692
13,051667;-0,088692
13,053333;-0,088692
13,055;-0,088692
13,056667;-0,088692
13,058333;-0,088692
13,06;-0,088692
13,061667;-0,088692
13,063333;-0,088692
13,065;-0,088692
13,066667;-0,088692
13,068333;-0,088692
13,07;-0,088692
13,071667;-0,088692
13,073333;-0,088692
13,075;-0,088692
13,076667;-0,088692
13,078333;-0,088692
13,08;-0,088692
13,081667;-0,088692
13,083333;-0,088692
13,085;-0,088692
13,086667;-0,088692
13,088333;-0,088692
13,09;-0,088692
13,091667;-0,088692
13,093333;-0,088692
13,095;-0,088692
13,096667;-0,088692
13,098333;-0,088692
13,1;-0,088692
13,101667;-0,088692
13,103333;-0,088692
13,105;-0,088692
13,106667;-0,088692
13,108333;-0,088692
13,11;-0,088692
13,111667;-0,088692
13,113333;-0,088692
13,115;-0,088692
13,116667;-0,088692
13,118333;-0,088692
13,12;-0,088692
13,121667;-0,088692
13,123333;-0,088692
13,125;-0,088692
13,126667;-0,088692
13,128333;-0,088692
13,13;-0,088692
13,131667;-0,088692
13,133333;-0,088692
13,135;-0,088692
13,136667;-0,088692
13,138333;-0,088692
13,14;-0,088692
13,141667;-0,088692
13,143333;-0,088692
13,145;-0,088692
13,146667;-0,088692
13,148333;-0,088692
13,15;-0,088692
13,151667;-0,088692
13,153333;-0,088692
13,155;-0,088692
13,156667;-0,088692
13,158333;-0,088692
13,16;-0,088692
13,161667;-0,088692
13,163333;-0,088692
13,165;-0,088692
13,166667;-0,088692
13,168333;-0,088692
13,17;-0,088692
13,171667;-0,088692
13,173333;-0,088692
13,175;-0,088692
13,176667;-0,088692
13,178333;-0,088692
13,18;-0,088692
13,181667;-0,088692
13,183333;-0,088692
13,185;-0,088692
13,186667;-0,088692
13,188333;-0,088692
13,19;-0,088692
13,191667;-0,088692
13,193333;-0,088692
13,195;-0,088692
13,196667;-0,088692
13,198333;-0,088692
13,2;-0,088692
13,201667;-0,088692
13,203333;-0,088692
13,205;-0,088692
13,206667;-0,088692
13,208333;-0,088692
13,21;-0,088692
13,211667;-0,088692
13,213333;-0,088692
13,215;-0,088692
13,216667;-0,088692
13,218333;-0,088692
13,22;-0,088692
13,221667;-0,088692
13,223333;-0,088692
13,225;-0,088692
13,226667;-0,088692
13,228333;-0,088692
13,23;-0,088692
13,231667;-0,088692
13,233333;-0,088692
13,235;-0,088692
13,236667;-0,088692
13,238333;-0,088692
13,24;-0,088692
13,241667;-0,088692
13,243333;-0,088692
13,245;-0,088692
13,246667;-0,088692
13,248333;-0,088692
13,25;-0,088692
13,251667;-0,088692
13,253333;-0,088692
13,255;-0,088692
13,256667;-0,088692
13,258333;-0,088692
13,26;-0,088692
13,261667;-0,088692
13,263333;-0,088692
13,265;-0,088692
13,266667;-0,088692
13,268333;-0,088692
13,27;-0,088692
13,271667;-0,088692
13,273333;-0,088692
13,275;-0,088692
13,276667;-0,088692
13,278333;-0,088692
13,28;-0,088692
13,281667;-0,088692
13,283333;-0,088692
13,285;-0,088692
13,286667;-0,085831
13,288333;-0,085831
13,29;-0,085831
13,291667;-0,085831
13,293333;-0,085831
13,295;-0,085831
13,296667;-0,085831
13,298333;-0,085831
13,3;-0,085831
13,301667;-0,085831
13,303333;-0,085831
13,305;-0,085831
13,306667;-0,085831
13,308333;-0,085831
13,31;-0,085831
13,311667;-0,085831
13,313333;-0,085831
13,315;-0,085831
13,316667;-0,085831
13,318333;-0,085831
13,32;-0,085831
13,321667;-0,085831
13,323333;-0,08297
13,325;-0,08297
13,326667;-0,08297
13,328333;-0,08297
13,33;-0,08297
13,331667;-0,08297
13,333333;-0,08297
13,335;-0,08297
13,336667;-0,08297
13,338333;-0,08297
13,34;-0,08297
13,341667;-0,08297
13,343333;-0,080109
13,345;-0,080109
13,346667;-0,080109
13,348333;-0,080109
13,35;-0,080109
13,351667;-0,080109
13,353333;-0,080109
13,355;-0,080109
13,356667;-0,080109
13,358333;-0,080109
13,36;-0,077248
13,361667;-0,077248
13,363333;-0,077248
13,365;-0,077248
13,366667;-0,077248
13,368333;-0,077248
13,37;-0,077248
13,371667;-0,077248
13,373333;-0,077248
13,375;-0,077248
13,376667;-0,077248
13,378333;-0,074387
13,38;-0,074387
13,381667;-0,074387
13,383333;-0,074387
13,385;-0,074387
13,386667;-0,074387
13,388333;-0,074387
13,39;-0,071526
13,391667;-0,071526
13,393333;-0,071526
13,395;-0,071526
13,396667;-0,071526
13,398333;-0,071526
13,4;-0,071526
13,401667;-0,071526
13,403333;-0,071526
13,405;-0,068665
13,406667;-0,068665
13,408333;-0,068665
13,41;-0,068665
13,411667;-0,068665
13,413333;-0,068665
13,415;-0,065804
13,416667;-0,065804
13,418333;-0,065804
13,42;-0,065804
13,421667;-0,065804
13,423333;-0,065804
13,425;-0,065804
13,426667;-0,062943
13,428333;-0,062943
13,43;-0,062943
13,431667;-0,062943
13,433333;-0,062943
13,435;-0,062943
13,436667;-0,062943
13,438333;-0,062943
13,44;-0,060081
13,441667;-0,060081
13,443333;-0,060081
13,445;-0,060081
13,446667;-0,060081
13,448333;-0,060081
13,45;-0,060081
13,451667;-0,05722
13,453333;-0,05722
13,455;-0,05722
13,456667;-0,05722
13,458333;-0,05722
13,46;-0,054359
13,461667;-0,054359
13,463333;-0,054359
13,465;-0,054359
13,466667;-0,054359
13,468333;-0,054359
13,47;-0,054359
13,471667;-0,051498
13,473333;-0,051498
13,475;-0,051498
13,476667;-0,051498
13,478333;-0,048637
13,48;-0,048637
13,481667;-0,048637
13,483333;-0,048637
13,485;-0,048637
13,486667;-0,048637
13,488333;-0,048637
13,49;-0,048637
13,491667;-0,045776
13,493333;-0,045776
13,495;-0,045776
13,496667;-0,045776
13,498333;-0,045776
13,5;-0,045776
13,501667;-0,042915
13,503333;-0,042915
13,505;-0,042915
13,506667;-0,042915
13,508333;-0,042915
13,51;-0,042915
13,511667;-0,042915
13,513333;-0,042915
13,515;-0,042915
13,516667;-0,042915
13,518333;-0,042915
13,52;-0,040054
13,521667;-0,040054
13,523333;-0,040054
13,525;-0,040054
13,526667;-0,040054
13,528333;-0,040054
13,53;-0,040054
13,531667;-0,037193
13,533333;-0,037193
13,535;-0,037193
13,536667;-0,037193
13,538333;-0,037193
13,54;-0,037193
13,541667;-0,037193
13,543333;-0,037193
13,545;-0,037193
13,546667;-0,037193
13,548333;-0,037193
13,55;-0,034332
13,551667;-0,034332
13,553333;-0,034332
13,555;-0,034332
13,556667;-0,034332
13,558333;-0,034332
13,56;-0,034332
13,561667;-0,034332
13,563333;-0,034332
13,565;-0,034332
13,566667;-0,034332
13,568333;-0,034332
13,57;-0,034332
13,571667;-0,034332
13,573333;-0,034332
13,575;-0,034332
13,576667;-0,031471
13,578333;-0,031471
13,58;-0,031471
13,581667;-0,031471
13,583333;-0,031471
13,585;-0,031471
13,586667;-0,031471
13,588333;-0,031471
13,59;-0,031471
13,591667;-0,031471
13,593333;-0,031471
13,595;-0,031471
13,596667;-0,031471
13,598333;-0,031471
13,6;-0,031471
13,601667;-0,031471
13,603333;-0,031471
13,605;-0,031471
13,606667;-0,031471
13,608333;-0,031471
13,61;-0,031471
13,611667;-0,031471
13,613333;-0,031471
13,615;-0,031471
13,616667;-0,031471
13,618333;-0,031471
13,62;-0,031471
13,621667;-0,031471
13,623333;-0,031471
13,625;-0,031471
13,626667;-0,031471
13,628333;-0,031471
13,63;-0,031471
13,631667;-0,031471
13,633333;-0,031471
13,635;-0,031471
13,636667;-0,031471
13,638333;-0,031471
13,64;-0,031471
13,641667;-0,031471
13,643333;-0,031471
13,645;-0,031471
13,646667;-0,031471
13,648333;-0,031471
13,65;-0,031471
13,651667;-0,031471
13,653333;-0,031471
13,655;-0,034332
13,656667;-0,034332
13,658333;-0,034332
13,66;-0,034332
13,661667;-0,034332
13,663333;-0,034332
13,665;-0,034332
13,666667;-0,034332
13,668333;-0,034332
13,67;-0,034332
13,671667;-0,034332
13,673333;-0,034332
13,675;-0,034332
13,676667;-0,034332
13,678333;-0,037193
13,68;-0,037193
13,681667;-0,037193
13,683333;-0,037193
13,685;-0,037193
13,686667;-0,037193
13,688333;-0,037193
13,69;-0,037193
13,691667;-0,037193
13,693333;-0,037193
13,695;-0,037193
13,696667;-0,040054
13,698333;-0,040054
13,7;-0,040054
13,701667;-0,040054
13,703333;-0,040054
13,705;-0,040054
13,706667;-0,040054
13,708333;-0,040054
13,71;-0,040054
13,711667;-0,040054
13,713333;-0,040054
13,715;-0,042915
13,716667;-0,042915
13,718333;-0,042915
13,72;-0,042915
13,721667;-0,042915
13,723333;-0,042915
13,725;-0,042915
13,726667;-0,042915
13,728333;-0,045776
13,73;-0,045776
13,731667;-0,045776
13,733333;-0,045776
13,735;-0,045776
13,736667;-0,045776
13,738333;-0,045776
13,74;-0,045776
13,741667;-0,045776
13,743333;-0,048637
13,745;-0,048637
13,746667;-0,048637
13,748333;-0,048637
13,75;-0,048637
13,751667;-0,048637
13,753333;-0,048637
13,755;-0,048637
13,756667;-0,048637
13,758333;-0,051498
13,76;-0,051498
13,761667;-0,051498
13,763333;-0,051498
13,765;-0,051498
13,766667;-0,051498
13,768333;-0,051498
13,77;-0,051498
13,771667;-0,051498
13,773333;-0,054359
13,775;-0,054359
13,776667;-0,054359
13,778333;-0,054359
13,78;-0,054359
13,781667;-0,054359
13,783333;-0,054359
13,785;-0,05722
13,786667;-0,05722
13,788333;-0,05722
13,79;-0,05722
13,791667;-0,05722
13,793333;-0,05722
13,795;-0,05722
13,796667;-0,05722
13,798333;-0,05722
13,8;-0,05722
13,801667;-0,05722
13,803333;-0,060081
13,805;-0,060081
13,806667;-0,060081
13,808333;-0,060081
13,81;-0,060081
13,811667;-0,060081
13,813333;-0,060081
13,815;-0,060081
13,816667;-0,060081
13,818333;-0,060081
13,82;-0,060081
13,821667;-0,060081
13,823333;-0,060081
13,825;-0,062943
13,826667;-0,062943
13,828333;-0,062943
13,83;-0,062943
13,831667;-0,062943
13,833333;-0,062943
13,835;-0,062943
13,836667;-0,062943
13,838333;-0,062943
13,84;-0,062943
13,841667;-0,062943
13,843333;-0,065804
13,845;-0,065804
13,846667;-0,065804
13,848333;-0,065804
13,85;-0,065804
13,851667;-0,065804
13,853333;-0,065804
13,855;-0,065804
13,856667;-0,065804
13,858333;-0,065804
13,86;-0,065804
13,861667;-0,065804
13,863333;-0,065804
13,865;-0,065804
13,866667;-0,068665
13,868333;-0,068665
13,87;-0,068665
13,871667;-0,068665
13,873333;-0,068665
13,875;-0,068665
13,876667;-0,068665
13,878333;-0,068665
13,88;-0,068665
13,881667;-0,068665
13,883333;-0,068665
13,885;-0,071526
13,886667;-0,071526
13,888333;-0,071526
13,89;-0,071526
13,891667;-0,071526
13,893333;-0,071526
13,895;-0,071526
13,896667;-0,071526
13,898333;-0,071526
13,9;-0,071526
13,901667;-0,071526
13,903333;-0,071526
13,905;-0,071526
13,906667;-0,071526
13,908333;-0,071526
13,91;-0,071526
13,911667;-0,071526
13,913333;-0,071526
13,915;-0,071526
13,916667;-0,071526
13,918333;-0,074387
13,92;-0,074387
13,921667;-0,074387
13,923333;-0,074387
13,925;-0,074387
13,926667;-0,074387
13,928333;-0,074387
13,93;-0,074387
13,931667;-0,074387
13,933333;-0,074387
13,935;-0,074387
13,936667;-0,074387
13,938333;-0,074387
13,94;-0,077248
13,941667;-0,077248
13,943333;-0,077248
13,945;-0,077248
13,946667;-0,077248
13,948333;-0,077248
13,95;-0,077248
13,951667;-0,077248
13,953333;-0,077248
13,955;-0,077248
13,956667;-0,077248
13,958333;-0,077248
13,96;-0,077248
13,961667;-0,077248
13,963333;-0,077248
13,965;-0,077248
13,966667;-0,077248
13,968333;-0,077248
13,97;-0,077248
13,971667;-0,077248
13,973333;-0,077248
13,975;-0,077248
13,976667;-0,077248
13,978333;-0,077248
13,98;-0,080109
13,981667;-0,080109
13,983333;-0,080109
13,985;-0,080109
13,986667;-0,080109
13,988333;-0,080109
13,99;-0,080109
13,991667;-0,080109
13,993333;-0,080109
13,995;-0,080109
13,996667;-0,080109
13,998333;-0,080109
14;-0,080109
14,001667;-0,080109
14,003333;-0,080109
14,005;-0,08297
14,006667;-0,08297
14,008333;-0,08297
14,01;-0,08297
14,011667;-0,08297
14,013333;-0,08297
14,015;-0,08297
14,016667;-0,08297
14,018333;-0,08297
14,02;-0,08297
14,021667;-0,08297
14,023333;-0,08297
14,025;-0,08297
14,026667;-0,08297
14,028333;-0,08297
14,03;-0,08297
14,031667;-0,08297
14,033333;-0,08297
14,035;-0,08297
14,036667;-0,08297
14,038333;-0,08297
14,04;-0,08297
14,041667;-0,08297
14,043333;-0,08297
14,045;-0,08297
14,046667;-0,08297
14,048333;-0,08297
14,05;-0,085831
14,051667;-0,085831
14,053333;-0,085831
14,055;-0,085831
14,056667;-0,085831
14,058333;-0,085831
14,06;-0,085831
14,061667;-0,085831
14,063333;-0,085831
14,065;-0,085831
14,066667;-0,085831
14,068333;-0,085831
14,07;-0,085831
14,071667;-0,085831
14,073333;-0,085831
14,075;-0,085831
14,076667;-0,085831
14,078333;-0,085831
14,08;-0,085831
14,081667;-0,085831
14,083333;-0,085831
14,085;-0,085831
14,086667;-0,085831
14,088333;-0,085831
14,09;-0,085831
14,091667;-0,085831
14,093333;-0,085831
14,095;-0,085831
14,096667;-0,085831
14,098333;-0,085831
14,1;-0,085831
14,101667;-0,085831
14,103333;-0,085831
14,105;-0,085831
14,106667;-0,085831
14,108333;-0,085831
14,11;-0,085831
14,111667;-0,085831
14,113333;-0,085831
14,115;-0,085831
14,116667;-0,085831
14,118333;-0,085831
14,12;-0,085831
14,121667;-0,085831
14,123333;-0,085831
14,125;-0,085831
14,126667;-0,085831
14,128333;-0,085831
14,13;-0,085831
14,131667;-0,085831
14,133333;-0,085831
14,135;-0,085831
14,136667;-0,085831
14,138333;-0,085831
14,14;-0,085831
14,141667;-0,085831
14,143333;-0,088692
14,145;-0,088692
14,146667;-0,088692
14,148333;-0,088692
14,15;-0,088692
14,151667;-0,088692
14,153333;-0,088692
14,155;-0,088692
14,156667;-0,088692
14,158333;-0,088692
14,16;-0,088692
14,161667;-0,088692
14,163333;-0,088692
14,165;-0,088692
14,166667;-0,088692
14,168333;-0,088692
14,17;-0,088692
14,171667;-0,088692
14,173333;-0,088692
14,175;-0,088692
14,176667;-0,088692
14,178333;-0,088692
14,18;-0,088692
14,181667;-0,088692
14,183333;-0,088692
14,185;-0,088692
14,186667;-0,088692
14,188333;-0,088692
14,19;-0,088692
14,191667;-0,088692
14,193333;-0,088692
14,195;-0,088692
14,196667;-0,088692
14,198333;-0,088692
14,2;-0,088692
14,201667;-0,088692
14,203333;-0,088692
14,205;-0,088692
14,206667;-0,088692
14,208333;-0,088692
14,21;-0,088692
14,211667;-0,088692
14,213333;-0,088692
14,215;-0,088692
14,216667;-0,088692
14,218333;-0,088692
14,22;-0,088692
14,221667;-0,088692
14,223333;-0,088692
14,225;-0,088692
14,226667;-0,088692
14,228333;-0,088692
14,23;-0,088692
14,231667;-0,088692
14,233333;-0,088692
14,235;-0,088692
14,236667;-0,088692
14,238333;-0,088692
14,24;-0,088692
14,241667;-0,088692
14,243333;-0,088692
14,245;-0,088692
14,246667;-0,088692
14,248333;-0,088692
14,25;-0,088692
14,251667;-0,088692
14,253333;-0,088692
14,255;-0,088692
14,256667;-0,088692
14,258333;-0,088692
14,26;-0,088692
14,261667;-0,088692
14,263333;-0,088692
14,265;-0,088692
14,266667;-0,088692
14,268333;-0,088692
14,27;-0,088692
14,271667;-0,088692
14,273333;-0,088692
14,275;-0,088692
14,276667;-0,088692
14,278333;-0,088692
14,28;-0,088692
14,281667;-0,088692
14,283333;-0,088692
14,285;-0,088692
14,286667;-0,088692
14,288333;-0,088692
14,29;-0,088692
14,291667;-0,088692
14,293333;-0,088692
14,295;-0,088692
14,296667;-0,088692
14,298333;-0,088692
14,3;-0,088692
14,301667;-0,088692
14,303333;-0,088692
14,305;-0,088692
14,306667;-0,088692
14,308333;-0,088692
14,31;-0,088692
14,311667;-0,091553
14,313333;-0,091553
14,315;-0,091553
14,316667;-0,091553
14,318333;-0,091553
14,32;-0,091553
14,321667;-0,091553
14,323333;-0,091553
14,325;-0,091553
14,326667;-0,091553
14,328333;-0,091553
14,33;-0,091553
14,331667;-0,091553
14,333333;-0,091553
14,335;-0,091553
14,336667;-0,091553
14,338333;-0,091553
14,34;-0,091553
14,341667;-0,091553
14,343333;-0,091553
14,345;-0,091553
14,346667;-0,091553
14,348333;-0,091553
14,35;-0,091553
14,351667;-0,091553
14,353333;-0,091553
14,355;-0,091553
14,356667;-0,091553
14,358333;-0,091553
14,36;-0,091553
14,361667;-0,091553
14,363333;-0,091553
14,365;-0,091553
14,366667;-0,091553
14,368333;-0,091553
14,37;-0,091553
14,371667;-0,091553
14,373333;-0,091553
14,375;-0,091553
14,376667;-0,091553
14,378333;-0,091553
14,38;-0,091553
14,381667;-0,091553
14,383333;-0,091553
14,385;-0,091553
14,386667;-0,091553
14,388333;-0,091553
14,39;-0,091553
14,391667;-0,091553
14,393333;-0,091553
14,395;-0,091553
14,396667;-0,091553
14,398333;-0,091553
14,4;-0,091553
14,401667;-0,091553
14,403333;-0,091553
14,405;-0,091553
14,406667;-0,091553
14,408333;-0,091553
14,41;-0,091553
14,411667;-0,091553
14,413333;-0,091553
14,415;-0,091553
14,416667;-0,091553
14,418333;-0,091553
14,42;-0,091553
14,421667;-0,091553
14,423333;-0,091553
14,425;-0,091553
14,426667;-0,091553
14,428333;-0,091553
14,43;-0,091553
14,431667;-0,094414
14,433333;-0,094414
14,435;-0,094414
14,436667;-0,094414
14,438333;-0,094414
14,44;-0,094414
14,441667;-0,094414
14,443333;-0,094414
14,445;-0,094414
14,446667;-0,091553
14,448333;-0,091553
14,45;-0,091553
14,451667;-0,091553
14,453333;-0,091553
14,455;-0,091553
14,456667;-0,091553
14,458333;-0,091553
14,46;-0,091553
14,461667;-0,091553
14,463333;-0,091553
14,465;-0,091553
14,466667;-0,091553
14,468333;-0,091553
14,47;-0,091553
14,471667;-0,091553
14,473333;-0,091553
14,475;-0,091553
14,476667;-0,091553
14,478333;-0,091553
14,48;-0,091553
14,481667;-0,091553
14,483333;-0,091553
14,485;-0,091553
14,486667;-0,091553
14,488333;-0,091553
14,49;-0,091553
14,491667;-0,091553
14,493333;-0,091553
14,495;-0,091553
14,496667;-0,091553
14,498333;-0,091553
14,5;-0,091553
14,501667;-0,091553
14,503333;-0,091553
14,505;-0,091553
14,506667;-0,091553
14,508333;-0,091553
14,51;-0,094414
14,511667;-0,094414
14,513333;-0,094414
14,515;-0,094414
14,516667;-0,094414
14,518333;-0,094414
14,52;-0,094414
14,521667;-0,094414
14,523333;-0,091553
14,525;-0,091553
14,526667;-0,091553
14,528333;-0,091553
14,53;-0,091553
14,531667;-0,091553
14,533333;-0,091553
14,535;-0,091553
14,536667;-0,091553
14,538333;-0,091553
14,54;-0,091553
14,541667;-0,091553
14,543333;-0,091553
14,545;-0,091553
14,546667;-0,091553
14,548333;-0,091553
14,55;-0,091553
14,551667;-0,091553
14,553333;-0,091553
14,555;-0,091553
14,556667;-0,091553
14,558333;-0,091553
14,56;-0,091553
14,561667;-0,091553
14,563333;-0,091553
14,565;-0,091553
14,566667;-0,091553
14,568333;-0,091553
14,57;-0,091553
14,571667;-0,091553
14,573333;-0,091553
14,575;-0,091553
14,576667;-0,091553
14,578333;-0,091553
14,58;-0,091553
14,581667;-0,091553
14,583333;-0,091553
14,585;-0,091553
14,586667;-0,091553
14,588333;-0,091553
14,59;-0,091553
14,591667;-0,091553
14,593333;-0,091553
14,595;-0,091553
14,596667;-0,091553
14,598333;-0,091553
14,6;-0,091553
14,601667;-0,091553
14,603333;-0,091553
14,605;-0,091553
14,606667;-0,091553
14,608333;-0,091553
14,61;-0,091553
14,611667;-0,091553
14,613333;-0,091553
14,615;-0,091553
14,616667;-0,091553
14,618333;-0,091553
14,62;-0,091553
14,621667;-0,091553
14,623333;-0,091553
14,625;-0,091553
14,626667;-0,091553
14,628333;-0,091553
14,63;-0,091553
14,631667;-0,091553
14,633333;-0,091553
14,635;-0,091553
14,636667;-0,091553
14,638333;-0,091553
14,64;-0,091553
14,641667;-0,091553
14,643333;-0,091553
14,645;-0,091553
14,646667;-0,091553
14,648333;-0,091553
14,65;-0,091553
14,651667;-0,091553
14,653333;-0,091553
14,655;-0,091553
14,656667;-0,091553
14,658333;-0,091553
14,66;-0,091553
14,661667;-0,091553
14,663333;-0,091553
14,665;-0,091553
14,666667;-0,091553
14,668333;-0,091553
14,67;-0,091553
14,671667;-0,091553
14,673333;-0,091553
14,675;-0,091553
14,676667;-0,091553
14,678333;-0,091553
14,68;-0,091553
14,681667;-0,091553
14,683333;-0,091553
14,685;-0,091553
14,686667;-0,091553
14,688333;-0,091553
14,69;-0,091553
14,691667;-0,091553
14,693333;-0,091553
14,695;-0,091553
14,696667;-0,091553
14,698333;-0,091553
14,7;-0,091553
14,701667;-0,091553
14,703333;-0,091553
14,705;-0,091553
14,706667;-0,091553
14,708333;-0,091553
14,71;-0,091553
14,711667;-0,091553
14,713333;-0,091553
14,715;-0,091553
14,716667;-0,091553
14,718333;-0,091553
14,72;-0,091553
14,721667;-0,091553
14,723333;-0,091553
14,725;-0,091553
14,726667;-0,091553
14,728333;-0,091553
14,73;-0,091553
14,731667;-0,091553
14,733333;-0,091553
14,735;-0,091553
14,736667;-0,091553
14,738333;-0,091553
14,74;-0,091553
14,741667;-0,091553
14,743333;-0,091553
14,745;-0,091553
14,746667;-0,091553
14,748333;-0,091553
14,75;-0,091553
14,751667;-0,091553
14,753333;-0,091553
14,755;-0,091553
14,756667;-0,091553
14,758333;-0,091553
14,76;-0,091553
14,761667;-0,091553
14,763333;-0,091553
14,765;-0,091553
14,766667;-0,091553
14,768333;-0,091553
14,77;-0,091553
14,771667;-0,091553
14,773333;-0,091553
14,775;-0,091553
14,776667;-0,091553
14,778333;-0,088692
14,78;-0,088692
14,781667;-0,088692
14,783333;-0,088692
14,785;-0,088692
14,786667;-0,088692
14,788333;-0,088692
14,79;-0,088692
14,791667;-0,088692
14,793333;-0,091553
14,795;-0,091553
14,796667;-0,091553
14,798333;-0,091553
14,8;-0,091553
14,801667;-0,091553
14,803333;-0,091553
14,805;-0,091553
14,806667;-0,091553
14,808333;-0,091553
14,81;-0,091553
14,811667;-0,091553
14,813333;-0,091553
14,815;-0,091553
14,816667;-0,091553
14,818333;-0,091553
14,82;-0,091553
14,821667;-0,091553
14,823333;-0,091553
14,825;-0,091553
14,826667;-0,091553
14,828333;-0,091553
14,83;-0,091553
14,831667;-0,091553
14,833333;-0,091553
14,835;-0,091553
14,836667;-0,091553
14,838333;-0,091553
14,84;-0,091553
14,841667;-0,091553
14,843333;-0,091553
14,845;-0,091553
14,846667;-0,091553
14,848333;-0,091553
14,85;-0,091553
14,851667;-0,091553
14,853333;-0,091553
14,855;-0,091553
14,856667;-0,091553
14,858333;-0,091553
14,86;-0,091553
14,861667;-0,091553
14,863333;-0,091553
14,865;-0,091553
14,866667;-0,091553
14,868333;-0,091553
14,87;-0,091553
14,871667;-0,091553
14,873333;-0,091553
14,875;-0,091553
14,876667;-0,091553
14,878333;-0,091553
14,88;-0,091553
14,881667;-0,091553
14,883333;-0,091553
14,885;-0,091553
14,886667;-0,091553
14,888333;-0,091553
14,89;-0,091553
14,891667;-0,091553
14,893333;-0,091553
14,895;-0,091553
14,896667;-0,091553
14,898333;-0,091553
14,9;-0,091553
14,901667;-0,091553
14,903333;-0,091553
14,905;-0,091553
14,906667;-0,091553
14,908333;-0,091553
14,91;-0,091553
14,911667;-0,091553
14,913333;-0,091553
14,915;-0,091553
14,916667;-0,091553
14,918333;-0,091553
14,92;-0,091553
14,921667;-0,091553
14,923333;-0,091553
14,925;-0,091553
14,926667;-0,091553
14,928333;-0,091553
14,93;-0,091553
14,931667;-0,091553
14,933333;-0,091553
14,935;-0,091553
14,936667;-0,094414
14,938333;-0,094414
14,94;-0,094414
14,941667;-0,094414
14,943333;-0,094414
14,945;-0,094414
14,946667;-0,094414
14,948333;-0,094414
14,95;-0,094414
14,951667;-0,094414
14,953333;-0,094414
14,955;-0,094414
14,956667;-0,094414
14,958333;-0,094414
14,96;-0,094414
14,961667;-0,094414
14,963333;-0,094414
14,965;-0,094414
14,966667;-0,094414
14,968333;-0,094414
14,97;-0,094414
14,971667;-0,094414
14,973333;-0,094414
14,975;-0,094414
14,976667;-0,094414
14,978333;-0,094414
14,98;-0,094414
14,981667;-0,094414
14,983333;-0,094414
14,985;-0,094414
14,986667;-0,094414
14,988333;-0,094414
14,99;-0,094414
14,991667;-0,094414
14,993333;-0,094414
14,995;-0,094414
14,996667;-0,094414
14,998333;-0,094414
15;-0,094414
15,001667;-0,094414
15,003333;-0,094414
15,005;-0,097275
15,006667;-0,097275
15,008333;-0,097275
15,01;-0,094414
15,011667;-0,094414
15,013333;-0,094414
15,015;-0,094414
15,016667;-0,094414
15,018333;-0,094414
15,02;-0,097275
15,021667;-0,097275
15,023333;-0,097275
15,025;-0,097275
15,026667;-0,097275
15,028333;-0,097275
15,03;-0,097275
15,031667;-0,097275
15,033333;-0,097275
15,035;-0,097275
15,036667;-0,097275
15,038333;-0,097275
15,04;-0,097275
15,041667;-0,097275
15,043333;-0,097275
15,045;-0,097275
15,046667;-0,097275
15,048333;-0,097275
15,05;-0,097275
15,051667;-0,097275
15,053333;-0,097275
15,055;-0,097275
15,056667;-0,097275
15,058333;-0,097275
15,06;-0,097275
15,061667;-0,097275
15,063333;-0,097275
15,065;-0,097275
15,066667;-0,097275
15,068333;-0,097275
15,07;-0,097275
15,071667;-0,097275
15,073333;-0,097275
15,075;-0,097275
15,076667;-0,097275
15,078333;-0,097275
15,08;-0,097275
15,081667;-0,097275
15,083333;-0,097275
15,085;-0,097275
15,086667;-0,097275
15,088333;-0,097275
15,09;-0,097275
15,091667;-0,097275
15,093333;-0,097275
15,095;-0,097275
15,096667;-0,097275
15,098333;-0,097275
15,1;-0,097275
15,101667;-0,097275
15,103333;-0,097275
15,105;-0,097275
15,106667;-0,094414
15,108333;-0,094414
15,11;-0,094414
15,111667;-0,094414
15,113333;-0,094414
15,115;-0,094414
15,116667;-0,094414
15,118333;-0,094414
15,12;-0,094414
15,121667;-0,094414
15,123333;-0,094414
15,125;-0,094414
15,126667;-0,094414
15,128333;-0,094414
15,13;-0,094414
15,131667;-0,094414
15,133333;-0,094414
15,135;-0,094414
15,136667;-0,094414
15,138333;-0,094414
15,14;-0,094414
15,141667;-0,097275
15,143333;-0,097275
15,145;-0,097275
15,146667;-0,097275
15,148333;-0,094414
15,15;-0,094414
15,151667;-0,094414
15,153333;-0,094414
15,155;-0,094414
15,156667;-0,094414
15,158333;-0,094414
15,16;-0,094414
15,161667;-0,094414
15,163333;-0,094414
15,165;-0,094414
15,166667;-0,094414
15,168333;-0,094414
15,17;-0,094414
15,171667;-0,094414
15,173333;-0,094414
15,175;-0,094414
15,176667;-0,094414
15,178333;-0,094414
15,18;-0,094414
15,181667;-0,094414
15,183333;-0,094414
15,185;-0,094414
15,186667;-0,094414
15,188333;-0,094414
15,19;-0,094414
15,191667;-0,094414
15,193333;-0,097275
15,195;-0,097275
15,196667;-0,097275
15,198333;-0,097275
15,2;-0,097275
15,201667;-0,097275
15,203333;-0,097275
15,205;-0,097275
15,206667;-0,097275
15,208333;-0,097275
15,21;-0,097275
15,211667;-0,097275
15,213333;-0,097275
15,215;-0,094414
15,216667;-0,094414
15,218333;-0,094414
15,22;-0,094414
15,221667;-0,094414
15,223333;-0,094414
15,225;-0,094414
15,226667;-0,094414
15,228333;-0,094414
15,23;-0,094414
15,231667;-0,094414
15,233333;-0,097275
15,235;-0,097275
15,236667;-0,094414
15,238333;-0,094414
15,24;-0,094414
15,241667;-0,094414
15,243333;-0,094414
15,245;-0,094414
15,246667;-0,094414
15,248333;-0,094414
15,25;-0,094414
15,251667;-0,094414
15,253333;-0,094414
15,255;-0,094414
15,256667;-0,094414
15,258333;-0,094414
15,26;-0,094414
15,261667;-0,094414
15,263333;-0,094414
15,265;-0,094414
15,266667;-0,094414
15,268333;-0,094414
15,27;-0,094414
15,271667;-0,094414
15,273333;-0,094414
15,275;-0,094414
15,276667;-0,094414
15,278333;-0,094414
15,28;-0,094414
15,281667;-0,097275
15,283333;-0,097275
15,285;-0,097275
15,286667;-0,097275
15,288333;-0,097275
15,29;-0,097275
15,291667;-0,097275
15,293333;-0,097275
15,295;-0,097275
15,296667;-0,097275
15,298333;-0,097275
15,3;-0,097275
15,301667;-0,097275
15,303333;-0,097275
15,305;-0,097275
15,306667;-0,097275
15,308333;-0,097275
15,31;-0,097275
15,311667;-0,097275
15,313333;-0,097275
15,315;-0,097275
15,316667;-0,097275
15,318333;-0,097275
15,32;-0,097275
15,321667;-0,097275
15,323333;-0,097275
15,325;-0,097275
15,326667;-0,097275
15,328333;-0,097275
15,33;-0,097275
15,331667;-0,097275
15,333333;-0,097275
15,335;-0,097275
15,336667;-0,097275
15,338333;-0,097275
15,34;-0,097275
15,341667;-0,097275
15,343333;-0,097275
15,345;-0,097275
15,346667;-0,097275
15,348333;-0,097275
15,35;-0,097275
15,351667;-0,097275
15,353333;-0,097275
15,355;-0,097275
15,356667;-0,097275
15,358333;-0,097275
15,36;-0,097275
15,361667;-0,097275
15,363333;-0,097275
15,365;-0,097275
15,366667;-0,097275
15,368333;-0,097275
15,37;-0,097275
15,371667;-0,097275
15,373333;-0,097275
15,375;-0,097275
15,376667;-0,097275
15,378333;-0,097275
15,38;-0,097275
15,381667;-0,097275
15,383333;-0,097275
15,385;-0,097275
15,386667;-0,097275
15,388333;-0,097275
15,39;-0,097275
15,391667;-0,097275
15,393333;-0,097275
15,395;-0,097275
15,396667;-0,097275
15,398333;-0,097275
15,4;-0,097275
15,401667;-0,097275
15,403333;-0,097275
15,405;-0,097275
15,406667;-0,097275
15,408333;-0,097275
15,41;-0,097275
15,411667;-0,097275
15,413333;-0,097275
15,415;-0,097275
15,416667;-0,097275
15,418333;-0,097275
15,42;-0,097275
15,421667;-0,097275
15,423333;-0,097275
15,425;-0,097275
15,426667;-0,097275
15,428333;-0,097275
15,43;-0,097275
15,431667;-0,097275
15,433333;-0,097275
15,435;-0,097275
15,436667;-0,097275
15,438333;-0,097275
15,44;-0,097275
15,441667;-0,097275
15,443333;-0,097275
15,445;-0,097275
15,446667;-0,097275
15,448333;-0,097275
15,45;-0,097275
15,451667;-0,097275
15,453333;-0,097275
15,455;-0,097275
15,456667;-0,097275
15,458333;-0,097275
15,46;-0,097275
15,461667;-0,097275
15,463333;-0,097275
15,465;-0,097275
15,466667;-0,097275
15,468333;-0,097275
15,47;-0,097275
15,471667;-0,097275
15,473333;-0,097275
15,475;-0,097275
15,476667;-0,097275
15,478333;-0,097275
15,48;-0,097275
15,481667;-0,097275
15,483333;-0,097275
15,485;-0,097275
15,486667;-0,097275
15,488333;-0,097275
15,49;-0,097275
15,491667;-0,097275
15,493333;-0,097275
15,495;-0,097275
15,496667;-0,097275
15,498333;-0,097275
15,5;-0,097275
15,501667;-0,097275
15,503333;-0,097275
15,505;-0,097275
15,506667;-0,097275
15,508333;-0,097275
15,51;-0,097275
15,511667;-0,097275
15,513333;-0,097275
15,515;-0,097275
15,516667;-0,097275
15,518333;-0,097275
15,52;-0,097275
15,521667;-0,097275
15,523333;-0,097275
15,525;-0,094414
15,526667;-0,094414
15,528333;-0,094414
15,53;-0,094414
15,531667;-0,094414
15,533333;-0,094414
15,535;-0,094414
15,536667;-0,094414
15,538333;-0,094414
15,54;-0,094414
15,541667;-0,094414
15,543333;-0,094414
15,545;-0,094414
15,546667;-0,094414
15,548333;-0,094414
15,55;-0,094414
15,551667;-0,094414
15,553333;-0,094414
15,555;-0,094414
15,556667;-0,094414
15,558333;-0,094414
15,56;-0,094414
15,561667;-0,094414
15,563333;-0,094414
15,565;-0,094414
15,566667;-0,094414
15,568333;-0,094414
15,57;-0,094414
15,571667;-0,094414
15,573333;-0,094414
15,575;-0,094414
15,576667;-0,094414
15,578333;-0,094414
15,58;-0,094414
15,581667;-0,094414
15,583333;-0,094414
15,585;-0,094414
15,586667;-0,094414
15,588333;-0,094414
15,59;-0,094414
15,591667;-0,094414
15,593333;-0,094414
15,595;-0,094414
15,596667;-0,094414
15,598333;-0,094414
15,6;-0,094414
15,601667;-0,094414
15,603333;-0,094414
15,605;-0,094414
15,606667;-0,094414
15,608333;-0,094414
15,61;-0,094414
15,611667;-0,094414
15,613333;-0,094414
15,615;-0,094414
15,616667;-0,094414
15,618333;-0,094414
15,62;-0,094414
15,621667;-0,094414
15,623333;-0,094414
15,625;-0,094414
15,626667;-0,094414
15,628333;-0,094414
15,63;-0,094414
15,631667;-0,094414
15,633333;-0,094414
15,635;-0,094414
15,636667;-0,094414
15,638333;-0,094414
15,64;-0,094414
15,641667;-0,094414
15,643333;-0,094414
15,645;-0,094414
15,646667;-0,094414
15,648333;-0,094414
15,65;-0,094414
15,651667;-0,094414
15,653333;-0,094414
15,655;-0,094414
15,656667;-0,094414
15,658333;-0,094414
15,66;-0,094414
15,661667;-0,094414
15,663333;-0,094414
15,665;-0,094414
15,666667;-0,094414
15,668333;-0,094414
15,67;-0,094414
15,671667;-0,094414
15,673333;-0,094414
15,675;-0,094414
15,676667;-0,094414
15,678333;-0,094414
15,68;-0,094414
15,681667;-0,094414
15,683333;-0,094414
15,685;-0,094414
15,686667;-0,094414
15,688333;-0,094414
15,69;-0,094414
15,691667;-0,097275
15,693333;-0,097275
15,695;-0,097275
15,696667;-0,097275
15,698333;-0,097275
15,7;-0,097275
15,701667;-0,097275
15,703333;-0,097275
15,705;-0,097275
15,706667;-0,097275
15,708333;-0,097275
15,71;-0,097275
15,711667;-0,097275
15,713333;-0,097275
15,715;-0,097275
15,716667;-0,097275
15,718333;-0,097275
15,72;-0,094414
15,721667;-0,094414
15,723333;-0,094414
15,725;-0,094414
15,726667;-0,094414
15,728333;-0,094414
15,73;-0,094414
15,731667;-0,094414
15,733333;-0,094414
15,735;-0,094414
15,736667;-0,094414
15,738333;-0,094414
15,74;-0,094414
15,741667;-0,094414
15,743333;-0,094414
15,745;-0,094414
15,746667;-0,094414
15,748333;-0,094414
15,75;-0,094414
15,751667;-0,094414
15,753333;-0,094414
15,755;-0,094414
15,756667;-0,094414
15,758333;-0,094414
15,76;-0,094414
15,761667;-0,094414
15,763333;-0,094414
15,765;-0,094414
15,766667;-0,094414
15,768333;-0,094414
15,77;-0,094414
15,771667;-0,094414
15,773333;-0,094414
15,775;-0,094414
15,776667;-0,094414
15,778333;-0,094414
15,78;-0,094414
15,781667;-0,094414
15,783333;-0,094414
15,785;-0,094414
15,786667;-0,094414
15,788333;-0,094414
15,79;-0,094414
15,791667;-0,094414
15,793333;-0,094414
15,795;-0,094414
15,796667;-0,094414
15,798333;-0,094414
15,8;-0,094414
15,801667;-0,094414
15,803333;-0,094414
15,805;-0,094414
15,806667;-0,094414
15,808333;-0,094414
15,81;-0,094414
15,811667;-0,094414
15,813333;-0,094414
15,815;-0,094414
15,816667;-0,094414
15,818333;-0,094414
15,82;-0,094414
15,821667;-0,094414
15,823333;-0,094414
15,825;-0,094414
15,826667;-0,094414
15,828333;-0,094414
15,83;-0,094414
15,831667;-0,094414
15,833333;-0,094414
15,835;-0,094414
15,836667;-0,094414
15,838333;-0,094414
15,84;-0,094414
15,841667;-0,094414
15,843333;-0,094414
15,845;-0,094414
15,846667;-0,094414
15,848333;-0,094414
15,85;-0,094414
15,851667;-0,094414
15,853333;-0,094414
15,855;-0,094414
15,856667;-0,094414
15,858333;-0,094414
15,86;-0,094414
15,861667;-0,094414
15,863333;-0,094414
15,865;-0,094414
15,866667;-0,094414
15,868333;-0,094414
15,87;-0,094414
15,871667;-0,094414
15,873333;-0,097275
15,875;-0,097275
15,876667;-0,097275
15,878333;-0,097275
15,88;-0,097275
15,881667;-0,097275
15,883333;-0,097275
15,885;-0,097275
15,886667;-0,097275
15,888333;-0,097275
15,89;-0,097275
15,891667;-0,097275
15,893333;-0,097275
15,895;-0,097275
15,896667;-0,097275
15,898333;-0,097275
15,9;-0,097275
15,901667;-0,097275
15,903333;-0,097275
15,905;-0,097275
15,906667;-0,097275
15,908333;-0,097275
15,91;-0,097275
15,911667;-0,097275
15,913333;-0,097275
15,915;-0,097275
15,916667;-0,097275
15,918333;-0,097275
15,92;-0,097275
15,921667;-0,097275
15,923333;-0,097275
15,925;-0,097275
15,926667;-0,097275
15,928333;-0,097275
15,93;-0,097275
15,931667;-0,097275
15,933333;-0,097275
15,935;-0,097275
15,936667;-0,097275
15,938333;-0,097275
15,94;-0,097275
15,941667;-0,097275
15,943333;-0,097275
15,945;-0,097275
15,946667;-0,097275
15,948333;-0,097275
15,95;-0,097275
15,951667;-0,097275
15,953333;-0,097275
15,955;-0,097275
15,956667;-0,097275
15,958333;-0,097275
15,96;-0,097275
15,961667;-0,097275
15,963333;-0,097275
15,965;-0,097275
15,966667;-0,097275
15,968333;-0,097275
15,97;-0,097275
15,971667;-0,097275
15,973333;-0,097275
15,975;-0,097275
15,976667;-0,097275
15,978333;-0,097275
15,98;-0,097275
15,981667;-0,097275
15,983333;-0,097275
15,985;-0,097275
15,986667;-0,097275
15,988333;-0,097275
15,99;-0,097275
15,991667;-0,097275
15,993333;-0,097275
15,995;-0,097275
15,996667;-0,097275
15,998333;-0,097275
16;-0,097275
16,001667;-0,097275
16,003333;-0,097275
16,005;-0,097275
16,006667;-0,097275
16,008333;-0,097275
16,01;-0,097275
16,011667;-0,097275
16,013333;-0,097275
16,015;-0,097275
16,016667;-0,097275
16,018333;-0,097275
16,02;-0,097275
16,021667;-0,097275
16,023333;-0,097275
16,025;-0,097275
16,026667;-0,097275
16,028333;-0,097275
16,03;-0,097275
16,031667;-0,097275
16,033333;-0,097275
16,035;-0,097275
16,036667;-0,097275
16,038333;-0,097275
16,04;-0,097275
16,041667;-0,097275
16,043333;-0,097275
16,045;-0,097275
16,046667;-0,097275
16,048333;-0,097275
16,05;-0,097275
16,051667;-0,097275
16,053333;-0,097275
16,055;-0,097275
16,056667;-0,097275
16,058333;-0,097275
16,06;-0,097275
16,061667;-0,097275
16,063333;-0,097275
16,065;-0,097275
16,066667;-0,097275
16,068333;-0,097275
16,07;-0,097275
16,071667;-0,097275
16,073333;-0,097275
16,075;-0,097275
16,076667;-0,097275
16,078333;-0,097275
16,08;-0,097275
16,081667;-0,097275
16,083333;-0,097275
16,085;-0,097275
16,086667;-0,097275
16,088333;-0,097275
16,09;-0,097275
16,091667;-0,094414
16,093333;-0,094414
16,095;-0,094414
16,096667;-0,094414
16,098333;-0,094414
16,1;-0,094414
16,101667;-0,094414
16,103333;-0,094414
16,105;-0,094414
16,106667;-0,094414
16,108333;-0,094414
16,11;-0,094414
16,111667;-0,094414
16,113333;-0,094414
16,115;-0,094414
16,116667;-0,094414
16,118333;-0,094414
16,12;-0,094414
16,121667;-0,094414
16,123333;-0,094414
16,125;-0,094414
16,126667;-0,094414
16,128333;-0,094414
16,13;-0,094414
16,131667;-0,094414
16,133333;-0,094414
16,135;-0,094414
16,136667;-0,094414
16,138333;-0,094414
16,14;-0,094414
16,141667;-0,094414
16,143333;-0,094414
16,145;-0,094414
16,146667;-0,094414
16,148333;-0,094414
16,15;-0,094414
16,151667;-0,094414
16,153333;-0,094414
16,155;-0,091553
16,156667;-0,091553
16,158333;-0,091553
16,16;-0,091553
16,161667;-0,091553
16,163333;-0,091553
16,165;-0,091553
16,166667;-0,091553
16,168333;-0,091553
16,17;-0,091553
16,171667;-0,091553
16,173333;-0,091553
16,175;-0,091553
16,176667;-0,091553
16,178333;-0,091553
16,18;-0,091553
16,181667;-0,091553
16,183333;-0,091553
16,185;-0,091553
16,186667;-0,091553
16,188333;-0,091553
16,19;-0,091553
16,191667;-0,091553
16,193333;-0,091553
16,195;-0,091553
16,196667;-0,091553
16,198333;-0,088692
16,2;-0,088692
16,201667;-0,088692
16,203333;-0,088692
16,205;-0,088692
16,206667;-0,088692
16,208333;-0,088692
16,21;-0,088692
16,211667;-0,088692
16,213333;-0,088692
16,215;-0,088692
16,216667;-0,085831
16,218333;-0,085831
16,22;-0,085831
16,221667;-0,085831
16,223333;-0,085831
16,225;-0,085831
16,226667;-0,085831
16,228333;-0,085831
16,23;-0,085831
16,231667;-0,085831
16,233333;-0,085831
16,235;-0,08297
16,236667;-0,08297
16,238333;-0,08297
16,24;-0,08297
16,241667;-0,08297
16,243333;-0,08297
16,245;-0,08297
16,246667;-0,080109
16,248333;-0,080109
16,25;-0,080109
16,251667;-0,080109
16,253333;-0,080109
16,255;-0,080109
16,256667;-0,080109
16,258333;-0,077248
16,26;-0,077248
16,261667;-0,077248
16,263333;-0,077248
16,265;-0,077248
16,266667;-0,077248
16,268333;-0,074387
16,27;-0,074387
16,271667;-0,074387
16,273333;-0,074387
16,275;-0,074387
16,276667;-0,071526
16,278333;-0,071526
16,28;-0,071526
16,281667;-0,071526
16,283333;-0,068665
16,285;-0,068665
16,286667;-0,068665
16,288333;-0,065804
16,29;-0,065804
16,291667;-0,065804
16,293333;-0,065804
16,295;-0,062943
16,296667;-0,062943
16,298333;-0,062943
16,3;-0,060081
16,301667;-0,060081
16,303333;-0,060081
16,305;-0,060081
16,306667;-0,05722
16,308333;-0,05722
16,31;-0,05722
16,311667;-0,054359
16,313333;-0,054359
16,315;-0,054359
16,316667;-0,051498
16,318333;-0,051498
16,32;-0,048637
16,321667;-0,048637
16,323333;-0,048637
16,325;-0,045776
16,326667;-0,045776
16,328333;-0,045776
16,33;-0,042915
16,331667;-0,040054
16,333333;-0,040054
16,335;-0,037193
16,336667;-0,037193
16,338333;-0,037193
16,34;-0,034332
16,341667;-0,034332
16,343333;-0,031471
16,345;-0,031471
16,346667;-0,02861
16,348333;-0,02861
16,35;-0,025749
16,351667;-0,022888
16,353333;-0,022888
16,355;-0,020027
16,356667;-0,020027
16,358333;-0,017166
16,36;-0,014305
16,361667;-0,014305
16,363333;-0,011444
16,365;-0,011444
16,366667;-0,008583
16,368333;-0,005722
16,37;-0,005722
16,371667;-0,002861
16,373333;0
16,375;0
16,376667;0,002861
16,378333;0,005722
16,38;0,008583
16,381667;0,008583
16,383333;0,011444
16,385;0,014305
16,386667;0,017166
16,388333;0,020027
16,39;0,022888
16,391667;0,025749
16,393333;0,02861
16,395;0,031471
16,396667;0,034332
16,398333;0,037193
16,4;0,040054
16,401667;0,042915
16,403333;0,045776
16,405;0,048637
16,406667;0,051498
16,408333;0,054359
16,41;0,05722
16,411667;0,060081
16,413333;0,062943
16,415;0,065804
16,416667;0,071526
16,418333;0,074387
16,42;0,077248
16,421667;0,085831
16,423333;0,085831
16,425;0,088692
16,426667;0,091553
16,428333;0,097275
16,43;0,100136
16,431667;0,11158
16,433333;0,114441
16,435;0,120163
16,436667;0,120163
16,438333;0,125885
16,44;0,128746
16,441667;0,134468
16,443333;0,14019
16,445;0,145912
16,446667;0,148773
16,448333;0,154495
16,45;0,160217
16,451667;0,165939
16,453333;0,171661
16,455;0,177383
16,456667;0,185967
16,458333;0,191689
16,46;0,197411
16,461667;0,203133
16,463333;0,211716
16,465;0,217438
16,466667;0,226021
16,468333;0,231743
16,47;0,240326
16,471667;0,246048
16,473333;0,254631
16,475;0,263214
16,476667;0,268936
16,478333;0,277519
16,48;0,286102
16,481667;0,294685
16,483333;0,303268
16,485;0,311852
16,486667;0,323296
16,488333;0,331879
16,49;0,340462
16,491667;0,351906
16,493333;0,360489
16,495;0,371933
16,496667;0,380516
16,498333;0,39196
16,5;0,403404
16,501667;0,414848
16,503333;0,426292
16,505;0,437737
16,506667;0,449181
16,508333;0,463486
16,51;0,47493
16,511667;0,486374
16,513333;0,514984
16,515;0,529289
16,516667;0,540733
16,518333;0,540733
16,52;0,555038
16,521667;0,572205
16,523333;0,58651
16,525;0,600815
16,526667;0,617981
16,528333;0,632286
16,53;0,649452
16,531667;0,666618
16,533333;0,683785
16,535;0,718117
16,536667;0,738144
16,538333;0,75531
16,54;0,775337
16,541667;0,775337
16,543333;0,795364
16,545;0,815392
16,546667;0,835419
16,548333;0,855446
16,55;0,878334
16,551667;0,898361
16,553333;0,921249
16,555;0,944138
16,556667;0,967026
16,558333;0,989914
16,56;1,015663
16,561667;1,038551
16,563333;1,064301
16,565;1,09005
16,566667;1,115799
16,568333;1,141548
16,57;1,170158
16,571667;1,195908
16,573333;1,224518
16,575;1,253128
16,576667;1,31321
16,578333;1,344681
16,58;1,344681
16,581667;1,376152
16,583333;1,407623
16,585;1,439095
16,586667;1,473427
16,588333;1,504898
16,59;1,53923
16,591667;1,576424
16,593333;1,610756
16,595;1,647949
16,596667;1,682282
16,598333;1,722336
16,6;1,759529
16,601667;1,799584
16,603333;1,836777
16,605;1,879692
16,606667;1,919747
16,608333;1,959801
16,61;2,002716
16,611667;2,045632
16,613333;2,091408
16,615;2,134323
16,616667;2,1801
16,618333;2,225876
16,62;2,271652
16,621667;2,32029
16,623333;2,368927
16,625;2,417565
16,626667;2,469063
16,628333;2,5177
16,63;2,569199
16,631667;2,620697
16,633333;2,675057
16,635;2,729416
16,636667;2,783775
16,638333;2,838135
16,64;2,895355
16,641667;2,949715
16,643333;3,006935
16,645;3,067017
16,646667;3,124237
16,648333;3,184319
16,65;3,2444
16,651667;3,307343
16,653333;3,370285
16,655;3,433228
16,656667;3,49617
16,658333;3,561974
16,66;3,624916
16,661667;3,693581
16,663333;3,759384
16,665;3,828049
16,666667;3,893852
16,668333;4,034043
16,67;4,034043
16,671667;4,105568
16,673333;4,177094
16,675;4,248619
16,676667;4,320145
16,678333;4,394532
16,68;4,468918
16,681667;4,543305
16,683333;4,620552
16,685;4,694939
16,686667;4,772187
16,688333;4,849434
16,69;4,929543
16,691667;5,009651
16,693333;5,08976
16,695;5,169869
16,696667;5,249977
16,698333;5,332947
16,7;5,415917
16,701667;5,498886
16,703333;5,581856
16,705;5,667687
16,706667;5,750656
16,708333;5,836487
16,71;5,925179
16,711667;6,01101
16,713333;6,09684
16,715;6,185532
16,716667;6,274224
16,718333;6,362915
16,72;6,451607
16,721667;6,54316
16,723333;6,631852
16,725;6,723404
16,726667;6,812096
16,728333;6,903649
16,73;6,995202
16,731667;7,089615
16,733333;7,181168
16,735;7,275582
16,736667;7,367135
16,738333;7,461548
16,74;7,553101
16,741667;7,647515
16,743333;7,741929
16,745;7,836342
16,746667;7,930756
16,748333;8,028031
16,75;8,122445
16,751667;8,216858
16,753333;8,311272
16,755;8,408547
16,756667;8,502961
16,758333;8,597374
16,76;8,694649
16,761667;8,789063
16,763333;8,886338
16,765;8,980752
16,766667;9,075165
16,768333;9,17244
16,77;9,266854
16,771667;9,364129
16,773333;9,458542
16,775;9,552956
16,776667;9,64737
16,778333;9,741784
16,78;9,839059
16,781667;9,933472
16,783333;10,025025
16,785;10,119439
16,786667;10,213853
16,788333;10,308266
16,79;10,399819
16,791667;10,494233
16,793333;10,585786
16,795;10,677338
16,796667;10,768891
16,798333;10,860444
16,8;10,951997
16,801667;11,040688
16,803333;11,132241
16,805;11,220933
16,806667;11,309624
16,808333;11,398316
16,81;11,484147
16,811667;11,572839
16,813333;11,658669
16,815;11,830331
16,816667;11,9133
16,818333;11,99627
16,82;12,07924
16,821667;12,162209
16,823333;12,162209
16,825;12,245179
16,826667;12,325288
16,828333;12,405396
16,83;12,485505
16,831667;12,562753
16,833333;12,64
16,835;12,717248
16,836667;12,794495
16,838333;12,868882
16,84;12,943269
16,841667;13,017655
16,843333;13,089181
16,845;13,160706
16,846667;13,232232
16,848333;13,300896
16,85;13,369561
16,851667;13,435365
16,853333;13,504029
16,855;13,569833
16,856667;13,632775
16,858333;13,695718
16,86;13,75866
16,861667;13,821603
16,863333;13,881684
16,865;13,938905
16,866667;13,998986
16,868333;14,056207
16,87;14,110566
16,871667;14,164925
16,873333;14,219285
16,875;14,270783
16,876667;14,322282
16,878333;14,37378
16,88;14,422418
16,881667;14,471055
16,883333;14,516831
16,885;14,562608
16,886667;14,608384
16,888333;14,651299
16,89;14,691354
16,891667;14,731408
16,893333;14,771462
16,895;14,811517
16,896667;14,845849
16,898333;14,883042
16,9;14,917375
16,901667;14,948846
16,903333;14,980317
16,905;15,011788
16,906667;15,040399
16,908333;15,069009
16,91;15,094758
16,911667;15,120507
16,913333;15,146256
16,915;15,169145
16,916667;15,189172
16,918333;15,209199
16,92;15,229226
16,921667;15,246392
16,923333;15,263558
16,925;15,277863
16,926667;15,292169
16,928333;15,306474
16,93;15,317918
16,931667;15,326501
16,933333;15,335084
16,935;15,343667
16,936667;15,349389
16,938333;15,355111
16,94;15,357972
16,941667;15,360833
16,943333;15,360833
16,945;15,360833
16,946667;15,360833
16,948333;15,357972
16,95;15,355111
16,951667;15,349389
16,953333;15,343667
16,955;15,337945
16,956667;15,329362
16,958333;15,317918
16,96;15,306474
16,961667;15,29503
16,963333;15,283586
16,965;15,26928
16,966667;15,252114
16,968333;15,234948
16,97;15,217782
16,971667;15,197755
16,973333;15,177728
16,975;15,1577
16,976667;15,134812
16,978333;15,111924
16,98;15,086175
16,981667;15,060426
16,983333;15,034676
16,985;15,006066
16,986667;14,977456
16,988333;14,948846
16,99;14,917375
16,991667;14,885903
16,993333;14,851571
16,995;14,8201
16,996667;14,782906
16,998333;14,748574
17;14,711381
17,001667;14,674188
17,003333;14,59694
17,005;14,556886
17,006667;14,51397
17,008333;14,51397
17,01;14,471055
17,011667;14,42814
17,013333;14,385224
17,015;14,339448
17,016667;14,293672
17,018333;14,247895
17,02;14,202119
17,021667;14,153481
17,023333;14,104844
17,025;14,056207
17,026667;14,004708
17,028333;13,95321
17,03;13,901711
17,031667;13,850213
17,033333;13,795853
17,035;13,687135
17,036667;13,632775
17,038333;13,575555
17,04;13,575555
17,041667;13,521195
17,043333;13,463975
17,045;13,406754
17,046667;13,346673
17,048333;13,289452
17,05;13,229371
17,051667;13,169289
17,053333;13,109208
17,055;13,046265
17,056667;12,986184
17,058333;12,923241
17,06;12,86316
17,061667;12,800217
17,063333;12,734414
17,065;12,671471
17,066667;12,608529
17,068333;12,542725
17,07;12,476922
17,071667;12,413979
17,073333;12,348176
17,075;12,279511
17,076667;12,147904
17,078333;12,07924
17,08;12,07924
17,081667;12,013436
17,083333;11,944772
17,085;11,878968
17,086667;11,810303
17,088333;11,741639
17,09;11,672974
17,091667;11,60431
17,093333;11,535645
17,095;11,466981
17,096667;11,395455
17,098333;11,326791
17,1;11,258126
17,101667;11,1866
17,103333;11,117936
17,105;11,04641
17,106667;10,977746
17,108333;10,90622
17,11;10,837556
17,111667;10,76603
17,113333;10,697365
17,115;10,62584
17,116667;10,554314
17,118333;10,482789
17,12;10,414124
17,121667;10,342599
17,123333;10,271073
17,125;10,202408
17,126667;10,130883
17,128333;10,059357
17,13;9,990693
17,131667;9,919167
17,133333;9,847642
17,135;9,778977
17,136667;9,707451
17,138333;9,638787
17,14;9,567261
17,141667;9,495736
17,143333;9,427071
17,145;9,355546
17,146667;9,286881
17,148333;9,218216
17,15;9,146691
17,151667;9,078026
17,153333;9,009362
17,155;8,940697
17,156667;8,872033
17,158333;8,803368
17,16;8,734704
17,161667;8,666039
17,163333;8,597374
17,165;8,531571
17,166667;8,462906
17,168333;8,394242
17,17;8,259774
17,171667;8,19397
17,173333;8,128167
17,175;8,062363
17,176667;7,99656
17,178333;7,99656
17,18;7,930756
17,181667;7,864953
17,183333;7,799149
17,185;7,733345
17,186667;7,670403
17,188333;7,604599
17,19;7,541657
17,191667;7,478714
17,193333;7,412911
17,195;7,349968
17,196667;7,287026
17,198333;7,224083
17,2;7,164002
17,201667;7,101059
17,203333;7,038117
17,205;6,978035
17,206667;6,917954
17,208333;6,855011
17,21;6,79493
17,211667;6,734848
17,213333;6,674767
17,215;6,617546
17,216667;6,557465
17,218333;6,500245
17,22;6,440163
17,221667;6,382943
17,223333;6,325722
17,225;6,268502
17,226667;6,211281
17,228333;6,154061
17,23;6,09684
17,231667;6,042481
17,233333;5,988121
17,235;5,930901
17,236667;5,876541
17,238333;5,822182
17,24;5,767823
17,241667;5,716324
17,243333;5,661965
17,245;5,607605
17,246667;5,556107
17,248333;5,504608
17,25;5,450249
17,251667;5,398751
17,253333;5,350113
17,255;5,298615
17,256667;5,247116
17,258333;5,198479
17,26;5,146981
17,261667;5,098343
17,263333;5,049706
17,265;5,001068
17,266667;4,952431
17,268333;4,906655
17,27;4,858017
17,271667;4,812241
17,273333;4,763603
17,275;4,717827
17,276667;4,672051
17,278333;4,626274
17,28;4,580498
17,281667;4,534722
17,283333;4,491806
17,285;4,44603
17,286667;4,403115
17,288333;4,360199
17,29;4,317284
17,291667;4,274369
17,293333;4,231453
17,295;4,188538
17,296667;4,105568
17,298333;4,065514
17,3;4,065514
17,301667;4,02546
17,303333;3,982544
17,305;3,945351
17,306667;3,865242
17,308333;3,825188
17,31;3,787995
17,311667;3,787995
17,313333;3,750801
17,315;3,710747
17,316667;3,673554
17,318333;3,63636
17,32;3,599167
17,321667;3,561974
17,323333;3,527642
17,325;3,490448
17,326667;3,456116
17,328333;3,421784
17,33;3,38459
17,331667;3,350258
17,333333;3,315926
17,335;3,284455
17,336667;3,250122
17,338333;3,21579
17,34;3,181458
17,341667;3,149986
17,343333;3,118515
17,345;3,084183
17,346667;3,052712
17,348333;3,02124
17,35;2,989769
17,351667;2,958298
17,353333;2,929688
17,355;2,898216
17,356667;2,866745
17,358333;2,838135
17,36;2,806664
17,361667;2,778053
17,363333;2,749443
17,365;2,720833
17,366667;2,692223
17,368333;2,663613
17,37;2,635002
17,371667;2,606392
17,373333;2,580643
17,375;2,552033
17,376667;2,526283
17,378333;2,471924
17,38;2,446175
17,381667;2,446175
17,383333;2,420426
17,385;2,394676
17,386667;2,368927
17,388333;2,343178
17,39;2,32029
17,391667;2,294541
17,393333;2,271652
17,395;2,245903
17,396667;2,223015
17,398333;2,200127
17,4;2,177239
17,401667;2,151489
17,403333;2,128601
17,405;2,105713
17,406667;2,085686
17,408333;2,062798
17,41;2,039909
17,411667;2,017021
17,413333;1,996994
17,415;1,974106
17,416667;1,954079
17,418333;1,934052
17,42;1,911163
17,421667;1,891136
17,423333;1,871109
17,425;1,851082
17,426667;1,831055
17,428333;1,811028
17,43;1,791
17,431667;1,770973
17,433333;1,753807
17,435;1,73378
17,436667;1,716614
17,438333;1,696587
17,44;1,679421
17,441667;1,659393
17,443333;1,642227
17,445;1,625061
17,446667;1,607895
17,448333;1,590729
17,45;1,573563
17,451667;1,556397
17,453333;1,53923
17,455;1,522064
17,456667;1,504898
17,458333;1,490593
17,46;1,473427
17,461667;1,456261
17,463333;1,441956
17,465;1,42479
17,466667;1,410484
17,468333;1,396179
17,47;1,379013
17,471667;1,364708
17,473333;1,350403
17,475;1,336098
17,476667;1,321793
17,478333;1,307488
17,48;1,293182
17,481667;1,278877
17,483333;1,264572
17,485;1,250267
17,486667;1,235962
17,488333;1,224518
17,49;1,210213
17,491667;1,198769
17,493333;1,184464
17,495;1,173019
17,496667;1,158714
17,498333;1,14727
17,5;1,132965
17,501667;1,121521
17,503333;1,110077
17,505;1,098633
17,506667;1,087189
17,508333;1,072884
17,51;1,06144
17,511667;1,038551
17,513333;1,027107
17,515;1,027107
17,516667;1,015663
17,518333;1,004219
17,52;0,995636
17,521667;0,972748
17,523333;0,964165
17,525;0,952721
17,526667;0,944138
17,528333;0,932694
17,53;0,921249
17,531667;0,921249
17,533333;0,912666
17,535;0,904083
17,536667;0,892639
17,538333;0,884056
17,54;0,875473
17,541667;0,864029
17,543333;0,855446
17,545;0,846863
17,546667;0,83828
17,548333;0,829697
17,55;0,818253
17,551667;0,80967
17,553333;0,801086
17,555;0,792503
17,556667;0,78392
17,558333;0,775337
17,56;0,766754
17,561667;0,758171
17,563333;0,743866
17,565;0,735283
17,566667;0,735283
17,568333;0,7267
17,57;0,720978
17,571667;0,712395
17,573333;0,69809
17,575;0,689507
17,576667;0,689507
17,578333;0,683785
17,58;0,675201
17,581667;0,669479
17,583333;0,660896
17,585;0,655174
17,586667;0,649452
17,588333;0,640869
17,59;0,635147
17,591667;0,629425
17,593333;0,620842
17,595;0,61512
17,596667;0,609398
17,598333;0,603676
17,6;0,597954
17,601667;0,592232
17,603333;0,58651
17,605;0,580788
17,606667;0,575066
17,608333;0,569344
17,61;0,563622
17,611667;0,5579
17,613333;0,552177
17,615;0,546455
17,616667;0,540733
17,618333;0,535011
17,62;0,529289
17,621667;0,526428
17,623333;0,520706
17,625;0,514984
17,626667;0,506401
17,628333;0,500679
17,63;0,497818
17,631667;0,492096
17,633333;0,486374
17,635;0,486374
17,636667;0,483513
17,638333;0,477791
17,64;0,47493
17,641667;0,469208
17,643333;0,466347
17,645;0,463486
17,646667;0,457764
17,648333;0,454903
17,65;0,452042
17,651667;0,44632
17,653333;0,443459
17,655;0,440598
17,656667;0,437737
17,658333;0,432014
17,66;0,429153
17,661667;0,426292
17,663333;0,423431
17,665;0,42057
17,666667;0,414848
17,668333;0,411987
17,67;0,409126
17,671667;0,406265
17,673333;0,403404
17,675;0,400543
17,676667;0,397682
17,678333;0,394821
17,68;0,39196
17,681667;0,389099
17,683333;0,389099
17,685;0,386238
17,686667;0,383377
17,688333;0,380516
17,69;0,377655
17,691667;0,374794
17,693333;0,374794
17,695;0,371933
17,696667;0,371933
17,698333;0,369072
17,7;0,366211
17,701667;0,366211
17,703333;0,36335
17,705;0,360489
17,706667;0,360489
17,708333;0,357628
17,71;0,357628
17,711667;0,354767
17,713333;0,354767
17,715;0,354767
17,716667;0,351906
17,718333;0,351906
17,72;0,351906
17,721667;0,349045
17,723333;0,349045
17,725;0,349045
17,726667;0,349045
17,728333;0,346184
17,73;0,346184
17,731667;0,346184
17,733333;0,346184
17,735;0,346184
17,736667;0,343323
17,738333;0,343323
17,74;0,343323
17,741667;0,343323
17,743333;0,343323
17,745;0,343323
17,746667;0,343323
17,748333;0,343323
17,75;0,346184
17,751667;0,346184
17,753333;0,346184
17,755;0,346184
17,756667;0,346184
17,758333;0,349045
17,76;0,349045
17,761667;0,349045
17,763333;0,349045
17,765;0,351906
17,766667;0,351906
17,768333;0,354767
17,77;0,354767
17,771667;0,357628
17,773333;0,357628
17,775;0,360489
17,776667;0,360489
17,778333;0,36335
17,78;0,36335
17,781667;0,366211
17,783333;0,369072
17,785;0,369072
17,786667;0,371933
17,788333;0,374794
17,79;0,377655
17,791667;0,380516
17,793333;0,380516
17,795;0,383377
17,796667;0,386238
17,798333;0,389099
17,8;0,39196
17,801667;0,394821
17,803333;0,400543
17,805;0,403404
17,806667;0,406265
17,808333;0,409126
17,81;0,414848
17,811667;0,417709
17,813333;0,42057
17,815;0,426292
17,816667;0,429153
17,818333;0,434876
17,82;0,437737
17,821667;0,443459
17,823333;0,44632
17,825;0,452042
17,826667;0,457764
17,828333;0,463486
17,83;0,466347
17,831667;0,472069
17,833333;0,477791
17,835;0,483513
17,836667;0,489235
17,838333;0,494957
17,84;0,50354
17,841667;0,509262
17,843333;0,514984
17,845;0,520706
17,846667;0,529289
17,848333;0,535011
17,85;0,543594
17,851667;0,549316
17,853333;0,5579
17,855;0,566483
17,856667;0,572205
17,858333;0,580788
17,86;0,589371
17,861667;0,597954
17,863333;0,606537
17,865;0,61512
17,866667;0,626564
17,868333;0,635147
17,87;0,64373
17,871667;0,655174
17,873333;0,663757
17,875;0,675201
17,876667;0,686646
17,878333;0,69809
17,88;0,706673
17,881667;0,718117
17,883333;0,729561
17,885;0,741005
17,886667;0,75531
17,888333;0,766754
17,89;0,781059
17,891667;0,792503
17,893333;0,821114
17,895;0,832558
17,896667;0,846863
17,898333;0,846863
17,9;0,864029
17,901667;0,878334
17,903333;0,892639
17,905;0,906944
17,906667;0,92411
17,908333;0,938416
17,91;0,955582
17,911667;0,972748
17,913333;0,989914
17,915;1,00708
17,916667;1,027107
17,918333;1,044273
17,92;1,064301
17,921667;1,081467
17,923333;1,101494
17,925;1,121521
17,926667;1,144409
17,928333;1,164436
17,93;1,184464
17,931667;1,207352
17,933333;1,23024
17,935;1,253128
17,936667;1,276016
17,938333;1,298904
17,94;1,324654
17,941667;1,347542
17,943333;1,373291
17,945;1,39904
17,946667;1,42479
17,948333;1,4534
17,95;1,479149
17,951667;1,507759
17,953333;1,536369
17,955;1,56498
17,956667;1,59359
17,958333;1,625061
17,96;1,653671
17,961667;1,685143
17,963333;1,716614
17,965;1,750946
17,966667;1,782417
17,968333;1,81675
17,97;1,851082
17,971667;1,885414
17,973333;1,922608
17,975;1,959801
17,976667;1,996994
17,978333;2,034187
17,98;2,071381
17,981667;2,111435
17,983333;2,151489
17,985;2,191544
17,986667;2,234459
17,988333;2,274513
17,99;2,317429
17,991667;2,360344
17,993333;2,40612
17,995;2,451897
17,996667;2,497673
17,998333;2,54345
18;2,592087
18,001667;2,637863
18,003333;2,686501
18,005;2,737999
18,006667;2,786637
18,008333;2,838135
18,01;2,889633
18,011667;2,943993
18,013333;2,998352
18,015;3,052712
18,016667;3,107071
18,018333;3,164292
18,02;3,221512
18,021667;3,278732
18,023333;3,338814
18,025;3,396034
18,026667;3,458977
18,028333;3,519058
18,03;3,582001
18,031667;3,644943
18,033333;3,707886
18,035;3,773689
18,036667;3,839493
18,038333;3,905297
18,04;3,973961
18,041667;4,042626
18,043333;4,11129
18,045;4,182816
18,046667;4,254341
18,048333;4,325867
18,05;4,397393
18,051667;4,471779
18,053333;4,546166
18,055;4,623413
18,056667;4,6978
18,058333;4,852295
18,06;4,852295
18,061667;4,932404
18,063333;5,012513
18,065;5,092621
18,066667;5,175591
18,068333;5,255699
18,07;5,34153
18,071667;5,4245
18,073333;5,510331
18,075;5,596161
18,076667;5,681992
18,078333;5,767823
18,08;5,856514
18,081667;5,945206
18,083333;6,036759
18,085;6,12545
18,086667;6,217003
18,088333;6,308556
18,09;6,40297
18,091667;6,497384
18,093333;6,591797
18,095;6,686211
18,096667;6,780625
18,098333;6,8779
18,1;6,975174
18,101667;7,07531
18,103333;7,172585
18,105;7,272721
18,106667;7,372857
18,108333;7,472992
18,11;7,573128
18,111667;7,676125
18,113333;7,779122
18,115;7,882119
18,116667;7,985116
18,118333;8,088112
18,12;8,19397
18,121667;8,299828
18,123333;8,405686
18,125;8,511544
18,126667;8,620263
18,128333;8,726121
18,13;8,834839
18,131667;8,940697
18,133333;9,049416
18,135;9,158135
18,136667;9,266854
18,138333;9,378434
18,14;9,598733
18,141667;9,707451
18,143333;9,819031
18,145;9,930611
18,146667;10,042191
18,148333;10,153771
18,15;10,153771
18,151667;10,265351
18,153333;10,376931
18,155;10,488511
18,156667;10,600091
18,158333;10,711671
18,16;10,826111
18,161667;10,937691
18,163333;11,049271
18,165;11,160851
18,166667;11,275292
18,168333;11,386872
18,17;11,498452
18,171667;11,610032
18,173333;11,721612
18,175;11,836053
18,176667;11,947633
18,178333;12,059212
18,18;12,167931
18,181667;12,279511
18,183333;12,391091
18,185;12,502671
18,186667;12,61139
18,188333;12,72297
18,19;12,831689
18,191667;12,940408
18,193333;13,049126
18,195;13,157845
18,196667;13,266564
18,198333;13,375283
18,2;13,481141
18,201667;13,586999
18,203333;13,692857
18,205;13,798715
18,206667;13,904572
18,208333;14,01043
18,21;14,113427
18,211667;14,216424
18,213333;14,319421
18,215;14,419557
18,216667;14,519692
18,218333;14,619828
18,22;14,719964
18,221667;14,917375
18,223333;14,917375
18,225;15,014649
18,226667;15,111924
18,228333;15,209199
18,23;15,303613
18,231667;15,398026
18,233333;15,489579
18,235;15,583993
18,236667;15,675546
18,238333;15,767098
18,24;15,85579
18,241667;15,944482
18,243333;16,033174
18,245;16,119004
18,246667;16,204835
18,248333;16,290666
18,25;16,373635
18,251667;16,456605
18,253333;16,536714
18,255;16,616822
18,256667;16,696931
18,258333;16,774179
18,26;16,851426
18,261667;16,928674
18,263333;17,00306
18,265;17,077447
18,266667;17,148973
18,268333;17,220498
18,27;17,289163
18,271667;17,357827
18,273333;17,426492
18,275;17,492295
18,276667;17,555238
18,278333;17,621041
18,28;17,681123
18,281667;17,744065
18,283333;17,804147
18,285;17,861367
18,286667;17,918588
18,288333;17,972947
18,29;18,027307
18,291667;18,081666
18,293333;18,133165
18,295;18,184663
18,296667;18,2333
18,298333;18,281938
18,3;18,327714
18,301667;18,37349
18,303333;18,459321
18,305;18,502237
18,306667;18,542291
18,308333;18,579484
18,31;18,616677
18,311667;18,616677
18,313333;18,65101
18,315;18,685342
18,316667;18,716813
18,318333;18,748285
18,32;18,779756
18,321667;18,808366
18,323333;18,834115
18,325;18,882753
18,326667;18,882753
18,328333;18,905641
18,33;18,928529
18,331667;18,948556
18,333333;18,965722
18,335;19,000055
18,336667;19,01436
18,338333;19,025804
18,34;19,037248
18,341667;19,037248
18,343333;19,048692
18,345;19,057275
18,346667;19,062997
18,348333;19,068719
18,35;19,074441
18,351667;19,077302
18,353333;19,080163
18,355;19,080163
18,356667;19,077302
18,358333;19,077302
18,36;19,074441
18,361667;19,068719
18,363333;19,062997
18,365;19,054414
18,366667;19,045831
18,368333;19,037248
18,37;19,025804
18,371667;19,011499
18,373333;18,997194
18,375;18,982888
18,376667;18,965722
18,378333;18,948556
18,38;18,928529
18,381667;18,908502
18,383333;18,888475
18,385;18,865586
18,386667;18,839837
18,388333;18,816949
18,39;18,7912
18,391667;18,76259
18,393333;18,733979
18,395;18,705369
18,396667;18,673898
18,398333;18,608094
18,4;18,573762
18,401667;18,53943
18,403333;18,53943
18,405;18,502237
18,406667;18,465043
18,408333;18,424989
18,41;18,384935
18,411667;18,34488
18,413333;18,304826
18,415;18,261911
18,416667;18,216134
18,418333;18,173219
18,42;18,127442
18,421667;18,081666
18,423333;18,033029
18,425;17,984391
18,426667;17,935754
18,428333;17,884256
18,43;17,832757
18,431667;17,781259
18,433333;17,72976
18,435;17,675401
18,436667;17,621041
18,438333;17,563821
18,44;17,509461
18,441667;17,452241
18,443333;17,39216
18,445;17,334939
18,446667;17,274858
18,448333;17,214776
18,45;17,154695
18,451667;17,091752
18,453333;17,02881
18,455;16,965867
18,456667;16,902925
18,458333;16,839982
18,46;16,774179
18,461667;16,708375
18,463333;16,642571
18,465;16,576768
18,466667;16,508103
18,468333;16,439439
18,47;16,370774
18,471667;16,30211
18,473333;16,230584
18,475;16,16192
18,476667;16,090394
18,478333;16,018868
18,48;15,947343
18,481667;15,875817
18,483333;15,801431
18,485;15,729905
18,486667;15,655519
18,488333;15,581132
18,49;15,506745
18,491667;15,432359
18,493333;15,357972
18,495;15,283586
18,496667;15,206338
18,498333;15,12909
18,5;15,054704
18,501667;14,977456
18,503333;14,900208
18,505;14,822961
18,506667;14,745713
18,508333;14,665605
18,51;14,588357
18,511667;14,508248
18,513333;14,431001
18,515;14,350892
18,516667;14,270783
18,518333;14,193536
18,52;14,113427
18,521667;14,033318
18,523333;13,95321
18,525;13,873101
18,526667;13,792992
18,528333;13,712884
18,53;13,632775
18,531667;13,552667
18,533333;13,392449
18,535;13,30948
18,536667;13,229371
18,538333;13,149262
18,54;13,149262
18,541667;13,069154
18,543333;12,986184
18,545;12,906075
18,546667;12,825967
18,548333;12,745858
18,55;12,662888
18,551667;12,58278
18,553333;12,502671
18,555;12,422562
18,556667;12,339593
18,558333;12,259484
18,56;12,179375
18,561667;12,099267
18,563333;12,019158
18,565;11,936188
18,566667;11,85608
18,568333;11,778832
18,57;11,698724
18,571667;11,618615
18,573333;11,538506
18,575;11,458398
18,576667;11,378289
18,578333;11,29818
18,58;11,220933
18,581667;11,140824
18,583333;11,060715
18,585;10,983468
18,586667;10,903359
18,588333;10,826111
18,59;10,748864
18,591667;10,671616
18,593333;10,591508
18,595;10,51426
18,596667;10,439873
18,598333;10,362626
18,6;10,285378
18,601667;10,20813
18,603333;10,130883
18,605;10,056496
18,606667;9,979249
18,608333;9,904862
18,61;9,830475
18,611667;9,753228
18,613333;9,678841
18,615;9,604455
18,616667;9,530068
18,618333;9,455681
18,62;9,381295
18,621667;9,309769
18,623333;9,235383
18,625;9,163857
18,626667;9,08947
18,628333;9,017945
18,63;8,946419
18,631667;8,874894
18,633333;8,803368
18,635;8,734704
18,636667;8,663178
18,638333;8,591652
18,64;8,522988
18,641667;8,454323
18,643333;8,382798
18,645;8,314133
18,646667;8,245469
18,648333;8,176804
18,65;8,111001
18,651667;8,042336
18,653333;7,976532
18,655;7,907868
18,656667;7,842064
18,658333;7,710457
18,66;7,644654
18,661667;7,581711
18,663333;7,515908
18,665;7,515908
18,666667;7,452965
18,668333;7,324219
18,67;7,261277
18,671667;7,198334
18,673333;7,135392
18,675;7,135392
18,676667;7,07531
18,678333;7,012368
18,68;6,952286
18,681667;6,892205
18,683333;6,832123
18,685;6,772042
18,686667;6,71196
18,688333;6,651879
18,69;6,591797
18,691667;6,534577
18,693333;6,477356
18,695;6,420136
18,696667;6,362915
18,698333;6,305695
18,7;6,248474
18,701667;6,191254
18,703333;6,136895
18,705;6,079674
18,706667;6,025315
18,708333;5,970955
18,71;5,916596
18,711667;5,862236
18,713333;5,807877
18,715;5,756379
18,716667;5,70488
18,718333;5,650521
18,72;5,599022
18,721667;5,547524
18,723333;5,496025
18,725;5,444527
18,726667;5,39589
18,728333;5,344391
18,73;5,295754
18,731667;5,244255
18,733333;5,195618
18,735;5,146981
18,736667;5,098343
18,738333;5,052567
18,74;5,003929
18,741667;4,958153
18,743333;4,909516
18,745;4,863739
18,746667;4,817963
18,748333;4,772187
18,75;4,72641
18,751667;4,637718
18,753333;4,591942
18,755;4,591942
18,756667;4,549027
18,758333;4,506111
18,76;4,460335
18,761667;4,377365
18,763333;4,33445
18,765;4,291535
18,766667;4,25148
18,768333;4,208565
18,77;4,168511
18,771667;4,168511
18,773333;4,128456
18,775;4,088402
18,776667;4,048348
18,778333;4,008293
18,78;3,968239
18,781667;3,931046
18,783333;3,890991
18,785;3,853798
18,786667;3,816605
18,788333;3,779412
18,79;3,742218
18,791667;3,705025
18,793333;3,667832
18,795;3,630638
18,796667;3,596306
18,798333;3,561974
18,8;3,52478
18,801667;3,490448
18,803333;3,456116
18,805;3,421784
18,806667;3,387451
18,808333;3,353119
18,81;3,318787
18,811667;3,287316
18,813333;3,252983
18,815;3,221512
18,816667;3,190041
18,818333;3,155709
18,82;3,124237
18,821667;3,092766
18,823333;3,061295
18,825;3,032685
18,826667;3,001213
18,828333;2,969742
18,83;2,941132
18,831667;2,912522
18,833333;2,85244
18,835;2,82383
18,836667;2,79522
18,838333;2,79522
18,84;2,766609
18,841667;2,737999
18,843333;2,709389
18,845;2,68364
18,846667;2,655029
18,848333;2,62928
18,85;2,60067
18,851667;2,574921
18,853333;2,549172
18,855;2,523422
18,856667;2,497673
18,858333;2,471924
18,86;2,446175
18,861667;2,420426
18,863333;2,394676
18,865;2,346039
18,866667;2,323151
18,868333;2,297402
18,87;2,297402
18,871667;2,274513
18,873333;2,251625
18,875;2,228737
18,876667;2,205849
18,878333;2,182961
18,88;2,160072
18,881667;2,137184
18,883333;2,114296
18,885;2,091408
18,886667;2,071381
18,888333;2,048493
18,89;2,028465
18,891667;2,005577
18,893333;1,98555
18,895;1,965523
18,896667;1,945496
18,898333;1,925469
18,9;1,905441
18,901667;1,885414
18,903333;1,865387
18,905;1,84536
18,906667;1,825333
18,908333;1,808167
18,91;1,788139
18,911667;1,768112
18,913333;1,750946
18,915;1,730919
18,916667;1,713753
18,918333;1,696587
18,92;1,67656
18,921667;1,659393
18,923333;1,642227
18,925;1,625061
18,926667;1,607895
18,928333;1,590729
18,93;1,573563
18,931667;1,556397
18,933333;1,542091
18,935;1,524925
18,936667;1,507759
18,938333;1,493454
18,94;1,476288
18,941667;1,461983
18,943333;1,444817
18,945;1,430512
18,946667;1,416206
18,948333;1,401901
18,95;1,384735
18,951667;1,37043
18,953333;1,356125
18,955;1,34182
18,956667;1,327515
18,958333;1,31321
18,96;1,298904
18,961667;1,284599
18,963333;1,270294
18,965;1,25885
18,966667;1,244545
18,968333;1,218796
18,97;1,204491
18,971667;1,204491
18,973333;1,193047
18,975;1,178742
18,976667;1,167297
18,978333;1,152992
18,98;1,141548
18,981667;1,127243
18,983333;1,115799
18,985;1,104355
18,986667;1,092911
18,988333;1,081467
18,99;1,070023
18,991667;1,058579
18,993333;1,047134
18,995;1,03569
18,996667;1,024246
18,998333;1,012802
19;1,001358
19,001667;0,989914
19,003333;0,981331
19,005;0,969887
19,006667;0,958443
19,008333;0,946999
19,01;0,926971
19,011667;0,926971
19,013333;0,918388
19,015;0,906944
19,016667;0,898361
19,018333;0,886917
19,02;0,86689
19,021667;0,858307
19,023333;0,849724
19,025;0,841141
19,026667;0,829697
19,028333;0,829697
19,03;0,821114
19,031667;0,812531
19,033333;0,803947
19,035;0,795364
19,036667;0,786781
19,038333;0,778198
19,04;0,769615
19,041667;0,761032
19,043333;0,752449
19,045;0,743866
19,046667;0,735283
19,048333;0,7267
19,05;0,718117
19,051667;0,712395
19,053333;0,703812
19,055;0,695229
19,056667;0,686646
19,058333;0,680924
19,06;0,67234
19,061667;0,663757
19,063333;0,658035
19,065;0,649452
19,066667;0,64373
19,068333;0,635147
19,07;0,629425
19,071667;0,620842
19,073333;0,61512
19,075;0,609398
19,076667;0,600815
19,078333;0,595093
19,08;0,58651
19,081667;0,580788
19,083333;0,575066
19,085;0,566483
19,086667;0,560761
19,088333;0,555038
19,09;0,549316
19,091667;0,543594
19,093333;0,535011
19,095;0,529289
19,096667;0,523567
19,098333;0,517845
19,1;0,512123
19,101667;0,506401
19,103333;0,500679
19,105;0,494957
19,106667;0,489235
19,108333;0,483513
19,11;0,477791
19,111667;0,472069
19,113333;0,466347
19,115;0,463486
19,116667;0,457764
19,118333;0,452042
19,12;0,44632
19,121667;0,440598
19,123333;0,434876
19,125;0,429153
19,126667;0,426292
19,128333;0,42057
19,13;0,414848
19,131667;0,411987
19,133333;0,406265
19,135;0,400543
19,136667;0,397682
19,138333;0,39196
19,14;0,386238
19,141667;0,383377
19,143333;0,374794
19,145;0,369072
19,146667;0,366211
19,148333;0,366211
19,15;0,360489
19,151667;0,357628
19,153333;0,351906
19,155;0,349045
19,156667;0,343323
19,158333;0,340462
19,16;0,337601
19,161667;0,331879
19,163333;0,329018
19,165;0,323296
19,166667;0,320435
19,168333;0,317574
19,17;0,311852
19,171667;0,30899
19,173333;0,306129
19,175;0,300407
19,176667;0,297546
19,178333;0,294685
19,18;0,291824
19,181667;0,286102
19,183333;0,283241
19,185;0,28038
19,186667;0,277519
19,188333;0,271797
19,19;0,268936
19,191667;0,266075
19,193333;0,263214
19,195;0,260353
19,196667;0,257492
19,198333;0,254631
19,2;0,25177
19,201667;0,246048
19,203333;0,243187
19,205;0,240326
19,206667;0,237465
19,208333;0,234604
19,21;0,231743
19,211667;0,228882
19,213333;0,226021
19,215;0,22316
19,216667;0,220299
19,218333;0,217438
19,22;0,214577
19,221667;0,211716
19,223333;0,208855
19,225;0,205994
19,226667;0,203133
19,228333;0,200272
19,23;0,197411
19,231667;0,19455
19,233333;0,191689
19,235;0,188828
19,236667;0,188828
19,238333;0,185967
19,24;0,183105
19,241667;0,180244
19,243333;0,177383
19,245;0,174522
19,246667;0,171661
19,248333;0,1688
19,25;0,1688
19,251667;0,165939
19,253333;0,163078
19,255;0,160217
19,256667;0,157356
19,258333;0,157356
19,26;0,154495
19,261667;0,151634
19,263333;0,148773
19,265;0,148773
19,266667;0,145912
19,268333;0,143051
19,27;0,14019
19,271667;0,14019
19,273333;0,137329
19,275;0,134468
19,276667;0,134468
19,278333;0,131607
19,28;0,128746
19,281667;0,128746
19,283333;0,125885
19,285;0,123024
19,286667;0,123024
19,288333;0,120163
19,29;0,117302
19,291667;0,117302
19,293333;0,114441
19,295;0,11158
19,296667;0,11158
19,298333;0,108719
19,3;0,105858
19,301667;0,105858
19,303333;0,102997
19,305;0,100136
19,306667;0,100136
19,308333;0,097275
19,31;0,097275
19,311667;0,094414
19,313333;0,091553
19,315;0,088692
19,316667;0,088692
19,318333;0,085831
19,32;0,085831
19,321667;0,085831
19,323333;0,08297
19,325;0,08297
19,326667;0,080109
19,328333;0,080109
19,33;0,077248
19,331667;0,077248
19,333333;0,074387
19,335;0,074387
19,336667;0,071526
19,338333;0,071526
19,34;0,068665
19,341667;0,068665
19,343333;0,065804
19,345;0,065804
19,346667;0,062943
19,348333;0,062943
19,35;0,060081
19,351667;0,060081
19,353333;0,05722
19,355;0,05722
19,356667;0,05722
19,358333;0,054359
19,36;0,054359
19,361667;0,051498
19,363333;0,051498
19,365;0,051498
19,366667;0,048637
19,368333;0,048637
19,37;0,048637
19,371667;0,045776
19,373333;0,045776
19,375;0,042915
19,376667;0,042915
19,378333;0,042915
19,38;0,040054
19,381667;0,040054
19,383333;0,040054
19,385;0,037193
19,386667;0,037193
19,388333;0,037193
19,39;0,034332
19,391667;0,034332
19,393333;0,034332
19,395;0,031471
19,396667;0,031471
19,398333;0,031471
19,4;0,02861
19,401667;0,02861
19,403333;0,02861
19,405;0,025749
19,406667;0,025749
19,408333;0,025749
19,41;0,022888
19,411667;0,022888
19,413333;0,022888
19,415;0,022888
19,416667;0,022888
19,418333;0,020027
19,42;0,020027
19,421667;0,020027
19,423333;0,017166
19,425;0,017166
19,426667;0,017166
19,428333;0,014305
19,43;0,014305
19,431667;0,014305
19,433333;0,014305
19,435;0,011444
19,436667;0,011444
19,438333;0,011444
19,44;0,008583
19,441667;0,008583
19,443333;0,008583
19,445;0,005722
19,446667;0,005722
19,448333;0,005722
19,45;0,005722
19,451667;0,002861
19,453333;0,002861
19,455;0,002861
19,456667;0,002861
19,458333;0
19,46;0
19,461667;0
19,463333;0
19,465;0
19,466667;-0,002861
19,468333;-0,002861
19,47;-0,002861
19,471667;-0,002861
19,473333;-0,005722
19,475;-0,005722
19,476667;-0,005722
19,478333;-0,005722
19,48;-0,008583
19,481667;-0,008583
19,483333;-0,008583
19,485;-0,008583
19,486667;-0,008583
19,488333;-0,011444
19,49;-0,011444
19,491667;-0,011444
19,493333;-0,011444
19,495;-0,011444
19,496667;-0,011444
19,498333;-0,014305
19,5;-0,014305
19,501667;-0,014305
19,503333;-0,014305
19,505;-0,017166
19,506667;-0,017166
19,508333;-0,017166
19,51;-0,017166
19,511667;-0,020027
19,513333;-0,020027
19,515;-0,020027
19,516667;-0,020027
19,518333;-0,020027
19,52;-0,020027
19,521667;-0,022888
19,523333;-0,022888
19,525;-0,022888
19,526667;-0,022888
19,528333;-0,022888
19,53;-0,025749
19,531667;-0,025749
19,533333;-0,025749
19,535;-0,025749
19,536667;-0,025749
19,538333;-0,025749
19,54;-0,02861
19,541667;-0,02861
19,543333;-0,02861
19,545;-0,02861
19,546667;-0,02861
19,548333;-0,02861
19,55;-0,031471
19,551667;-0,031471
19,553333;-0,031471
19,555;-0,031471
19,556667;-0,031471
19,558333;-0,031471
19,56;-0,031471
19,561667;-0,034332
19,563333;-0,034332
19,565;-0,034332
19,566667;-0,034332
19,568333;-0,034332
19,57;-0,034332
19,571667;-0,034332
19,573333;-0,037193
19,575;-0,037193
19,576667;-0,037193
19,578333;-0,037193
19,58;-0,037193
19,581667;-0,037193
19,583333;-0,037193
19,585;-0,037193
19,586667;-0,040054
19,588333;-0,040054
19,59;-0,040054
19,591667;-0,040054
19,593333;-0,040054
19,595;-0,040054
19,596667;-0,040054
19,598333;-0,040054
19,6;-0,040054
19,601667;-0,040054
19,603333;-0,042915
19,605;-0,042915
19,606667;-0,042915
19,608333;-0,042915
19,61;-0,042915
19,611667;-0,042915
19,613333;-0,042915
19,615;-0,042915
19,616667;-0,045776
19,618333;-0,045776
19,62;-0,045776
19,621667;-0,045776
19,623333;-0,045776
19,625;-0,045776
19,626667;-0,045776
19,628333;-0,045776
19,63;-0,045776
19,631667;-0,045776
19,633333;-0,045776
19,635;-0,048637
19,636667;-0,048637
19,638333;-0,048637
19,64;-0,048637
19,641667;-0,048637
19,643333;-0,048637
19,645;-0,048637
19,646667;-0,048637
19,648333;-0,048637
19,65;-0,048637
19,651667;-0,051498
19,653333;-0,051498
19,655;-0,051498
19,656667;-0,051498
19,658333;-0,051498
19,66;-0,051498
19,661667;-0,051498
19,663333;-0,054359
19,665;-0,054359
19,666667;-0,054359
19,668333;-0,054359
19,67;-0,054359
19,671667;-0,054359
19,673333;-0,054359
19,675;-0,054359
19,676667;-0,054359
19,678333;-0,054359
19,68;-0,054359
19,681667;-0,05722
19,683333;-0,05722
19,685;-0,05722
19,686667;-0,05722
19,688333;-0,05722
19,69;-0,05722
19,691667;-0,05722
19,693333;-0,05722
19,695;-0,05722
19,696667;-0,05722
19,698333;-0,05722
19,7;-0,05722
19,701667;-0,05722
19,703333;-0,05722
19,705;-0,05722
19,706667;-0,060081
19,708333;-0,060081
19,71;-0,060081
19,711667;-0,060081
19,713333;-0,060081
19,715;-0,060081
19,716667;-0,060081
19,718333;-0,060081
19,72;-0,060081
19,721667;-0,060081
19,723333;-0,060081
19,725;-0,062943
19,726667;-0,062943
19,728333;-0,062943
19,73;-0,062943
19,731667;-0,062943
19,733333;-0,062943
19,735;-0,062943
19,736667;-0,062943
19,738333;-0,062943
19,74;-0,062943
19,741667;-0,062943
19,743333;-0,062943
19,745;-0,065804
19,746667;-0,065804
19,748333;-0,065804
19,75;-0,065804
19,751667;-0,065804
19,753333;-0,065804
19,755;-0,065804
19,756667;-0,065804
19,758333;-0,065804
19,76;-0,065804
19,761667;-0,065804
19,763333;-0,065804
19,765;-0,065804
19,766667;-0,065804
19,768333;-0,068665
19,77;-0,068665
19,771667;-0,068665
19,773333;-0,068665
19,775;-0,068665
19,776667;-0,068665
19,778333;-0,068665
19,78;-0,068665
19,781667;-0,068665
19,783333;-0,068665
19,785;-0,068665
19,786667;-0,068665
19,788333;-0,071526
19,79;-0,071526
19,791667;-0,071526
19,793333;-0,071526
19,795;-0,071526
19,796667;-0,071526
19,798333;-0,071526
19,8;-0,071526
19,801667;-0,071526
19,803333;-0,071526
19,805;-0,071526
19,806667;-0,071526
19,808333;-0,071526
19,81;-0,071526
19,811667;-0,071526
19,813333;-0,071526
19,815;-0,071526
19,816667;-0,071526
19,818333;-0,071526
19,82;-0,071526
19,821667;-0,071526
19,823333;-0,074387
19,825;-0,074387
19,826667;-0,074387
19,828333;-0,074387
19,83;-0,074387
19,831667;-0,074387
19,833333;-0,074387
19,835;-0,074387
19,836667;-0,074387
19,838333;-0,074387
19,84;-0,074387
19,841667;-0,074387
19,843333;-0,074387
19,845;-0,074387
19,846667;-0,074387
19,848333;-0,074387
19,85;-0,074387
19,851667;-0,074387
19,853333;-0,074387
19,855;-0,074387
19,856667;-0,074387
19,858333;-0,074387
19,86;-0,074387
19,861667;-0,074387
19,863333;-0,074387
19,865;-0,074387
19,866667;-0,074387
19,868333;-0,074387
19,87;-0,074387
19,871667;-0,074387
19,873333;-0,074387
19,875;-0,074387
19,876667;-0,074387
19,878333;-0,074387
19,88;-0,074387
19,881667;-0,074387
19,883333;-0,074387
19,885;-0,074387
19,886667;-0,074387
19,888333;-0,074387
19,89;-0,074387
19,891667;-0,074387
19,893333;-0,074387
19,895;-0,077248
19,896667;-0,077248
19,898333;-0,077248
19,9;-0,077248
19,901667;-0,077248
19,903333;-0,077248
19,905;-0,077248
19,906667;-0,077248
19,908333;-0,077248
19,91;-0,077248
19,911667;-0,077248
19,913333;-0,077248
19,915;-0,077248
19,916667;-0,077248
19,918333;-0,077248
19,92;-0,077248
19,921667;-0,077248
19,923333;-0,077248
19,925;-0,077248
19,926667;-0,077248
19,928333;-0,077248
19,93;-0,077248
19,931667;-0,077248
19,933333;-0,077248
19,935;-0,077248
19,936667;-0,077248
19,938333;-0,077248
19,94;-0,077248
19,941667;-0,077248
19,943333;-0,077248
19,945;-0,080109
19,946667;-0,080109
19,948333;-0,080109
19,95;-0,080109
19,951667;-0,080109
19,953333;-0,080109
19,955;-0,080109
19,956667;-0,080109
19,958333;-0,080109
19,96;-0,080109
19,961667;-0,080109
19,963333;-0,080109
19,965;-0,080109
19,966667;-0,080109
19,968333;-0,080109
19,97;-0,080109
19,971667;-0,080109
19,973333;-0,080109
19,975;-0,080109
19,976667;-0,080109
19,978333;-0,080109
19,98;-0,080109
19,981667;-0,080109
19,983333;-0,080109
19,985;-0,080109
19,986667;-0,080109
19,988333;-0,080109
19,99;-0,080109
19,991667;-0,08297
19,993333;-0,08297
19,995;-0,08297
19,996667;-0,08297
19,998333;-0,08297
20;-0,08297
20,001667;-0,08297
20,003333;-0,08297
20,005;-0,08297
20,006667;-0,08297
20,008333;-0,08297
20,01;-0,08297
20,011667;-0,08297
20,013333;-0,08297
20,015;-0,08297
20,016667;-0,08297
20,018333;-0,08297
20,02;-0,085831
20,021667;-0,085831
20,023333;-0,085831
20,025;-0,085831
20,026667;-0,085831
20,028333;-0,085831
20,03;-0,085831
20,031667;-0,085831
20,033333;-0,085831
20,035;-0,085831
20,036667;-0,085831
20,038333;-0,085831
20,04;-0,085831
20,041667;-0,085831
20,043333;-0,085831
20,045;-0,085831
20,046667;-0,085831
20,048333;-0,085831
20,05;-0,085831
20,051667;-0,085831
20,053333;-0,085831
20,055;-0,085831
20,056667;-0,085831
20,058333;-0,085831
20,06;-0,085831
20,061667;-0,085831
20,063333;-0,085831
20,065;-0,085831
20,066667;-0,085831
20,068333;-0,085831
20,07;-0,085831
20,071667;-0,085831
20,073333;-0,085831
20,075;-0,085831
20,076667;-0,085831
20,078333;-0,085831
20,08;-0,085831
20,081667;-0,085831
20,083333;-0,085831
20,085;-0,085831
20,086667;-0,085831
20,088333;-0,085831
20,09;-0,085831
20,091667;-0,085831
20,093333;-0,085831
20,095;-0,085831
20,096667;-0,085831
20,098333;-0,085831
20,1;-0,085831
20,101667;-0,088692
20,103333;-0,088692
20,105;-0,088692
20,106667;-0,088692
20,108333;-0,088692
20,11;-0,088692
20,111667;-0,088692
20,113333;-0,088692
20,115;-0,088692
20,116667;-0,088692
20,118333;-0,088692
20,12;-0,088692
20,121667;-0,088692
20,123333;-0,088692
20,125;-0,088692
20,126667;-0,088692
20,128333;-0,088692
20,13;-0,088692
20,131667;-0,088692
20,133333;-0,088692
20,135;-0,088692
20,136667;-0,088692
20,138333;-0,088692
20,14;-0,088692
20,141667;-0,088692
20,143333;-0,088692
20,145;-0,088692
20,146667;-0,088692
20,148333;-0,088692
20,15;-0,088692
20,151667;-0,088692
20,153333;-0,088692
20,155;-0,088692
20,156667;-0,088692
20,158333;-0,088692
20,16;-0,088692
20,161667;-0,088692
20,163333;-0,088692
20,165;-0,088692
20,166667;-0,088692
20,168333;-0,088692
20,17;-0,088692
20,171667;-0,088692
20,173333;-0,088692
20,175;-0,088692
20,176667;-0,088692
20,178333;-0,088692
20,18;-0,088692
20,181667;-0,088692
20,183333;-0,088692
20,185;-0,088692
20,186667;-0,088692
20,188333;-0,088692
20,19;-0,088692
20,191667;-0,088692
20,193333;-0,088692
20,195;-0,088692
20,196667;-0,088692
20,198333;-0,088692
20,2;-0,088692
20,201667;-0,088692
20,203333;-0,088692
20,205;-0,088692
20,206667;-0,088692
20,208333;-0,088692
20,21;-0,088692
20,211667;-0,088692
20,213333;-0,088692
20,215;-0,088692
20,216667;-0,088692
20,218333;-0,088692
20,22;-0,088692
20,221667;-0,088692
20,223333;-0,088692
20,225;-0,088692
20,226667;-0,088692
20,228333;-0,091553
20,23;-0,091553
20,231667;-0,091553
20,233333;-0,091553
20,235;-0,091553
20,236667;-0,091553
20,238333;-0,091553
20,24;-0,088692
20,241667;-0,088692
20,243333;-0,088692
20,245;-0,088692
20,246667;-0,091553
20,248333;-0,091553
20,25;-0,091553
20,251667;-0,091553
20,253333;-0,091553
20,255;-0,091553
20,256667;-0,091553
20,258333;-0,091553
20,26;-0,091553
20,261667;-0,091553
20,263333;-0,091553
20,265;-0,091553
20,266667;-0,091553
20,268333;-0,091553
20,27;-0,091553
20,271667;-0,091553
20,273333;-0,091553
20,275;-0,091553
20,276667;-0,091553
20,278333;-0,091553
20,28;-0,091553
20,281667;-0,091553
20,283333;-0,091553
20,285;-0,091553
20,286667;-0,091553
20,288333;-0,091553
20,29;-0,091553
20,291667;-0,091553
20,293333;-0,091553
20,295;-0,091553
20,296667;-0,091553
20,298333;-0,091553
20,3;-0,091553
20,301667;-0,091553
20,303333;-0,091553
20,305;-0,091553
20,306667;-0,091553
20,308333;-0,091553
20,31;-0,091553
20,311667;-0,091553
20,313333;-0,091553
20,315;-0,091553
20,316667;-0,091553
20,318333;-0,091553
20,32;-0,091553
20,321667;-0,091553
20,323333;-0,091553
20,325;-0,091553
20,326667;-0,091553
20,328333;-0,091553
20,33;-0,091553
20,331667;-0,091553
20,333333;-0,091553
20,335;-0,091553
20,336667;-0,091553
20,338333;-0,091553
20,34;-0,091553
20,341667;-0,091553
20,343333;-0,091553
20,345;-0,091553
20,346667;-0,091553
20,348333;-0,091553
20,35;-0,091553
20,351667;-0,091553
20,353333;-0,091553
20,355;-0,091553
20,356667;-0,091553
20,358333;-0,091553
20,36;-0,091553
20,361667;-0,091553
20,363333;-0,094414
20,365;-0,094414
20,366667;-0,094414
20,368333;-0,094414
20,37;-0,094414
20,371667;-0,094414
20,373333;-0,094414
20,375;-0,094414
20,376667;-0,094414
20,378333;-0,094414
20,38;-0,094414
20,381667;-0,094414
20,383333;-0,094414
20,385;-0,094414
20,386667;-0,094414
20,388333;-0,094414
20,39;-0,094414
20,391667;-0,094414
20,393333;-0,094414
20,395;-0,094414
20,396667;-0,094414
20,398333;-0,094414
20,4;-0,094414
20,401667;-0,094414
20,403333;-0,094414
20,405;-0,094414
20,406667;-0,094414
20,408333;-0,094414
20,41;-0,094414
20,411667;-0,094414
20,413333;-0,094414
20,415;-0,094414
20,416667;-0,094414
20,418333;-0,094414
20,42;-0,094414
20,421667;-0,094414
20,423333;-0,094414
20,425;-0,094414
20,426667;-0,094414
20,428333;-0,094414
20,43;-0,094414
20,431667;-0,094414
20,433333;-0,094414
20,435;-0,094414
20,436667;-0,094414
20,438333;-0,094414
20,44;-0,094414
20,441667;-0,094414
20,443333;-0,094414
20,445;-0,094414
20,446667;-0,094414
20,448333;-0,094414
20,45;-0,094414
20,451667;-0,094414
20,453333;-0,094414
20,455;-0,094414
20,456667;-0,094414
20,458333;-0,094414
20,46;-0,094414
20,461667;-0,094414
20,463333;-0,094414
20,465;-0,094414
20,466667;-0,094414
20,468333;-0,094414
20,47;-0,094414
20,471667;-0,094414
20,473333;-0,094414
20,475;-0,094414
20,476667;-0,094414
20,478333;-0,094414
20,48;-0,094414
20,481667;-0,094414
20,483333;-0,094414
20,485;-0,094414
20,486667;-0,094414
20,488333;-0,094414
20,49;-0,094414
20,491667;-0,094414
20,493333;-0,094414
20,495;-0,094414
20,496667;-0,094414
20,498333;-0,094414
20,5;-0,094414
20,501667;-0,094414
20,503333;-0,094414
20,505;-0,094414
20,506667;-0,094414
20,508333;-0,094414
20,51;-0,094414
20,511667;-0,094414
20,513333;-0,094414
20,515;-0,094414
20,516667;-0,094414
20,518333;-0,094414
20,52;-0,094414
20,521667;-0,094414
20,523333;-0,094414
20,525;-0,094414
20,526667;-0,094414
20,528333;-0,094414
20,53;-0,094414
20,531667;-0,094414
20,533333;-0,094414
20,535;-0,091553
20,536667;-0,091553
20,538333;-0,091553
20,54;-0,091553
20,541667;-0,091553
20,543333;-0,091553
20,545;-0,091553
20,546667;-0,091553
20,548333;-0,091553
20,55;-0,091553
20,551667;-0,091553
20,553333;-0,091553
20,555;-0,091553
20,556667;-0,091553
20,558333;-0,091553
20,56;-0,091553
20,561667;-0,091553
20,563333;-0,091553
20,565;-0,091553
20,566667;-0,091553
20,568333;-0,091553
20,57;-0,091553
20,571667;-0,091553
20,573333;-0,091553
20,575;-0,091553
20,576667;-0,091553
20,578333;-0,091553
20,58;-0,091553
20,581667;-0,091553
20,583333;-0,091553
20,585;-0,091553
20,586667;-0,091553
20,588333;-0,091553
20,59;-0,091553
20,591667;-0,091553
20,593333;-0,091553
20,595;-0,091553
20,596667;-0,091553
20,598333;-0,091553
20,6;-0,091553
20,601667;-0,091553
20,603333;-0,091553
20,605;-0,091553
20,606667;-0,091553
20,608333;-0,091553
20,61;-0,091553
20,611667;-0,091553
20,613333;-0,088692
20,615;-0,088692
20,616667;-0,088692
20,618333;-0,088692
20,62;-0,088692
20,621667;-0,088692
20,623333;-0,088692
20,625;-0,088692
20,626667;-0,088692
20,628333;-0,088692
20,63;-0,088692
20,631667;-0,088692
20,633333;-0,085831
20,635;-0,085831
20,636667;-0,085831
20,638333;-0,085831
20,64;-0,085831
20,641667;-0,085831
20,643333;-0,085831
20,645;-0,085831
20,646667;-0,085831
20,648333;-0,085831
20,65;-0,085831
20,651667;-0,085831
20,653333;-0,085831
20,655;-0,085831
20,656667;-0,085831
20,658333;-0,08297
20,66;-0,08297
20,661667;-0,08297
20,663333;-0,08297
20,665;-0,08297
20,666667;-0,08297
20,668333;-0,08297
20,67;-0,08297
20,671667;-0,08297
20,673333;-0,08297
20,675;-0,08297
20,676667;-0,08297
20,678333;-0,08297
20,68;-0,08297
20,681667;-0,08297
20,683333;-0,080109
20,685;-0,080109
20,686667;-0,080109
20,688333;-0,080109
20,69;-0,080109
20,691667;-0,080109
20,693333;-0,080109
20,695;-0,080109
20,696667;-0,080109
20,698333;-0,080109
20,7;-0,080109
20,701667;-0,080109
20,703333;-0,077248
20,705;-0,077248
20,706667;-0,077248
20,708333;-0,077248
20,71;-0,077248
20,711667;-0,077248
20,713333;-0,077248
20,715;-0,074387
20,716667;-0,074387
20,718333;-0,074387
20,72;-0,074387
20,721667;-0,074387
20,723333;-0,071526
20,725;-0,071526
20,726667;-0,071526
20,728333;-0,071526
20,73;-0,071526
20,731667;-0,071526
20,733333;-0,068665
20,735;-0,068665
20,736667;-0,068665
20,738333;-0,068665
20,74;-0,068665
20,741667;-0,068665
20,743333;-0,068665
20,745;-0,068665
20,746667;-0,065804
20,748333;-0,065804
20,75;-0,065804
20,751667;-0,065804
20,753333;-0,065804
20,755;-0,062943
20,756667;-0,062943
20,758333;-0,062943
20,76;-0,062943
20,761667;-0,062943
20,763333;-0,060081
20,765;-0,060081
20,766667;-0,060081
20,768333;-0,060081
20,77;-0,05722
20,771667;-0,05722
20,773333;-0,05722
20,775;-0,05722
20,776667;-0,05722
20,778333;-0,054359
20,78;-0,054359
20,781667;-0,054359
20,783333;-0,054359
20,785;-0,051498
20,786667;-0,051498
20,788333;-0,051498
20,79;-0,051498
20,791667;-0,048637
20,793333;-0,048637
20,795;-0,048637
20,796667;-0,048637
20,798333;-0,045776
20,8;-0,045776
20,801667;-0,045776
20,803333;-0,042915
20,805;-0,042915
20,806667;-0,042915
20,808333;-0,040054
20,81;-0,040054
20,811667;-0,037193
20,813333;-0,037193
20,815;-0,037193
20,816667;-0,034332
20,818333;-0,034332
20,82;-0,034332
20,821667;-0,031471
20,823333;-0,031471
20,825;-0,031471
20,826667;-0,02861
20,828333;-0,02861
20,83;-0,02861
20,831667;-0,025749
20,833333;-0,025749
20,835;-0,022888
20,836667;-0,022888
20,838333;-0,020027
20,84;-0,020027
20,841667;-0,017166
20,843333;-0,017166
20,845;-0,014305
20,846667;-0,014305
20,848333;-0,014305
20,85;-0,011444
20,851667;-0,008583
20,853333;-0,008583
20,855;-0,005722
20,856667;-0,005722
20,858333;-0,002861
20,86;-0,002861
20,861667;0
20,863333;0
20,865;0,002861
20,866667;0,002861
20,868333;0,005722
20,87;0,005722
20,871667;0,008583
20,873333;0,011444
20,875;0,011444
20,876667;0,014305
20,878333;0,014305
20,88;0,017166
20,881667;0,020027
20,883333;0,020027
20,885;0,022888
20,886667;0,025749
20,888333;0,025749
20,89;0,02861
20,891667;0,031471
20,893333;0,031471
20,895;0,034332
20,896667;0,037193
20,898333;0,037193
20,9;0,040054
20,901667;0,042915
20,903333;0,045776
20,905;0,045776
20,906667;0,048637
20,908333;0,051498
20,91;0,054359
20,911667;0,054359
20,913333;0,05722
20,915;0,060081
20,916667;0,062943
20,918333;0,065804
20,92;0,068665
20,921667;0,071526
20,923333;0,074387
20,925;0,077248
20,926667;0,077248
20,928333;0,080109
20,93;0,08297
20,931667;0,085831
20,933333;0,088692
20,935;0,091553
20,936667;0,094414
20,938333;0,097275
20,94;0,100136
20,941667;0,102997
20,943333;0,105858
20,945;0,11158
20,946667;0,114441
20,948333;0,117302
20,95;0,120163
20,951667;0,123024
20,953333;0,125885
20,955;0,131607
20,956667;0,134468
20,958333;0,137329
20,96;0,14019
20,961667;0,143051
20,963333;0,148773
20,965;0,151634
20,966667;0,154495
20,968333;0,160217
20,97;0,163078
20,971667;0,165939
20,973333;0,171661
20,975;0,180244
20,976667;0,180244
20,978333;0,183105
20,98;0,188828
20,981667;0,191689
20,983333;0,197411
20,985;0,200272
20,986667;0,205994
20,988333;0,208855
20,99;0,214577
20,991667;0,217438
20,993333;0,22316
20,995;0,228882
20,996667;0,231743
20,998333;0,237465
21;0,243187
21,001667;0,248909
21,003333;0,254631
21,005;0,260353
21,006667;0,263214
21,008333;0,268936
21,01;0,274658
21,011667;0,28038
21,013333;0,286102
21,015;0,291824
21,016667;0,297546
21,018333;0,306129
21,02;0,311852
21,021667;0,317574
21,023333;0,323296
21,025;0,331879
21,026667;0,337601
21,028333;0,343323
21,03;0,351906
21,031667;0,357628
21,033333;0,36335
21,035;0,371933
21,036667;0,377655
21,038333;0,386238
21,04;0,39196
21,041667;0,400543
21,043333;0,409126
21,045;0,414848
21,046667;0,423431
21,048333;0,432014
21,05;0,440598
21,051667;0,449181
21,053333;0,457764
21,055;0,466347
21,056667;0,47493
21,058333;0,483513
21,06;0,492096
21,061667;0,500679
21,063333;0,509262
21,065;0,520706
21,066667;0,529289
21,068333;0,537872
21,07;0,549316
21,071667;0,5579
21,073333;0,569344
21,075;0,577927
21,076667;0,589371
21,078333;0,600815
21,08;0,612259
21,081667;0,620842
21,083333;0,632286
21,085;0,64373
21,086667;0,655174
21,088333;0,669479
21,09;0,680924
21,091667;0,692368
21,093333;0,703812
21,095;0,718117
21,096667;0,729561
21,098333;0,743866
21,1;0,758171
21,101667;0,769615
21,103333;0,78392
21,105;0,798225
21,106667;0,812531
21,108333;0,826836
21,11;0,841141
21,111667;0,858307
21,113333;0,872612
21,115;0,886917
21,116667;0,904083
21,118333;0,918388
21,12;0,935555
21,121667;0,969887
21,123333;0,969887
21,125;0,987053
21,126667;1,004219
21,128333;1,021385
21,13;1,038551
21,131667;1,055718
21,133333;1,075745
21,135;1,092911
21,136667;1,112938
21,138333;1,132965
21,14;1,152992
21,141667;1,173019
21,143333;1,193047
21,145;1,213074
21,146667;1,233101
21,148333;1,255989
21,15;1,276016
21,151667;1,298904
21,153333;1,321793
21,155;1,344681
21,156667;1,367569
21,158333;1,390457
21,16;1,416206
21,161667;1,439095
21,163333;1,464844
21,165;1,487732
21,166667;1,513481
21,168333;1,53923
21,17;1,567841
21,171667;1,59359
21,173333;1,619339
21,175;1,647949
21,176667;1,67656
21,178333;1,70517
21,18;1,73378
21,181667;1,76239
21,183333;1,793861
21,185;1,822472
21,186667;1,853943
21,188333;1,885414
21,19;1,916885
21,191667;1,948357
21,193333;1,982689
21,195;2,01416
21,196667;2,048493
21,198333;2,082825
21,2;2,117157
21,201667;2,151489
21,203333;2,188683
21,205;2,223015
21,206667;2,260208
21,208333;2,297402
21,21;2,334595
21,211667;2,371788
21,213333;2,451897
21,215;2,491951
21,216667;2,532005
21,218333;2,532005
21,22;2,57206
21,221667;2,614975
21,223333;2,65789
21,225;2,700806
21,226667;2,743721
21,228333;2,786637
21,23;2,832413
21,231667;2,875328
21,233333;2,921105
21,235;2,969742
21,236667;3,015518
21,238333;3,064156
21,24;3,109932
21,241667;3,15857
21,243333;3,207207
21,245;3,258705
21,246667;3,307343
21,248333;3,358841
21,25;3,41034
21,251667;3,464699
21,253333;3,516197
21,255;3,624916
21,256667;3,679276
21,258333;3,736496
21,26;3,790856
21,261667;3,848076
21,263333;3,905297
21,265;3,905297
21,266667;3,965378
21,268333;4,022599
21,27;4,08268
21,271667;4,142761
21,273333;4,205704
21,275;4,265785
21,276667;4,328728
21,278333;4,39167
21,28;4,454613
21,281667;4,520417
21,283333;4,583359
21,285;4,649163
21,286667;4,714966
21,288333;4,783631
21,29;4,849434
21,291667;4,918099
21,293333;4,986763
21,295;5,058289
21,296667;5,126953
21,298333;5,198479
21,3;5,270005
21,301667;5,34153
21,303333;5,413056
21,305;5,487442
21,306667;5,561829
21,308333;5,636216
21,31;5,710602
21,311667;5,78785
21,313333;5,865097
21,315;5,942345
21,316667;6,019593
21,318333;6,09684
21,32;6,176949
21,321667;6,254197
21,323333;6,334305
21,325;6,417275
21,326667;6,497384
21,328333;6,580353
21,33;6,663323
21,331667;6,746293
21,333333;6,829262
21,335;6,912232
21,336667;6,998063
21,338333;7,081032
21,34;7,166863
21,341667;7,252694
21,343333;7,341385
21,345;7,427216
21,346667;7,515908
21,348333;7,601738
21,35;7,69043
21,351667;7,779122
21,353333;7,870675
21,355;7,959366
21,356667;8,050919
21,358333;8,142472
21,36;8,325577
21,361667;8,325577
21,363333;8,41713
21,365;8,508683
21,366667;8,600235
21,368333;8,694649
21,37;8,883477
21,371667;8,977891
21,373333;9,072304
21,375;9,166718
21,376667;9,166718
21,378333;9,261132
21,38;9,358407
21,381667;9,45282
21,383333;9,550095
21,385;9,644509
21,386667;9,741784
21,388333;9,839059
21,39;9,936333
21,391667;10,033608
21,393333;10,130883
21,395;10,228158
21,396667;10,325432
21,398333;10,422707
21,4;10,519982
21,401667;10,617257
21,403333;10,717393
21,405;10,814667
21,406667;10,914803
21,408333;11,012078
21,41;11,112214
21,411667;11,209489
21,413333;11,306763
21,415;11,406899
21,416667;11,504174
21,418333;11,60431
21,42;11,701585
21,421667;11,80172
21,423333;11,898995
21,425;11,999131
21,426667;12,096406
21,428333;12,193681
21,43;12,293816
21,431667;12,391091
21,433333;12,488366
21,435;12,585641
21,436667;12,682915
21,438333;12,78019
21,44;12,877465
21,441667;13,072015
21,443333;13,169289
21,445;13,169289
21,446667;13,263703
21,448333;13,360978
21,45;13,455392
21,451667;13,549805
21,453333;13,64708
21,455;13,741494
21,456667;13,835908
21,458333;13,930322
21,46;14,021874
21,461667;14,116288
21,463333;14,302255
21,465;14,393807
21,466667;14,48536
21,468333;14,576913
21,47;14,576913
21,471667;14,668466
21,473333;14,757157
21,475;14,845849
21,476667;14,937402
21,478333;15,023232
21,48;15,111924
21,481667;15,200616
21,483333;15,286447
21,485;15,372277
21,486667;15,458108
21,488333;15,543939
21,49;15,626908
21,491667;15,712739
21,493333;15,795709
21,495;15,878678
21,496667;15,958787
21,498333;16,041757
21,5;16,121865
21,501667;16,201974
21,503333;16,279222
21,505;16,356469
21,506667;16,436578
21,508333;16,510964
21,51;16,588212
21,511667;16,662599
21,513333;16,736985
21,515;16,811372
21,516667;16,882897
21,518333;16,954423
21,52;17,025949
21,521667;17,097474
21,523333;17,166139
21,525;17,234803
21,526667;17,303468
21,528333;17,372132
21,53;17,437936
21,531667;17,503739
21,533333;17,566682
21,535;17,629624
21,536667;17,692567
21,538333;17,755509
21,54;17,815591
21,541667;17,875672
21,543333;17,935754
21,545;17,992974
21,546667;18,050195
21,548333;18,107415
21,55;18,161775
21,551667;18,216134
21,553333;18,267633
21,555;18,321992
21,556667;18,37349
21,558333;18,422128
21,56;18,473626
21,561667;18,522264
21,563333;18,56804
21,565;18,613816
21,566667;18,659593
21,568333;18,705369
21,57;18,748285
21,571667;18,7912
21,573333;18,831254
21,575;18,871308
21,576667;18,911363
21,578333;18,948556
21,58;18,985749
21,581667;19,022943
21,583333;19,057275
21,585;19,091607
21,586667;19,12594
21,588333;19,157411
21,59;19,188882
21,591667;19,217492
21,593333;19,248964
21,595;19,274713
21,596667;19,303323
21,598333;19,329072
21,6;19,35196
21,601667;19,37771
21,603333;19,397737
21,605;19,420625
21,606667;19,440652
21,608333;19,460679
21,61;19,477845
21,611667;19,497873
21,613333;19,512178
21,615;19,529344
21,616667;19,543649
21,618333;19,555093
21,62;19,569398
21,621667;19,580842
21,623333;19,589425
21,625;19,598008
21,626667;19,606591
21,628333;19,615175
21,63;19,620897
21,631667;19,623758
21,633333;19,62948
21,635;19,632341
21,636667;19,635202
21,638333;19,635202
21,64;19,635202
21,641667;19,635202
21,643333;19,632341
21,645;19,62948
21,646667;19,626619
21,648333;19,620897
21,65;19,606591
21,651667;19,606591
21,653333;19,598008
21,655;19,589425
21,656667;19,580842
21,658333;19,569398
21,66;19,557954
21,661667;19,54651
21,663333;19,532205
21,665;19,5179
21,666667;19,500734
21,668333;19,486428
21,67;19,469262
21,671667;19,449235
21,673333;19,432069
21,675;19,412042
21,676667;19,389154
21,678333;19,369127
21,68;19,346238
21,681667;19,32335
21,683333;19,271852
21,685;19,246103
21,686667;19,220353
21,688333;19,191743
21,69;19,163133
21,691667;19,163133
21,693333;19,134523
21,695;19,103051
21,696667;19,074441
21,698333;19,04297
21,7;19,008638
21,701667;18,977166
21,703333;18,942834
21,705;18,908502
21,706667;18,871308
21,708333;18,834115
21,71;18,796922
21,711667;18,759729
21,713333;18,719674
21,715;18,642427
21,716667;18,599511
21,718333;18,559457
21,72;18,559457
21,721667;18,516542
21,723333;18,473626
21,725;18,384935
21,726667;18,342019
21,728333;18,296243
21,73;18,250466
21,731667;18,201829
21,733333;18,201829
21,735;18,156053
21,736667;18,107415
21,738333;18,058778
21,74;18,00728
21,741667;17,958642
21,743333;17,907144
21,745;17,858506
21,746667;17,807008
21,748333;17,752648
21,75;17,70115
21,751667;17,646791
21,753333;17,592431
21,755;17,538072
21,756667;17,483712
21,758333;17,429353
21,76;17,372132
21,761667;17,314912
21,763333;17,257691
21,765;17,200471
21,766667;17,143251
21,768333;17,08603
21,77;17,025949
21,771667;16,965867
21,773333;16,905786
21,775;16,845704
21,776667;16,785623
21,778333;16,662599
21,78;16,602517
21,781667;16,539575
21,783333;16,539575
21,785;16,476632
21,786667;16,41369
21,788333;16,350747
21,79;16,287805
21,791667;16,222001
21,793333;16,159059
21,795;16,093255
21,796667;16,030313
21,798333;15,964509
21,8;15,898705
21,801667;15,832902
21,803333;15,767098
21,805;15,701295
21,806667;15,635491
21,808333;15,566827
21,81;15,501023
21,811667;15,432359
21,813333;15,366555
21,815;15,297891
21,816667;15,229226
21,818333;15,160562
21,82;15,091897
21,821667;15,023232
21,823333;14,954568
21,825;14,885903
21,826667;14,817239
21,828333;14,748574
21,83;14,677049
21,831667;14,608384
21,833333;14,539719
21,835;14,468194
21,836667;14,399529
21,838333;14,328004
21,84;14,259339
21,841667;14,187814
21,843333;14,116288
21,845;14,047624
21,846667;13,976098
21,848333;13,904572
21,85;13,835908
21,851667;13,764382
21,853333;13,692857
21,855;13,621331
21,856667;13,549805
21,858333;13,47828
21,86;13,409615
21,861667;13,33809
21,863333;13,266564
21,865;13,195039
21,866667;13,123513
21,868333;13,051987
21,87;12,980462
21,871667;12,908936
21,873333;12,837411
21,875;12,765885
21,876667;12,69436
21,878333;12,625695
21,88;12,554169
21,881667;12,482644
21,883333;12,411118
21,885;12,339593
21,886667;12,270928
21,888333;12,199403
21,89;12,127877
21,891667;12,056351
21,893333;11,987687
21,895;11,916161
21,896667;11,844636
21,898333;11,775971
21,9;11,704446
21,901667;11,635781
21,903333;11,564255
21,905;11,49273
21,906667;11,424065
21,908333;11,355401
21,91;11,283875
21,911667;11,215211
21,913333;11,146546
21,915;11,077882
21,916667;11,009217
21,918333;10,937691
21,92;10,869027
21,921667;10,800362
21,923333;10,731698
21,925;10,663033
21,926667;10,59723
21,928333;10,528565
21,93;10,459901
21,931667;10,391236
21,933333;10,325432
21,935;10,190964
21,936667;10,1223
21,938333;10,056496
21,94;9,990693
21,941667;9,990693
21,943333;9,924889
21,945;9,856225
21,946667;9,790421
21,948333;9,724618
21,95;9,658814
21,951667;9,595872
21,953333;9,530068
21,955;9,464264
21,956667;9,401322
21,958333;9,335518
21,96;9,272576
21,961667;9,206772
21,963333;9,14383
21,965;9,080887
21,966667;9,017945
21,968333;8,955002
21,97;8,89206
21,971667;8,829117
21,973333;8,766175
21,975;8,706093
21,976667;8,643151
21,978333;8,580208
21,98;8,520127
21,981667;8,460045
21,983333;8,397103
21,985;8,337021
21,986667;8,216858
21,988333;8,156777
21,99;8,096695
21,991667;8,039475
21,993333;8,039475
21,995;7,979393
21,996667;7,919312
21,998333;7,862092
22;7,804871
22,001667;7,74479
22,003333;7,687569
22,005;7,630349
22,006667;7,573128
22,008333;7,515908
22,01;7,461548
22,011667;7,404328
22,013333;7,349968
22,015;7,292748
22,016667;7,238388
22,018333;7,126809
22,02;7,072449
22,021667;7,072449
22,023333;7,01809
22,025;6,96373
22,026667;6,912232
22,028333;6,803513
22,03;6,752015
22,031667;6,700516
22,033333;6,646157
22,035;6,594658
22,036667;6,594658
22,038333;6,54316
22,04;6,491661
22,041667;6,440163
22,043333;6,388665
22,045;6,340027
22,046667;6,288529
22,048333;6,239891
22,05;6,188393
22,051667;6,139756
22,053333;6,091118
22,055;6,042481
22,056667;5,993843
22,058333;5,945206
22,06;5,896569
22,061667;5,847931
22,063333;5,799294
22,065;5,753517
22,066667;5,707741
22,068333;5,659104
22,07;5,613327
22,071667;5,567551
22,073333;5,521775
22,075;5,475998
22,076667;5,430222
22,078333;5,387307
22,08;5,34153
22,081667;5,298615
22,083333;5,252838
22,085;5,209923
22,086667;5,167008
22,088333;5,124092
22,09;5,081177
22,091667;5,038262
22,093333;4,995346
22,095;4,952431
22,096667;4,912377
22,098333;4,869461
22,1;4,829407
22,101667;4,786492
22,103333;4,746437
22,105;4,706383
22,106667;4,666329
22,108333;4,626274
22,11;4,58622
22,111667;4,546166
22,113333;4,508972
22,115;4,468918
22,116667;4,431725
22,118333;4,394532
22,12;4,354477
22,121667;4,317284
22,123333;4,280091
22,125;4,242897
22,126667;4,205704
22,128333;4,168511
22,13;4,131317
22,131667;4,096985
22,133333;4,059792
22,135;4,02546
22,136667;3,988266
22,138333;3,953934
22,14;3,919602
22,141667;3,885269
22,143333;3,816605
22,145;3,782273
22,146667;3,74794
22,148333;3,74794
22,15;3,716469
22,151667;3,682137
22,153333;3,650666
22,155;3,616333
22,156667;3,584862
22,158333;3,553391
22,16;3,521919
22,161667;3,490448
22,163333;3,458977
22,165;3,427506
22,166667;3,396034
22,168333;3,364563
22,17;3,335953
22,171667;3,304482
22,173333;3,27301
22,175;3,2444
22,176667;3,21579
22,178333;3,184319
22,18;3,155709
22,181667;3,127098
22,183333;3,098488
22,185;3,069878
22,186667;3,044129
22,188333;3,015518
22,19;2,986908
22,191667;2,961159
22,193333;2,932549
22,195;2,906799
22,196667;2,878189
22,198333;2,85244
22,2;2,826691
22,201667;2,800942
22,203333;2,772331
22,205;2,746582
22,206667;2,723694
22,208333;2,697945
22,21;2,672196
22,211667;2,646446
22,213333;2,620697
22,215;2,597809
22,216667;2,57206
22,218333;2,549172
22,22;2,526283
22,221667;2,500534
22,223333;2,477646
22,225;2,454758
22,226667;2,43187
22,228333;2,408981
22,23;2,386093
22,231667;2,363205
22,233333;2,340317
22,235;2,32029
22,236667;2,297402
22,238333;2,274513
22,24;2,254486
22,241667;2,231598
22,243333;2,211571
22,245;2,168656
22,246667;2,148628
22,248333;2,128601
22,25;2,108574
22,251667;2,108574
22,253333;2,085686
22,255;2,065659
22,256667;2,045632
22,258333;2,025604
22,26;2,008438
22,261667;1,988411
22,263333;1,968384
22,265;1,948357
22,266667;1,931191
22,268333;1,911163
22,27;1,893997
22,271667;1,87397
22,273333;1,856804
22,275;1,839638
22,276667;1,819611
22,278333;1,802445
22,28;1,785278
22,281667;1,768112
22,283333;1,750946
22,285;1,73378
22,286667;1,716614
22,288333;1,699448
22,29;1,682282
22,291667;1,667976
22,293333;1,65081
22,295;1,633644
22,296667;1,619339
22,298333;1,602173
22,3;1,587868
22,301667;1,570702
22,303333;1,556397
22,305;1,53923
22,306667;1,524925
22,308333;1,51062
22,31;1,496315
22,311667;1,48201
22,313333;1,464844
22,315;1,450539
22,316667;1,436234
22,318333;1,421928
22,32;1,407623
22,321667;1,393318
22,323333;1,381874
22,325;1,367569
22,326667;1,338959
22,328333;1,338959
22,33;1,324654
22,331667;1,31321
22,333333;1,298904
22,335;1,284599
22,336667;1,273155
22,338333;1,25885
22,34;1,247406
22,341667;1,233101
22,343333;1,221657
22,345;1,210213
22,346667;1,195908
22,348333;1,184464
22,35;1,173019
22,351667;1,161575
22,353333;1,150131
22,355;1,135826
22,356667;1,124382
22,358333;1,112938
22,36;1,101494
22,361667;1,09005
22,363333;1,081467
22,365;1,070023
22,366667;1,058579
22,368333;1,047134
22,37;1,03569
22,371667;1,027107
22,373333;1,015663
22,375;1,004219
22,376667;0,995636
22,378333;0,984192
22,38;0,975609
22,381667;0,964165
22,383333;0,955582
22,385;0,944138
22,386667;0,935555
22,388333;0,92411
22,39;0,915527
22,391667;0,906944
22,393333;0,8955
22,395;0,886917
22,396667;0,878334
22,398333;0,869751
22,4;0,861168
22,401667;0,849724
22,403333;0,841141
22,405;0,832558
22,406667;0,823975
22,408333;0,815392
22,41;0,806809
22,411667;0,798225
22,413333;0,789642
22,415;0,781059
22,416667;0,772476
22,418333;0,763893
22,42;0,75531
22,421667;0,749588
22,423333;0,741005
22,425;0,732422
22,426667;0,723839
22,428333;0,718117
22,43;0,709534
22,431667;0,700951
22,433333;0,695229
22,435;0,686646
22,436667;0,678062
22,438333;0,67234
22,44;0,663757
22,441667;0,658035
22,443333;0,649452
22,445;0,64373
22,446667;0,635147
22,448333;0,629425
22,45;0,620842
22,451667;0,61512
22,453333;0,609398
22,455;0,600815
22,456667;0,595093
22,458333;0,589371
22,46;0,583649
22,461667;0,575066
22,463333;0,569344
22,465;0,563622
22,466667;0,5579
22,468333;0,552177
22,47;0,546455
22,471667;0,540733
22,473333;0,535011
22,475;0,529289
22,476667;0,523567
22,478333;0,517845
22,48;0,512123
22,481667;0,506401
22,483333;0,500679
22,485;0,494957
22,486667;0,489235
22,488333;0,483513
22,49;0,477791
22,491667;0,472069
22,493333;0,469208
22,495;0,463486
22,496667;0,457764
22,498333;0,452042
22,5;0,44632
22,501667;0,440598
22,503333;0,437737
22,505;0,432014
22,506667;0,426292
22,508333;0,42057
22,51;0,417709
22,511667;0,411987
22,513333;0,406265
22,515;0,403404
22,516667;0,397682
22,518333;0,39196
22,52;0,389099
22,521667;0,383377
22,523333;0,380516
22,525;0,374794
22,526667;0,369072
22,528333;0,366211
22,53;0,360489
22,531667;0,357628
22,533333;0,351906
22,535;0,349045
22,536667;0,346184
22,538333;0,340462
22,54;0,337601
22,541667;0,331879
22,543333;0,329018
22,545;0,326157
22,546667;0,320435
22,548333;0,317574
22,55;0,314713
22,551667;0,30899
22,553333;0,306129
22,555;0,303268
22,556667;0,297546
22,558333;0,294685
22,56;0,291824
22,561667;0,286102
22,563333;0,283241
22,565;0,28038
22,566667;0,277519
22,568333;0,274658
22,57;0,268936
22,571667;0,266075
22,573333;0,263214
22,575;0,260353
22,576667;0,257492
22,578333;0,254631
22,58;0,248909
22,581667;0,246048
22,583333;0,243187
22,585;0,240326
22,586667;0,237465
22,588333;0,234604
22,59;0,231743
22,591667;0,228882
22,593333;0,226021
22,595;0,22316
22,596667;0,220299
22,598333;0,217438
22,6;0,214577
22,601667;0,211716
22,603333;0,208855
22,605;0,205994
22,606667;0,203133
22,608333;0,200272
22,61;0,197411
22,611667;0,19455
22,613333;0,191689
22,615;0,188828
22,616667;0,185967
22,618333;0,185967
22,62;0,183105
22,621667;0,180244
22,623333;0,177383
22,625;0,174522
22,626667;0,171661
22,628333;0,171661
22,63;0,1688
22,631667;0,165939
22,633333;0,163078
22,635;0,160217
22,636667;0,160217
22,638333;0,157356
22,64;0,154495
22,641667;0,151634
22,643333;0,151634
22,645;0,148773
22,646667;0,145912
22,648333;0,143051
22,65;0,14019
22,651667;0,14019
22,653333;0,137329
22,655;0,134468
22,656667;0,131607
22,658333;0,131607
22,66;0,128746
22,661667;0,125885
22,663333;0,125885
22,665;0,123024
22,666667;0,120163
22,668333;0,120163
22,67;0,117302
22,671667;0,114441
22,673333;0,114441
22,675;0,11158
22,676667;0,108719
22,678333;0,108719
22,68;0,105858
22,681667;0,105858
22,683333;0,102997
22,685;0,102997
22,686667;0,100136
22,688333;0,097275
22,69;0,097275
22,691667;0,094414
22,693333;0,094414
22,695;0,091553
22,696667;0,091553
22,698333;0,088692
22,7;0,088692
22,701667;0,085831
22,703333;0,085831
22,705;0,08297
22,706667;0,08297
22,708333;0,080109
22,71;0,080109
22,711667;0,077248
22,713333;0,074387
22,715;0,074387
22,716667;0,071526
22,718333;0,071526
22,72;0,068665
22,721667;0,068665
22,723333;0,068665
22,725;0,065804
22,726667;0,065804
22,728333;0,062943
22,73;0,062943
22,731667;0,060081
22,733333;0,060081
22,735;0,05722
22,736667;0,05722
22,738333;0,054359
22,74;0,054359
22,741667;0,051498
22,743333;0,051498
22,745;0,051498
22,746667;0,051498
22,748333;0,048637
22,75;0,045776
22,751667;0,045776
22,753333;0,042915
22,755;0,042915
22,756667;0,042915
22,758333;0,042915
22,76;0,040054
22,761667;0,040054
22,763333;0,037193
22,765;0,037193
22,766667;0,034332
22,768333;0,034332
22,77;0,034332
22,771667;0,034332
22,773333;0,031471
22,775;0,031471
22,776667;0,031471
22,778333;0,02861
22,78;0,02861
22,781667;0,02861
22,783333;0,025749
22,785;0,022888
22,786667;0,022888
22,788333;0,022888
22,79;0,022888
22,791667;0,020027
22,793333;0,020027
22,795;0,020027
22,796667;0,017166
22,798333;0,017166
22,8;0,017166
22,801667;0,014305
22,803333;0,014305
22,805;0,014305
22,806667;0,014305
22,808333;0,011444
22,81;0,011444
22,811667;0,011444
22,813333;0,008583
22,815;0,008583
22,816667;0,008583
22,818333;0,008583
22,82;0,005722
22,821667;0,005722
22,823333;0,005722
22,825;0,005722
22,826667;0,002861
22,828333;0,002861
22,83;0,002861
22,831667;0,002861
22,833333;0,002861
22,835;0
22,836667;0
22,838333;0
22,84;0
22,841667;0
22,843333;-0,002861
22,845;-0,002861
22,846667;-0,002861
22,848333;-0,005722
22,85;-0,005722
22,851667;-0,005722
22,853333;-0,005722
22,855;-0,008583
22,856667;-0,008583
22,858333;-0,008583
22,86;-0,008583
22,861667;-0,011444
22,863333;-0,011444
22,865;-0,011444
22,866667;-0,011444
22,868333;-0,011444
22,87;-0,014305
22,871667;-0,014305
22,873333;-0,014305
22,875;-0,014305
22,876667;-0,014305
22,878333;-0,017166
22,88;-0,017166
22,881667;-0,017166
22,883333;-0,017166
22,885;-0,017166
22,886667;-0,020027
22,888333;-0,020027
22,89;-0,020027
22,891667;-0,020027
22,893333;-0,022888
22,895;-0,022888
22,896667;-0,022888
22,898333;-0,022888
22,9;-0,022888
22,901667;-0,022888
22,903333;-0,025749
22,905;-0,025749
22,906667;-0,025749
22,908333;-0,025749
22,91;-0,025749
22,911667;-0,02861
22,913333;-0,02861
22,915;-0,02861
22,916667;-0,02861
22,918333;-0,02861
22,92;-0,031471
22,921667;-0,031471
22,923333;-0,031471
22,925;-0,031471
22,926667;-0,031471
22,928333;-0,031471
22,93;-0,034332
22,931667;-0,034332
22,933333;-0,034332
22,935;-0,034332
22,936667;-0,034332
22,938333;-0,037193
22,94;-0,037193
22,941667;-0,037193
22,943333;-0,037193
22,945;-0,037193
22,946667;-0,037193
22,948333;-0,037193
22,95;-0,037193
22,951667;-0,040054
22,953333;-0,040054
22,955;-0,040054
22,956667;-0,040054
22,958333;-0,040054
22,96;-0,040054
22,961667;-0,042915
22,963333;-0,042915
22,965;-0,042915
22,966667;-0,042915
22,968333;-0,042915
22,97;-0,042915
22,971667;-0,042915
22,973333;-0,042915
22,975;-0,045776
22,976667;-0,045776
22,978333;-0,045776
22,98;-0,045776
22,981667;-0,045776
22,983333;-0,045776
22,985;-0,045776
22,986667;-0,048637
22,988333;-0,048637
22,99;-0,048637
22,991667;-0,048637
22,993333;-0,048637
22,995;-0,048637
22,996667;-0,048637
22,998333;-0,051498
23;-0,051498
23,001667;-0,051498
23,003333;-0,051498
23,005;-0,051498
23,006667;-0,051498
23,008333;-0,051498
23,01;-0,051498
23,011667;-0,051498
23,013333;-0,051498
23,015;-0,051498
23,016667;-0,051498
23,018333;-0,051498
23,02;-0,051498
23,021667;-0,054359
23,023333;-0,054359
23,025;-0,054359
23,026667;-0,054359
23,028333;-0,054359
23,03;-0,054359
23,031667;-0,054359
23,033333;-0,054359
23,035;-0,054359
23,036667;-0,054359
23,038333;-0,05722
23,04;-0,05722
23,041667;-0,05722
23,043333;-0,05722
23,045;-0,05722
23,046667;-0,05722
23,048333;-0,05722
23,05;-0,05722
23,051667;-0,05722
23,053333;-0,05722
23,055;-0,060081
23,056667;-0,060081
23,058333;-0,060081
23,06;-0,060081
23,061667;-0,060081
23,063333;-0,060081
23,065;-0,060081
23,066667;-0,060081
23,068333;-0,060081
23,07;-0,060081
23,071667;-0,060081
23,073333;-0,060081
23,075;-0,062943
23,076667;-0,062943
23,078333;-0,062943
23,08;-0,062943
23,081667;-0,062943
23,083333;-0,062943
23,085;-0,062943
23,086667;-0,062943
23,088333;-0,062943
23,09;-0,062943
23,091667;-0,065804
23,093333;-0,065804
23,095;-0,065804
23,096667;-0,065804
23,098333;-0,065804
23,1;-0,065804
23,101667;-0,065804
23,103333;-0,065804
23,105;-0,065804
23,106667;-0,068665
23,108333;-0,068665
23,11;-0,068665
23,111667;-0,068665
23,113333;-0,068665
23,115;-0,068665
23,116667;-0,068665
23,118333;-0,068665
23,12;-0,068665
23,121667;-0,068665
23,123333;-0,068665
23,125;-0,071526
23,126667;-0,071526
23,128333;-0,071526
23,13;-0,071526
23,131667;-0,071526
23,133333;-0,071526
23,135;-0,071526
23,136667;-0,071526
23,138333;-0,071526
23,14;-0,071526
23,141667;-0,071526
23,143333;-0,071526
23,145;-0,071526
23,146667;-0,071526
23,148333;-0,071526
23,15;-0,071526
23,151667;-0,071526
23,153333;-0,071526
23,155;-0,074387
23,156667;-0,074387
23,158333;-0,074387
23,16;-0,074387
23,161667;-0,074387
23,163333;-0,074387
23,165;-0,074387
23,166667;-0,074387
23,168333;-0,074387
23,17;-0,074387
23,171667;-0,074387
23,173333;-0,074387
23,175;-0,074387
23,176667;-0,074387
23,178333;-0,074387
23,18;-0,074387
23,181667;-0,074387
23,183333;-0,074387
23,185;-0,074387
23,186667;-0,074387
23,188333;-0,074387
23,19;-0,074387
23,191667;-0,074387
23,193333;-0,077248
23,195;-0,077248
23,196667;-0,077248
23,198333;-0,077248
23,2;-0,077248
23,201667;-0,077248
23,203333;-0,077248
23,205;-0,077248
23,206667;-0,077248
23,208333;-0,077248
23,21;-0,077248
23,211667;-0,077248
23,213333;-0,077248
23,215;-0,077248
23,216667;-0,077248
23,218333;-0,080109
23,22;-0,080109
23,221667;-0,080109
23,223333;-0,080109
23,225;-0,080109
23,226667;-0,080109
23,228333;-0,080109
23,23;-0,080109
23,231667;-0,080109
23,233333;-0,080109
23,235;-0,080109
23,236667;-0,080109
23,238333;-0,080109
23,24;-0,080109
23,241667;-0,080109
23,243333;-0,080109
23,245;-0,080109
23,246667;-0,080109
23,248333;-0,080109
23,25;-0,080109
23,251667;-0,080109
23,253333;-0,080109
23,255;-0,080109
23,256667;-0,080109
23,258333;-0,080109
23,26;-0,080109
23,261667;-0,08297
23,263333;-0,08297
23,265;-0,08297
23,266667;-0,08297
23,268333;-0,08297
23,27;-0,08297
23,271667;-0,08297
23,273333;-0,08297
23,275;-0,08297
23,276667;-0,08297
23,278333;-0,08297
23,28;-0,08297
23,281667;-0,08297
23,283333;-0,08297
23,285;-0,08297
23,286667;-0,08297
23,288333;-0,08297
23,29;-0,08297
23,291667;-0,08297
23,293333;-0,08297
23,295;-0,08297
23,296667;-0,08297
23,298333;-0,085831
23,3;-0,085831
23,301667;-0,085831
23,303333;-0,085831
23,305;-0,085831
23,306667;-0,085831
23,308333;-0,085831
23,31;-0,085831
23,311667;-0,085831
23,313333;-0,085831
23,315;-0,085831
23,316667;-0,085831
23,318333;-0,085831
23,32;-0,085831
23,321667;-0,085831
23,323333;-0,085831
23,325;-0,085831
23,326667;-0,085831
23,328333;-0,085831
23,33;-0,085831
23,331667;-0,085831
23,333333;-0,085831
23,335;-0,085831
23,336667;-0,085831
23,338333;-0,085831
23,34;-0,085831
23,341667;-0,085831
23,343333;-0,088692
23,345;-0,088692
23,346667;-0,088692
23,348333;-0,088692
23,35;-0,088692
23,351667;-0,088692
23,353333;-0,088692
23,355;-0,088692
23,356667;-0,088692
23,358333;-0,088692
23,36;-0,088692
23,361667;-0,088692
23,363333;-0,088692
23,365;-0,088692
23,366667;-0,088692
23,368333;-0,088692
23,37;-0,088692
23,371667;-0,088692
23,373333;-0,088692
23,375;-0,088692
23,376667;-0,088692
23,378333;-0,088692
23,38;-0,088692
23,381667;-0,088692
23,383333;-0,088692
23,385;-0,088692
23,386667;-0,088692
23,388333;-0,088692
23,39;-0,088692
23,391667;-0,088692
23,393333;-0,091553
23,395;-0,091553
23,396667;-0,091553
23,398333;-0,091553
23,4;-0,091553
23,401667;-0,091553
23,403333;-0,091553
23,405;-0,091553
23,406667;-0,091553
23,408333;-0,091553
23,41;-0,091553
23,411667;-0,091553
23,413333;-0,091553
23,415;-0,091553
23,416667;-0,091553
23,418333;-0,091553
23,42;-0,091553
23,421667;-0,091553
23,423333;-0,091553
23,425;-0,091553
23,426667;-0,091553
23,428333;-0,091553
23,43;-0,091553
23,431667;-0,091553
23,433333;-0,091553
23,435;-0,091553
23,436667;-0,091553
23,438333;-0,091553
23,44;-0,091553
23,441667;-0,091553
23,443333;-0,091553
23,445;-0,094414
23,446667;-0,094414
23,448333;-0,094414
23,45;-0,094414
23,451667;-0,091553
23,453333;-0,091553
23,455;-0,091553
23,456667;-0,091553
23,458333;-0,094414
23,46;-0,094414
23,461667;-0,094414
23,463333;-0,094414
23,465;-0,094414
23,466667;-0,094414
23,468333;-0,094414
23,47;-0,094414
23,471667;-0,094414
23,473333;-0,094414
23,475;-0,094414
23,476667;-0,094414
23,478333;-0,094414
23,48;-0,094414
23,481667;-0,094414
23,483333;-0,094414
23,485;-0,094414
23,486667;-0,094414
23,488333;-0,094414
23,49;-0,094414
23,491667;-0,094414
23,493333;-0,094414
23,495;-0,094414
23,496667;-0,094414
23,498333;-0,094414
23,5;-0,094414
23,501667;-0,094414
23,503333;-0,094414
23,505;-0,094414
23,506667;-0,094414
23,508333;-0,094414
23,51;-0,094414
23,511667;-0,094414
23,513333;-0,094414
23,515;-0,094414
23,516667;-0,094414
23,518333;-0,097275
23,52;-0,097275
23,521667;-0,097275
23,523333;-0,097275
23,525;-0,097275
23,526667;-0,097275
23,528333;-0,097275
23,53;-0,097275
23,531667;-0,097275
23,533333;-0,097275
23,535;-0,097275
23,536667;-0,097275
23,538333;-0,097275
23,54;-0,097275
23,541667;-0,097275
23,543333;-0,097275
23,545;-0,097275
23,546667;-0,097275
23,548333;-0,097275
23,55;-0,097275
23,551667;-0,097275
23,553333;-0,097275
23,555;-0,097275
23,556667;-0,097275
23,558333;-0,097275
23,56;-0,097275
23,561667;-0,097275
23,563333;-0,097275
23,565;-0,097275
23,566667;-0,097275
23,568333;-0,097275
23,57;-0,097275
23,571667;-0,097275
23,573333;-0,097275
23,575;-0,097275
23,576667;-0,097275
23,578333;-0,097275
23,58;-0,097275
23,581667;-0,097275
23,583333;-0,097275
23,585;-0,097275
23,586667;-0,097275
23,588333;-0,097275
23,59;-0,097275
23,591667;-0,097275
23,593333;-0,097275
23,595;-0,097275
23,596667;-0,097275
23,598333;-0,097275
23,6;-0,097275
23,601667;-0,097275
23,603333;-0,097275
23,605;-0,097275
23,606667;-0,097275
23,608333;-0,097275
23,61;-0,097275
23,611667;-0,097275
23,613333;-0,097275
23,615;-0,097275
23,616667;-0,097275
23,618333;-0,097275
23,62;-0,097275
23,621667;-0,097275
23,623333;-0,097275
23,625;-0,097275
23,626667;-0,097275
23,628333;-0,097275
23,63;-0,097275
23,631667;-0,097275
23,633333;-0,097275
23,635;-0,097275
23,636667;-0,097275
23,638333;-0,097275
23,64;-0,097275
23,641667;-0,097275
23,643333;-0,097275
23,645;-0,097275
23,646667;-0,097275
23,648333;-0,097275
23,65;-0,097275
23,651667;-0,097275
23,653333;-0,097275
23,655;-0,097275
23,656667;-0,097275
23,658333;-0,097275
23,66;-0,097275
23,661667;-0,097275
23,663333;-0,097275
23,665;-0,097275
23,666667;-0,097275
23,668333;-0,097275
23,67;-0,097275
23,671667;-0,100136
23,673333;-0,100136
23,675;-0,100136
23,676667;-0,100136
23,678333;-0,100136
23,68;-0,100136
23,681667;-0,100136
23,683333;-0,100136
23,685;-0,100136
23,686667;-0,100136
23,688333;-0,100136
23,69;-0,100136
23,691667;-0,100136
23,693333;-0,100136
23,695;-0,100136
23,696667;-0,100136
23,698333;-0,100136
23,7;-0,100136
23,701667;-0,100136
23,703333;-0,100136
23,705;-0,100136
23,706667;-0,100136
23,708333;-0,100136
23,71;-0,100136
23,711667;-0,100136
23,713333;-0,100136
23,715;-0,100136
23,716667;-0,100136
23,718333;-0,100136
23,72;-0,100136
23,721667;-0,100136
23,723333;-0,100136
23,725;-0,100136
23,726667;-0,100136
23,728333;-0,100136
23,73;-0,100136
23,731667;-0,100136
23,733333;-0,100136
23,735;-0,100136
23,736667;-0,100136
23,738333;-0,100136
23,74;-0,100136
23,741667;-0,100136
23,743333;-0,100136
23,745;-0,100136
23,746667;-0,102997
23,748333;-0,102997
23,75;-0,102997
23,751667;-0,102997
23,753333;-0,100136
23,755;-0,100136
23,756667;-0,102997
23,758333;-0,102997
23,76;-0,102997
23,761667;-0,102997
23,763333;-0,102997
23,765;-0,102997
23,766667;-0,102997
23,768333;-0,102997
23,77;-0,102997
23,771667;-0,102997
23,773333;-0,102997
23,775;-0,102997
23,776667;-0,102997
23,778333;-0,102997
23,78;-0,102997
23,781667;-0,102997
23,783333;-0,102997
23,785;-0,102997
23,786667;-0,102997
23,788333;-0,102997
23,79;-0,102997
23,791667;-0,102997
23,793333;-0,102997
23,795;-0,102997
23,796667;-0,102997
23,798333;-0,102997
23,8;-0,102997
23,801667;-0,102997
23,803333;-0,102997
23,805;-0,102997
23,806667;-0,102997
23,808333;-0,102997
23,81;-0,102997
23,811667;-0,102997
23,813333;-0,102997
23,815;-0,102997
23,816667;-0,102997
23,818333;-0,102997
23,82;-0,102997
23,821667;-0,105858
23,823333;-0,105858
23,825;-0,105858
23,826667;-0,105858
23,828333;-0,105858
23,83;-0,105858
23,831667;-0,105858
23,833333;-0,105858
23,835;-0,105858
23,836667;-0,105858
23,838333;-0,105858
23,84;-0,105858
23,841667;-0,105858
23,843333;-0,105858
23,845;-0,105858
23,846667;-0,105858
23,848333;-0,105858
23,85;-0,105858
23,851667;-0,105858
23,853333;-0,105858
23,855;-0,105858
23,856667;-0,105858
23,858333;-0,105858
23,86;-0,105858
23,861667;-0,105858
23,863333;-0,105858
23,865;-0,105858
23,866667;-0,105858
23,868333;-0,105858
23,87;-0,105858
23,871667;-0,105858
23,873333;-0,105858
23,875;-0,105858
23,876667;-0,105858
23,878333;-0,105858
23,88;-0,105858
23,881667;-0,105858
23,883333;-0,105858
23,885;-0,105858
23,886667;-0,105858
23,888333;-0,105858
23,89;-0,105858
23,891667;-0,105858
23,893333;-0,105858
23,895;-0,105858
23,896667;-0,105858
23,898333;-0,105858
23,9;-0,105858
23,901667;-0,105858
23,903333;-0,105858
23,905;-0,105858
23,906667;-0,105858
23,908333;-0,105858
23,91;-0,105858
23,911667;-0,105858
23,913333;-0,105858
23,915;-0,105858
23,916667;-0,105858
23,918333;-0,105858
23,92;-0,105858
23,921667;-0,105858
23,923333;-0,105858
23,925;-0,105858
23,926667;-0,105858
23,928333;-0,105858
23,93;-0,105858
23,931667;-0,105858
23,933333;-0,105858
23,935;-0,105858
23,936667;-0,105858
23,938333;-0,105858
23,94;-0,105858
23,941667;-0,105858
23,943333;-0,105858
23,945;-0,105858
23,946667;-0,105858
23,948333;-0,105858
23,95;-0,105858
23,951667;-0,105858
23,953333;-0,105858
23,955;-0,105858
23,956667;-0,105858
23,958333;-0,105858
23,96;-0,105858
23,961667;-0,105858
23,963333;-0,105858
23,965;-0,105858
23,966667;-0,105858
23,968333;-0,105858
23,97;-0,105858
23,971667;-0,105858
23,973333;-0,105858
23,975;-0,105858
23,976667;-0,105858
23,978333;-0,105858
23,98;-0,105858
23,981667;-0,105858
23,983333;-0,105858
23,985;-0,105858
23,986667;-0,105858
23,988333;-0,105858
23,99;-0,105858
23,991667;-0,105858
23,993333;-0,105858
23,995;-0,105858
23,996667;-0,105858
23,998333;-0,105858
24;-0,105858
24,001667;-0,108719
24,003333;-0,108719
24,005;-0,108719
24,006667;-0,108719
24,008333;-0,108719
24,01;-0,108719
24,011667;-0,108719
24,013333;-0,108719
24,015;-0,108719
24,016667;-0,108719
24,018333;-0,108719
24,02;-0,108719
24,021667;-0,108719
24,023333;-0,108719
24,025;-0,108719
24,026667;-0,108719
24,028333;-0,108719
24,03;-0,108719
24,031667;-0,108719
24,033333;-0,108719
24,035;-0,108719
24,036667;-0,108719
24,038333;-0,108719
24,04;-0,108719
24,041667;-0,108719
24,043333;-0,108719
24,045;-0,108719
24,046667;-0,108719
24,048333;-0,108719
24,05;-0,108719
24,051667;-0,108719
24,053333;-0,108719
24,055;-0,108719
24,056667;-0,108719
24,058333;-0,108719
24,06;-0,108719
24,061667;-0,108719
24,063333;-0,108719
24,065;-0,108719
24,066667;-0,108719
24,068333;-0,108719
24,07;-0,108719
24,071667;-0,108719
24,073333;-0,108719
24,075;-0,108719
24,076667;-0,108719
24,078333;-0,108719
24,08;-0,108719
24,081667;-0,108719
24,083333;-0,108719
24,085;-0,108719
24,086667;-0,108719
24,088333;-0,108719
24,09;-0,108719
24,091667;-0,108719
24,093333;-0,108719
24,095;-0,108719
24,096667;-0,108719
24,098333;-0,108719
24,1;-0,108719
24,101667;-0,105858
24,103333;-0,105858
24,105;-0,105858
24,106667;-0,105858
24,108333;-0,105858
24,11;-0,105858
24,111667;-0,105858
24,113333;-0,105858
24,115;-0,105858
24,116667;-0,105858
24,118333;-0,105858
24,12;-0,105858
24,121667;-0,105858
24,123333;-0,105858
24,125;-0,105858
24,126667;-0,105858
24,128333;-0,105858
24,13;-0,105858
24,131667;-0,105858
24,133333;-0,105858
24,135;-0,105858
24,136667;-0,105858
24,138333;-0,105858
24,14;-0,105858
24,141667;-0,105858
24,143333;-0,105858
24,145;-0,105858
24,146667;-0,105858
24,148333;-0,105858
24,15;-0,105858
24,151667;-0,105858
24,153333;-0,105858
24,155;-0,105858
24,156667;-0,105858
24,158333;-0,105858
24,16;-0,105858
24,161667;-0,105858
24,163333;-0,105858
24,165;-0,105858
24,166667;-0,105858
24,168333;-0,105858
24,17;-0,105858
24,171667;-0,105858
24,173333;-0,105858
24,175;-0,105858
24,176667;-0,105858
24,178333;-0,105858
24,18;-0,105858
24,181667;-0,105858
24,183333;-0,105858
24,185;-0,105858
24,186667;-0,105858
24,188333;-0,105858
24,19;-0,105858
24,191667;-0,105858
24,193333;-0,105858
24,195;-0,105858
24,196667;-0,105858
24,198333;-0,105858
24,2;-0,105858
24,201667;-0,105858
24,203333;-0,105858
24,205;-0,105858
24,206667;-0,105858
24,208333;-0,105858
24,21;-0,105858
24,211667;-0,105858
24,213333;-0,105858
24,215;-0,105858
24,216667;-0,105858
24,218333;-0,105858
24,22;-0,105858
24,221667;-0,105858
24,223333;-0,105858
24,225;-0,105858
24,226667;-0,105858
24,228333;-0,105858
24,23;-0,105858
24,231667;-0,105858
24,233333;-0,105858
24,235;-0,105858
24,236667;-0,105858
24,238333;-0,105858
24,24;-0,105858
24,241667;-0,105858
24,243333;-0,105858
24,245;-0,105858
24,246667;-0,105858
24,248333;-0,105858
24,25;-0,105858
24,251667;-0,105858
24,253333;-0,105858
24,255;-0,105858
24,256667;-0,105858
24,258333;-0,105858
24,26;-0,105858
24,261667;-0,105858
24,263333;-0,105858
24,265;-0,105858
24,266667;-0,105858
24,268333;-0,105858
24,27;-0,105858
24,271667;-0,105858
24,273333;-0,105858
24,275;-0,105858
24,276667;-0,105858
24,278333;-0,105858
24,28;-0,105858
24,281667;-0,105858
24,283333;-0,105858
24,285;-0,105858
24,286667;-0,105858
24,288333;-0,105858
24,29;-0,105858
24,291667;-0,105858
24,293333;-0,105858
24,295;-0,105858
24,296667;-0,105858
24,298333;-0,105858
24,3;-0,105858
24,301667;-0,105858
24,303333;-0,105858
24,305;-0,105858
24,306667;-0,105858
24,308333;-0,105858
24,31;-0,105858
24,311667;-0,105858
24,313333;-0,105858
24,315;-0,105858
24,316667;-0,105858
24,318333;-0,105858
24,32;-0,105858
24,321667;-0,105858
24,323333;-0,105858
24,325;-0,105858
24,326667;-0,105858
24,328333;-0,105858
24,33;-0,105858
24,331667;-0,105858
24,333333;-0,105858
24,335;-0,105858
24,336667;-0,105858
24,338333;-0,105858
24,34;-0,105858
24,341667;-0,105858
24,343333;-0,105858
24,345;-0,105858
24,346667;-0,105858
24,348333;-0,105858
24,35;-0,105858
24,351667;-0,105858
24,353333;-0,105858
24,355;-0,105858
24,356667;-0,105858
24,358333;-0,105858
24,36;-0,105858
24,361667;-0,105858
24,363333;-0,105858
24,365;-0,105858
24,366667;-0,108719
24,368333;-0,108719
24,37;-0,108719
24,371667;-0,108719
24,373333;-0,108719
24,375;-0,108719
24,376667;-0,108719
24,378333;-0,108719
24,38;-0,108719
24,381667;-0,108719
24,383333;-0,108719
24,385;-0,108719
24,386667;-0,108719
24,388333;-0,108719
24,39;-0,108719
24,391667;-0,108719
24,393333;-0,108719
24,395;-0,108719
24,396667;-0,105858
24,398333;-0,105858
24,4;-0,105858
24,401667;-0,105858
24,403333;-0,105858
24,405;-0,105858
24,406667;-0,105858
24,408333;-0,105858
24,41;-0,105858
24,411667;-0,105858
24,413333;-0,105858
24,415;-0,105858
24,416667;-0,105858
24,418333;-0,108719
24,42;-0,108719
24,421667;-0,108719
24,423333;-0,108719
24,425;-0,108719
24,426667;-0,108719
24,428333;-0,108719
24,43;-0,108719
24,431667;-0,108719
24,433333;-0,108719
24,435;-0,108719
24,436667;-0,108719
24,438333;-0,108719
24,44;-0,108719
24,441667;-0,108719
24,443333;-0,108719
24,445;-0,108719
24,446667;-0,108719
24,448333;-0,108719
24,45;-0,108719
24,451667;-0,108719
24,453333;-0,108719
24,455;-0,108719
24,456667;-0,108719
24,458333;-0,108719
24,46;-0,108719
24,461667;-0,108719
24,463333;-0,108719
24,465;-0,108719
24,466667;-0,108719
24,468333;-0,108719
24,47;-0,108719
24,471667;-0,108719
24,473333;-0,108719
24,475;-0,108719
24,476667;-0,108719
24,478333;-0,108719
24,48;-0,108719
24,481667;-0,108719
24,483333;-0,108719
24,485;-0,108719
24,486667;-0,108719
24,488333;-0,108719
24,49;-0,108719
24,491667;-0,108719
24,493333;-0,108719
24,495;-0,108719
24,496667;-0,108719
24,498333;-0,108719
24,5;-0,108719
24,501667;-0,108719
24,503333;-0,108719
24,505;-0,108719
24,506667;-0,108719
24,508333;-0,108719
24,51;-0,108719
24,511667;-0,108719
24,513333;-0,108719
24,515;-0,108719
24,516667;-0,108719
24,518333;-0,108719
24,52;-0,108719
24,521667;-0,108719
24,523333;-0,108719
24,525;-0,108719
24,526667;-0,108719
24,528333;-0,108719
24,53;-0,108719
24,531667;-0,108719
24,533333;-0,108719
24,535;-0,108719
24,536667;-0,108719
24,538333;-0,108719
24,54;-0,11158
24,541667;-0,11158
24,543333;-0,11158
24,545;-0,11158
24,546667;-0,11158
24,548333;-0,11158
24,55;-0,11158
24,551667;-0,11158
24,553333;-0,11158
24,555;-0,11158
24,556667;-0,11158
24,558333;-0,11158
24,56;-0,11158
24,561667;-0,11158
24,563333;-0,11158
24,565;-0,11158
24,566667;-0,11158
24,568333;-0,11158
24,57;-0,11158
24,571667;-0,11158
24,573333;-0,11158
24,575;-0,11158
24,576667;-0,11158
24,578333;-0,11158
24,58;-0,11158
24,581667;-0,11158
24,583333;-0,11158
24,585;-0,11158
24,586667;-0,11158
24,588333;-0,11158
24,59;-0,11158
24,591667;-0,11158
24,593333;-0,11158
24,595;-0,11158
24,596667;-0,11158
24,598333;-0,11158
24,6;-0,11158
24,601667;-0,11158
24,603333;-0,11158
24,605;-0,11158
24,606667;-0,11158
24,608333;-0,11158
24,61;-0,11158
24,611667;-0,11158
24,613333;-0,11158
24,615;-0,11158
24,616667;-0,11158
24,618333;-0,11158
24,62;-0,11158
24,621667;-0,11158
24,623333;-0,11158
24,625;-0,11158
24,626667;-0,11158
24,628333;-0,11158
24,63;-0,11158
24,631667;-0,11158
24,633333;-0,11158
24,635;-0,11158
24,636667;-0,11158
24,638333;-0,11158
24,64;-0,11158
24,641667;-0,11158
24,643333;-0,11158
24,645;-0,11158
24,646667;-0,11158
24,648333;-0,11158
24,65;-0,114441
24,651667;-0,114441
24,653333;-0,114441
24,655;-0,114441
24,656667;-0,114441
24,658333;-0,114441
24,66;-0,114441
24,661667;-0,114441
24,663333;-0,11158
24,665;-0,11158
24,666667;-0,11158
24,668333;-0,114441
24,67;-0,114441
24,671667;-0,114441
24,673333;-0,114441
24,675;-0,114441
24,676667;-0,114441
24,678333;-0,114441
24,68;-0,114441
24,681667;-0,114441
24,683333;-0,114441
24,685;-0,114441
24,686667;-0,114441
24,688333;-0,114441
24,69;-0,114441
24,691667;-0,114441
24,693333;-0,114441
24,695;-0,114441
24,696667;-0,114441
24,698333;-0,114441
24,7;-0,114441
24,701667;-0,114441
24,703333;-0,114441
24,705;-0,114441
24,706667;-0,114441
24,708333;-0,114441
24,71;-0,114441
24,711667;-0,114441
24,713333;-0,114441
24,715;-0,114441
24,716667;-0,114441
24,718333;-0,114441
24,72;-0,114441
24,721667;-0,114441
24,723333;-0,114441
24,725;-0,114441
24,726667;-0,114441
24,728333;-0,114441
24,73;-0,114441
24,731667;-0,114441
24,733333;-0,114441
24,735;-0,114441
24,736667;-0,114441
24,738333;-0,114441
24,74;-0,114441
24,741667;-0,114441
24,743333;-0,114441
24,745;-0,114441
24,746667;-0,114441
24,748333;-0,114441
24,75;-0,114441
24,751667;-0,114441
24,753333;-0,114441
24,755;-0,114441
24,756667;-0,114441
24,758333;-0,114441
24,76;-0,114441
24,761667;-0,114441
24,763333;-0,114441
24,765;-0,114441
24,766667;-0,114441
24,768333;-0,114441
24,77;-0,114441
24,771667;-0,114441
24,773333;-0,114441
24,775;-0,114441
24,776667;-0,114441
24,778333;-0,114441
24,78;-0,114441
24,781667;-0,114441
24,783333;-0,114441
24,785;-0,114441
24,786667;-0,114441
24,788333;-0,114441
24,79;-0,114441
24,791667;-0,114441
24,793333;-0,114441
24,795;-0,114441
24,796667;-0,114441
24,798333;-0,114441
24,8;-0,114441
24,801667;-0,114441
24,803333;-0,114441
24,805;-0,114441
24,806667;-0,114441
24,808333;-0,114441
24,81;-0,114441
24,811667;-0,114441
24,813333;-0,117302
24,815;-0,117302
24,816667;-0,117302
24,818333;-0,117302
24,82;-0,117302
24,821667;-0,117302
24,823333;-0,117302
24,825;-0,117302
24,826667;-0,117302
24,828333;-0,117302
24,83;-0,117302
24,831667;-0,117302
24,833333;-0,117302
24,835;-0,117302
24,836667;-0,117302
24,838333;-0,117302
24,84;-0,117302
24,841667;-0,117302
24,843333;-0,117302
24,845;-0,117302
24,846667;-0,117302
24,848333;-0,117302
24,85;-0,117302
24,851667;-0,117302
24,853333;-0,117302
24,855;-0,117302
24,856667;-0,117302
24,858333;-0,117302
24,86;-0,117302
24,861667;-0,117302
24,863333;-0,117302
24,865;-0,117302
24,866667;-0,117302
24,868333;-0,117302
24,87;-0,117302
24,871667;-0,117302
24,873333;-0,117302
24,875;-0,117302
24,876667;-0,117302
24,878333;-0,120163
24,88;-0,120163
24,881667;-0,120163
24,883333;-0,120163
24,885;-0,120163
24,886667;-0,117302
24,888333;-0,117302
24,89;-0,117302
24,891667;-0,117302
24,893333;-0,117302
24,895;-0,117302
24,896667;-0,117302
24,898333;-0,117302
24,9;-0,117302
24,901667;-0,117302
24,903333;-0,117302
24,905;-0,117302
24,906667;-0,117302
24,908333;-0,117302
24,91;-0,117302
24,911667;-0,117302
24,913333;-0,117302
24,915;-0,117302
24,916667;-0,117302
24,918333;-0,117302
24,92;-0,117302
24,921667;-0,117302
24,923333;-0,117302
24,925;-0,117302
24,926667;-0,117302
24,928333;-0,117302
24,93;-0,117302
24,931667;-0,117302
24,933333;-0,117302
24,935;-0,117302
24,936667;-0,117302
24,938333;-0,117302
24,94;-0,117302
24,941667;-0,117302
24,943333;-0,117302
24,945;-0,117302
24,946667;-0,117302
24,948333;-0,120163
24,95;-0,120163
24,951667;-0,120163
24,953333;-0,120163
24,955;-0,120163
24,956667;-0,120163
24,958333;-0,120163
24,96;-0,120163
24,961667;-0,120163
24,963333;-0,120163
24,965;-0,120163
24,966667;-0,120163
24,968333;-0,120163
24,97;-0,120163
24,971667;-0,120163
24,973333;-0,120163
24,975;-0,120163
24,976667;-0,120163
24,978333;-0,120163
24,98;-0,120163
24,981667;-0,120163
24,983333;-0,120163
24,985;-0,120163
24,986667;-0,120163
24,988333;-0,120163
24,99;-0,120163
24,991667;-0,120163
24,993333;-0,120163
24,995;-0,120163
24,996667;-0,120163
24,998333;-0,120163
25;-0,120163
25,001667;-0,120163
25,003333;-0,120163
25,005;-0,120163
25,006667;-0,120163
25,008333;-0,120163
25,01;-0,120163
25,011667;-0,120163
25,013333;-0,120163
25,015;-0,120163
25,016667;-0,120163
25,018333;-0,120163
25,02;-0,120163
25,021667;-0,120163
25,023333;-0,120163
25,025;-0,120163
25,026667;-0,120163
25,028333;-0,120163
25,03;-0,120163
25,031667;-0,120163
25,033333;-0,120163
25,035;-0,120163
25,036667;-0,120163
25,038333;-0,120163
25,04;-0,120163
25,041667;-0,120163
25,043333;-0,120163
25,045;-0,120163
25,046667;-0,120163
25,048333;-0,120163
25,05;-0,120163
25,051667;-0,120163
25,053333;-0,120163
25,055;-0,120163
25,056667;-0,120163
25,058333;-0,120163
25,06;-0,120163
25,061667;-0,120163
25,063333;-0,120163
25,065;-0,120163
25,066667;-0,120163
25,068333;-0,120163
25,07;-0,120163
25,071667;-0,120163
25,073333;-0,120163
25,075;-0,120163
25,076667;-0,120163
25,078333;-0,120163
25,08;-0,120163
25,081667;-0,120163
25,083333;-0,120163
25,085;-0,120163
25,086667;-0,120163
25,088333;-0,120163
25,09;-0,120163
25,091667;-0,120163
25,093333;-0,120163
25,095;-0,120163
25,096667;-0,120163
25,098333;-0,120163
25,1;-0,120163
25,101667;-0,120163
25,103333;-0,120163
25,105;-0,120163
25,106667;-0,120163
25,108333;-0,120163
25,11;-0,120163
25,111667;-0,120163
25,113333;-0,120163
25,115;-0,120163
25,116667;-0,120163
25,118333;-0,120163
25,12;-0,120163
25,121667;-0,120163
25,123333;-0,120163
25,125;-0,120163
25,126667;-0,120163
25,128333;-0,120163
25,13;-0,120163
25,131667;-0,120163
25,133333;-0,120163
25,135;-0,120163
25,136667;-0,120163
25,138333;-0,120163
25,14;-0,120163
25,141667;-0,120163
25,143333;-0,120163
25,145;-0,120163
25,146667;-0,120163
25,148333;-0,120163
25,15;-0,120163
25,151667;-0,120163
25,153333;-0,120163
25,155;-0,120163
25,156667;-0,120163
25,158333;-0,120163
25,16;-0,120163
25,161667;-0,120163
25,163333;-0,120163
25,165;-0,120163
25,166667;-0,120163
25,168333;-0,120163
25,17;-0,120163
25,171667;-0,120163
25,173333;-0,120163
25,175;-0,120163
25,176667;-0,120163
25,178333;-0,120163
25,18;-0,120163
25,181667;-0,120163
25,183333;-0,120163
25,185;-0,120163
25,186667;-0,120163
25,188333;-0,120163
25,19;-0,120163
25,191667;-0,120163
25,193333;-0,120163
25,195;-0,120163
25,196667;-0,120163
25,198333;-0,120163
25,2;-0,120163
25,201667;-0,120163
25,203333;-0,120163
25,205;-0,120163
25,206667;-0,120163
25,208333;-0,120163
25,21;-0,120163
25,211667;-0,120163
25,213333;-0,120163
25,215;-0,120163
25,216667;-0,120163
25,218333;-0,120163
25,22;-0,120163
25,221667;-0,120163
25,223333;-0,120163
25,225;-0,120163
25,226667;-0,120163
25,228333;-0,120163
25,23;-0,120163
25,231667;-0,120163
25,233333;-0,120163
25,235;-0,120163
25,236667;-0,120163
25,238333;-0,120163
25,24;-0,120163
25,241667;-0,120163
25,243333;-0,120163
25,245;-0,120163
25,246667;-0,120163
25,248333;-0,120163
25,25;-0,120163
25,251667;-0,120163
25,253333;-0,120163
25,255;-0,120163
25,256667;-0,120163
25,258333;-0,117302
25,26;-0,117302
25,261667;-0,117302
25,263333;-0,117302
25,265;-0,117302
25,266667;-0,117302
25,268333;-0,117302
25,27;-0,117302
25,271667;-0,117302
25,273333;-0,117302
25,275;-0,117302
25,276667;-0,117302
25,278333;-0,117302
25,28;-0,117302
25,281667;-0,117302
25,283333;-0,117302
25,285;-0,117302
25,286667;-0,117302
25,288333;-0,117302
25,29;-0,117302
25,291667;-0,117302
25,293333;-0,117302
25,295;-0,117302
25,296667;-0,117302
25,298333;-0,117302
25,3;-0,117302
25,301667;-0,117302
25,303333;-0,117302
25,305;-0,117302
25,306667;-0,117302
25,308333;-0,117302
25,31;-0,114441
25,311667;-0,114441
25,313333;-0,114441
25,315;-0,114441
25,316667;-0,114441
25,318333;-0,114441
25,32;-0,114441
25,321667;-0,114441
25,323333;-0,114441
25,325;-0,114441
25,326667;-0,114441
25,328333;-0,114441
25,33;-0,114441
25,331667;-0,114441
25,333333;-0,114441
25,335;-0,114441
25,336667;-0,114441
25,338333;-0,114441
25,34;-0,114441
25,341667;-0,114441
25,343333;-0,114441
25,345;-0,114441
25,346667;-0,114441
25,348333;-0,114441
25,35;-0,114441
25,351667;-0,114441
25,353333;-0,114441
25,355;-0,11158
25,356667;-0,11158
25,358333;-0,11158
25,36;-0,11158
25,361667;-0,11158
25,363333;-0,11158
25,365;-0,11158
25,366667;-0,11158
25,368333;-0,11158
25,37;-0,11158
25,371667;-0,11158
25,373333;-0,11158
25,375;-0,11158
25,376667;-0,11158
25,378333;-0,11158
25,38;-0,108719
25,381667;-0,108719
25,383333;-0,108719
25,385;-0,108719
25,386667;-0,108719
25,388333;-0,108719
25,39;-0,108719
25,391667;-0,108719
25,393333;-0,108719
25,395;-0,108719
25,396667;-0,108719
25,398333;-0,108719
25,4;-0,108719
25,401667;-0,108719
25,403333;-0,108719
25,405;-0,108719
25,406667;-0,105858
25,408333;-0,105858
25,41;-0,105858
25,411667;-0,105858
25,413333;-0,105858
25,415;-0,105858
25,416667;-0,105858
25,418333;-0,105858
25,42;-0,105858
25,421667;-0,105858
25,423333;-0,105858
25,425;-0,105858
25,426667;-0,105858
25,428333;-0,105858
25,43;-0,102997
25,431667;-0,102997
25,433333;-0,102997
25,435;-0,102997
25,436667;-0,102997
25,438333;-0,102997
25,44;-0,102997
25,441667;-0,102997
25,443333;-0,102997
25,445;-0,102997
25,446667;-0,102997
25,448333;-0,102997
25,45;-0,102997
25,451667;-0,102997
25,453333;-0,100136
25,455;-0,100136
25,456667;-0,100136
25,458333;-0,100136
25,46;-0,100136
25,461667;-0,100136
25,463333;-0,100136
25,465;-0,100136
25,466667;-0,100136
25,468333;-0,100136
25,47;-0,100136
25,471667;-0,100136
25,473333;-0,100136
25,475;-0,100136
25,476667;-0,097275
25,478333;-0,097275
25,48;-0,097275
25,481667;-0,097275
25,483333;-0,097275
25,485;-0,097275
25,486667;-0,097275
25,488333;-0,094414
25,49;-0,094414
25,491667;-0,094414
25,493333;-0,094414
25,495;-0,094414
25,496667;-0,094414
25,498333;-0,094414
25,5;-0,091553
25,501667;-0,091553
25,503333;-0,091553
25,505;-0,091553
25,506667;-0,091553
25,508333;-0,091553
25,51;-0,088692
25,511667;-0,088692
25,513333;-0,088692
25,515;-0,088692
25,516667;-0,088692
25,518333;-0,088692
25,52;-0,088692
25,521667;-0,085831
25,523333;-0,085831
25,525;-0,085831
25,526667;-0,085831
25,528333;-0,085831
25,53;-0,085831
25,531667;-0,08297
25,533333;-0,08297
25,535;-0,08297
25,536667;-0,08297
25,538333;-0,08297
25,54;-0,08297
25,541667;-0,080109
25,543333;-0,080109
25,545;-0,080109
25,546667;-0,080109
25,548333;-0,080109
25,55;-0,080109
25,551667;-0,077248
25,553333;-0,077248
25,555;-0,077248
25,556667;-0,077248
25,558333;-0,077248
25,56;-0,077248
25,561667;-0,074387
25,563333;-0,074387
25,565;-0,074387
25,566667;-0,074387
25,568333;-0,074387
25,57;-0,071526
25,571667;-0,071526
25,573333;-0,071526
25,575;-0,071526
25,576667;-0,071526
25,578333;-0,068665
25,58;-0,068665
25,581667;-0,068665
25,583333;-0,068665
25,585;-0,065804
25,586667;-0,065804
25,588333;-0,065804
25,59;-0,065804
25,591667;-0,062943
25,593333;-0,062943
25,595;-0,062943
25,596667;-0,062943
25,598333;-0,062943
25,6;-0,060081
25,601667;-0,060081
25,603333;-0,060081
25,605;-0,060081
25,606667;-0,05722
25,608333;-0,05722
25,61;-0,05722
25,611667;-0,05722
25,613333;-0,054359
25,615;-0,054359
25,616667;-0,054359
25,618333;-0,054359
25,62;-0,051498
25,621667;-0,051498
25,623333;-0,051498
25,625;-0,048637
25,626667;-0,048637
25,628333;-0,048637
25,63;-0,045776
25,631667;-0,045776
25,633333;-0,045776
25,635;-0,045776
25,636667;-0,042915
25,638333;-0,042915
25,64;-0,042915
25,641667;-0,040054
25,643333;-0,040054
25,645;-0,040054
25,646667;-0,037193
25,648333;-0,037193
25,65;-0,037193
25,651667;-0,034332
25,653333;-0,034332
25,655;-0,031471
25,656667;-0,031471
25,658333;-0,031471
25,66;-0,02861
25,661667;-0,02861
25,663333;-0,02861
25,665;-0,025749
25,666667;-0,025749
25,668333;-0,025749
25,67;-0,022888
25,671667;-0,022888
25,673333;-0,020027
25,675;-0,020027
25,676667;-0,020027
25,678333;-0,017166
25,68;-0,017166
25,681667;-0,017166
25,683333;-0,014305
25,685;-0,014305
25,686667;-0,011444
25,688333;-0,011444
25,69;-0,011444
25,691667;-0,008583
25,693333;-0,008583
25,695;-0,005722
25,696667;-0,005722
25,698333;-0,002861
25,7;-0,002861
25,701667;-0,002861
25,703333;0
25,705;0
25,706667;0,002861
25,708333;0,002861
25,71;0,005722
25,711667;0,005722
25,713333;0,008583
25,715;0,008583
25,716667;0,011444
25,718333;0,011444
25,72;0,014305
25,721667;0,014305
25,723333;0,017166
25,725;0,017166
25,726667;0,020027
25,728333;0,020027
25,73;0,022888
25,731667;0,022888
25,733333;0,025749
25,735;0,02861
25,736667;0,02861
25,738333;0,031471
25,74;0,031471
25,741667;0,034332
25,743333;0,034332
25,745;0,037193
25,746667;0,037193
25,748333;0,040054
25,75;0,042915
25,751667;0,042915
25,753333;0,045776
25,755;0,045776
25,756667;0,048637
25,758333;0,048637
25,76;0,051498
25,761667;0,054359
25,763333;0,054359
25,765;0,05722
25,766667;0,05722
25,768333;0,060081
25,77;0,062943
25,771667;0,062943
25,773333;0,065804
25,775;0,068665
25,776667;0,068665
25,778333;0,071526
25,78;0,074387
25,781667;0,074387
25,783333;0,077248
25,785;0,080109
25,786667;0,08297
25,788333;0,08297
25,79;0,085831
25,791667;0,088692
25,793333;0,091553
25,795;0,091553
25,796667;0,094414
25,798333;0,097275
25,8;0,100136
25,801667;0,102997
25,803333;0,105858
25,805;0,108719
25,806667;0,108719
25,808333;0,11158
25,81;0,114441
25,811667;0,117302
25,813333;0,120163
25,815;0,123024
25,816667;0,125885
25,818333;0,128746
25,82;0,131607
25,821667;0,131607
25,823333;0,134468
25,825;0,137329
25,826667;0,14019
25,828333;0,143051
25,83;0,145912
25,831667;0,148773
25,833333;0,151634
25,835;0,154495
25,836667;0,157356
25,838333;0,160217
25,84;0,163078
25,841667;0,165939
25,843333;0,1688
25,845;0,171661
25,846667;0,174522
25,848333;0,180244
25,85;0,183105
25,851667;0,185967
25,853333;0,188828
25,855;0,191689
25,856667;0,19455
25,858333;0,200272
25,86;0,203133
25,861667;0,205994
25,863333;0,208855
25,865;0,211716
25,866667;0,214577
25,868333;0,220299
25,87;0,22316
25,871667;0,226021
25,873333;0,228882
25,875;0,234604
25,876667;0,237465
25,878333;0,240326
25,88;0,246048
25,881667;0,248909
25,883333;0,254631
25,885;0,257492
25,886667;0,263214
25,888333;0,266075
25,89;0,268936
25,891667;0,274658
25,893333;0,277519
25,895;0,28038
25,896667;0,286102
25,898333;0,288963
25,9;0,294685
25,901667;0,300407
25,903333;0,303268
25,905;0,311852
25,906667;0,317574
25,908333;0,320435
25,91;0,326157
25,911667;0,326157
25,913333;0,331879
25,915;0,340462
25,916667;0,346184
25,918333;0,351906
25,92;0,357628
25,921667;0,36335
25,923333;0,36335
25,925;0,366211
25,926667;0,371933
25,928333;0,377655
25,93;0,383377
25,931667;0,389099
25,933333;0,394821
25,935;0,400543
25,936667;0,406265
25,938333;0,411987
25,94;0,417709
25,941667;0,423431
25,943333;0,429153
25,945;0,434876
25,946667;0,440598
25,948333;0,44632
25,95;0,452042
25,951667;0,457764
25,953333;0,463486
25,955;0,469208
25,956667;0,47493
25,958333;0,483513
25,96;0,489235
25,961667;0,494957
25,963333;0,50354
25,965;0,509262
25,966667;0,517845
25,968333;0,523567
25,97;0,53215
25,971667;0,540733
25,973333;0,546455
25,975;0,555038
25,976667;0,563622
25,978333;0,569344
25,98;0,577927
25,981667;0,58651
25,983333;0,595093
25,985;0,600815
25,986667;0,609398
25,988333;0,626564
25,99;0,635147
25,991667;0,635147
25,993333;0,64373
25,995;0,652313
25,996667;0,660896
25,998333;0,669479
26;0,678062
26,001667;0,689507
26,003333;0,69809
26,005;0,706673
26,006667;0,715256
26,008333;0,7267
26,01;0,735283
26,011667;0,746727
26,013333;0,75531
26,015;0,766754
26,016667;0,775337
26,018333;0,786781
26,02;0,798225
26,021667;0,80967
26,023333;0,818253
26,025;0,829697
26,026667;0,841141
26,028333;0,852585
26,03;0,864029
26,031667;0,875473
26,033333;0,886917
26,035;0,898361
26,036667;0,909805
26,038333;0,92411
26,04;0,935555
26,041667;0,946999
26,043333;0,961304
26,045;0,972748
26,046667;0,987053
26,048333;0,998497
26,05;1,012802
26,051667;1,027107
26,053333;1,038551
26,055;1,052857
26,056667;1,067162
26,058333;1,081467
26,06;1,095772
26,061667;1,110077
26,063333;1,124382
26,065;1,141548
26,066667;1,155853
26,068333;1,170158
26,07;1,184464
26,071667;1,20163
26,073333;1,215935
26,075;1,233101
26,076667;1,250267
26,078333;1,267433
26,08;1,281738
26,081667;1,298904
26,083333;1,316071
26,085;1,333237
26,086667;1,353264
26,088333;1,37043
26,09;1,387596
26,091667;1,407623
26,093333;1,42479
26,095;1,444817
26,096667;1,461983
26,098333;1,48201
26,1;1,502037
26,101667;1,522064
26,103333;1,542091
26,105;1,562119
26,106667;1,582146
26,108333;1,602173
26,11;1,625061
26,111667;1,667976
26,113333;1,688004
26,115;1,688004
26,116667;1,710892
26,118333;1,73378
26,12;1,756668
26,121667;1,779556
26,123333;1,802445
26,125;1,825333
26,126667;1,851082
26,128333;1,87397
26,13;1,899719
26,131667;1,922608
26,133333;1,948357
26,135;1,974106
26,136667;1,999855
26,138333;2,025604
26,14;2,051354
26,141667;2,077103
26,143333;2,102852
26,145;2,131462
26,146667;2,157211
26,148333;2,185822
26,15;2,214432
26,151667;2,243042
26,153333;2,271652
26,155;2,300263
26,156667;2,328873
26,158333;2,360344
26,16;2,388954
26,161667;2,420426
26,163333;2,483368
26,165;2,483368
26,166667;2,514839
26,168333;2,546311
26,17;2,577782
26,171667;2,609253
26,173333;2,675057
26,175;2,709389
26,176667;2,743721
26,178333;2,778053
26,18;2,778053
26,181667;2,812386
26,183333;2,846718
26,185;2,883911
26,186667;2,918244
26,188333;2,955437
26,19;2,989769
26,191667;3,026962
26,193333;3,064156
26,195;3,10421
26,196667;3,141403
26,198333;3,178597
26,2;3,218651
26,201667;3,258705
26,203333;3,29876
26,205;3,338814
26,206667;3,378868
26,208333;3,418923
26,21;3,458977
26,211667;3,501892
26,213333;3,541947
26,215;3,584862
26,216667;3,627777
26,218333;3,670693
26,22;3,716469
26,221667;3,759384
26,223333;3,805161
26,225;3,848076
26,226667;3,893852
26,228333;3,939629
26,23;3,985405
26,231667;4,031182
26,233333;4,079819
26,235;4,125595
26,236667;4,174233
26,238333;4,22287
26,24;4,268646
26,241667;4,317284
26,243333;4,368782
26,245;4,468918
26,246667;4,517556
26,248333;4,517556
26,25;4,569054
26,251667;4,620552
26,253333;4,672051
26,255;4,723549
26,256667;4,777909
26,258333;4,829407
26,26;4,883766
26,261667;4,938126
26,263333;4,989624
26,265;5,043984
26,266667;5,101204
26,268333;5,155564
26,27;5,209923
26,271667;5,267144
26,273333;5,321503
26,275;5,378723
26,276667;5,435944
26,278333;5,493164
26,28;5,553246
26,281667;5,610466
26,283333;5,667687
26,285;5,727768
26,286667;5,78785
26,288333;5,847931
26,29;5,908013
26,291667;5,968094
26,293333;6,028176
26,295;6,088257
26,296667;6,1512
26,298333;6,211281
26,3;6,274224
26,301667;6,337166
26,303333;6,400109
26,305;6,463051
26,306667;6,525994
26,308333;6,588936
26,31;6,65474
26,311667;6,717682
26,313333;6,783486
26,315;6,846428
26,316667;6,912232
26,318333;6,978035
26,32;7,043839
26,321667;7,109642
26,323333;7,178307
26,325;7,244111
26,326667;7,312775
26,328333;7,378579
26,33;7,447243
26,331667;7,515908
26,333333;7,584572
26,335;7,650376
26,336667;7,721901
26,338333;7,790566
26,34;7,859231
26,341667;7,927895
26,343333;7,99656
26,345;8,068085
26,346667;8,13675
26,348333;8,205414
26,35;8,27694
26,351667;8,348465
26,353333;8,41713
26,355;8,488656
26,356667;8,560181
26,358333;8,631707
26,36;8,703232
26,361667;8,774758
26,363333;8,846283
26,365;8,917809
26,366667;8,989335
26,368333;9,06086
26,37;9,132386
26,371667;9,206772
26,373333;9,278298
26,375;9,352685
26,376667;9,42421
26,378333;9,495736
26,38;9,570122
26,381667;9,641648
26,383333;9,716035
26,385;9,78756
26,386667;9,861947
26,388333;9,933472
26,39;10,007859
26,391667;10,082245
26,393333;10,153771
26,395;10,228158
26,396667;10,299683
26,398333;10,37407
26,4;10,448456
26,401667;10,519982
26,403333;10,594369
26,405;10,668755
26,406667;10,740281
26,408333;10,814667
26,41;10,96058
26,411667;11,034966
26,413333;11,106492
26,415;11,180878
26,416667;11,252404
26,418333;11,252404
26,42;11,326791
26,421667;11,398316
26,423333;11,469842
26,425;11,544228
26,426667;11,615754
26,428333;11,687279
26,43;11,758805
26,431667;11,833192
26,433333;11,904717
26,435;11,976243
26,436667;12,047768
26,438333;12,119294
26,44;12,19082
26,441667;12,259484
26,443333;12,402535
26,445;12,474061
26,446667;12,474061
26,448333;12,542725
26,45;12,614251
26,451667;12,682915
26,453333;12,754441
26,455;12,823106
26,456667;12,89177
26,458333;12,960435
26,46;13,029099
26,461667;13,097764
26,463333;13,166428
26,465;13,235093
26,466667;13,303758
26,468333;13,369561
26,47;13,438226
26,471667;13,504029
26,473333;13,569833
26,475;13,638497
26,476667;13,704301
26,478333;13,770104
26,48;13,835908
26,481667;13,89885
26,483333;13,964654
26,485;14,027596
26,486667;14,0934
26,488333;14,156342
26,49;14,219285
26,491667;14,282227
26,493333;14,34517
26,495;14,408112
26,496667;14,471055
26,498333;14,531136
26,5;14,591218
26,501667;14,65416
26,503333;14,714242
26,505;14,774323
26,506667;14,831544
26,508333;14,891625
26,51;14,951707
26,511667;15,008927
26,513333;15,066148
26,515;15,123368
26,516667;15,180589
26,518333;15,237809
26,52;15,292169
26,521667;15,346528
26,523333;15,403748
26,525;15,458108
26,526667;15,512467
26,528333;15,563966
26,53;15,618325
26,531667;15,669824
26,533333;15,721322
26,535;15,77282
26,536667;15,824319
26,538333;15,875817
26,54;15,924455
26,541667;15,975953
26,543333;16,02459
26,545;16,073228
26,546667;16,119004
26,548333;16,167642
26,55;16,213418
26,551667;16,262055
26,553333;16,307832
26,555;16,353608
26,556667;16,396523
26,558333;16,4423
26,56;16,485215
26,561667;16,528131
26,563333;16,571046
26,565;16,613961
26,566667;16,654016
26,568333;16,696931
26,57;16,736985
26,571667;16,77704
26,573333;16,817094
26,575;16,854287
26,576667;16,89148
26,578333;16,931535
26,58;16,968728
26,581667;17,00306
26,583333;17,040254
26,585;17,074586
26,586667;17,108918
26,588333;17,143251
26,59;17,177583
26,591667;17,209054
26,593333;17,243386
26,595;17,274858
26,596667;17,306329
26,598333;17,3378
26,6;17,36641
26,601667;17,395021
26,603333;17,423631
26,605;17,452241
26,606667;17,480851
26,608333;17,5066
26,61;17,535211
26,611667;17,56096
26,613333;17,583848
26,615;17,609597
26,616667;17,632485
26,618333;17,655374
26,62;17,678262
26,621667;17,70115
26,623333;17,724038
26,625;17,744065
26,626667;17,764093
26,628333;17,78412
26,63;17,804147
26,631667;17,821313
26,633333;17,84134
26,635;17,858506
26,636667;17,875672
26,638333;17,889978
26,64;17,907144
26,641667;17,921449
26,643333;17,935754
26,645;17,950059
26,646667;17,961503
26,648333;17,975808
26,65;17,987252
26,651667;17,998696
26,653333;18,010141
26,655;18,021585
26,656667;18,030168
26,658333;18,038751
26,66;18,047334
26,661667;18,061639
26,663333;18,061639
26,665;18,070222
26,666667;18,075944
26,668333;18,081666
26,67;18,087388
26,671667;18,09311
26,673333;18,095971
26,675;18,098832
26,676667;18,101693
26,678333;18,104554
26,68;18,104554
26,681667;18,104554
26,683333;18,104554
26,685;18,104554
26,686667;18,104554
26,688333;18,101693
26,69;18,098832
26,691667;18,098832
26,693333;18,09311
26,695;18,090249
26,696667;18,087388
26,698333;18,081666
26,7;18,075944
26,701667;18,070222
26,703333;18,0645
26,705;18,055917
26,706667;18,050195
26,708333;18,041612
26,71;18,033029
26,711667;18,024446
26,713333;18,013002
26,715;18,004418
26,716667;17,992974
26,718333;17,98153
26,72;17,970086
26,721667;17,958642
26,723333;17,944337
26,725;17,930032
26,726667;17,918588
26,728333;17,904283
26,73;17,887117
26,731667;17,872811
26,733333;17,858506
26,735;17,84134
26,736667;17,824174
26,738333;17,807008
26,74;17,789842
26,741667;17,769815
26,743333;17,752648
26,745;17,732621
26,746667;17,712594
26,748333;17,692567
26,75;17,67254
26,751667;17,652513
26,753333;17,629624
26,755;17,606736
26,756667;17,583848
26,758333;17,56096
26,76;17,538072
26,761667;17,515184
26,763333;17,489434
26,765;17,466546
26,766667;17,440797
26,768333;17,415048
26,77;17,389299
26,771667;17,363549
26,773333;17,334939
26,775;17,30919
26,776667;17,28058
26,778333;17,251969
26,78;17,22622
26,781667;17,194749
26,783333;17,166139
26,785;17,137528
26,786667;17,077447
26,788333;17,077447
26,79;17,045976
26,791667;17,014504
26,793333;16,983033
26,795;16,948701
26,796667;16,885758
26,798333;16,851426
26,8;16,817094
26,801667;16,782762
26,803333;16,782762
26,805;16,748429
26,806667;16,714097
26,808333;16,679765
26,81;16,645433
26,811667;16,608239
26,813333;16,573907
26,815;16,536714
26,816667;16,49952
26,818333;16,462327
26,82;16,425134
26,821667;16,38794
26,823333;16,347886
26,825;16,310693
26,826667;16,270638
26,828333;16,233445
26,83;16,193391
26,831667;16,153337
26,833333;16,113282
26,835;16,073228
26,836667;16,033174
26,838333;15,993119
26,84;15,953065
26,841667;15,91015
26,843333;15,870095
26,845;15,82718
26,846667;15,787126
26,848333;15,74421
26,85;15,701295
26,851667;15,65838
26,853333;15,615464
26,855;15,572549
26,856667;15,529633
26,858333;15,483857
26,86;15,440942
26,861667;15,398026
26,863333;15,35225
26,865;15,309335
26,866667;15,263558
26,868333;15,217782
26,87;15,172006
26,871667;15,126229
26,873333;15,080453
26,875;15,034676
26,876667;14,9889
26,878333;14,943124
26,88;14,897347
26,881667;14,84871
26,883333;14,802934
26,885;14,754296
26,886667;14,70852
26,888333;14,659882
26,89;14,614106
26,891667;14,565469
26,893333;14,516831
26,895;14,471055
26,896667;14,422418
26,898333;14,37378
26,9;14,325143
26,901667;14,276505
26,903333;14,227868
26,905;14,179231
26,906667;14,130593
26,908333;14,079095
26,91;14,030457
26,911667;13,98182
26,913333;13,930322
26,915;13,881684
26,916667;13,833047
26,918333;13,781548
26,92;13,732911
26,921667;13,681413
26,923333;13,632775
26,925;13,581277
26,926667;13,532639
26,928333;13,481141
26,93;13,429643
26,931667;13,378144
26,933333;13,329507
26,935;13,278008
26,936667;13,22651
26,938333;13,175011
26,94;13,123513
26,941667;13,072015
26,943333;13,020516
26,945;12,969018
26,946667;12,917519
26,948333;12,866021
26,95;12,814523
26,951667;12,763024
26,953333;12,711526
26,955;12,660027
26,956667;12,608529
26,958333;12,55703
26,96;12,505532
26,961667;12,454034
26,963333;12,402535
26,965;12,351037
26,966667;12,299538
26,968333;12,24804
26,97;12,193681
26,971667;12,142182
26,973333;12,090684
26,975;12,039185
26,976667;11,987687
26,978333;11,936188
26,98;11,830331
26,981667;11,778832
26,983333;11,727334
26,985;11,727334
26,986667;11,675835
26,988333;11,624337
26,99;11,572839
26,991667;11,518479
26,993333;11,466981
26,995;11,415482
26,996667;11,363984
26,998333;11,312485
27;11,260987
27,001667;11,209489
27,003333;11,15799
27,005;11,103631
27,006667;11,052132
27,008333;11,000634
27,01;10,949135
27,011667;10,897637
27,013333;10,846139
27,015;10,79464
27,016667;10,743142
27,018333;10,691643
27,02;10,640145
27,021667;10,591508
27,023333;10,540009
27,025;10,488511
27,026667;10,437012
27,028333;10,385514
27,03;10,336877
27,031667;10,285378
27,033333;10,23388
27,035;10,182381
27,036667;10,133744
27,038333;10,082245
27,04;10,030747
27,041667;9,98211
27,043333;9,930611
27,045;9,881974
27,046667;9,830475
27,048333;9,781838
27,05;9,73034
27,051667;9,681702
27,053333;9,633065
27,055;9,581566
27,056667;9,532929
27,058333;9,484292
27,06;9,435654
27,061667;9,384156
27,063333;9,335518
27,065;9,286881
27,066667;9,238244
27,068333;9,189606
27,07;9,140969
27,071667;9,092331
27,073333;9,043694
27,075;8,995057
27,076667;8,946419
27,078333;8,897782
27,08;8,852006
27,081667;8,803368
27,083333;8,754731
27,085;8,706093
27,086667;8,660317
27,088333;8,61168
27,09;8,565903
27,091667;8,517266
27,093333;8,471489
27,095;8,422852
27,096667;8,377076
27,098333;8,331299
27,1;8,282662
27,101667;8,236886
27,103333;8,191109
27,105;8,099556
27,106667;8,05378
27,108333;8,008004
27,11;7,962227
27,111667;7,962227
27,113333;7,916451
27,115;7,870675
27,116667;7,824898
27,118333;7,781983
27,12;7,736207
27,121667;7,69043
27,123333;7,647515
27,125;7,601738
27,126667;7,558823
27,128333;7,513047
27,13;7,470131
27,131667;7,427216
27,133333;7,384301
27,135;7,341385
27,136667;7,295609
27,138333;7,252694
27,14;7,209778
27,141667;7,166863
27,143333;7,123948
27,145;7,081032
27,146667;7,040978
27,148333;6,998063
27,15;6,955147
27,151667;6,912232
27,153333;6,872178
27,155;6,829262
27,156667;6,789208
27,158333;6,746293
27,16;6,706238
27,161667;6,666184
27,163333;6,623269
27,165;6,583214
27,166667;6,54316
27,168333;6,503106
27,17;6,46019
27,171667;6,420136
27,173333;6,380082
27,175;6,342888
27,176667;6,302834
27,178333;6,26278
27,18;6,222725
27,181667;6,185532
27,183333;6,145478
27,185;6,105423
27,186667;6,06823
27,188333;6,028176
27,19;5,990982
27,191667;5,953789
27,193333;5,916596
27,195;5,876541
27,196667;5,839348
27,198333;5,802155
27,2;5,764962
27,201667;5,727768
27,203333;5,690575
27,205;5,653382
27,206667;5,619049
27,208333;5,581856
27,21;5,544663
27,211667;5,510331
27,213333;5,473137
27,215;5,438805
27,216667;5,401612
27,218333;5,367279
27,22;5,332947
27,221667;5,298615
27,223333;5,261422
27,225;5,227089
27,226667;5,192757
27,228333;5,158425
27,23;5,08976
27,231667;5,055428
27,233333;5,023957
27,235;4,989624
27,236667;4,989624
27,238333;4,955292
27,24;4,923821
27,241667;4,889489
27,243333;4,858017
27,245;4,823685
27,246667;4,792214
27,248333;4,757881
27,25;4,72641
27,251667;4,663468
27,253333;4,629135
27,255;4,597664
27,256667;4,566193
27,258333;4,537583
27,26;4,506111
27,261667;4,506111
27,263333;4,47464
27,265;4,443169
27,266667;4,411698
27,268333;4,383087
27,27;4,351616
27,271667;4,323006
27,273333;4,291535
27,275;4,262924
27,276667;4,231453
27,278333;4,202843
27,28;4,174233
27,281667;4,145623
27,283333;4,114151
27,285;4,085541
27,286667;4,056931
27,288333;4,028321
27,29;3,99971
27,291667;3,9711
27,293333;3,945351
27,295;3,916741
27,296667;3,88813
27,298333;3,862381
27,3;3,833771
27,301667;3,805161
27,303333;3,779412
27,305;3,753662
27,306667;3,725052
27,308333;3,699303
27,31;3,670693
27,311667;3,644943
27,313333;3,619194
27,315;3,593445
27,316667;3,567696
27,318333;3,541947
27,32;3,516197
27,321667;3,490448
27,323333;3,464699
27,325;3,416062
27,326667;3,416062
27,328333;3,390312
27,33;3,367424
27,331667;3,341675
27,333333;3,315926
27,335;3,270149
27,336667;3,2444
27,338333;3,221512
27,34;3,198624
27,341667;3,172875
27,343333;3,172875
27,345;3,149986
27,346667;3,127098
27,348333;3,10421
27,35;3,081322
27,351667;3,058434
27,353333;3,035546
27,355;3,012657
27,356667;2,969742
27,358333;2,946854
27,36;2,923966
27,361667;2,903938
27,363333;2,903938
27,365;2,88105
27,366667;2,838135
27,368333;2,838135
27,37;2,818108
27,371667;2,79522
27,373333;2,775192
27,375;2,755165
27,376667;2,732277
27,378333;2,71225
27,38;2,692223
27,381667;2,672196
27,383333;2,652168
27,385;2,632141
27,386667;2,612114
27,388333;2,592087
27,39;2,57206
27,391667;2,552033
27,393333;2,532005
27,395;2,511978
27,396667;2,494812
27,398333;2,474785
27,4;2,454758
27,401667;2,434731
27,403333;2,417565
27,405;2,397537
27,406667;2,380371
27,408333;2,360344
27,41;2,343178
27,411667;2,326012
27,413333;2,308846
27,415;2,288818
27,416667;2,271652
27,418333;2,254486
27,42;2,23732
27,421667;2,202988
27,423333;2,185822
27,425;2,185822
27,426667;2,168656
27,428333;2,151489
27,43;2,134323
27,431667;2,117157
27,433333;2,099991
27,435;2,085686
27,436667;2,06852
27,438333;2,051354
27,44;2,037048
27,441667;2,019882
27,443333;2,005577
27,445;1,988411
27,446667;1,971245
27,448333;1,95694
27,45;1,942635
27,451667;1,925469
27,453333;1,896858
27,455;1,879692
27,456667;1,879692
27,458333;1,865387
27,46;1,851082
27,461667;1,836777
27,463333;1,808167
27,465;1,791
27,466667;1,776695
27,468333;1,765251
27,47;1,750946
27,471667;1,736641
27,473333;1,736641
27,475;1,722336
27,476667;1,708031
27,478333;1,693726
27,48;1,679421
27,481667;1,667976
27,483333;1,653671
27,485;1,639366
27,486667;1,627922
27,488333;1,613617
27,49;1,599312
27,491667;1,587868
27,493333;1,573563
27,495;1,562119
27,496667;1,547814
27,498333;1,536369
27,5;1,522064
27,501667;1,51062
27,503333;1,499176
27,505;1,484871
27,506667;1,473427
27,508333;1,461983
27,51;1,450539
27,511667;1,436234
27,513333;1,42479
27,515;1,413345
27,516667;1,401901
27,518333;1,390457
27,52;1,379013
27,521667;1,367569
27,523333;1,356125
27,525;1,344681
27,526667;1,333237
27,528333;1,321793
27,53;1,310349
27,531667;1,301766
27,533333;1,290321
27,535;1,278877
27,536667;1,267433
27,538333;1,25885
27,54;1,247406
27,541667;1,235962
27,543333;1,227379
27,545;1,204491
27,546667;1,195908
27,548333;1,184464
27,55;1,184464
27,551667;1,175881
27,553333;1,164436
27,555;1,14727
27,556667;1,135826
27,558333;1,127243
27,56;1,115799
27,561667;1,107216
27,563333;1,098633
27,565;1,098633
27,566667;1,09005
27,568333;1,078606
27,57;1,070023
27,571667;1,06144
27,573333;1,052857
27,575;1,044273
27,576667;1,03569
27,578333;1,027107
27,58;1,018524
27,581667;1,00708
27,583333;0,998497
27,585;0,989914
27,586667;0,981331
27,588333;0,972748
27,59;0,967026
27,591667;0,958443
27,593333;0,94986
27,595;0,941277
27,596667;0,932694
27,598333;0,92411
27,6;0,915527
27,601667;0,906944
27,603333;0,901222
27,605;0,892639
27,606667;0,884056
27,608333;0,875473
27,61;0,869751
27,611667;0,861168
27,613333;0,855446
27,615;0,846863
27,616667;0,83828
27,618333;0,829697
27,62;0,823975
27,621667;0,815392
27,623333;0,80967
27,625;0,801086
27,626667;0,786781
27,628333;0,781059
27,63;0,772476
27,631667;0,772476
27,633333;0,766754
27,635;0,758171
27,636667;0,752449
27,638333;0,746727
27,64;0,738144
27,641667;0,732422
27,643333;0,7267
27,645;0,720978
27,646667;0,712395
27,648333;0,706673
27,65;0,700951
27,651667;0,695229
27,653333;0,689507
27,655;0,680924
27,656667;0,675201
27,658333;0,669479
27,66;0,663757
27,661667;0,658035
27,663333;0,652313
27,665;0,646591
27,666667;0,640869
27,668333;0,632286
27,67;0,626564
27,671667;0,620842
27,673333;0,617981
27,675;0,612259
27,676667;0,603676
27,678333;0,597954
27,68;0,592232
27,681667;0,589371
27,683333;0,583649
27,685;0,577927
27,686667;0,572205
27,688333;0,566483
27,69;0,560761
27,691667;0,555038
27,693333;0,549316
27,695;0,543594
27,696667;0,537872
27,698333;0,535011
27,7;0,529289
27,701667;0,523567
27,703333;0,520706
27,705;0,514984
27,706667;0,509262
27,708333;0,506401
27,71;0,500679
27,711667;0,494957
27,713333;0,492096
27,715;0,486374
27,716667;0,480652
27,718333;0,477791
27,72;0,472069
27,721667;0,466347
27,723333;0,463486
27,725;0,457764
27,726667;0,452042
27,728333;0,449181
27,73;0,443459
27,731667;0,440598
27,733333;0,434876
27,735;0,432014
27,736667;0,429153
27,738333;0,423431
27,74;0,42057
27,741667;0,414848
27,743333;0,411987
27,745;0,406265
27,746667;0,403404
27,748333;0,397682
27,75;0,394821
27,751667;0,386238
27,753333;0,386238
27,755;0,383377
27,756667;0,377655
27,758333;0,374794
27,76;0,371933
27,761667;0,36335
27,763333;0,360489
27,765;0,354767
27,766667;0,351906
27,768333;0,349045
27,77;0,349045
27,771667;0,343323
27,773333;0,340462
27,775;0,337601
27,776667;0,33474
27,778333;0,329018
27,78;0,326157
27,781667;0,323296
27,783333;0,320435
27,785;0,317574
27,786667;0,314713
27,788333;0,30899
27,79;0,306129
27,791667;0,303268
27,793333;0,300407
27,795;0,297546
27,796667;0,294685
27,798333;0,291824
27,8;0,288963
27,801667;0,286102
27,803333;0,283241
27,805;0,28038
27,806667;0,274658
27,808333;0,271797
27,81;0,268936
27,811667;0,266075
27,813333;0,263214
27,815;0,260353
27,816667;0,257492
27,818333;0,254631
27,82;0,25177
27,821667;0,248909
27,823333;0,246048
27,825;0,243187
27,826667;0,240326
27,828333;0,237465
27,83;0,234604
27,831667;0,231743
27,833333;0,228882
27,835;0,226021
27,836667;0,226021
27,838333;0,22316
27,84;0,220299
27,841667;0,217438
27,843333;0,214577
27,845;0,211716
27,846667;0,205994
27,848333;0,203133
27,85;0,203133
27,851667;0,200272
27,853333;0,200272
27,855;0,197411
27,856667;0,19455
27,858333;0,191689
27,86;0,188828
27,861667;0,185967
27,863333;0,185967
27,865;0,183105
27,866667;0,180244
27,868333;0,177383
27,87;0,174522
27,871667;0,174522
27,873333;0,171661
27,875;0,1688
27,876667;0,165939
27,878333;0,163078
27,88;0,163078
27,881667;0,160217
27,883333;0,157356
27,885;0,157356
27,886667;0,154495
27,888333;0,148773
27,89;0,148773
27,891667;0,145912
27,893333;0,145912
27,895;0,143051
27,896667;0,14019
27,898333;0,14019
27,9;0,137329
27,901667;0,134468
27,903333;0,134468
27,905;0,131607
27,906667;0,128746
27,908333;0,128746
27,91;0,125885
27,911667;0,123024
27,913333;0,123024
27,915;0,120163
27,916667;0,117302
27,918333;0,117302
27,92;0,114441
27,921667;0,11158
27,923333;0,108719
27,925;0,108719
27,926667;0,108719
27,928333;0,105858
27,93;0,105858
27,931667;0,102997
27,933333;0,100136
27,935;0,100136
27,936667;0,097275
27,938333;0,097275
27,94;0,094414
27,941667;0,091553
27,943333;0,091553
27,945;0,088692
27,946667;0,088692
27,948333;0,085831
27,95;0,085831
27,951667;0,08297
27,953333;0,08297
27,955;0,080109
27,956667;0,077248
27,958333;0,077248
27,96;0,074387
27,961667;0,074387
27,963333;0,071526
27,965;0,071526
27,966667;0,068665
27,968333;0,068665
27,97;0,065804
27,971667;0,065804
27,973333;0,062943
27,975;0,062943
27,976667;0,060081
27,978333;0,060081
27,98;0,05722
27,981667;0,05722
27,983333;0,054359
27,985;0,054359
27,986667;0,051498
27,988333;0,051498
27,99;0,051498
27,991667;0,048637
27,993333;0,048637
27,995;0,045776
27,996667;0,045776
27,998333;0,042915
28;0,042915
28,001667;0,040054
28,003333;0,040054
28,005;0,040054
28,006667;0,037193
28,008333;0,037193
28,01;0,037193
28,011667;0,034332
28,013333;0,031471
28,015;0,031471
28,016667;0,031471
28,018333;0,02861
28,02;0,02861
28,021667;0,02861
28,023333;0,02861
28,025;0,025749
28,026667;0,025749
28,028333;0,022888
28,03;0,022888
28,031667;0,022888
28,033333;0,020027
28,035;0,020027
28,036667;0,020027
28,038333;0,017166
28,04;0,017166
28,041667;0,017166
28,043333;0,014305
28,045;0,014305
28,046667;0,014305
28,048333;0,011444
28,05;0,011444
28,051667;0,011444
28,053333;0,008583
28,055;0,008583
28,056667;0,008583
28,058333;0,005722
28,06;0,005722
28,061667;0,005722
28,063333;0,002861
28,065;0,002861
28,066667;0
28,068333;0
28,07;0
28,071667;-0,002861
28,073333;-0,002861
28,075;-0,002861
28,076667;-0,002861
28,078333;-0,005722
28,08;-0,005722
28,081667;-0,005722
28,083333;-0,005722
28,085;-0,008583
28,086667;-0,008583
28,088333;-0,008583
28,09;-0,008583
28,091667;-0,011444
28,093333;-0,011444
28,095;-0,011444
28,096667;-0,014305
28,098333;-0,014305
28,1;-0,014305
28,101667;-0,017166
28,103333;-0,017166
28,105;-0,017166
28,106667;-0,017166
28,108333;-0,020027
28,11;-0,020027
28,111667;-0,020027
28,113333;-0,020027
28,115;-0,020027
28,116667;-0,022888
28,118333;-0,022888
28,12;-0,022888
28,121667;-0,025749
28,123333;-0,025749
28,125;-0,025749
28,126667;-0,025749
28,128333;-0,025749
28,13;-0,02861
28,131667;-0,02861
28,133333;-0,02861
28,135;-0,02861
28,136667;-0,031471
28,138333;-0,031471
28,14;-0,031471
28,141667;-0,031471
28,143333;-0,031471
28,145;-0,034332
28,146667;-0,034332
28,148333;-0,034332
28,15;-0,034332
28,151667;-0,037193
28,153333;-0,037193
28,155;-0,037193
28,156667;-0,037193
28,158333;-0,040054
28,16;-0,040054
28,161667;-0,040054
28,163333;-0,040054
28,165;-0,040054
28,166667;-0,042915
28,168333;-0,042915
28,17;-0,042915
28,171667;-0,042915
28,173333;-0,042915
28,175;-0,042915
28,176667;-0,045776
28,178333;-0,045776
28,18;-0,045776
28,181667;-0,045776
28,183333;-0,048637
28,185;-0,048637
28,186667;-0,048637
28,188333;-0,048637
28,19;-0,051498
28,191667;-0,051498
28,193333;-0,051498
28,195;-0,051498
28,196667;-0,051498
28,198333;-0,051498
28,2;-0,054359
28,201667;-0,054359
28,203333;-0,054359
28,205;-0,054359
28,206667;-0,054359
28,208333;-0,054359
28,21;-0,05722
28,211667;-0,05722
28,213333;-0,05722
28,215;-0,05722
28,216667;-0,05722
28,218333;-0,05722
28,22;-0,060081
28,221667;-0,060081
28,223333;-0,060081
28,225;-0,060081
28,226667;-0,060081
28,228333;-0,060081
28,23;-0,062943
28,231667;-0,062943
28,233333;-0,062943
28,235;-0,062943
28,236667;-0,062943
28,238333;-0,062943
28,24;-0,065804
28,241667;-0,065804
28,243333;-0,065804
28,245;-0,065804
28,246667;-0,065804
28,248333;-0,065804
28,25;-0,068665
28,251667;-0,068665
28,253333;-0,068665
28,255;-0,068665
28,256667;-0,068665
28,258333;-0,068665
28,26;-0,068665
28,261667;-0,071526
28,263333;-0,071526
28,265;-0,071526
28,266667;-0,071526
28,268333;-0,071526
28,27;-0,071526
28,271667;-0,071526
28,273333;-0,074387
28,275;-0,074387
28,276667;-0,074387
28,278333;-0,074387
28,28;-0,074387
28,281667;-0,074387
28,283333;-0,074387
28,285;-0,074387
28,286667;-0,074387
28,288333;-0,074387
28,29;-0,074387
28,291667;-0,074387
28,293333;-0,077248
28,295;-0,077248
28,296667;-0,077248
28,298333;-0,077248
28,3;-0,077248
28,301667;-0,077248
28,303333;-0,077248
28,305;-0,077248
28,306667;-0,080109
28,308333;-0,080109
28,31;-0,080109
28,311667;-0,080109
28,313333;-0,080109
28,315;-0,080109
28,316667;-0,080109
28,318333;-0,080109
28,32;-0,080109
28,321667;-0,08297
28,323333;-0,08297
28,325;-0,08297
28,326667;-0,08297
28,328333;-0,08297
28,33;-0,08297
28,331667;-0,08297
28,333333;-0,085831
28,335;-0,085831
28,336667;-0,085831
28,338333;-0,085831
28,34;-0,085831
28,341667;-0,085831
28,343333;-0,085831
28,345;-0,088692
28,346667;-0,088692
28,348333;-0,088692
28,35;-0,088692
28,351667;-0,088692
28,353333;-0,088692
28,355;-0,088692
28,356667;-0,088692
28,358333;-0,088692
28,36;-0,088692
28,361667;-0,088692
28,363333;-0,088692
28,365;-0,088692
28,366667;-0,088692
28,368333;-0,091553
28,37;-0,091553
28,371667;-0,091553
28,373333;-0,091553
28,375;-0,091553
28,376667;-0,091553
28,378333;-0,091553
28,38;-0,091553
28,381667;-0,091553
28,383333;-0,091553
28,385;-0,091553
28,386667;-0,094414
28,388333;-0,094414
28,39;-0,094414
28,391667;-0,094414
28,393333;-0,094414
28,395;-0,094414
28,396667;-0,094414
28,398333;-0,094414
28,4;-0,094414
28,401667;-0,094414
28,403333;-0,094414
28,405;-0,094414
28,406667;-0,094414
28,408333;-0,094414
28,41;-0,097275
28,411667;-0,097275
28,413333;-0,097275
28,415;-0,097275
28,416667;-0,097275
28,418333;-0,097275
28,42;-0,097275
28,421667;-0,097275
28,423333;-0,097275
28,425;-0,097275
28,426667;-0,097275
28,428333;-0,097275
28,43;-0,097275
28,431667;-0,097275
28,433333;-0,097275
28,435;-0,097275
28,436667;-0,097275
28,438333;-0,097275
28,44;-0,097275
28,441667;-0,097275
28,443333;-0,097275
28,445;-0,097275
28,446667;-0,100136
28,448333;-0,100136
28,45;-0,100136
28,451667;-0,100136
28,453333;-0,100136
28,455;-0,100136
28,456667;-0,100136
28,458333;-0,100136
28,46;-0,100136
28,461667;-0,100136
28,463333;-0,100136
28,465;-0,100136
28,466667;-0,100136
28,468333;-0,100136
28,47;-0,100136
28,471667;-0,100136
28,473333;-0,102997
28,475;-0,102997
28,476667;-0,102997
28,478333;-0,102997
28,48;-0,102997
28,481667;-0,102997
28,483333;-0,102997
28,485;-0,102997
28,486667;-0,102997
28,488333;-0,102997
28,49;-0,102997
28,491667;-0,102997
28,493333;-0,102997
28,495;-0,105858
28,496667;-0,105858
28,498333;-0,105858
28,5;-0,105858
28,501667;-0,105858
28,503333;-0,105858
28,505;-0,105858
28,506667;-0,105858
28,508333;-0,105858
28,51;-0,105858
28,511667;-0,105858
28,513333;-0,105858
28,515;-0,105858
28,516667;-0,105858
28,518333;-0,105858
28,52;-0,105858
28,521667;-0,105858
28,523333;-0,105858
28,525;-0,105858
28,526667;-0,105858
28,528333;-0,105858
28,53;-0,105858
28,531667;-0,108719
28,533333;-0,108719
28,535;-0,108719
28,536667;-0,108719
28,538333;-0,108719
28,54;-0,108719
28,541667;-0,108719
28,543333;-0,108719
28,545;-0,108719
28,546667;-0,108719
28,548333;-0,108719
28,55;-0,108719
28,551667;-0,108719
28,553333;-0,108719
28,555;-0,108719
28,556667;-0,108719
28,558333;-0,108719
28,56;-0,108719
28,561667;-0,108719
28,563333;-0,108719
28,565;-0,11158
28,566667;-0,11158
28,568333;-0,11158
28,57;-0,11158
28,571667;-0,11158
28,573333;-0,11158
28,575;-0,11158
28,576667;-0,11158
28,578333;-0,11158
28,58;-0,11158
28,581667;-0,11158
28,583333;-0,11158
28,585;-0,11158
28,586667;-0,11158
28,588333;-0,11158
28,59;-0,11158
28,591667;-0,11158
28,593333;-0,11158
28,595;-0,11158
28,596667;-0,11158
28,598333;-0,11158
28,6;-0,11158
28,601667;-0,11158
28,603333;-0,114441
28,605;-0,114441
28,606667;-0,114441
28,608333;-0,114441
28,61;-0,114441
28,611667;-0,114441
28,613333;-0,114441
28,615;-0,114441
28,616667;-0,114441
28,618333;-0,114441
28,62;-0,114441
28,621667;-0,114441
28,623333;-0,114441
28,625;-0,114441
28,626667;-0,114441
28,628333;-0,114441
28,63;-0,114441
28,631667;-0,114441
28,633333;-0,114441
28,635;-0,114441
28,636667;-0,114441
28,638333;-0,114441
28,64;-0,117302
28,641667;-0,117302
28,643333;-0,117302
28,645;-0,117302
28,646667;-0,117302
28,648333;-0,117302
28,65;-0,117302
28,651667;-0,117302
28,653333;-0,117302
28,655;-0,117302
28,656667;-0,117302
28,658333;-0,117302
28,66;-0,117302
28,661667;-0,117302
28,663333;-0,117302
28,665;-0,117302
28,666667;-0,117302
28,668333;-0,117302
28,67;-0,117302
28,671667;-0,117302
28,673333;-0,117302
28,675;-0,117302
28,676667;-0,117302
28,678333;-0,117302
28,68;-0,117302
28,681667;-0,117302
28,683333;-0,117302
28,685;-0,117302
28,686667;-0,117302
28,688333;-0,117302
28,69;-0,117302
28,691667;-0,117302
28,693333;-0,117302
28,695;-0,117302
28,696667;-0,117302
28,698333;-0,117302
28,7;-0,117302
28,701667;-0,117302
28,703333;-0,117302
28,705;-0,117302
28,706667;-0,120163
28,708333;-0,120163
28,71;-0,120163
28,711667;-0,120163
28,713333;-0,120163
28,715;-0,120163
28,716667;-0,120163
28,718333;-0,120163
28,72;-0,120163
28,721667;-0,120163
28,723333;-0,120163
28,725;-0,120163
28,726667;-0,120163
28,728333;-0,120163
28,73;-0,120163
28,731667;-0,120163
28,733333;-0,120163
28,735;-0,120163
28,736667;-0,120163
28,738333;-0,120163
28,74;-0,120163
28,741667;-0,120163
28,743333;-0,120163
28,745;-0,120163
28,746667;-0,120163
28,748333;-0,120163
28,75;-0,120163
28,751667;-0,120163
28,753333;-0,120163
28,755;-0,120163
28,756667;-0,120163
28,758333;-0,120163
28,76;-0,120163
28,761667;-0,120163
28,763333;-0,120163
28,765;-0,120163
28,766667;-0,120163
28,768333;-0,120163
28,77;-0,120163
28,771667;-0,120163
28,773333;-0,120163
28,775;-0,120163
28,776667;-0,120163
28,778333;-0,123024
28,78;-0,123024
28,781667;-0,123024
28,783333;-0,123024
28,785;-0,123024
28,786667;-0,123024
28,788333;-0,123024
28,79;-0,123024
28,791667;-0,123024
28,793333;-0,123024
28,795;-0,123024
28,796667;-0,123024
28,798333;-0,123024
28,8;-0,123024
28,801667;-0,123024
28,803333;-0,123024
28,805;-0,123024
28,806667;-0,123024
28,808333;-0,123024
28,81;-0,123024
28,811667;-0,123024
28,813333;-0,123024
28,815;-0,123024
28,816667;-0,123024
28,818333;-0,123024
28,82;-0,123024
28,821667;-0,123024
28,823333;-0,123024
28,825;-0,123024
28,826667;-0,123024
28,828333;-0,123024
28,83;-0,123024
28,831667;-0,123024
28,833333;-0,123024
28,835;-0,123024
28,836667;-0,125885
28,838333;-0,125885
28,84;-0,125885
28,841667;-0,125885
28,843333;-0,125885
28,845;-0,125885
28,846667;-0,125885
28,848333;-0,125885
28,85;-0,125885
28,851667;-0,125885
28,853333;-0,125885
28,855;-0,125885
28,856667;-0,125885
28,858333;-0,125885
28,86;-0,125885
28,861667;-0,125885
28,863333;-0,125885
28,865;-0,125885
28,866667;-0,125885
28,868333;-0,125885
28,87;-0,125885
28,871667;-0,125885
28,873333;-0,125885
28,875;-0,125885
28,876667;-0,125885
28,878333;-0,125885
28,88;-0,125885
28,881667;-0,125885
28,883333;-0,125885
28,885;-0,125885
28,886667;-0,125885
28,888333;-0,125885
28,89;-0,125885
28,891667;-0,125885
28,893333;-0,125885
28,895;-0,125885
28,896667;-0,125885
28,898333;-0,125885
28,9;-0,125885
28,901667;-0,125885
28,903333;-0,128746
28,905;-0,128746
28,906667;-0,128746
28,908333;-0,128746
28,91;-0,128746
28,911667;-0,128746
28,913333;-0,128746
28,915;-0,128746
28,916667;-0,128746
28,918333;-0,128746
28,92;-0,128746
28,921667;-0,128746
28,923333;-0,128746
28,925;-0,128746
28,926667;-0,128746
28,928333;-0,128746
28,93;-0,128746
28,931667;-0,128746
28,933333;-0,128746
28,935;-0,128746
28,936667;-0,128746
28,938333;-0,128746
28,94;-0,128746
28,941667;-0,128746
28,943333;-0,128746
28,945;-0,128746
28,946667;-0,128746
28,948333;-0,128746
28,95;-0,128746
28,951667;-0,128746
28,953333;-0,128746
28,955;-0,128746
28,956667;-0,128746
28,958333;-0,128746
28,96;-0,128746
28,961667;-0,128746
28,963333;-0,128746
28,965;-0,128746
28,966667;-0,128746
28,968333;-0,128746
28,97;-0,128746
28,971667;-0,128746
28,973333;-0,128746
28,975;-0,128746
28,976667;-0,128746
28,978333;-0,128746
28,98;-0,128746
28,981667;-0,128746
28,983333;-0,128746
28,985;-0,128746
28,986667;-0,128746
28,988333;-0,128746
28,99;-0,128746
28,991667;-0,128746
28,993333;-0,128746
28,995;-0,128746
28,996667;-0,128746
28,998333;-0,128746
29;-0,128746
29,001667;-0,128746
29,003333;-0,128746
29,005;-0,131607
29,006667;-0,131607
29,008333;-0,131607
29,01;-0,131607
29,011667;-0,131607
29,013333;-0,128746
29,015;-0,128746
29,016667;-0,128746
29,018333;-0,128746
29,02;-0,128746
29,021667;-0,128746
29,023333;-0,128746
29,025;-0,128746
29,026667;-0,128746
29,028333;-0,128746
29,03;-0,128746
29,031667;-0,128746
29,033333;-0,128746
29,035;-0,128746
29,036667;-0,128746
29,038333;-0,128746
29,04;-0,128746
29,041667;-0,128746
29,043333;-0,128746
29,045;-0,128746
29,046667;-0,128746
29,048333;-0,128746
29,05;-0,128746
29,051667;-0,128746
29,053333;-0,128746
29,055;-0,128746
29,056667;-0,131607
29,058333;-0,131607
29,06;-0,131607
29,061667;-0,131607
29,063333;-0,131607
29,065;-0,131607
29,066667;-0,131607
29,068333;-0,131607
29,07;-0,131607
29,071667;-0,131607
29,073333;-0,131607
29,075;-0,131607
29,076667;-0,131607
29,078333;-0,131607
29,08;-0,131607
29,081667;-0,131607
29,083333;-0,131607
29,085;-0,131607
29,086667;-0,131607
29,088333;-0,131607
29,09;-0,131607
29,091667;-0,131607
29,093333;-0,131607
29,095;-0,131607
29,096667;-0,131607
29,098333;-0,131607
29,1;-0,131607
29,101667;-0,131607
29,103333;-0,131607
29,105;-0,131607
29,106667;-0,131607
29,108333;-0,131607
29,11;-0,131607
29,111667;-0,131607
29,113333;-0,131607
29,115;-0,131607
29,116667;-0,131607
29,118333;-0,131607
29,12;-0,131607
29,121667;-0,131607
29,123333;-0,131607
29,125;-0,131607
29,126667;-0,131607
29,128333;-0,131607
29,13;-0,131607
29,131667;-0,131607
29,133333;-0,131607
29,135;-0,131607
29,136667;-0,131607
29,138333;-0,131607
29,14;-0,131607
29,141667;-0,131607
29,143333;-0,131607
29,145;-0,131607
29,146667;-0,131607
29,148333;-0,131607
29,15;-0,131607
29,151667;-0,131607
29,153333;-0,131607
29,155;-0,131607
29,156667;-0,131607
29,158333;-0,131607
29,16;-0,131607
29,161667;-0,131607
29,163333;-0,131607
29,165;-0,131607
29,166667;-0,131607
29,168333;-0,131607
29,17;-0,131607
29,171667;-0,131607
29,173333;-0,131607
29,175;-0,131607
29,176667;-0,131607
29,178333;-0,131607
29,18;-0,131607
29,181667;-0,131607
29,183333;-0,131607
29,185;-0,131607
29,186667;-0,131607
29,188333;-0,131607
29,19;-0,131607
29,191667;-0,131607
29,193333;-0,131607
29,195;-0,131607
29,196667;-0,131607
29,198333;-0,131607
29,2;-0,131607
29,201667;-0,131607
29,203333;-0,131607
29,205;-0,131607
29,206667;-0,131607
29,208333;-0,131607
29,21;-0,131607
29,211667;-0,131607
29,213333;-0,131607
29,215;-0,131607
29,216667;-0,131607
29,218333;-0,131607
29,22;-0,131607
29,221667;-0,131607
29,223333;-0,131607
29,225;-0,131607
29,226667;-0,134468
29,228333;-0,134468
29,23;-0,134468
29,231667;-0,134468
29,233333;-0,134468
29,235;-0,134468
29,236667;-0,134468
29,238333;-0,134468
29,24;-0,134468
29,241667;-0,134468
29,243333;-0,134468
29,245;-0,134468
29,246667;-0,134468
29,248333;-0,134468
29,25;-0,134468
29,251667;-0,134468
29,253333;-0,134468
29,255;-0,134468
29,256667;-0,134468
29,258333;-0,134468
29,26;-0,134468
29,261667;-0,134468
29,263333;-0,134468
29,265;-0,134468
29,266667;-0,134468
29,268333;-0,134468
29,27;-0,134468
29,271667;-0,134468
29,273333;-0,134468
29,275;-0,134468
29,276667;-0,134468
29,278333;-0,134468
29,28;-0,134468
29,281667;-0,134468
29,283333;-0,134468
29,285;-0,134468
29,286667;-0,134468
29,288333;-0,134468
29,29;-0,134468
29,291667;-0,134468
29,293333;-0,134468
29,295;-0,134468
29,296667;-0,134468
29,298333;-0,134468
29,3;-0,134468
29,301667;-0,134468
29,303333;-0,134468
29,305;-0,134468
29,306667;-0,134468
29,308333;-0,134468
29,31;-0,134468
29,311667;-0,134468
29,313333;-0,134468
29,315;-0,134468
29,316667;-0,134468
29,318333;-0,134468
29,32;-0,134468
29,321667;-0,134468
29,323333;-0,134468
29,325;-0,134468
29,326667;-0,134468
29,328333;-0,134468
29,33;-0,134468
29,331667;-0,134468
29,333333;-0,134468
29,335;-0,134468
29,336667;-0,134468
29,338333;-0,134468
29,34;-0,134468
29,341667;-0,134468
29,343333;-0,134468
29,345;-0,134468
29,346667;-0,134468
29,348333;-0,134468
29,35;-0,134468
29,351667;-0,134468
29,353333;-0,134468
29,355;-0,134468
29,356667;-0,134468
29,358333;-0,134468
29,36;-0,134468
29,361667;-0,134468
29,363333;-0,134468
29,365;-0,134468
29,366667;-0,134468
29,368333;-0,134468
29,37;-0,134468
29,371667;-0,134468
29,373333;-0,134468
29,375;-0,134468
29,376667;-0,134468
29,378333;-0,134468
29,38;-0,134468
29,381667;-0,134468
29,383333;-0,134468
29,385;-0,134468
29,386667;-0,134468
29,388333;-0,134468
29,39;-0,134468
29,391667;-0,134468
29,393333;-0,134468
29,395;-0,134468
29,396667;-0,134468
29,398333;-0,134468
29,4;-0,134468
29,401667;-0,134468
29,403333;-0,134468
29,405;-0,134468
29,406667;-0,134468
29,408333;-0,134468
29,41;-0,134468
29,411667;-0,134468
29,413333;-0,134468
29,415;-0,134468
29,416667;-0,134468
29,418333;-0,134468
29,42;-0,134468
29,421667;-0,134468
29,423333;-0,134468
29,425;-0,134468
29,426667;-0,134468
29,428333;-0,134468
29,43;-0,134468
29,431667;-0,134468
29,433333;-0,134468
29,435;-0,134468
29,436667;-0,134468
29,438333;-0,134468
29,44;-0,134468
29,441667;-0,134468
29,443333;-0,134468
29,445;-0,134468
29,446667;-0,134468
29,448333;-0,134468
29,45;-0,134468
29,451667;-0,134468
29,453333;-0,134468
29,455;-0,134468
29,456667;-0,134468
29,458333;-0,134468
29,46;-0,134468
29,461667;-0,134468
29,463333;-0,134468
29,465;-0,134468
29,466667;-0,134468
29,468333;-0,134468
29,47;-0,134468
29,471667;-0,134468
29,473333;-0,134468
29,475;-0,134468
29,476667;-0,134468
29,478333;-0,134468
29,48;-0,134468
29,481667;-0,134468
29,483333;-0,134468
29,485;-0,134468
29,486667;-0,134468
29,488333;-0,134468
29,49;-0,134468
29,491667;-0,134468
29,493333;-0,134468
29,495;-0,134468
29,496667;-0,134468
29,498333;-0,134468
29,5;-0,134468
29,501667;-0,134468
29,503333;-0,134468
29,505;-0,134468
29,506667;-0,134468
29,508333;-0,134468
29,51;-0,134468
29,511667;-0,134468
29,513333;-0,134468
29,515;-0,134468
29,516667;-0,134468
29,518333;-0,134468
29,52;-0,134468
29,521667;-0,134468
29,523333;-0,134468
29,525;-0,134468
29,526667;-0,134468
29,528333;-0,134468
29,53;-0,134468
29,531667;-0,134468
29,533333;-0,134468
29,535;-0,134468
29,536667;-0,134468
29,538333;-0,134468
29,54;-0,134468
29,541667;-0,134468
29,543333;-0,134468
29,545;-0,134468
29,546667;-0,134468
29,548333;-0,134468
29,55;-0,134468
29,551667;-0,134468
29,553333;-0,134468
29,555;-0,134468
29,556667;-0,134468
29,558333;-0,134468
29,56;-0,134468
29,561667;-0,134468
29,563333;-0,134468
29,565;-0,134468
29,566667;-0,134468
29,568333;-0,134468
29,57;-0,134468
29,571667;-0,134468
29,573333;-0,134468
29,575;-0,134468
29,576667;-0,134468
29,578333;-0,134468
29,58;-0,134468
29,581667;-0,134468
29,583333;-0,134468
29,585;-0,134468
29,586667;-0,134468
29,588333;-0,134468
29,59;-0,134468
29,591667;-0,134468
29,593333;-0,134468
29,595;-0,134468
29,596667;-0,134468
29,598333;-0,134468
29,6;-0,134468
29,601667;-0,134468
29,603333;-0,134468
29,605;-0,134468
29,606667;-0,134468
29,608333;-0,134468
29,61;-0,134468
29,611667;-0,134468
29,613333;-0,134468
29,615;-0,134468
29,616667;-0,134468
29,618333;-0,134468
29,62;-0,134468
29,621667;-0,134468
29,623333;-0,134468
29,625;-0,134468
29,626667;-0,134468
29,628333;-0,134468
29,63;-0,134468
29,631667;-0,134468
29,633333;-0,134468
29,635;-0,134468
29,636667;-0,134468
29,638333;-0,134468
29,64;-0,134468
29,641667;-0,134468
29,643333;-0,134468
29,645;-0,134468
29,646667;-0,134468
29,648333;-0,134468
29,65;-0,134468
29,651667;-0,134468
29,653333;-0,134468
29,655;-0,134468
29,656667;-0,134468
29,658333;-0,134468
29,66;-0,134468
29,661667;-0,134468
29,663333;-0,134468
29,665;-0,134468
29,666667;-0,134468
29,668333;-0,134468
29,67;-0,134468
29,671667;-0,134468
29,673333;-0,131607
29,675;-0,131607
29,676667;-0,131607
29,678333;-0,131607
29,68;-0,131607
29,681667;-0,131607
29,683333;-0,131607
29,685;-0,131607
29,686667;-0,131607
29,688333;-0,131607
29,69;-0,131607
29,691667;-0,131607
29,693333;-0,131607
29,695;-0,131607
29,696667;-0,131607
29,698333;-0,131607
29,7;-0,131607
29,701667;-0,131607
29,703333;-0,131607
29,705;-0,131607
29,706667;-0,131607
29,708333;-0,131607
29,71;-0,131607
29,711667;-0,131607
29,713333;-0,131607
29,715;-0,131607
29,716667;-0,131607
29,718333;-0,131607
29,72;-0,131607
29,721667;-0,131607
29,723333;-0,131607
29,725;-0,131607
29,726667;-0,131607
29,728333;-0,131607
29,73;-0,131607
29,731667;-0,131607
29,733333;-0,131607
29,735;-0,131607
29,736667;-0,131607
29,738333;-0,131607
29,74;-0,131607
29,741667;-0,131607
29,743333;-0,131607
29,745;-0,131607
29,746667;-0,131607
29,748333;-0,131607
29,75;-0,131607
29,751667;-0,131607
29,753333;-0,131607
29,755;-0,131607
29,756667;-0,131607
29,758333;-0,131607
29,76;-0,131607
29,761667;-0,131607
29,763333;-0,131607
29,765;-0,131607
29,766667;-0,131607
29,768333;-0,131607
29,77;-0,131607
29,771667;-0,131607
29,773333;-0,131607
29,775;-0,131607
29,776667;-0,131607
29,778333;-0,131607
29,78;-0,131607
29,781667;-0,131607
29,783333;-0,131607
29,785;-0,131607
29,786667;-0,131607
29,788333;-0,131607
29,79;-0,131607
29,791667;-0,131607
29,793333;-0,131607
29,795;-0,131607
29,796667;-0,131607
29,798333;-0,131607
29,8;-0,131607
29,801667;-0,131607
29,803333;-0,131607
29,805;-0,131607
29,806667;-0,131607
29,808333;-0,131607
29,81;-0,131607
29,811667;-0,131607
29,813333;-0,131607
29,815;-0,131607
29,816667;-0,131607
29,818333;-0,131607
29,82;-0,131607
29,821667;-0,131607
29,823333;-0,131607
29,825;-0,131607
29,826667;-0,131607
29,828333;-0,131607
29,83;-0,131607
29,831667;-0,131607
29,833333;-0,131607
29,835;-0,131607
29,836667;-0,131607
29,838333;-0,131607
29,84;-0,131607
29,841667;-0,131607
29,843333;-0,131607
29,845;-0,131607
29,846667;-0,131607
29,848333;-0,131607
29,85;-0,131607
29,851667;-0,131607
29,853333;-0,131607
29,855;-0,131607
29,856667;-0,131607
29,858333;-0,131607
29,86;-0,131607
29,861667;-0,131607
29,863333;-0,131607
29,865;-0,131607
29,866667;-0,131607
29,868333;-0,131607
29,87;-0,131607
29,871667;-0,131607
29,873333;-0,131607
29,875;-0,131607
29,876667;-0,131607
29,878333;-0,131607
29,88;-0,131607
29,881667;-0,131607
29,883333;-0,131607
29,885;-0,131607
29,886667;-0,131607
29,888333;-0,131607
29,89;-0,131607
29,891667;-0,131607
29,893333;-0,131607
29,895;-0,131607
29,896667;-0,131607
29,898333;-0,131607
29,9;-0,131607
29,901667;-0,131607
29,903333;-0,134468
29,905;-0,134468
29,906667;-0,134468
29,908333;-0,134468
29,91;-0,134468
29,911667;-0,134468
29,913333;-0,134468
29,915;-0,134468
29,916667;-0,134468
29,918333;-0,134468
29,92;-0,134468
29,921667;-0,134468
29,923333;-0,134468
29,925;-0,134468
29,926667;-0,134468
29,928333;-0,134468
29,93;-0,134468
29,931667;-0,134468
29,933333;-0,134468
29,935;-0,134468
29,936667;-0,134468
29,938333;-0,134468
29,94;-0,134468
29,941667;-0,134468
29,943333;-0,134468
29,945;-0,134468
29,946667;-0,134468
29,948333;-0,134468
29,95;-0,134468
29,951667;-0,134468
29,953333;-0,134468
29,955;-0,134468
29,956667;-0,134468
29,958333;-0,134468
29,96;-0,134468
29,961667;-0,134468
29,963333;-0,134468
29,965;-0,134468
29,966667;-0,134468
29,968333;-0,134468
29,97;-0,134468
29,971667;-0,134468
29,973333;-0,134468
29,975;-0,134468
29,976667;-0,134468
29,978333;-0,134468
29,98;-0,134468
29,981667;-0,134468
29,983333;-0,134468
29,985;-0,134468
29,986667;-0,134468
29,988333;-0,134468
29,99;-0,134468
29,991667;-0,134468
29,993333;-0,134468
29,995;-0,134468
29,996667;-0,134468
29,998333;-0,134468
30;-0,134468
30,001667;-0,134468
30,003333;-0,134468
30,005;-0,134468
30,006667;-0,134468
30,008333;-0,134468
30,01;-0,134468
30,011667;-0,134468
30,013333;-0,134468
30,015;-0,134468
30,016667;-0,134468
30,018333;-0,134468
30,02;-0,134468
30,021667;-0,134468
30,023333;-0,134468
30,025;-0,134468
30,026667;-0,134468
30,028333;-0,131607
30,03;-0,131607
30,031667;-0,131607
30,033333;-0,131607
30,035;-0,131607
30,036667;-0,131607
30,038333;-0,134468
30,04;-0,134468
30,041667;-0,134468
30,043333;-0,134468
30,045;-0,134468
30,046667;-0,134468
30,048333;-0,134468
30,05;-0,134468
30,051667;-0,134468
30,053333;-0,134468
30,055;-0,134468
30,056667;-0,134468
30,058333;-0,134468
30,06;-0,134468
30,061667;-0,134468
30,063333;-0,134468
30,065;-0,134468
30,066667;-0,134468
30,068333;-0,134468
30,07;-0,134468
30,071667;-0,134468
30,073333;-0,134468
30,075;-0,134468
30,076667;-0,134468
30,078333;-0,134468
30,08;-0,134468
30,081667;-0,134468
30,083333;-0,131607
30,085;-0,131607
30,086667;-0,131607
30,088333;-0,131607
30,09;-0,131607
30,091667;-0,131607
30,093333;-0,134468
30,095;-0,134468
30,096667;-0,134468
30,098333;-0,134468
30,1;-0,134468
30,101667;-0,134468
30,103333;-0,134468
30,105;-0,134468
30,106667;-0,134468
30,108333;-0,134468
30,11;-0,134468
30,111667;-0,134468
30,113333;-0,134468
30,115;-0,134468
30,116667;-0,134468
30,118333;-0,134468
30,12;-0,134468
30,121667;-0,134468
30,123333;-0,134468
30,125;-0,134468
30,126667;-0,134468
30,128333;-0,134468
30,13;-0,134468
30,131667;-0,134468
30,133333;-0,134468
30,135;-0,134468
30,136667;-0,134468
30,138333;-0,134468
30,14;-0,134468
30,141667;-0,134468
30,143333;-0,134468
30,145;-0,134468
30,146667;-0,134468
30,148333;-0,134468
30,15;-0,134468
30,151667;-0,134468
30,153333;-0,134468
30,155;-0,134468
30,156667;-0,134468
30,158333;-0,134468
30,16;-0,134468
30,161667;-0,134468
30,163333;-0,134468
30,165;-0,134468
30,166667;-0,134468
30,168333;-0,134468
30,17;-0,134468
30,171667;-0,134468
30,173333;-0,134468
30,175;-0,134468
30,176667;-0,134468
30,178333;-0,134468
30,18;-0,134468
30,181667;-0,134468
30,183333;-0,134468
30,185;-0,134468
30,186667;-0,134468
30,188333;-0,134468
30,19;-0,134468
30,191667;-0,134468
30,193333;-0,134468
30,195;-0,134468
30,196667;-0,134468
30,198333;-0,134468
30,2;-0,134468
30,201667;-0,134468
30,203333;-0,134468
30,205;-0,134468
30,206667;-0,134468
30,208333;-0,134468
30,21;-0,134468
30,211667;-0,134468
30,213333;-0,134468
30,215;-0,134468
30,216667;-0,134468
30,218333;-0,134468
30,22;-0,134468
30,221667;-0,134468
30,223333;-0,134468
30,225;-0,134468
30,226667;-0,134468
30,228333;-0,134468
30,23;-0,134468
30,231667;-0,134468
30,233333;-0,134468
30,235;-0,134468
30,236667;-0,134468
30,238333;-0,134468
30,24;-0,134468
30,241667;-0,134468
30,243333;-0,134468
30,245;-0,134468
30,246667;-0,134468
30,248333;-0,134468
30,25;-0,134468
30,251667;-0,134468
30,253333;-0,134468
30,255;-0,134468
30,256667;-0,134468
30,258333;-0,134468
30,26;-0,134468
30,261667;-0,134468
30,263333;-0,134468
30,265;-0,134468
30,266667;-0,134468
30,268333;-0,134468
30,27;-0,134468
30,271667;-0,134468
30,273333;-0,134468
30,275;-0,134468
30,276667;-0,134468
30,278333;-0,134468
30,28;-0,134468
30,281667;-0,134468
30,283333;-0,134468
30,285;-0,134468
30,286667;-0,134468
30,288333;-0,134468
30,29;-0,134468
30,291667;-0,134468
30,293333;-0,134468
30,295;-0,134468
30,296667;-0,134468
30,298333;-0,134468
30,3;-0,134468
30,301667;-0,134468
30,303333;-0,134468
30,305;-0,134468
30,306667;-0,134468
30,308333;-0,134468
30,31;-0,134468
30,311667;-0,134468
30,313333;-0,134468
30,315;-0,134468
30,316667;-0,134468
30,318333;-0,134468
30,32;-0,134468
30,321667;-0,134468
30,323333;-0,134468
30,325;-0,134468
30,326667;-0,134468
30,328333;-0,134468
30,33;-0,134468
30,331667;-0,134468
30,333333;-0,134468
30,335;-0,134468
30,336667;-0,134468
30,338333;-0,134468
30,34;-0,134468
30,341667;-0,134468
30,343333;-0,134468
30,345;-0,137329
30,346667;-0,137329
30,348333;-0,137329
30,35;-0,137329
30,351667;-0,137329
30,353333;-0,137329
30,355;-0,137329
30,356667;-0,137329
30,358333;-0,137329
30,36;-0,137329
30,361667;-0,137329
30,363333;-0,137329
30,365;-0,137329
30,366667;-0,137329
30,368333;-0,137329
30,37;-0,137329
30,371667;-0,137329
30,373333;-0,137329
30,375;-0,137329
30,376667;-0,137329
30,378333;-0,137329
30,38;-0,137329
30,381667;-0,137329
30,383333;-0,137329
30,385;-0,137329
30,386667;-0,137329
30,388333;-0,137329
30,39;-0,137329
30,391667;-0,137329
30,393333;-0,137329
30,395;-0,137329
30,396667;-0,137329
30,398333;-0,137329
30,4;-0,137329
30,401667;-0,137329
30,403333;-0,137329
30,405;-0,137329
30,406667;-0,137329
30,408333;-0,137329
30,41;-0,137329
30,411667;-0,137329
30,413333;-0,137329
30,415;-0,137329
30,416667;-0,137329
30,418333;-0,137329
30,42;-0,137329
30,421667;-0,137329
30,423333;-0,137329
30,425;-0,137329
30,426667;-0,137329
30,428333;-0,137329
30,43;-0,137329
30,431667;-0,137329
30,433333;-0,137329
30,435;-0,137329
30,436667;-0,137329
30,438333;-0,137329
30,44;-0,137329
30,441667;-0,137329
30,443333;-0,137329
30,445;-0,137329
30,446667;-0,137329
30,448333;-0,137329
30,45;-0,137329
30,451667;-0,137329
30,453333;-0,137329
30,455;-0,137329
30,456667;-0,137329
30,458333;-0,137329
30,46;-0,137329
30,461667;-0,137329
30,463333;-0,137329
30,465;-0,137329
30,466667;-0,137329
30,468333;-0,137329
30,47;-0,137329
30,471667;-0,137329
30,473333;-0,137329
30,475;-0,137329
30,476667;-0,137329
30,478333;-0,137329
30,48;-0,137329
30,481667;-0,137329
30,483333;-0,137329
30,485;-0,137329
30,486667;-0,137329
30,488333;-0,137329
30,49;-0,137329
30,491667;-0,137329
30,493333;-0,137329
30,495;-0,137329
30,496667;-0,137329
30,498333;-0,137329
30,5;-0,137329
30,501667;-0,137329
30,503333;-0,137329
30,505;-0,137329
30,506667;-0,137329
30,508333;-0,137329
30,51;-0,137329
30,511667;-0,137329
30,513333;-0,137329
30,515;-0,137329
30,516667;-0,137329
30,518333;-0,137329
30,52;-0,137329
30,521667;-0,137329
30,523333;-0,137329
30,525;-0,137329
30,526667;-0,137329
30,528333;-0,137329
30,53;-0,137329
30,531667;-0,137329
30,533333;-0,137329
30,535;-0,137329
30,536667;-0,137329
30,538333;-0,137329
30,54;-0,137329
30,541667;-0,137329
30,543333;-0,137329
30,545;-0,137329
30,546667;-0,137329
30,548333;-0,137329
30,55;-0,137329
30,551667;-0,137329
30,553333;-0,137329
30,555;-0,137329
30,556667;-0,137329
30,558333;-0,137329
30,56;-0,137329
30,561667;-0,137329
30,563333;-0,137329
30,565;-0,137329
30,566667;-0,137329
30,568333;-0,137329
30,57;-0,137329
30,571667;-0,137329
30,573333;-0,137329
30,575;-0,137329
30,576667;-0,137329
30,578333;-0,137329
30,58;-0,137329
30,581667;-0,137329
30,583333;-0,137329
30,585;-0,137329
30,586667;-0,137329
30,588333;-0,137329
30,59;-0,137329
30,591667;-0,137329
30,593333;-0,137329
30,595;-0,137329
30,596667;-0,137329
30,598333;-0,137329
30,6;-0,137329
30,601667;-0,137329
30,603333;-0,137329
30,605;-0,137329
30,606667;-0,137329
30,608333;-0,137329
30,61;-0,137329
30,611667;-0,137329
30,613333;-0,137329
30,615;-0,137329
30,616667;-0,137329
30,618333;-0,137329
30,62;-0,137329
30,621667;-0,137329
30,623333;-0,137329
30,625;-0,137329
30,626667;-0,137329
30,628333;-0,137329
30,63;-0,137329
30,631667;-0,137329
30,633333;-0,137329
30,635;-0,137329
30,636667;-0,137329
30,638333;-0,137329
30,64;-0,137329
30,641667;-0,137329
30,643333;-0,137329
30,645;-0,137329
30,646667;-0,137329
30,648333;-0,137329
30,65;-0,137329
30,651667;-0,137329
30,653333;-0,137329
30,655;-0,137329
30,656667;-0,137329
30,658333;-0,137329
30,66;-0,137329
30,661667;-0,137329
30,663333;-0,137329
30,665;-0,137329
30,666667;-0,137329
30,668333;-0,137329
30,67;-0,137329
30,671667;-0,137329
30,673333;-0,137329
30,675;-0,137329
30,676667;-0,137329
30,678333;-0,137329
30,68;-0,137329
30,681667;-0,137329
30,683333;-0,137329
30,685;-0,137329
30,686667;-0,137329
30,688333;-0,137329
30,69;-0,137329
30,691667;-0,137329
30,693333;-0,137329
30,695;-0,137329
30,696667;-0,137329
30,698333;-0,137329
30,7;-0,137329
30,701667;-0,137329
30,703333;-0,137329
30,705;-0,137329
30,706667;-0,137329
30,708333;-0,137329
30,71;-0,137329
30,711667;-0,137329
30,713333;-0,137329
30,715;-0,137329
30,716667;-0,137329
30,718333;-0,134468
30,72;-0,134468
30,721667;-0,134468
30,723333;-0,134468
30,725;-0,134468
30,726667;-0,134468
30,728333;-0,134468
30,73;-0,134468
30,731667;-0,134468
30,733333;-0,137329
30,735;-0,137329
30,736667;-0,137329
30,738333;-0,137329
30,74;-0,137329
30,741667;-0,137329
30,743333;-0,137329
30,745;-0,137329
30,746667;-0,137329
30,748333;-0,137329
30,75;-0,137329
30,751667;-0,137329
30,753333;-0,137329
30,755;-0,137329
30,756667;-0,137329
30,758333;-0,137329
30,76;-0,137329
30,761667;-0,137329
30,763333;-0,137329
30,765;-0,137329
30,766667;-0,137329
30,768333;-0,137329
30,77;-0,134468
30,771667;-0,134468
30,773333;-0,134468
30,775;-0,134468
30,776667;-0,134468
30,778333;-0,134468
30,78;-0,134468
30,781667;-0,134468
30,783333;-0,134468
30,785;-0,134468
30,786667;-0,134468
30,788333;-0,134468
30,79;-0,134468
30,791667;-0,134468
30,793333;-0,134468
30,795;-0,134468
30,796667;-0,134468
30,798333;-0,134468
30,8;-0,134468
30,801667;-0,134468
30,803333;-0,134468
30,805;-0,134468
30,806667;-0,134468
30,808333;-0,134468
30,81;-0,134468
30,811667;-0,134468
30,813333;-0,134468
30,815;-0,134468
30,816667;-0,134468
30,818333;-0,134468
30,82;-0,134468
30,821667;-0,134468
30,823333;-0,134468
30,825;-0,134468
30,826667;-0,134468
30,828333;-0,134468
30,83;-0,134468
30,831667;-0,134468
30,833333;-0,134468
30,835;-0,134468
30,836667;-0,134468
30,838333;-0,134468
30,84;-0,134468
30,841667;-0,134468
30,843333;-0,134468
30,845;-0,134468
30,846667;-0,134468
30,848333;-0,134468
30,85;-0,134468
30,851667;-0,134468
30,853333;-0,134468
30,855;-0,134468
30,856667;-0,134468
30,858333;-0,134468
30,86;-0,134468
30,861667;-0,134468
30,863333;-0,134468
30,865;-0,134468
30,866667;-0,134468
30,868333;-0,134468
30,87;-0,134468
30,871667;-0,134468
30,873333;-0,134468
30,875;-0,134468
30,876667;-0,134468
30,878333;-0,134468
30,88;-0,134468
30,881667;-0,134468
30,883333;-0,134468
30,885;-0,134468
30,886667;-0,134468
30,888333;-0,134468
30,89;-0,134468
30,891667;-0,134468
30,893333;-0,134468
30,895;-0,134468
30,896667;-0,134468
30,898333;-0,134468
30,9;-0,134468
30,901667;-0,134468
30,903333;-0,134468
30,905;-0,134468
30,906667;-0,134468
30,908333;-0,134468
30,91;-0,134468
30,911667;-0,134468
30,913333;-0,134468
30,915;-0,134468
30,916667;-0,134468
30,918333;-0,134468
30,92;-0,134468
30,921667;-0,134468
30,923333;-0,134468
30,925;-0,134468
30,926667;-0,134468
30,928333;-0,134468
30,93;-0,134468
30,931667;-0,134468
30,933333;-0,134468
30,935;-0,134468
30,936667;-0,134468
30,938333;-0,134468
30,94;-0,134468
30,941667;-0,134468
30,943333;-0,134468
30,945;-0,134468
30,946667;-0,134468
30,948333;-0,134468
30,95;-0,134468
30,951667;-0,134468
30,953333;-0,134468
30,955;-0,134468
30,956667;-0,134468
30,958333;-0,134468
30,96;-0,134468
30,961667;-0,134468
30,963333;-0,134468
30,965;-0,134468
30,966667;-0,134468
30,968333;-0,134468
30,97;-0,134468
30,971667;-0,134468
30,973333;-0,134468
30,975;-0,134468
30,976667;-0,134468
30,978333;-0,134468
30,98;-0,134468
30,981667;-0,134468
30,983333;-0,134468
30,985;-0,134468
30,986667;-0,134468
30,988333;-0,134468
30,99;-0,134468
30,991667;-0,134468
30,993333;-0,134468
30,995;-0,134468
30,996667;-0,134468
30,998333;-0,134468
31;-0,134468
31,001667;-0,134468
31,003333;-0,134468
31,005;-0,134468
31,006667;-0,134468
31,008333;-0,134468
31,01;-0,131607
31,011667;-0,131607
31,013333;-0,131607
31,015;-0,131607
31,016667;-0,131607
31,018333;-0,131607
31,02;-0,131607
31,021667;-0,131607
31,023333;-0,131607
31,025;-0,131607
31,026667;-0,131607
31,028333;-0,131607
31,03;-0,131607
31,031667;-0,131607
31,033333;-0,131607
31,035;-0,131607
31,036667;-0,131607
31,038333;-0,131607
31,04;-0,131607
31,041667;-0,131607
31,043333;-0,131607
31,045;-0,131607
31,046667;-0,131607
31,048333;-0,131607
31,05;-0,131607
31,051667;-0,131607
31,053333;-0,131607
31,055;-0,131607
31,056667;-0,131607
31,058333;-0,131607
31,06;-0,131607
31,061667;-0,131607
31,063333;-0,131607
31,065;-0,131607
31,066667;-0,131607
31,068333;-0,131607
31,07;-0,131607
31,071667;-0,131607
31,073333;-0,131607
31,075;-0,131607
31,076667;-0,131607
31,078333;-0,131607
31,08;-0,131607
31,081667;-0,131607
31,083333;-0,131607
31,085;-0,131607
31,086667;-0,131607
31,088333;-0,131607
31,09;-0,131607
31,091667;-0,131607
31,093333;-0,131607
31,095;-0,131607
31,096667;-0,131607
31,098333;-0,131607
31,1;-0,131607
31,101667;-0,131607
31,103333;-0,131607
31,105;-0,131607
31,106667;-0,131607
31,108333;-0,131607
31,11;-0,131607
31,111667;-0,131607
31,113333;-0,131607
31,115;-0,131607
31,116667;-0,131607
31,118333;-0,131607
31,12;-0,131607
31,121667;-0,131607
31,123333;-0,131607
31,125;-0,131607
31,126667;-0,131607
31,128333;-0,131607
31,13;-0,131607
31,131667;-0,131607
31,133333;-0,131607
31,135;-0,131607
31,136667;-0,131607
31,138333;-0,131607
31,14;-0,131607
31,141667;-0,131607
31,143333;-0,131607
31,145;-0,131607
31,146667;-0,131607
31,148333;-0,131607
31,15;-0,131607
31,151667;-0,131607
31,153333;-0,131607
31,155;-0,131607
31,156667;-0,131607
31,158333;-0,131607
31,16;-0,131607
31,161667;-0,131607
31,163333;-0,131607
31,165;-0,131607
31,166667;-0,131607
31,168333;-0,131607
31,17;-0,131607
31,171667;-0,131607
31,173333;-0,131607
31,175;-0,131607
31,176667;-0,131607
31,178333;-0,131607
31,18;-0,131607
31,181667;-0,131607
31,183333;-0,131607
31,185;-0,131607
31,186667;-0,131607
31,188333;-0,131607
31,19;-0,131607
31,191667;-0,131607
31,193333;-0,131607
31,195;-0,131607
31,196667;-0,131607
31,198333;-0,131607
31,2;-0,131607
31,201667;-0,131607
31,203333;-0,131607
31,205;-0,131607
31,206667;-0,131607
31,208333;-0,131607
31,21;-0,131607
31,211667;-0,131607
31,213333;-0,131607
31,215;-0,131607
31,216667;-0,131607
31,218333;-0,131607
31,22;-0,131607
31,221667;-0,131607
31,223333;-0,131607
31,225;-0,131607
31,226667;-0,131607
31,228333;-0,131607
31,23;-0,131607
31,231667;-0,131607
31,233333;-0,131607
31,235;-0,131607
31,236667;-0,131607
31,238333;-0,131607
31,24;-0,131607
31,241667;-0,131607
31,243333;-0,131607
31,245;-0,131607
31,246667;-0,131607
31,248333;-0,131607
31,25;-0,131607
31,251667;-0,131607
31,253333;-0,131607
31,255;-0,131607
31,256667;-0,131607
31,258333;-0,131607
31,26;-0,131607
31,261667;-0,131607
31,263333;-0,131607
31,265;-0,131607
31,266667;-0,131607
31,268333;-0,131607
31,27;-0,131607
31,271667;-0,131607
31,273333;-0,131607
31,275;-0,131607
31,276667;-0,131607
31,278333;-0,131607
31,28;-0,131607
31,281667;-0,131607
31,283333;-0,131607
31,285;-0,131607
31,286667;-0,131607
31,288333;-0,131607
31,29;-0,131607
31,291667;-0,131607
31,293333;-0,131607
31,295;-0,131607
31,296667;-0,131607
31,298333;-0,131607
31,3;-0,131607
31,301667;-0,131607
31,303333;-0,131607
31,305;-0,131607
31,306667;-0,131607
31,308333;-0,131607
31,31;-0,131607
31,311667;-0,131607
31,313333;-0,131607
31,315;-0,131607
31,316667;-0,131607
31,318333;-0,131607
31,32;-0,131607
31,321667;-0,131607
31,323333;-0,131607
31,325;-0,131607
31,326667;-0,131607
31,328333;-0,131607
31,33;-0,131607
31,331667;-0,131607
31,333333;-0,131607
31,335;-0,131607
31,336667;-0,131607
31,338333;-0,131607
31,34;-0,131607
31,341667;-0,131607
31,343333;-0,131607
31,345;-0,131607
31,346667;-0,131607
31,348333;-0,128746
31,35;-0,128746
31,351667;-0,128746
31,353333;-0,128746
31,355;-0,128746
31,356667;-0,128746
31,358333;-0,128746
31,36;-0,128746
31,361667;-0,128746
31,363333;-0,128746
31,365;-0,128746
31,366667;-0,128746
31,368333;-0,128746
31,37;-0,128746
31,371667;-0,128746
31,373333;-0,128746
31,375;-0,128746
31,376667;-0,128746
31,378333;-0,128746
31,38;-0,128746
31,381667;-0,128746
31,383333;-0,128746
31,385;-0,128746
31,386667;-0,128746
31,388333;-0,128746
31,39;-0,128746
31,391667;-0,128746
31,393333;-0,128746
31,395;-0,128746
31,396667;-0,128746
31,398333;-0,128746
31,4;-0,128746
31,401667;-0,128746
31,403333;-0,128746
31,405;-0,128746
31,406667;-0,128746
31,408333;-0,128746
31,41;-0,128746
31,411667;-0,128746
31,413333;-0,128746
31,415;-0,128746
31,416667;-0,128746
31,418333;-0,128746
31,42;-0,128746
31,421667;-0,128746
31,423333;-0,128746
31,425;-0,131607
31,426667;-0,131607
31,428333;-0,131607
31,43;-0,131607
31,431667;-0,131607
31,433333;-0,128746
31,435;-0,128746
31,436667;-0,128746
31,438333;-0,128746
31,44;-0,128746
31,441667;-0,128746
31,443333;-0,128746
31,445;-0,128746
31,446667;-0,128746
31,448333;-0,128746
31,45;-0,128746
31,451667;-0,128746
31,453333;-0,128746
31,455;-0,128746
31,456667;-0,128746
31,458333;-0,128746
31,46;-0,128746
31,461667;-0,128746
31,463333;-0,128746
31,465;-0,128746
31,466667;-0,128746
31,468333;-0,128746
31,47;-0,128746
31,471667;-0,131607
31,473333;-0,131607
31,475;-0,131607
31,476667;-0,131607
31,478333;-0,131607
31,48;-0,131607
31,481667;-0,131607
31,483333;-0,131607
31,485;-0,131607
31,486667;-0,131607
31,488333;-0,131607
31,49;-0,131607
31,491667;-0,131607
31,493333;-0,131607
31,495;-0,131607
31,496667;-0,131607
31,498333;-0,131607
31,5;-0,131607
31,501667;-0,131607
31,503333;-0,131607
31,505;-0,131607
31,506667;-0,131607
31,508333;-0,131607
31,51;-0,131607
31,511667;-0,131607
31,513333;-0,131607
31,515;-0,131607
31,516667;-0,131607
31,518333;-0,131607
31,52;-0,131607
31,521667;-0,131607
31,523333;-0,131607
31,525;-0,131607
31,526667;-0,131607
31,528333;-0,131607
31,53;-0,131607
31,531667;-0,131607
31,533333;-0,131607
31,535;-0,131607
31,536667;-0,131607
31,538333;-0,131607
31,54;-0,131607
31,541667;-0,131607
31,543333;-0,131607
31,545;-0,131607
31,546667;-0,131607
31,548333;-0,131607
31,55;-0,131607
31,551667;-0,131607
31,553333;-0,131607
31,555;-0,131607
31,556667;-0,131607
31,558333;-0,131607
31,56;-0,131607
31,561667;-0,131607
31,563333;-0,131607
31,565;-0,131607
31,566667;-0,131607
31,568333;-0,131607
31,57;-0,131607
31,571667;-0,131607
31,573333;-0,131607
31,575;-0,131607
31,576667;-0,131607
31,578333;-0,131607
31,58;-0,131607
31,581667;-0,131607
31,583333;-0,131607
31,585;-0,131607
31,586667;-0,131607
31,588333;-0,131607
31,59;-0,131607
31,591667;-0,131607
31,593333;-0,131607
31,595;-0,131607
31,596667;-0,131607
31,598333;-0,131607
31,6;-0,131607
31,601667;-0,131607
31,603333;-0,131607
31,605;-0,131607
31,606667;-0,131607
31,608333;-0,131607
31,61;-0,131607
31,611667;-0,131607
31,613333;-0,131607
31,615;-0,131607
31,616667;-0,131607
31,618333;-0,131607
31,62;-0,131607
31,621667;-0,131607
31,623333;-0,131607
31,625;-0,131607
31,626667;-0,131607
31,628333;-0,131607
31,63;-0,131607
31,631667;-0,131607
31,633333;-0,131607
31,635;-0,131607
31,636667;-0,131607
31,638333;-0,131607
31,64;-0,131607
31,641667;-0,131607
31,643333;-0,131607
31,645;-0,131607
31,646667;-0,131607
31,648333;-0,131607
31,65;-0,131607
31,651667;-0,131607
31,653333;-0,131607
31,655;-0,131607
31,656667;-0,131607
31,658333;-0,131607
31,66;-0,131607
31,661667;-0,131607
31,663333;-0,131607
31,665;-0,131607
31,666667;-0,131607
31,668333;-0,131607
31,67;-0,131607
31,671667;-0,131607
31,673333;-0,131607
31,675;-0,131607
31,676667;-0,131607
31,678333;-0,131607
31,68;-0,131607
31,681667;-0,131607
31,683333;-0,131607
31,685;-0,131607
31,686667;-0,131607
31,688333;-0,131607
31,69;-0,131607
31,691667;-0,131607
31,693333;-0,131607
31,695;-0,131607
31,696667;-0,131607
31,698333;-0,131607
31,7;-0,131607
31,701667;-0,131607
31,703333;-0,131607
31,705;-0,131607
31,706667;-0,131607
31,708333;-0,131607
31,71;-0,131607
31,711667;-0,131607
31,713333;-0,131607
31,715;-0,131607
31,716667;-0,131607
31,718333;-0,131607
31,72;-0,131607
31,721667;-0,131607
31,723333;-0,131607
31,725;-0,131607
31,726667;-0,131607
31,728333;-0,131607
31,73;-0,131607
31,731667;-0,131607
31,733333;-0,131607
31,735;-0,134468
31,736667;-0,134468
31,738333;-0,134468
31,74;-0,134468
31,741667;-0,134468
31,743333;-0,134468
31,745;-0,134468
31,746667;-0,134468
31,748333;-0,134468
31,75;-0,134468
31,751667;-0,134468
31,753333;-0,134468
31,755;-0,134468
31,756667;-0,134468
31,758333;-0,134468
31,76;-0,134468
31,761667;-0,134468
31,763333;-0,134468
31,765;-0,134468
31,766667;-0,134468
31,768333;-0,134468
31,77;-0,134468
31,771667;-0,134468
31,773333;-0,134468
31,775;-0,134468
31,776667;-0,134468
31,778333;-0,134468
31,78;-0,134468
31,781667;-0,134468
31,783333;-0,134468
31,785;-0,134468
31,786667;-0,134468
31,788333;-0,134468
31,79;-0,134468
31,791667;-0,134468
31,793333;-0,134468
31,795;-0,134468
31,796667;-0,134468
31,798333;-0,134468
31,8;-0,134468
31,801667;-0,134468
31,803333;-0,134468
31,805;-0,134468
31,806667;-0,131607
31,808333;-0,131607
31,81;-0,131607
31,811667;-0,131607
31,813333;-0,131607
31,815;-0,131607
31,816667;-0,131607
31,818333;-0,131607
31,82;-0,131607
31,821667;-0,131607
31,823333;-0,131607
31,825;-0,131607
31,826667;-0,131607
31,828333;-0,131607
31,83;-0,131607
31,831667;-0,131607
31,833333;-0,131607
31,835;-0,131607
31,836667;-0,131607
31,838333;-0,131607
31,84;-0,131607
31,841667;-0,131607
31,843333;-0,131607
31,845;-0,131607
31,846667;-0,131607
31,848333;-0,131607
31,85;-0,131607
31,851667;-0,131607
31,853333;-0,131607
31,855;-0,131607
31,856667;-0,131607
31,858333;-0,131607
31,86;-0,131607
31,861667;-0,131607
31,863333;-0,131607
31,865;-0,131607
31,866667;-0,131607
31,868333;-0,131607
31,87;-0,131607
31,871667;-0,131607
31,873333;-0,131607
31,875;-0,131607
31,876667;-0,131607
31,878333;-0,131607
31,88;-0,131607
31,881667;-0,131607
31,883333;-0,131607
31,885;-0,131607
31,886667;-0,131607
31,888333;-0,131607
31,89;-0,131607
31,891667;-0,131607
31,893333;-0,131607
31,895;-0,131607
31,896667;-0,131607
31,898333;-0,131607
31,9;-0,131607
31,901667;-0,131607
31,903333;-0,131607
31,905;-0,131607
31,906667;-0,131607
31,908333;-0,131607
31,91;-0,131607
31,911667;-0,131607
31,913333;-0,131607
31,915;-0,131607
31,916667;-0,131607
31,918333;-0,131607
31,92;-0,131607
31,921667;-0,131607
31,923333;-0,131607
31,925;-0,131607
31,926667;-0,131607
31,928333;-0,131607
31,93;-0,131607
31,931667;-0,131607
31,933333;-0,131607
31,935;-0,131607
31,936667;-0,131607
31,938333;-0,131607
31,94;-0,131607
31,941667;-0,131607
31,943333;-0,131607
31,945;-0,131607
31,946667;-0,131607
31,948333;-0,131607
31,95;-0,131607
31,951667;-0,131607
31,953333;-0,131607
31,955;-0,131607
31,956667;-0,131607
31,958333;-0,131607
31,96;-0,131607
31,961667;-0,131607
31,963333;-0,131607
31,965;-0,131607
31,966667;-0,131607
31,968333;-0,131607
31,97;-0,134468
31,971667;-0,134468
31,973333;-0,134468
31,975;-0,134468
31,976667;-0,134468
31,978333;-0,134468
31,98;-0,134468
31,981667;-0,134468
31,983333;-0,134468
31,985;-0,134468
31,986667;-0,134468
31,988333;-0,134468
31,99;-0,134468
31,991667;-0,134468
31,993333;-0,134468
31,995;-0,134468
31,996667;-0,134468
31,998333;-0,134468
32;-0,134468
32,001667;-0,134468
32,003333;-0,134468
32,005;-0,134468
32,006667;-0,134468
32,008333;-0,134468
32,01;-0,134468
32,011667;-0,134468
32,013333;-0,134468
32,015;-0,134468
32,016667;-0,134468
32,018333;-0,134468
32,02;-0,134468
32,021667;-0,134468
32,023333;-0,134468
32,025;-0,134468
32,026667;-0,134468
32,028333;-0,134468
32,03;-0,134468
32,031667;-0,134468
32,033333;-0,134468
32,035;-0,134468
32,036667;-0,134468
32,038333;-0,134468
32,04;-0,134468
32,041667;-0,134468
32,043333;-0,134468
32,045;-0,134468
32,046667;-0,134468
32,048333;-0,134468
32,05;-0,134468
32,051667;-0,134468
32,053333;-0,134468
32,055;-0,134468
32,056667;-0,134468
32,058333;-0,134468
32,06;-0,134468
32,061667;-0,134468
32,063333;-0,134468
32,065;-0,134468
32,066667;-0,134468
32,068333;-0,134468
32,07;-0,134468
32,071667;-0,134468
32,073333;-0,134468
32,075;-0,134468
32,076667;-0,134468
32,078333;-0,134468
32,08;-0,134468
32,081667;-0,134468
32,083333;-0,134468
32,085;-0,134468
32,086667;-0,134468
32,088333;-0,134468
32,09;-0,134468
32,091667;-0,134468
32,093333;-0,134468
32,095;-0,131607
32,096667;-0,131607
32,098333;-0,131607
32,1;-0,131607
32,101667;-0,131607
32,103333;-0,131607
32,105;-0,131607
32,106667;-0,131607
32,108333;-0,131607
32,11;-0,131607
32,111667;-0,134468
32,113333;-0,134468
32,115;-0,134468
32,116667;-0,134468
32,118333;-0,134468
32,12;-0,134468
32,121667;-0,134468
32,123333;-0,134468
32,125;-0,134468
32,126667;-0,134468
32,128333;-0,134468
32,13;-0,134468
32,131667;-0,134468
32,133333;-0,134468
32,135;-0,134468
32,136667;-0,134468
32,138333;-0,134468
32,14;-0,134468
32,141667;-0,134468
32,143333;-0,134468
32,145;-0,134468
32,146667;-0,134468
32,148333;-0,134468
32,15;-0,134468
32,151667;-0,134468
32,153333;-0,134468
32,155;-0,134468
32,156667;-0,134468
32,158333;-0,134468
32,16;-0,134468
32,161667;-0,134468
32,163333;-0,134468
32,165;-0,134468
32,166667;-0,134468
32,168333;-0,134468
32,17;-0,134468
32,171667;-0,134468
32,173333;-0,134468
32,175;-0,134468
32,176667;-0,134468
32,178333;-0,134468
32,18;-0,134468
32,181667;-0,134468
32,183333;-0,134468
32,185;-0,134468
32,186667;-0,134468
32,188333;-0,134468
32,19;-0,134468
32,191667;-0,134468
32,193333;-0,134468
32,195;-0,134468
32,196667;-0,134468
32,198333;-0,134468
32,2;-0,134468
32,201667;-0,134468
32,203333;-0,134468
32,205;-0,134468
32,206667;-0,134468
32,208333;-0,134468
32,21;-0,134468
32,211667;-0,134468
32,213333;-0,134468
32,215;-0,134468
32,216667;-0,134468
32,218333;-0,134468
32,22;-0,134468
32,221667;-0,134468
32,223333;-0,134468
32,225;-0,134468
32,226667;-0,134468
32,228333;-0,134468
32,23;-0,134468
32,231667;-0,134468
32,233333;-0,134468
32,235;-0,134468
32,236667;-0,134468
32,238333;-0,134468
32,24;-0,134468
32,241667;-0,134468
32,243333;-0,134468
32,245;-0,134468
32,246667;-0,134468
32,248333;-0,134468
32,25;-0,134468
32,251667;-0,134468
32,253333;-0,134468
32,255;-0,134468
32,256667;-0,134468
32,258333;-0,134468
32,26;-0,134468
32,261667;-0,134468
32,263333;-0,134468
32,265;-0,137329
32,266667;-0,137329
32,268333;-0,137329
32,27;-0,137329
32,271667;-0,137329
32,273333;-0,137329
32,275;-0,137329
32,276667;-0,137329
32,278333;-0,137329
32,28;-0,137329
32,281667;-0,137329
32,283333;-0,137329
32,285;-0,137329
32,286667;-0,137329
32,288333;-0,137329
32,29;-0,137329
32,291667;-0,137329
32,293333;-0,137329
32,295;-0,137329
32,296667;-0,137329
32,298333;-0,137329
32,3;-0,137329
32,301667;-0,137329
32,303333;-0,137329
32,305;-0,137329
32,306667;-0,137329
32,308333;-0,134468
32,31;-0,134468
32,311667;-0,134468
32,313333;-0,134468
32,315;-0,134468
32,316667;-0,134468
32,318333;-0,134468
32,32;-0,134468
32,321667;-0,134468
32,323333;-0,134468
32,325;-0,134468
32,326667;-0,134468
32,328333;-0,134468
32,33;-0,134468
32,331667;-0,134468
32,333333;-0,134468
32,335;-0,134468
32,336667;-0,134468
32,338333;-0,134468
32,34;-0,134468
32,341667;-0,134468
32,343333;-0,134468
32,345;-0,134468
32,346667;-0,134468
32,348333;-0,134468
32,35;-0,134468
32,351667;-0,134468
32,353333;-0,134468
32,355;-0,134468
32,356667;-0,134468
32,358333;-0,134468
32,36;-0,134468
32,361667;-0,134468
32,363333;-0,134468
32,365;-0,134468
32,366667;-0,134468
32,368333;-0,134468
32,37;-0,134468
32,371667;-0,134468
32,373333;-0,134468
32,375;-0,134468
32,376667;-0,134468
32,378333;-0,134468
32,38;-0,134468
32,381667;-0,134468
32,383333;-0,134468
32,385;-0,134468
32,386667;-0,134468
32,388333;-0,134468
32,39;-0,137329
32,391667;-0,137329
32,393333;-0,137329
32,395;-0,137329
32,396667;-0,137329
32,398333;-0,137329
32,4;-0,137329
32,401667;-0,137329
32,403333;-0,137329
32,405;-0,137329
32,406667;-0,137329
32,408333;-0,137329
32,41;-0,137329
32,411667;-0,137329
32,413333;-0,137329
32,415;-0,137329
32,416667;-0,137329
32,418333;-0,137329
32,42;-0,137329
32,421667;-0,137329
32,423333;-0,137329
32,425;-0,137329
32,426667;-0,137329
32,428333;-0,137329
32,43;-0,137329
32,431667;-0,137329
32,433333;-0,137329
32,435;-0,137329
32,436667;-0,137329
32,438333;-0,137329
32,44;-0,137329
32,441667;-0,137329
32,443333;-0,137329
32,445;-0,137329
32,446667;-0,137329
32,448333;-0,137329
32,45;-0,137329
32,451667;-0,137329
32,453333;-0,137329
32,455;-0,137329
32,456667;-0,137329
32,458333;-0,137329
32,46;-0,137329
32,461667;-0,134468
32,463333;-0,134468
32,465;-0,134468
32,466667;-0,134468
32,468333;-0,134468
32,47;-0,134468
32,471667;-0,134468
32,473333;-0,134468
32,475;-0,134468
32,476667;-0,134468
32,478333;-0,134468
32,48;-0,134468
32,481667;-0,134468
32,483333;-0,134468
32,485;-0,134468
32,486667;-0,134468
32,488333;-0,134468
32,49;-0,134468
32,491667;-0,134468
32,493333;-0,137329
32,495;-0,137329
32,496667;-0,137329
32,498333;-0,137329
32,5;-0,137329
32,501667;-0,137329
32,503333;-0,137329
32,505;-0,137329
32,506667;-0,134468
32,508333;-0,134468
32,51;-0,134468
32,511667;-0,137329
32,513333;-0,137329
32,515;-0,137329
32,516667;-0,137329
32,518333;-0,137329
32,52;-0,137329
32,521667;-0,137329
32,523333;-0,137329
32,525;-0,137329
32,526667;-0,137329
32,528333;-0,137329
32,53;-0,137329
32,531667;-0,137329
32,533333;-0,137329
32,535;-0,137329
32,536667;-0,137329
32,538333;-0,137329
32,54;-0,137329
32,541667;-0,137329
32,543333;-0,137329
32,545;-0,137329
32,546667;-0,137329
32,548333;-0,137329
32,55;-0,137329
32,551667;-0,137329
32,553333;-0,137329
32,555;-0,137329
32,556667;-0,137329
32,558333;-0,137329
32,56;-0,137329
32,561667;-0,137329
32,563333;-0,137329
32,565;-0,137329
32,566667;-0,137329
32,568333;-0,137329
32,57;-0,137329
32,571667;-0,137329
32,573333;-0,137329
32,575;-0,137329
32,576667;-0,137329
32,578333;-0,137329
32,58;-0,137329
32,581667;-0,137329
32,583333;-0,137329
32,585;-0,137329
32,586667;-0,137329
32,588333;-0,137329
32,59;-0,134468
32,591667;-0,134468
32,593333;-0,134468
32,595;-0,134468
32,596667;-0,134468
32,598333;-0,137329
32,6;-0,137329
32,601667;-0,137329
32,603333;-0,137329
32,605;-0,137329
32,606667;-0,137329
32,608333;-0,137329
32,61;-0,137329
32,611667;-0,137329
32,613333;-0,137329
32,615;-0,134468
32,616667;-0,134468
32,618333;-0,134468
32,62;-0,134468
32,621667;-0,134468
32,623333;-0,134468
32,625;-0,134468
32,626667;-0,134468
32,628333;-0,134468
32,63;-0,134468
32,631667;-0,134468
32,633333;-0,134468
32,635;-0,134468
32,636667;-0,134468
32,638333;-0,134468
32,64;-0,134468
32,641667;-0,134468
32,643333;-0,134468
32,645;-0,134468
32,646667;-0,134468
32,648333;-0,137329
32,65;-0,137329
32,651667;-0,137329
32,653333;-0,137329
32,655;-0,137329
32,656667;-0,137329
32,658333;-0,134468
32,66;-0,134468
32,661667;-0,134468
32,663333;-0,134468
32,665;-0,134468
32,666667;-0,137329
32,668333;-0,137329
32,67;-0,137329
32,671667;-0,137329
32,673333;-0,137329
32,675;-0,137329
32,676667;-0,137329
32,678333;-0,137329
32,68;-0,137329
32,681667;-0,137329
32,683333;-0,137329
32,685;-0,137329
32,686667;-0,137329
32,688333;-0,137329
32,69;-0,137329
32,691667;-0,137329
32,693333;-0,137329
32,695;-0,137329
32,696667;-0,137329
32,698333;-0,137329
32,7;-0,137329
32,701667;-0,137329
32,703333;-0,137329
32,705;-0,137329
32,706667;-0,137329
32,708333;-0,137329
32,71;-0,137329
32,711667;-0,137329
32,713333;-0,137329
32,715;-0,137329
32,716667;-0,137329
32,718333;-0,137329
32,72;-0,137329
32,721667;-0,137329
32,723333;-0,137329
32,725;-0,137329
32,726667;-0,137329
32,728333;-0,137329
32,73;-0,137329
32,731667;-0,137329
32,733333;-0,137329
32,735;-0,137329
32,736667;-0,137329
32,738333;-0,134468
32,74;-0,134468
32,741667;-0,134468
32,743333;-0,134468
32,745;-0,134468
32,746667;-0,134468
32,748333;-0,134468
32,75;-0,134468
32,751667;-0,134468
32,753333;-0,134468
32,755;-0,134468
32,756667;-0,134468
32,758333;-0,137329
32,76;-0,137329
32,761667;-0,137329
32,763333;-0,137329
32,765;-0,137329
32,766667;-0,137329
32,768333;-0,137329
32,77;-0,137329
32,771667;-0,137329
32,773333;-0,137329
32,775;-0,137329
32,776667;-0,137329
32,778333;-0,137329
32,78;-0,137329
32,781667;-0,137329
32,783333;-0,137329
32,785;-0,137329
32,786667;-0,137329
32,788333;-0,137329
32,79;-0,137329
32,791667;-0,137329
32,793333;-0,137329
32,795;-0,137329
32,796667;-0,137329
32,798333;-0,137329
32,8;-0,137329
32,801667;-0,137329
32,803333;-0,137329
32,805;-0,137329
32,806667;-0,137329
32,808333;-0,137329
32,81;-0,137329
32,811667;-0,137329
32,813333;-0,134468
32,815;-0,134468
32,816667;-0,134468
32,818333;-0,134468
32,82;-0,134468
32,821667;-0,134468
32,823333;-0,134468
32,825;-0,134468
32,826667;-0,134468
32,828333;-0,134468
32,83;-0,134468
32,831667;-0,134468
32,833333;-0,134468
32,835;-0,134468
32,836667;-0,134468
32,838333;-0,134468
32,84;-0,134468
32,841667;-0,134468
32,843333;-0,134468
32,845;-0,134468
32,846667;-0,134468
32,848333;-0,134468
32,85;-0,134468
32,851667;-0,134468
32,853333;-0,134468
32,855;-0,134468
32,856667;-0,134468
32,858333;-0,134468
32,86;-0,134468
32,861667;-0,134468
32,863333;-0,134468
32,865;-0,134468
32,866667;-0,134468
32,868333;-0,134468
32,87;-0,134468
32,871667;-0,134468
32,873333;-0,134468
32,875;-0,134468
32,876667;-0,134468
32,878333;-0,134468
32,88;-0,134468
32,881667;-0,134468
32,883333;-0,134468
32,885;-0,134468
32,886667;-0,134468
32,888333;-0,134468
32,89;-0,134468
32,891667;-0,134468
32,893333;-0,134468
32,895;-0,134468
32,896667;-0,134468
32,898333;-0,134468
32,9;-0,134468
32,901667;-0,134468
32,903333;-0,134468
32,905;-0,134468
32,906667;-0,134468
32,908333;-0,134468
32,91;-0,134468
32,911667;-0,134468
32,913333;-0,134468
32,915;-0,134468
32,916667;-0,134468
32,918333;-0,134468
32,92;-0,134468
32,921667;-0,137329
32,923333;-0,137329
32,925;-0,137329
32,926667;-0,137329
32,928333;-0,137329
32,93;-0,137329
32,931667;-0,137329
32,933333;-0,137329
32,935;-0,137329
32,936667;-0,137329
32,938333;-0,137329
32,94;-0,137329
32,941667;-0,137329
32,943333;-0,137329
32,945;-0,137329
32,946667;-0,137329
32,948333;-0,137329
32,95;-0,137329
32,951667;-0,137329
32,953333;-0,137329
32,955;-0,137329
32,956667;-0,137329
32,958333;-0,137329
32,96;-0,137329
32,961667;-0,137329
32,963333;-0,137329
32,965;-0,137329
32,966667;-0,137329
32,968333;-0,137329
32,97;-0,137329
32,971667;-0,137329
32,973333;-0,137329
32,975;-0,137329
32,976667;-0,137329
32,978333;-0,137329
32,98;-0,137329
32,981667;-0,137329
32,983333;-0,137329
32,985;-0,137329
32,986667;-0,137329
32,988333;-0,137329
32,99;-0,137329
32,991667;-0,137329
32,993333;-0,137329
32,995;-0,137329
32,996667;-0,137329
32,998333;-0,137329
33;-0,137329
33,001667;-0,137329
33,003333;-0,137329
33,005;-0,137329
33,006667;-0,137329
33,008333;-0,137329
33,01;-0,137329
33,011667;-0,137329
33,013333;-0,137329
33,015;-0,137329
33,016667;-0,137329
33,018333;-0,137329
33,02;-0,137329
33,021667;-0,137329
33,023333;-0,137329
33,025;-0,137329
33,026667;-0,137329
33,028333;-0,137329
33,03;-0,137329
33,031667;-0,137329
33,033333;-0,137329
33,035;-0,137329
33,036667;-0,137329
33,038333;-0,137329
33,04;-0,137329
33,041667;-0,137329
33,043333;-0,137329
33,045;-0,137329
33,046667;-0,137329
33,048333;-0,137329
33,05;-0,137329
33,051667;-0,137329
33,053333;-0,137329
33,055;-0,137329
33,056667;-0,137329
33,058333;-0,137329
33,06;-0,137329
33,061667;-0,137329
33,063333;-0,137329
33,065;-0,137329
33,066667;-0,137329
33,068333;-0,137329
33,07;-0,137329
33,071667;-0,137329
33,073333;-0,137329
33,075;-0,137329
33,076667;-0,137329
33,078333;-0,137329
33,08;-0,137329
33,081667;-0,137329
33,083333;-0,137329
33,085;-0,137329
33,086667;-0,137329
33,088333;-0,137329
33,09;-0,137329
33,091667;-0,137329
33,093333;-0,137329
33,095;-0,137329
33,096667;-0,137329
33,098333;-0,137329
33,1;-0,137329
33,101667;-0,137329
33,103333;-0,137329
33,105;-0,14019
33,106667;-0,14019
33,108333;-0,14019
33,11;-0,14019
33,111667;-0,14019
33,113333;-0,137329
33,115;-0,137329
33,116667;-0,137329
33,118333;-0,137329
33,12;-0,137329
33,121667;-0,137329
33,123333;-0,137329
33,125;-0,14019
33,126667;-0,14019
33,128333;-0,14019
33,13;-0,14019
33,131667;-0,14019
33,133333;-0,14019
33,135;-0,14019
33,136667;-0,14019
33,138333;-0,14019
33,14;-0,14019
33,141667;-0,14019
33,143333;-0,14019
33,145;-0,14019
33,146667;-0,14019
33,148333;-0,14019
33,15;-0,14019
33,151667;-0,14019
33,153333;-0,14019
33,155;-0,14019
33,156667;-0,14019
33,158333;-0,137329
33,16;-0,137329
33,161667;-0,137329
33,163333;-0,137329
33,165;-0,14019
33,166667;-0,14019
33,168333;-0,14019
33,17;-0,14019
33,171667;-0,14019
33,173333;-0,14019
33,175;-0,14019
33,176667;-0,14019
33,178333;-0,14019
33,18;-0,14019
33,181667;-0,14019
33,183333;-0,14019
33,185;-0,14019
33,186667;-0,14019
33,188333;-0,14019
33,19;-0,14019
33,191667;-0,14019
33,193333;-0,14019
33,195;-0,14019
33,196667;-0,14019
33,198333;-0,14019
33,2;-0,14019
33,201667;-0,14019
33,203333;-0,14019
33,205;-0,14019
33,206667;-0,14019
33,208333;-0,14019
33,21;-0,137329
33,211667;-0,137329
33,213333;-0,137329
33,215;-0,137329
33,216667;-0,137329
33,218333;-0,137329
33,22;-0,137329
33,221667;-0,137329
33,223333;-0,137329
33,225;-0,137329
33,226667;-0,137329
33,228333;-0,137329
33,23;-0,137329
33,231667;-0,137329
33,233333;-0,137329
33,235;-0,137329
33,236667;-0,137329
33,238333;-0,137329
33,24;-0,137329
33,241667;-0,137329
33,243333;-0,137329
33,245;-0,137329
33,246667;-0,137329
33,248333;-0,137329
33,25;-0,137329
33,251667;-0,137329
33,253333;-0,137329
33,255;-0,137329
33,256667;-0,137329
33,258333;-0,137329
33,26;-0,137329
33,261667;-0,137329
33,263333;-0,137329
33,265;-0,137329
33,266667;-0,137329
33,268333;-0,137329
33,27;-0,137329
33,271667;-0,137329
33,273333;-0,137329
33,275;-0,137329
33,276667;-0,137329
33,278333;-0,137329
33,28;-0,137329
33,281667;-0,137329
33,283333;-0,137329
33,285;-0,137329
33,286667;-0,137329
33,288333;-0,137329
33,29;-0,137329
33,291667;-0,137329
33,293333;-0,137329
33,295;-0,137329
33,296667;-0,137329
33,298333;-0,137329
33,3;-0,137329
33,301667;-0,137329
33,303333;-0,137329
33,305;-0,137329
33,306667;-0,137329
33,308333;-0,137329
33,31;-0,137329
33,311667;-0,137329
33,313333;-0,137329
33,315;-0,137329
33,316667;-0,137329
33,318333;-0,137329
33,32;-0,137329
33,321667;-0,137329
33,323333;-0,137329
33,325;-0,137329
33,326667;-0,137329
33,328333;-0,137329
33,33;-0,137329
33,331667;-0,137329
33,333333;-0,137329
33,335;-0,137329
33,336667;-0,137329
33,338333;-0,137329
33,34;-0,137329
33,341667;-0,137329
33,343333;-0,137329
33,345;-0,137329
33,346667;-0,137329
33,348333;-0,137329
33,35;-0,137329
33,351667;-0,137329
33,353333;-0,137329
33,355;-0,137329
33,356667;-0,137329
33,358333;-0,137329
33,36;-0,137329
33,361667;-0,137329
33,363333;-0,137329
33,365;-0,137329
33,366667;-0,137329
33,368333;-0,137329
33,37;-0,137329
33,371667;-0,137329
33,373333;-0,137329
33,375;-0,137329
33,376667;-0,137329
33,378333;-0,137329
33,38;-0,137329
33,381667;-0,137329
33,383333;-0,137329
33,385;-0,137329
33,386667;-0,137329
33,388333;-0,137329
33,39;-0,137329
33,391667;-0,137329
33,393333;-0,137329
33,395;-0,137329
33,396667;-0,137329
33,398333;-0,137329
33,4;-0,137329
33,401667;-0,137329
33,403333;-0,137329
33,405;-0,137329
33,406667;-0,137329
33,408333;-0,137329
33,41;-0,137329
33,411667;-0,137329
33,413333;-0,137329
33,415;-0,137329
33,416667;-0,137329
33,418333;-0,137329
33,42;-0,137329
33,421667;-0,137329
33,423333;-0,137329
33,425;-0,137329
33,426667;-0,14019
33,428333;-0,14019
33,43;-0,14019
33,431667;-0,14019
33,433333;-0,14019
33,435;-0,14019
33,436667;-0,14019
33,438333;-0,14019
33,44;-0,14019
33,441667;-0,14019
33,443333;-0,14019
33,445;-0,14019
33,446667;-0,14019
33,448333;-0,14019
33,45;-0,14019
33,451667;-0,14019
33,453333;-0,14019
33,455;-0,14019
33,456667;-0,14019
33,458333;-0,14019
33,46;-0,14019
33,461667;-0,14019
33,463333;-0,14019
33,465;-0,14019
33,466667;-0,14019
33,468333;-0,14019
33,47;-0,14019
33,471667;-0,14019
33,473333;-0,14019
33,475;-0,14019
33,476667;-0,14019
33,478333;-0,14019
33,48;-0,14019
33,481667;-0,14019
33,483333;-0,14019
33,485;-0,14019
33,486667;-0,14019
33,488333;-0,14019
33,49;-0,14019
33,491667;-0,14019
33,493333;-0,14019
33,495;-0,14019
33,496667;-0,14019
33,498333;-0,14019
33,5;-0,14019
33,501667;-0,14019
33,503333;-0,14019
33,505;-0,14019
33,506667;-0,14019
33,508333;-0,14019
33,51;-0,14019
33,511667;-0,14019
33,513333;-0,14019
33,515;-0,137329
33,516667;-0,137329
33,518333;-0,137329
33,52;-0,137329
33,521667;-0,137329
33,523333;-0,137329
33,525;-0,137329
33,526667;-0,14019
33,528333;-0,14019
33,53;-0,14019
33,531667;-0,14019
33,533333;-0,14019
33,535;-0,14019
33,536667;-0,14019
33,538333;-0,14019
33,54;-0,14019
33,541667;-0,14019
33,543333;-0,14019
33,545;-0,14019
33,546667;-0,14019
33,548333;-0,14019
33,55;-0,14019
33,551667;-0,14019
33,553333;-0,14019
33,555;-0,14019
33,556667;-0,14019
33,558333;-0,14019
33,56;-0,14019
33,561667;-0,14019
33,563333;-0,14019
33,565;-0,14019
33,566667;-0,14019
33,568333;-0,14019
33,57;-0,14019
33,571667;-0,14019
33,573333;-0,14019
33,575;-0,14019
33,576667;-0,14019
33,578333;-0,14019
33,58;-0,14019
33,581667;-0,14019
33,583333;-0,14019
33,585;-0,14019
33,586667;-0,14019
33,588333;-0,14019
33,59;-0,14019
33,591667;-0,14019
33,593333;-0,14019
33,595;-0,14019
33,596667;-0,14019
33,598333;-0,14019
33,6;-0,14019
33,601667;-0,14019
33,603333;-0,14019
33,605;-0,14019
33,606667;-0,14019
33,608333;-0,14019
33,61;-0,14019
33,611667;-0,14019
33,613333;-0,14019
33,615;-0,14019
33,616667;-0,14019
33,618333;-0,14019
33,62;-0,14019
33,621667;-0,14019
33,623333;-0,14019
33,625;-0,14019
33,626667;-0,14019
33,628333;-0,14019
33,63;-0,14019
33,631667;-0,14019
33,633333;-0,14019
33,635;-0,14019
33,636667;-0,14019
33,638333;-0,14019
33,64;-0,14019
33,641667;-0,14019
33,643333;-0,14019
33,645;-0,14019
33,646667;-0,14019
33,648333;-0,14019
33,65;-0,14019
33,651667;-0,14019
33,653333;-0,14019
33,655;-0,14019
33,656667;-0,14019
33,658333;-0,14019
33,66;-0,14019
33,661667;-0,14019
33,663333;-0,14019
33,665;-0,14019
33,666667;-0,14019
33,668333;-0,14019
33,67;-0,14019
33,671667;-0,14019
33,673333;-0,14019
33,675;-0,14019
33,676667;-0,14019
33,678333;-0,14019
33,68;-0,14019
33,681667;-0,14019
33,683333;-0,143051
33,685;-0,143051
33,686667;-0,143051
33,688333;-0,143051
33,69;-0,143051
33,691667;-0,143051
33,693333;-0,143051
33,695;-0,143051
33,696667;-0,143051
33,698333;-0,143051
33,7;-0,143051
33,701667;-0,143051
33,703333;-0,143051
33,705;-0,143051
33,706667;-0,143051
33,708333;-0,143051
33,71;-0,143051
33,711667;-0,143051
33,713333;-0,143051
33,715;-0,143051
33,716667;-0,143051
33,718333;-0,143051
33,72;-0,143051
33,721667;-0,143051
33,723333;-0,143051
33,725;-0,143051
33,726667;-0,143051
33,728333;-0,143051
33,73;-0,143051
33,731667;-0,143051
33,733333;-0,143051
33,735;-0,143051
33,736667;-0,143051
33,738333;-0,143051
33,74;-0,143051
33,741667;-0,143051
33,743333;-0,143051
33,745;-0,143051
33,746667;-0,143051
33,748333;-0,143051
33,75;-0,143051
33,751667;-0,143051
33,753333;-0,143051
33,755;-0,143051
33,756667;-0,143051
33,758333;-0,143051
33,76;-0,143051
33,761667;-0,143051
33,763333;-0,143051
33,765;-0,143051
33,766667;-0,143051
33,768333;-0,143051
33,77;-0,143051
33,771667;-0,143051
33,773333;-0,143051
33,775;-0,143051
33,776667;-0,143051
33,778333;-0,143051
33,78;-0,143051
33,781667;-0,143051
33,783333;-0,143051
33,785;-0,143051
33,786667;-0,143051
33,788333;-0,143051
33,79;-0,143051
33,791667;-0,143051
33,793333;-0,143051
33,795;-0,143051
33,796667;-0,143051
33,798333;-0,143051
33,8;-0,143051
33,801667;-0,143051
33,803333;-0,143051
33,805;-0,143051
33,806667;-0,143051
33,808333;-0,143051
33,81;-0,143051
33,811667;-0,143051
33,813333;-0,143051
33,815;-0,143051
33,816667;-0,143051
33,818333;-0,143051
33,82;-0,143051
33,821667;-0,143051
33,823333;-0,143051
33,825;-0,143051
33,826667;-0,143051
33,828333;-0,143051
33,83;-0,143051
33,831667;-0,143051
33,833333;-0,143051
33,835;-0,143051
33,836667;-0,143051
33,838333;-0,143051
33,84;-0,143051
33,841667;-0,143051
33,843333;-0,143051
33,845;-0,143051
33,846667;-0,143051
33,848333;-0,143051
33,85;-0,143051
33,851667;-0,143051
33,853333;-0,143051
33,855;-0,143051
33,856667;-0,143051
33,858333;-0,143051
33,86;-0,143051
33,861667;-0,143051
33,863333;-0,143051
33,865;-0,143051
33,866667;-0,143051
33,868333;-0,143051
33,87;-0,143051
33,871667;-0,143051
33,873333;-0,143051
33,875;-0,143051
33,876667;-0,143051
33,878333;-0,143051
33,88;-0,143051
33,881667;-0,143051
33,883333;-0,143051
33,885;-0,143051
33,886667;-0,143051
33,888333;-0,143051
33,89;-0,143051
33,891667;-0,143051
33,893333;-0,143051
33,895;-0,143051
33,896667;-0,143051
33,898333;-0,143051
33,9;-0,143051
33,901667;-0,143051
33,903333;-0,143051
33,905;-0,143051
33,906667;-0,143051
33,908333;-0,143051
33,91;-0,143051
33,911667;-0,143051
33,913333;-0,143051
33,915;-0,143051
33,916667;-0,143051
33,918333;-0,143051
33,92;-0,143051
33,921667;-0,143051
33,923333;-0,143051
33,925;-0,143051
33,926667;-0,143051
33,928333;-0,143051
33,93;-0,143051
33,931667;-0,143051
33,933333;-0,143051
33,935;-0,143051
33,936667;-0,143051
33,938333;-0,143051
33,94;-0,143051
33,941667;-0,143051
33,943333;-0,143051
33,945;-0,143051
33,946667;-0,143051
33,948333;-0,143051
33,95;-0,143051
33,951667;-0,143051
33,953333;-0,143051
33,955;-0,143051
33,956667;-0,143051
33,958333;-0,143051
33,96;-0,143051
33,961667;-0,143051
33,963333;-0,143051
33,965;-0,143051
33,966667;-0,143051
33,968333;-0,143051
33,97;-0,143051
33,971667;-0,143051
33,973333;-0,143051
33,975;-0,143051
33,976667;-0,143051
33,978333;-0,143051
33,98;-0,143051
33,981667;-0,143051
33,983333;-0,143051
33,985;-0,143051
33,986667;-0,143051
33,988333;-0,143051
33,99;-0,143051
33,991667;-0,143051
33,993333;-0,143051
33,995;-0,143051
33,996667;-0,143051
33,998333;-0,143051
34;-0,143051
34,001667;-0,143051
34,003333;-0,143051
34,005;-0,143051
34,006667;-0,143051
34,008333;-0,143051
34,01;-0,143051
34,011667;-0,143051
34,013333;-0,143051
34,015;-0,143051
34,016667;-0,143051
34,018333;-0,143051
34,02;-0,143051
34,021667;-0,143051
34,023333;-0,143051
34,025;-0,143051
34,026667;-0,143051
34,028333;-0,143051
34,03;-0,143051
34,031667;-0,143051
34,033333;-0,143051
34,035;-0,143051
34,036667;-0,143051
34,038333;-0,143051
34,04;-0,143051
34,041667;-0,143051
34,043333;-0,143051
34,045;-0,143051
34,046667;-0,143051
34,048333;-0,143051
34,05;-0,143051
34,051667;-0,143051
34,053333;-0,143051
34,055;-0,143051
34,056667;-0,143051
34,058333;-0,143051
34,06;-0,143051
34,061667;-0,143051
34,063333;-0,143051
34,065;-0,143051
34,066667;-0,143051
34,068333;-0,143051
34,07;-0,143051
34,071667;-0,143051
34,073333;-0,143051
34,075;-0,143051
34,076667;-0,143051
34,078333;-0,143051
34,08;-0,143051
34,081667;-0,143051
34,083333;-0,143051
34,085;-0,143051
34,086667;-0,143051
34,088333;-0,143051
34,09;-0,143051
34,091667;-0,143051
34,093333;-0,143051
34,095;-0,143051
34,096667;-0,143051
34,098333;-0,143051
34,1;-0,143051
34,101667;-0,143051
34,103333;-0,143051
34,105;-0,143051
34,106667;-0,143051
34,108333;-0,143051
34,11;-0,143051
34,111667;-0,143051
34,113333;-0,143051
34,115;-0,143051
34,116667;-0,143051
34,118333;-0,143051
34,12;-0,143051
34,121667;-0,143051
34,123333;-0,143051
34,125;-0,143051
34,126667;-0,143051
34,128333;-0,143051
34,13;-0,143051
34,131667;-0,143051
34,133333;-0,143051
34,135;-0,143051
34,136667;-0,143051
34,138333;-0,143051
34,14;-0,143051
34,141667;-0,143051
34,143333;-0,143051
34,145;-0,143051
34,146667;-0,143051
34,148333;-0,143051
34,15;-0,143051
34,151667;-0,143051
34,153333;-0,143051
34,155;-0,143051
34,156667;-0,143051
34,158333;-0,143051
34,16;-0,143051
34,161667;-0,143051
34,163333;-0,143051
34,165;-0,143051
34,166667;-0,143051
34,168333;-0,143051
34,17;-0,143051
34,171667;-0,143051
34,173333;-0,143051
34,175;-0,143051
34,176667;-0,143051
34,178333;-0,143051
34,18;-0,143051
34,181667;-0,143051
34,183333;-0,143051
34,185;-0,143051
34,186667;-0,143051
34,188333;-0,143051
34,19;-0,143051
34,191667;-0,143051
34,193333;-0,143051
34,195;-0,143051
34,196667;-0,143051
34,198333;-0,143051
34,2;-0,143051
34,201667;-0,143051
34,203333;-0,143051
34,205;-0,143051
34,206667;-0,143051
34,208333;-0,143051
34,21;-0,143051
34,211667;-0,143051
34,213333;-0,143051
34,215;-0,143051
34,216667;-0,143051
34,218333;-0,143051
34,22;-0,143051
34,221667;-0,143051
34,223333;-0,143051
34,225;-0,143051
34,226667;-0,143051
34,228333;-0,143051
34,23;-0,143051
34,231667;-0,143051
34,233333;-0,143051
34,235;-0,143051
34,236667;-0,143051
34,238333;-0,143051
34,24;-0,143051
34,241667;-0,143051
34,243333;-0,143051
34,245;-0,143051
34,246667;-0,143051
34,248333;-0,143051
34,25;-0,143051
34,251667;-0,143051
34,253333;-0,143051
34,255;-0,143051
34,256667;-0,143051
34,258333;-0,143051
34,26;-0,143051
34,261667;-0,143051
34,263333;-0,143051
34,265;-0,143051
34,266667;-0,143051
34,268333;-0,143051
34,27;-0,143051
34,271667;-0,143051
34,273333;-0,143051
34,275;-0,143051
34,276667;-0,143051
34,278333;-0,143051
34,28;-0,143051
34,281667;-0,143051
34,283333;-0,143051
34,285;-0,143051
34,286667;-0,143051
34,288333;-0,143051
34,29;-0,143051
34,291667;-0,143051
34,293333;-0,143051
34,295;-0,143051
34,296667;-0,143051
34,298333;-0,143051
34,3;-0,143051
34,301667;-0,143051
34,303333;-0,143051
34,305;-0,143051
34,306667;-0,143051
34,308333;-0,143051
34,31;-0,143051
34,311667;-0,143051
34,313333;-0,143051
34,315;-0,143051
34,316667;-0,143051
34,318333;-0,143051
34,32;-0,143051
34,321667;-0,143051
34,323333;-0,143051
34,325;-0,143051
34,326667;-0,143051
34,328333;-0,143051
34,33;-0,143051
34,331667;-0,143051
34,333333;-0,143051
34,335;-0,143051
34,336667;-0,143051
34,338333;-0,143051
34,34;-0,143051
34,341667;-0,143051
34,343333;-0,143051
34,345;-0,143051
34,346667;-0,143051
34,348333;-0,143051
34,35;-0,143051
34,351667;-0,143051
34,353333;-0,143051
34,355;-0,143051
34,356667;-0,143051
34,358333;-0,143051
34,36;-0,143051
34,361667;-0,143051
34,363333;-0,143051
34,365;-0,143051
34,366667;-0,143051
34,368333;-0,143051
34,37;-0,143051
34,371667;-0,143051
34,373333;-0,143051
34,375;-0,143051
34,376667;-0,143051
34,378333;-0,143051
34,38;-0,143051
34,381667;-0,143051
34,383333;-0,143051
34,385;-0,143051
34,386667;-0,143051
34,388333;-0,143051
34,39;-0,143051
34,391667;-0,143051
34,393333;-0,143051
34,395;-0,143051
34,396667;-0,143051
34,398333;-0,143051
34,4;-0,143051
34,401667;-0,143051
34,403333;-0,143051
34,405;-0,143051
34,406667;-0,143051
34,408333;-0,143051
34,41;-0,143051
34,411667;-0,143051
34,413333;-0,143051
34,415;-0,143051
34,416667;-0,143051
34,418333;-0,143051
34,42;-0,143051
34,421667;-0,143051
34,423333;-0,143051
34,425;-0,143051
34,426667;-0,143051
34,428333;-0,143051
34,43;-0,143051
34,431667;-0,143051
34,433333;-0,143051
34,435;-0,143051
34,436667;-0,143051
34,438333;-0,143051
34,44;-0,143051
34,441667;-0,143051
34,443333;-0,143051
34,445;-0,143051
34,446667;-0,143051
34,448333;-0,143051
34,45;-0,143051
34,451667;-0,143051
34,453333;-0,143051
34,455;-0,143051
34,456667;-0,143051
34,458333;-0,143051
34,46;-0,143051
34,461667;-0,143051
34,463333;-0,143051
34,465;-0,143051
34,466667;-0,143051
34,468333;-0,143051
34,47;-0,143051
34,471667;-0,143051
34,473333;-0,143051
34,475;-0,143051
34,476667;-0,143051
34,478333;-0,143051
34,48;-0,143051
34,481667;-0,143051
34,483333;-0,143051
34,485;-0,143051
34,486667;-0,143051
34,488333;-0,143051
34,49;-0,143051
34,491667;-0,143051
34,493333;-0,143051
34,495;-0,143051
34,496667;-0,143051
34,498333;-0,143051
34,5;-0,143051
34,501667;-0,143051
34,503333;-0,143051
34,505;-0,143051
34,506667;-0,143051
34,508333;-0,143051
34,51;-0,143051
34,511667;-0,143051
34,513333;-0,143051
34,515;-0,143051
34,516667;-0,143051
34,518333;-0,143051
34,52;-0,143051
34,521667;-0,143051
34,523333;-0,143051
34,525;-0,143051
34,526667;-0,143051
34,528333;-0,143051
34,53;-0,143051
34,531667;-0,143051
34,533333;-0,143051
34,535;-0,143051
34,536667;-0,143051
34,538333;-0,143051
34,54;-0,143051
34,541667;-0,143051
34,543333;-0,143051
34,545;-0,143051
34,546667;-0,143051
34,548333;-0,143051
34,55;-0,143051
34,551667;-0,143051
34,553333;-0,143051
34,555;-0,143051
34,556667;-0,143051
34,558333;-0,143051
34,56;-0,143051
34,561667;-0,143051
34,563333;-0,143051
34,565;-0,143051
34,566667;-0,143051
34,568333;-0,143051
34,57;-0,143051
34,571667;-0,143051
34,573333;-0,143051
34,575;-0,143051
34,576667;-0,143051
34,578333;-0,143051
34,58;-0,143051
34,581667;-0,143051
34,583333;-0,143051
34,585;-0,143051
34,586667;-0,143051
34,588333;-0,143051
34,59;-0,143051
34,591667;-0,143051
34,593333;-0,143051
34,595;-0,143051
34,596667;-0,143051
34,598333;-0,143051
34,6;-0,143051
34,601667;-0,143051
34,603333;-0,143051
34,605;-0,143051
34,606667;-0,143051
34,608333;-0,143051
34,61;-0,143051
34,611667;-0,143051
34,613333;-0,143051
34,615;-0,143051
34,616667;-0,143051
34,618333;-0,143051
34,62;-0,143051
34,621667;-0,143051
34,623333;-0,143051
34,625;-0,143051
34,626667;-0,143051
34,628333;-0,143051
34,63;-0,143051
34,631667;-0,143051
34,633333;-0,143051
34,635;-0,143051
34,636667;-0,143051
34,638333;-0,143051
34,64;-0,143051
34,641667;-0,143051
34,643333;-0,143051
34,645;-0,143051
34,646667;-0,143051
34,648333;-0,143051
34,65;-0,143051
34,651667;-0,143051
34,653333;-0,143051
34,655;-0,143051
34,656667;-0,143051
34,658333;-0,143051
34,66;-0,143051
34,661667;-0,143051
34,663333;-0,143051
34,665;-0,143051
34,666667;-0,143051
34,668333;-0,143051
34,67;-0,143051
34,671667;-0,143051
34,673333;-0,143051
34,675;-0,143051
34,676667;-0,143051
34,678333;-0,143051
34,68;-0,143051
34,681667;-0,143051
34,683333;-0,143051
34,685;-0,143051
34,686667;-0,143051
34,688333;-0,143051
34,69;-0,143051
34,691667;-0,143051
34,693333;-0,143051
34,695;-0,143051
34,696667;-0,143051
34,698333;-0,143051
34,7;-0,143051
34,701667;-0,143051
34,703333;-0,143051
34,705;-0,143051
34,706667;-0,143051
34,708333;-0,143051
34,71;-0,143051
34,711667;-0,143051
34,713333;-0,143051
34,715;-0,143051
34,716667;-0,143051
34,718333;-0,143051
34,72;-0,143051
34,721667;-0,143051
34,723333;-0,143051
34,725;-0,143051
34,726667;-0,143051
34,728333;-0,143051
34,73;-0,143051
34,731667;-0,143051
34,733333;-0,143051
34,735;-0,143051
34,736667;-0,143051
34,738333;-0,143051
34,74;-0,143051
34,741667;-0,143051
34,743333;-0,143051
34,745;-0,143051
34,746667;-0,143051
34,748333;-0,143051
34,75;-0,143051
34,751667;-0,143051
34,753333;-0,143051
34,755;-0,143051
34,756667;-0,143051
34,758333;-0,143051
34,76;-0,143051
34,761667;-0,143051
34,763333;-0,143051
34,765;-0,143051
34,766667;-0,143051
34,768333;-0,143051
34,77;-0,143051
34,771667;-0,143051
34,773333;-0,143051
34,775;-0,143051
34,776667;-0,143051
34,778333;-0,143051
34,78;-0,143051
34,781667;-0,143051
34,783333;-0,143051
34,785;-0,143051
34,786667;-0,143051
34,788333;-0,143051
34,79;-0,143051
34,791667;-0,143051
34,793333;-0,143051
34,795;-0,143051
34,796667;-0,143051
34,798333;-0,143051
34,8;-0,143051
34,801667;-0,143051
34,803333;-0,143051
34,805;-0,143051
34,806667;-0,143051
34,808333;-0,143051
34,81;-0,143051
34,811667;-0,143051
34,813333;-0,143051
34,815;-0,143051
34,816667;-0,143051
34,818333;-0,143051
34,82;-0,143051
34,821667;-0,143051
34,823333;-0,143051
34,825;-0,143051
34,826667;-0,143051
34,828333;-0,143051
34,83;-0,143051
34,831667;-0,143051
34,833333;-0,143051
34,835;-0,143051
34,836667;-0,143051
34,838333;-0,143051
34,84;-0,143051
34,841667;-0,143051
34,843333;-0,143051
34,845;-0,143051
34,846667;-0,143051
34,848333;-0,143051
34,85;-0,143051
34,851667;-0,143051
34,853333;-0,143051
34,855;-0,143051
34,856667;-0,143051
34,858333;-0,143051
34,86;-0,143051
34,861667;-0,143051
34,863333;-0,143051
34,865;-0,143051
34,866667;-0,143051
34,868333;-0,143051
34,87;-0,143051
34,871667;-0,143051
34,873333;-0,143051
34,875;-0,143051
34,876667;-0,143051
34,878333;-0,143051
34,88;-0,143051
34,881667;-0,143051
34,883333;-0,143051
34,885;-0,143051
34,886667;-0,143051
34,888333;-0,143051
34,89;-0,143051
34,891667;-0,143051
34,893333;-0,143051
34,895;-0,143051
34,896667;-0,143051
34,898333;-0,143051
34,9;-0,143051
34,901667;-0,143051
34,903333;-0,143051
34,905;-0,143051
34,906667;-0,143051
34,908333;-0,143051
34,91;-0,143051
34,911667;-0,143051
34,913333;-0,143051
34,915;-0,143051
34,916667;-0,143051
34,918333;-0,143051
34,92;-0,143051
34,921667;-0,143051
34,923333;-0,143051
34,925;-0,143051
34,926667;-0,143051
34,928333;-0,143051
34,93;-0,143051
34,931667;-0,143051
34,933333;-0,143051
34,935;-0,143051
34,936667;-0,143051
34,938333;-0,143051
34,94;-0,143051
34,941667;-0,143051
34,943333;-0,143051
34,945;-0,143051
34,946667;-0,143051
34,948333;-0,143051
34,95;-0,143051
34,951667;-0,143051
34,953333;-0,143051
34,955;-0,143051
34,956667;-0,143051
34,958333;-0,143051
34,96;-0,143051
34,961667;-0,143051
34,963333;-0,143051
34,965;-0,143051
34,966667;-0,143051
34,968333;-0,143051
34,97;-0,143051
34,971667;-0,143051
34,973333;-0,143051
34,975;-0,143051
34,976667;-0,143051
34,978333;-0,143051
34,98;-0,143051
34,981667;-0,143051
34,983333;-0,143051
34,985;-0,143051
34,986667;-0,143051
34,988333;-0,143051
34,99;-0,143051
34,991667;-0,143051
34,993333;-0,143051
34,995;-0,143051
34,996667;-0,143051
34,998333;-0,143051
35;-0,143051
35,001667;-0,143051
35,003333;-0,143051
35,005;-0,143051
35,006667;-0,143051
35,008333;-0,143051
35,01;-0,143051
35,011667;-0,143051
35,013333;-0,143051
35,015;-0,143051
35,016667;-0,143051
35,018333;-0,143051
35,02;-0,143051
35,021667;-0,143051
35,023333;-0,143051
35,025;-0,143051
35,026667;-0,143051
35,028333;-0,143051
35,03;-0,143051
35,031667;-0,143051
35,033333;-0,143051
35,035;-0,143051
35,036667;-0,143051
35,038333;-0,143051
35,04;-0,143051
35,041667;-0,143051
35,043333;-0,143051
35,045;-0,143051
35,046667;-0,143051
35,048333;-0,143051
35,05;-0,143051
35,051667;-0,143051
35,053333;-0,143051
35,055;-0,143051
35,056667;-0,143051
35,058333;-0,14019
35,06;-0,14019
35,061667;-0,14019
35,063333;-0,14019
35,065;-0,14019
35,066667;-0,143051
35,068333;-0,143051
35,07;-0,143051
35,071667;-0,143051
35,073333;-0,143051
35,075;-0,14019
35,076667;-0,14019
35,078333;-0,14019
35,08;-0,14019
35,081667;-0,14019
35,083333;-0,14019
35,085;-0,14019
35,086667;-0,14019
35,088333;-0,14019
35,09;-0,14019
35,091667;-0,143051
35,093333;-0,143051
35,095;-0,143051
35,096667;-0,143051
35,098333;-0,143051
35,1;-0,143051
35,101667;-0,143051
35,103333;-0,143051
35,105;-0,143051
35,106667;-0,143051
35,108333;-0,143051
35,11;-0,143051
35,111667;-0,143051
35,113333;-0,143051
35,115;-0,143051
35,116667;-0,143051
35,118333;-0,143051
35,12;-0,143051
35,121667;-0,143051
35,123333;-0,143051
35,125;-0,143051
35,126667;-0,143051
35,128333;-0,143051
35,13;-0,143051
35,131667;-0,143051
35,133333;-0,143051
35,135;-0,143051
35,136667;-0,143051
35,138333;-0,143051
35,14;-0,143051
35,141667;-0,143051
35,143333;-0,143051
35,145;-0,143051
35,146667;-0,143051
35,148333;-0,143051
35,15;-0,143051
35,151667;-0,143051
35,153333;-0,143051
35,155;-0,143051
35,156667;-0,143051
35,158333;-0,143051
35,16;-0,143051
35,161667;-0,143051
35,163333;-0,143051
35,165;-0,143051
35,166667;-0,143051
35,168333;-0,143051
35,17;-0,143051
35,171667;-0,143051
35,173333;-0,143051
35,175;-0,143051
35,176667;-0,143051
35,178333;-0,143051
35,18;-0,143051
35,181667;-0,143051
35,183333;-0,143051
35,185;-0,143051
35,186667;-0,143051
35,188333;-0,143051
35,19;-0,143051
35,191667;-0,143051
35,193333;-0,143051
35,195;-0,143051
35,196667;-0,143051
35,198333;-0,143051
35,2;-0,143051
35,201667;-0,143051
35,203333;-0,143051
35,205;-0,143051
35,206667;-0,143051
35,208333;-0,143051
35,21;-0,143051
35,211667;-0,143051
35,213333;-0,143051
35,215;-0,143051
35,216667;-0,143051
35,218333;-0,143051
35,22;-0,143051
35,221667;-0,143051
35,223333;-0,143051
35,225;-0,143051
35,226667;-0,143051
35,228333;-0,143051
35,23;-0,143051
35,231667;-0,143051
35,233333;-0,143051
35,235;-0,143051
35,236667;-0,143051
35,238333;-0,143051
35,24;-0,143051
35,241667;-0,143051
35,243333;-0,143051
35,245;-0,143051
35,246667;-0,143051
35,248333;-0,143051
35,25;-0,143051
35,251667;-0,143051
35,253333;-0,143051
35,255;-0,143051
35,256667;-0,143051
35,258333;-0,143051
35,26;-0,143051
35,261667;-0,143051
35,263333;-0,143051
35,265;-0,143051
35,266667;-0,143051
35,268333;-0,143051
35,27;-0,143051
35,271667;-0,143051
35,273333;-0,143051
35,275;-0,143051
35,276667;-0,143051
35,278333;-0,143051
35,28;-0,143051
35,281667;-0,143051
35,283333;-0,143051
35,285;-0,143051
35,286667;-0,143051
35,288333;-0,143051
35,29;-0,143051
35,291667;-0,143051
35,293333;-0,143051
35,295;-0,143051
35,296667;-0,143051
35,298333;-0,143051
35,3;-0,143051
35,301667;-0,143051
35,303333;-0,143051
35,305;-0,143051
35,306667;-0,143051
35,308333;-0,143051
35,31;-0,145912
35,311667;-0,145912
35,313333;-0,145912
35,315;-0,145912
35,316667;-0,145912
35,318333;-0,145912
35,32;-0,145912
35,321667;-0,145912
35,323333;-0,145912
35,325;-0,145912
35,326667;-0,145912
35,328333;-0,145912
35,33;-0,145912
35,331667;-0,145912
35,333333;-0,145912
35,335;-0,145912
35,336667;-0,145912
35,338333;-0,145912
35,34;-0,145912
35,341667;-0,145912
35,343333;-0,145912
35,345;-0,145912
35,346667;-0,145912
35,348333;-0,145912
35,35;-0,145912
35,351667;-0,145912
35,353333;-0,145912
35,355;-0,145912
35,356667;-0,145912
35,358333;-0,145912
35,36;-0,145912
35,361667;-0,145912
35,363333;-0,145912
35,365;-0,145912
35,366667;-0,145912
35,368333;-0,145912
35,37;-0,145912
35,371667;-0,145912
35,373333;-0,145912
35,375;-0,145912
35,376667;-0,145912
35,378333;-0,145912
35,38;-0,145912
35,381667;-0,145912
35,383333;-0,145912
35,385;-0,145912
35,386667;-0,145912
35,388333;-0,145912
35,39;-0,145912
35,391667;-0,145912
35,393333;-0,145912
35,395;-0,145912
35,396667;-0,145912
35,398333;-0,145912
35,4;-0,145912
35,401667;-0,145912
35,403333;-0,145912
35,405;-0,145912
35,406667;-0,145912
35,408333;-0,145912
35,41;-0,145912
35,411667;-0,145912
35,413333;-0,145912
35,415;-0,145912
35,416667;-0,145912
35,418333;-0,145912
35,42;-0,145912
35,421667;-0,145912
35,423333;-0,145912
35,425;-0,145912
35,426667;-0,145912
35,428333;-0,145912
35,43;-0,145912
35,431667;-0,145912
35,433333;-0,145912
35,435;-0,145912
35,436667;-0,145912
35,438333;-0,145912
35,44;-0,145912
35,441667;-0,145912
35,443333;-0,145912
35,445;-0,145912
35,446667;-0,145912
35,448333;-0,145912
35,45;-0,145912
35,451667;-0,145912
35,453333;-0,145912
35,455;-0,145912
35,456667;-0,145912
35,458333;-0,145912
35,46;-0,145912
35,461667;-0,145912
35,463333;-0,145912
35,465;-0,145912
35,466667;-0,145912
35,468333;-0,145912
35,47;-0,145912
35,471667;-0,145912
35,473333;-0,145912
35,475;-0,145912
35,476667;-0,145912
35,478333;-0,145912
35,48;-0,145912
35,481667;-0,145912
35,483333;-0,145912
35,485;-0,145912
35,486667;-0,145912
35,488333;-0,145912
35,49;-0,145912
35,491667;-0,145912
35,493333;-0,145912
35,495;-0,145912
35,496667;-0,145912
35,498333;-0,145912
35,5;-0,145912
35,501667;-0,145912
35,503333;-0,145912
35,505;-0,145912
35,506667;-0,145912
35,508333;-0,145912
35,51;-0,145912
35,511667;-0,145912
35,513333;-0,145912
35,515;-0,145912
35,516667;-0,145912
35,518333;-0,145912
35,52;-0,145912
35,521667;-0,145912
35,523333;-0,145912
35,525;-0,145912
35,526667;-0,145912
35,528333;-0,145912
35,53;-0,145912
35,531667;-0,145912
35,533333;-0,145912
35,535;-0,145912
35,536667;-0,145912
35,538333;-0,145912
35,54;-0,145912
35,541667;-0,145912
35,543333;-0,145912
35,545;-0,145912
35,546667;-0,145912
35,548333;-0,145912
35,55;-0,145912
35,551667;-0,145912
35,553333;-0,145912
35,555;-0,145912
35,556667;-0,145912
35,558333;-0,145912
35,56;-0,145912
35,561667;-0,145912
35,563333;-0,145912
35,565;-0,145912
35,566667;-0,145912
35,568333;-0,145912
35,57;-0,145912
35,571667;-0,145912
35,573333;-0,145912
35,575;-0,145912
35,576667;-0,145912
35,578333;-0,145912
35,58;-0,145912
35,581667;-0,145912
35,583333;-0,145912
35,585;-0,145912
35,586667;-0,145912
35,588333;-0,145912
35,59;-0,145912
35,591667;-0,145912
35,593333;-0,145912
35,595;-0,145912
35,596667;-0,145912
35,598333;-0,145912
35,6;-0,145912
35,601667;-0,145912
35,603333;-0,145912
35,605;-0,145912
35,606667;-0,145912
35,608333;-0,145912
35,61;-0,145912
35,611667;-0,145912
35,613333;-0,145912
35,615;-0,145912
35,616667;-0,145912
35,618333;-0,145912
35,62;-0,145912
35,621667;-0,145912
35,623333;-0,145912
35,625;-0,145912
35,626667;-0,145912
35,628333;-0,145912
35,63;-0,145912
35,631667;-0,145912
35,633333;-0,145912
35,635;-0,145912
35,636667;-0,145912
35,638333;-0,145912
35,64;-0,145912
35,641667;-0,145912
35,643333;-0,145912
35,645;-0,145912
35,646667;-0,145912
35,648333;-0,145912
35,65;-0,145912
35,651667;-0,145912
35,653333;-0,145912
35,655;-0,145912
35,656667;-0,145912
35,658333;-0,145912
35,66;-0,145912
35,661667;-0,145912
35,663333;-0,145912
35,665;-0,145912
35,666667;-0,145912
35,668333;-0,145912
35,67;-0,145912
35,671667;-0,145912
35,673333;-0,145912
35,675;-0,145912
35,676667;-0,145912
35,678333;-0,145912
35,68;-0,145912
35,681667;-0,145912
35,683333;-0,145912
35,685;-0,145912
35,686667;-0,145912
35,688333;-0,145912
35,69;-0,145912
35,691667;-0,145912
35,693333;-0,145912
35,695;-0,145912
35,696667;-0,145912
35,698333;-0,145912
35,7;-0,145912
35,701667;-0,145912
35,703333;-0,145912
35,705;-0,145912
35,706667;-0,145912
35,708333;-0,145912
35,71;-0,143051
35,711667;-0,143051
35,713333;-0,143051
35,715;-0,143051
35,716667;-0,143051
35,718333;-0,143051
35,72;-0,143051
35,721667;-0,143051
35,723333;-0,143051
35,725;-0,143051
35,726667;-0,143051
35,728333;-0,143051
35,73;-0,143051
35,731667;-0,143051
35,733333;-0,143051
35,735;-0,143051
35,736667;-0,143051
35,738333;-0,143051
35,74;-0,143051
35,741667;-0,143051
35,743333;-0,143051
35,745;-0,143051
35,746667;-0,143051
35,748333;-0,143051
35,75;-0,143051
35,751667;-0,143051
35,753333;-0,143051
35,755;-0,143051
35,756667;-0,143051
35,758333;-0,143051
35,76;-0,143051
35,761667;-0,143051
35,763333;-0,143051
35,765;-0,143051
35,766667;-0,143051
35,768333;-0,143051
35,77;-0,143051
35,771667;-0,143051
35,773333;-0,143051
35,775;-0,143051
35,776667;-0,143051
35,778333;-0,143051
35,78;-0,143051
35,781667;-0,143051
35,783333;-0,143051
35,785;-0,143051
35,786667;-0,143051
35,788333;-0,143051
35,79;-0,143051
35,791667;-0,143051
35,793333;-0,143051
35,795;-0,143051
35,796667;-0,143051
35,798333;-0,143051
35,8;-0,143051
35,801667;-0,143051
35,803333;-0,143051
35,805;-0,143051
35,806667;-0,143051
35,808333;-0,143051
35,81;-0,143051
35,811667;-0,143051
35,813333;-0,143051
35,815;-0,143051
35,816667;-0,143051
35,818333;-0,143051
35,82;-0,143051
35,821667;-0,143051
35,823333;-0,143051
35,825;-0,143051
35,826667;-0,143051
35,828333;-0,143051
35,83;-0,143051
35,831667;-0,143051
35,833333;-0,143051
35,835;-0,143051
35,836667;-0,143051
35,838333;-0,143051
35,84;-0,143051
35,841667;-0,143051
35,843333;-0,143051
35,845;-0,143051
35,846667;-0,143051
35,848333;-0,143051
35,85;-0,143051
35,851667;-0,143051
35,853333;-0,143051
35,855;-0,143051
35,856667;-0,145912
35,858333;-0,145912
35,86;-0,145912
35,861667;-0,145912
35,863333;-0,145912
35,865;-0,145912
35,866667;-0,145912
35,868333;-0,145912
35,87;-0,145912
35,871667;-0,145912
35,873333;-0,145912
35,875;-0,145912
35,876667;-0,145912
35,878333;-0,145912
35,88;-0,143051
35,881667;-0,143051
35,883333;-0,143051
35,885;-0,143051
35,886667;-0,143051
35,888333;-0,143051
35,89;-0,143051
35,891667;-0,143051
35,893333;-0,143051
35,895;-0,145912
35,896667;-0,145912
35,898333;-0,145912
35,9;-0,145912
35,901667;-0,145912
35,903333;-0,145912
35,905;-0,145912
35,906667;-0,145912
35,908333;-0,145912
35,91;-0,145912
35,911667;-0,145912
35,913333;-0,145912
35,915;-0,145912
35,916667;-0,145912
35,918333;-0,145912
35,92;-0,145912
35,921667;-0,145912
35,923333;-0,145912
35,925;-0,145912
35,926667;-0,145912
35,928333;-0,145912
35,93;-0,145912
35,931667;-0,145912
35,933333;-0,145912
35,935;-0,145912
35,936667;-0,145912
35,938333;-0,145912
35,94;-0,145912
35,941667;-0,145912
35,943333;-0,145912
35,945;-0,145912
35,946667;-0,145912
35,948333;-0,145912
35,95;-0,145912
35,951667;-0,145912
35,953333;-0,145912
35,955;-0,145912
35,956667;-0,145912
35,958333;-0,145912
35,96;-0,145912
35,961667;-0,145912
35,963333;-0,145912
35,965;-0,145912
35,966667;-0,145912
35,968333;-0,145912
35,97;-0,145912
35,971667;-0,145912
35,973333;-0,145912
35,975;-0,145912
35,976667;-0,145912
35,978333;-0,145912
35,98;-0,145912
35,981667;-0,145912
35,983333;-0,145912
35,985;-0,145912
35,986667;-0,145912
35,988333;-0,145912
35,99;-0,145912
35,991667;-0,145912
35,993333;-0,145912
35,995;-0,145912
35,996667;-0,145912
35,998333;-0,145912
36;-0,145912
36,001667;-0,145912
36,003333;-0,145912
36,005;-0,145912
36,006667;-0,145912
36,008333;-0,145912
36,01;-0,145912
36,011667;-0,145912
36,013333;-0,145912
36,015;-0,145912
36,016667;-0,145912
36,018333;-0,145912
36,02;-0,145912
36,021667;-0,145912
36,023333;-0,145912
36,025;-0,145912
36,026667;-0,145912
36,028333;-0,145912
36,03;-0,145912
36,031667;-0,145912
36,033333;-0,145912
36,035;-0,145912
36,036667;-0,145912
36,038333;-0,145912
36,04;-0,145912
36,041667;-0,145912
36,043333;-0,145912
36,045;-0,145912
36,046667;-0,145912
36,048333;-0,145912
36,05;-0,145912
36,051667;-0,143051
36,053333;-0,145912
36,055;-0,145912
36,056667;-0,145912
36,058333;-0,145912
36,06;-0,145912
36,061667;-0,145912
36,063333;-0,145912
36,065;-0,145912
36,066667;-0,145912
36,068333;-0,145912
36,07;-0,145912
36,071667;-0,145912
36,073333;-0,145912
36,075;-0,145912
36,076667;-0,145912
36,078333;-0,145912
36,08;-0,145912
36,081667;-0,145912
36,083333;-0,145912
36,085;-0,145912
36,086667;-0,145912
36,088333;-0,145912
36,09;-0,145912
36,091667;-0,145912
36,093333;-0,145912
36,095;-0,145912
36,096667;-0,145912
36,098333;-0,145912
36,1;-0,145912
36,101667;-0,145912
36,103333;-0,145912
36,105;-0,145912
36,106667;-0,145912
36,108333;-0,145912
36,11;-0,145912
36,111667;-0,145912
36,113333;-0,145912
36,115;-0,145912
36,116667;-0,145912
36,118333;-0,145912
36,12;-0,145912
36,121667;-0,145912
36,123333;-0,145912
36,125;-0,145912
36,126667;-0,145912
36,128333;-0,145912
36,13;-0,145912
36,131667;-0,145912
36,133333;-0,145912
36,135;-0,145912
36,136667;-0,145912
36,138333;-0,145912
36,14;-0,145912
36,141667;-0,145912
36,143333;-0,145912
36,145;-0,145912
36,146667;-0,145912
36,148333;-0,145912
36,15;-0,145912
36,151667;-0,145912
36,153333;-0,145912
36,155;-0,145912
36,156667;-0,145912
36,158333;-0,145912
36,16;-0,145912
36,161667;-0,145912
36,163333;-0,145912
36,165;-0,145912
36,166667;-0,145912
36,168333;-0,145912
36,17;-0,145912
36,171667;-0,145912
36,173333;-0,145912
36,175;-0,145912
36,176667;-0,145912
36,178333;-0,145912
36,18;-0,145912
36,181667;-0,145912
36,183333;-0,145912
36,185;-0,145912
36,186667;-0,145912
36,188333;-0,145912
36,19;-0,145912
36,191667;-0,145912
36,193333;-0,145912
36,195;-0,145912
36,196667;-0,145912
36,198333;-0,145912
36,2;-0,145912
36,201667;-0,145912
36,203333;-0,145912
36,205;-0,145912
36,206667;-0,145912
36,208333;-0,145912
36,21;-0,145912
36,211667;-0,145912
36,213333;-0,145912
36,215;-0,145912
36,216667;-0,145912
36,218333;-0,145912
36,22;-0,145912
36,221667;-0,145912
36,223333;-0,145912
36,225;-0,145912
36,226667;-0,145912
36,228333;-0,145912
36,23;-0,145912
36,231667;-0,145912
36,233333;-0,145912
36,235;-0,145912
36,236667;-0,145912
36,238333;-0,145912
36,24;-0,145912
36,241667;-0,145912
36,243333;-0,145912
36,245;-0,145912
36,246667;-0,145912
36,248333;-0,145912
36,25;-0,145912
36,251667;-0,145912
36,253333;-0,145912
36,255;-0,145912
36,256667;-0,145912
36,258333;-0,145912
36,26;-0,145912
36,261667;-0,145912
36,263333;-0,145912
36,265;-0,145912
36,266667;-0,145912
36,268333;-0,145912
36,27;-0,145912
36,271667;-0,145912
36,273333;-0,145912
36,275;-0,145912
36,276667;-0,145912
36,278333;-0,145912
36,28;-0,145912
36,281667;-0,145912
36,283333;-0,145912
36,285;-0,145912
36,286667;-0,145912
36,288333;-0,145912
36,29;-0,145912
36,291667;-0,145912
36,293333;-0,145912
36,295;-0,145912
36,296667;-0,145912
36,298333;-0,145912
36,3;-0,145912
36,301667;-0,145912
36,303333;-0,145912
36,305;-0,145912
36,306667;-0,145912
36,308333;-0,145912
36,31;-0,145912
36,311667;-0,145912
36,313333;-0,145912
36,315;-0,145912
36,316667;-0,145912
36,318333;-0,145912
36,32;-0,145912
36,321667;-0,145912
36,323333;-0,145912
36,325;-0,145912
36,326667;-0,145912
36,328333;-0,145912
36,33;-0,145912
36,331667;-0,145912
36,333333;-0,145912
36,335;-0,145912
36,336667;-0,145912
36,338333;-0,145912
36,34;-0,145912
36,341667;-0,145912
36,343333;-0,145912
36,345;-0,145912
36,346667;-0,145912
36,348333;-0,145912
36,35;-0,145912
36,351667;-0,145912
36,353333;-0,145912
36,355;-0,145912
36,356667;-0,145912
36,358333;-0,145912
36,36;-0,145912
36,361667;-0,145912
36,363333;-0,145912
36,365;-0,145912
36,366667;-0,145912
36,368333;-0,145912
36,37;-0,145912
36,371667;-0,145912
36,373333;-0,145912
36,375;-0,145912
36,376667;-0,145912
36,378333;-0,145912
36,38;-0,145912
36,381667;-0,145912
36,383333;-0,145912
36,385;-0,145912
36,386667;-0,145912
36,388333;-0,145912
36,39;-0,145912
36,391667;-0,145912
36,393333;-0,145912
36,395;-0,145912
36,396667;-0,145912
36,398333;-0,145912
36,4;-0,145912
36,401667;-0,145912
36,403333;-0,145912
36,405;-0,145912
36,406667;-0,145912
36,408333;-0,145912
36,41;-0,145912
36,411667;-0,145912
36,413333;-0,145912
36,415;-0,145912
36,416667;-0,145912
36,418333;-0,145912
36,42;-0,145912
36,421667;-0,145912
36,423333;-0,145912
36,425;-0,145912
36,426667;-0,145912
36,428333;-0,145912
36,43;-0,145912
36,431667;-0,145912
36,433333;-0,145912
36,435;-0,145912
36,436667;-0,145912
36,438333;-0,145912
36,44;-0,145912
36,441667;-0,145912
36,443333;-0,145912
36,445;-0,145912
36,446667;-0,145912
36,448333;-0,145912
36,45;-0,145912
36,451667;-0,145912
36,453333;-0,145912
36,455;-0,145912
36,456667;-0,145912
36,458333;-0,145912
36,46;-0,145912
36,461667;-0,145912
36,463333;-0,145912
36,465;-0,145912
36,466667;-0,145912
36,468333;-0,145912
36,47;-0,145912
36,471667;-0,145912
36,473333;-0,145912
36,475;-0,145912
36,476667;-0,145912
36,478333;-0,145912
36,48;-0,145912
36,481667;-0,145912
36,483333;-0,145912
36,485;-0,145912
36,486667;-0,145912
36,488333;-0,145912
36,49;-0,145912
36,491667;-0,145912
36,493333;-0,145912
36,495;-0,145912
36,496667;-0,145912
36,498333;-0,145912
36,5;-0,145912
36,501667;-0,145912
36,503333;-0,145912
36,505;-0,145912
36,506667;-0,145912
36,508333;-0,145912
36,51;-0,145912
36,511667;-0,145912
36,513333;-0,145912
36,515;-0,145912
36,516667;-0,145912
36,518333;-0,145912
36,52;-0,145912
36,521667;-0,145912
36,523333;-0,145912
36,525;-0,145912
36,526667;-0,145912
36,528333;-0,145912
36,53;-0,145912
36,531667;-0,145912
36,533333;-0,145912
36,535;-0,145912
36,536667;-0,145912
36,538333;-0,145912
36,54;-0,145912
36,541667;-0,145912
36,543333;-0,145912
36,545;-0,145912
36,546667;-0,145912
36,548333;-0,145912
36,55;-0,145912
36,551667;-0,145912
36,553333;-0,145912
36,555;-0,145912
36,556667;-0,145912
36,558333;-0,145912
36,56;-0,145912
36,561667;-0,145912
36,563333;-0,145912
36,565;-0,145912
36,566667;-0,145912
36,568333;-0,145912
36,57;-0,145912
36,571667;-0,145912
36,573333;-0,145912
36,575;-0,145912
36,576667;-0,145912
36,578333;-0,145912
36,58;-0,145912
36,581667;-0,145912
36,583333;-0,145912
36,585;-0,145912
36,586667;-0,145912
36,588333;-0,145912
36,59;-0,145912
36,591667;-0,145912
36,593333;-0,145912
36,595;-0,145912
36,596667;-0,145912
36,598333;-0,145912
36,6;-0,145912
36,601667;-0,145912
36,603333;-0,145912
36,605;-0,145912
36,606667;-0,145912
36,608333;-0,145912
36,61;-0,145912
36,611667;-0,145912
36,613333;-0,145912
36,615;-0,145912
36,616667;-0,145912
36,618333;-0,145912
36,62;-0,145912
36,621667;-0,145912
36,623333;-0,145912
36,625;-0,145912
36,626667;-0,145912
36,628333;-0,145912
36,63;-0,145912
36,631667;-0,145912
36,633333;-0,145912
36,635;-0,145912
36,636667;-0,145912
36,638333;-0,145912
36,64;-0,145912
36,641667;-0,145912
36,643333;-0,145912
36,645;-0,145912
36,646667;-0,145912
36,648333;-0,145912
36,65;-0,145912
36,651667;-0,148773
36,653333;-0,148773
36,655;-0,148773
36,656667;-0,148773
36,658333;-0,148773
36,66;-0,148773
36,661667;-0,148773
36,663333;-0,148773
36,665;-0,148773
36,666667;-0,148773
36,668333;-0,148773
36,67;-0,148773
36,671667;-0,148773
36,673333;-0,148773
36,675;-0,148773
36,676667;-0,148773
36,678333;-0,148773
36,68;-0,148773
36,681667;-0,148773
36,683333;-0,148773
36,685;-0,148773
36,686667;-0,148773
36,688333;-0,148773
36,69;-0,148773
36,691667;-0,145912
36,693333;-0,145912
36,695;-0,145912
36,696667;-0,145912
36,698333;-0,145912
36,7;-0,148773
36,701667;-0,148773
36,703333;-0,148773
36,705;-0,148773
36,706667;-0,148773
36,708333;-0,148773
36,71;-0,145912
36,711667;-0,145912
36,713333;-0,145912
36,715;-0,145912
36,716667;-0,145912
36,718333;-0,145912
36,72;-0,145912
36,721667;-0,145912
36,723333;-0,145912
36,725;-0,148773
36,726667;-0,148773
36,728333;-0,148773
36,73;-0,148773
36,731667;-0,148773
36,733333;-0,148773
36,735;-0,148773
36,736667;-0,148773
36,738333;-0,148773
36,74;-0,148773
36,741667;-0,148773
36,743333;-0,148773
36,745;-0,148773
36,746667;-0,148773
36,748333;-0,148773
36,75;-0,148773
36,751667;-0,148773
36,753333;-0,148773
36,755;-0,148773
36,756667;-0,148773
36,758333;-0,148773
36,76;-0,148773
36,761667;-0,148773
36,763333;-0,148773
36,765;-0,148773
36,766667;-0,148773
36,768333;-0,148773
36,77;-0,148773
36,771667;-0,148773
36,773333;-0,148773
36,775;-0,148773
36,776667;-0,148773
36,778333;-0,148773
36,78;-0,148773
36,781667;-0,148773
36,783333;-0,148773
36,785;-0,148773
36,786667;-0,148773
36,788333;-0,148773
36,79;-0,148773
36,791667;-0,145912
36,793333;-0,145912
36,795;-0,145912
36,796667;-0,145912
36,798333;-0,145912
36,8;-0,145912
36,801667;-0,145912
36,803333;-0,145912
36,805;-0,145912
36,806667;-0,145912
36,808333;-0,145912
36,81;-0,145912
36,811667;-0,145912
36,813333;-0,145912
36,815;-0,145912
36,816667;-0,145912
36,818333;-0,145912
36,82;-0,145912
36,821667;-0,145912
36,823333;-0,145912
36,825;-0,145912
36,826667;-0,145912
36,828333;-0,145912
36,83;-0,145912
36,831667;-0,145912
36,833333;-0,145912
36,835;-0,145912
36,836667;-0,145912
36,838333;-0,145912
36,84;-0,145912
36,841667;-0,145912
36,843333;-0,145912
36,845;-0,145912
36,846667;-0,145912
36,848333;-0,145912
36,85;-0,145912
36,851667;-0,145912
36,853333;-0,145912
36,855;-0,145912
36,856667;-0,145912
36,858333;-0,145912
36,86;-0,145912
36,861667;-0,145912
36,863333;-0,145912
36,865;-0,145912
36,866667;-0,145912
36,868333;-0,145912
36,87;-0,145912
36,871667;-0,145912
36,873333;-0,145912
36,875;-0,145912
36,876667;-0,145912
36,878333;-0,145912
36,88;-0,145912
36,881667;-0,145912
36,883333;-0,145912
36,885;-0,145912
36,886667;-0,145912
36,888333;-0,145912
36,89;-0,145912
36,891667;-0,145912
36,893333;-0,145912
36,895;-0,145912
36,896667;-0,145912
36,898333;-0,145912
36,9;-0,145912
36,901667;-0,145912
36,903333;-0,145912
36,905;-0,145912
36,906667;-0,145912
36,908333;-0,145912
36,91;-0,145912
36,911667;-0,145912
36,913333;-0,145912
36,915;-0,145912
36,916667;-0,145912
36,918333;-0,145912
36,92;-0,145912
36,921667;-0,145912
36,923333;-0,145912
36,925;-0,145912
36,926667;-0,145912
36,928333;-0,145912
36,93;-0,145912
36,931667;-0,145912
36,933333;-0,145912
36,935;-0,145912
36,936667;-0,145912
36,938333;-0,145912
36,94;-0,145912
36,941667;-0,145912
36,943333;-0,145912
36,945;-0,145912
36,946667;-0,145912
36,948333;-0,145912
36,95;-0,145912
36,951667;-0,148773
36,953333;-0,148773
36,955;-0,145912
36,956667;-0,145912
36,958333;-0,145912
36,96;-0,145912
36,961667;-0,145912
36,963333;-0,145912
36,965;-0,145912
36,966667;-0,145912
36,968333;-0,145912
36,97;-0,145912
36,971667;-0,145912
36,973333;-0,145912
36,975;-0,145912
36,976667;-0,145912
36,978333;-0,145912
36,98;-0,145912
36,981667;-0,145912
36,983333;-0,148773
36,985;-0,148773
36,986667;-0,148773
36,988333;-0,148773
36,99;-0,148773
36,991667;-0,148773
36,993333;-0,148773
36,995;-0,148773
36,996667;-0,148773
36,998333;-0,148773
37;-0,148773
37,001667;-0,148773
37,003333;-0,148773
37,005;-0,148773
37,006667;-0,148773
37,008333;-0,148773
37,01;-0,148773
37,011667;-0,148773
37,013333;-0,148773
37,015;-0,148773
37,016667;-0,148773
37,018333;-0,148773
37,02;-0,148773
37,021667;-0,148773
37,023333;-0,148773
37,025;-0,148773
37,026667;-0,148773
37,028333;-0,148773
37,03;-0,148773
37,031667;-0,148773
37,033333;-0,148773
37,035;-0,148773
37,036667;-0,148773
37,038333;-0,148773
37,04;-0,148773
37,041667;-0,148773
37,043333;-0,148773
37,045;-0,148773
37,046667;-0,148773
37,048333;-0,148773
37,05;-0,148773
37,051667;-0,148773
37,053333;-0,148773
37,055;-0,148773
37,056667;-0,148773
37,058333;-0,148773
37,06;-0,148773
37,061667;-0,148773
37,063333;-0,148773
37,065;-0,148773
37,066667;-0,148773
37,068333;-0,148773
37,07;-0,148773
37,071667;-0,148773
37,073333;-0,148773
37,075;-0,148773
37,076667;-0,148773
37,078333;-0,148773
37,08;-0,148773
37,081667;-0,148773
37,083333;-0,151634
37,085;-0,151634
37,086667;-0,151634
37,088333;-0,151634
37,09;-0,151634
37,091667;-0,151634
37,093333;-0,151634
37,095;-0,151634
37,096667;-0,151634
37,098333;-0,151634
37,1;-0,151634
37,101667;-0,151634
37,103333;-0,151634
37,105;-0,151634
37,106667;-0,151634
37,108333;-0,151634
37,11;-0,151634
37,111667;-0,151634
37,113333;-0,151634
37,115;-0,151634
37,116667;-0,151634
37,118333;-0,151634
37,12;-0,151634
37,121667;-0,151634
37,123333;-0,151634
37,125;-0,151634
37,126667;-0,151634
37,128333;-0,151634
37,13;-0,151634
37,131667;-0,151634
37,133333;-0,151634
37,135;-0,151634
37,136667;-0,148773
37,138333;-0,148773
37,14;-0,148773
37,141667;-0,148773
37,143333;-0,148773
37,145;-0,148773
37,146667;-0,148773
37,148333;-0,148773
37,15;-0,148773
37,151667;-0,148773
37,153333;-0,148773
37,155;-0,151634
37,156667;-0,151634
37,158333;-0,151634
37,16;-0,151634
37,161667;-0,151634
37,163333;-0,151634
37,165;-0,151634
37,166667;-0,151634
37,168333;-0,151634
37,17;-0,151634
37,171667;-0,151634
37,173333;-0,151634
37,175;-0,151634
37,176667;-0,151634
37,178333;-0,151634
37,18;-0,151634
37,181667;-0,151634
37,183333;-0,151634
37,185;-0,151634
37,186667;-0,151634
37,188333;-0,151634
37,19;-0,151634
37,191667;-0,151634
37,193333;-0,151634
37,195;-0,151634
37,196667;-0,151634
37,198333;-0,151634
37,2;-0,151634
37,201667;-0,151634
37,203333;-0,151634
37,205;-0,151634
37,206667;-0,151634
37,208333;-0,151634
37,21;-0,151634
37,211667;-0,151634
37,213333;-0,151634
37,215;-0,151634
37,216667;-0,151634
37,218333;-0,151634
37,22;-0,151634
37,221667;-0,151634
37,223333;-0,151634
37,225;-0,151634
37,226667;-0,151634
37,228333;-0,151634
37,23;-0,151634
37,231667;-0,151634
37,233333;-0,151634
37,235;-0,151634
37,236667;-0,151634
37,238333;-0,151634
37,24;-0,151634
37,241667;-0,151634
37,243333;-0,151634
37,245;-0,151634
37,246667;-0,151634
37,248333;-0,151634
37,25;-0,151634
37,251667;-0,151634
37,253333;-0,151634
37,255;-0,151634
37,256667;-0,151634
37,258333;-0,151634
37,26;-0,151634
37,261667;-0,151634
37,263333;-0,151634
37,265;-0,151634
37,266667;-0,151634
37,268333;-0,151634
37,27;-0,151634
37,271667;-0,151634
37,273333;-0,151634
37,275;-0,151634
37,276667;-0,151634
37,278333;-0,151634
37,28;-0,151634
37,281667;-0,151634
37,283333;-0,151634
37,285;-0,151634
37,286667;-0,151634
37,288333;-0,151634
37,29;-0,151634
37,291667;-0,151634
37,293333;-0,151634
37,295;-0,151634
37,296667;-0,151634
37,298333;-0,151634
37,3;-0,151634
37,301667;-0,151634
37,303333;-0,151634
37,305;-0,151634
37,306667;-0,151634
37,308333;-0,151634
37,31;-0,151634
37,311667;-0,151634
37,313333;-0,151634
37,315;-0,151634
37,316667;-0,151634
37,318333;-0,151634
37,32;-0,151634
37,321667;-0,151634
37,323333;-0,151634
37,325;-0,151634
37,326667;-0,151634
37,328333;-0,151634
37,33;-0,151634
37,331667;-0,151634
37,333333;-0,151634
37,335;-0,151634
37,336667;-0,151634
37,338333;-0,151634
37,34;-0,151634
37,341667;-0,151634
37,343333;-0,151634
37,345;-0,151634
37,346667;-0,151634
37,348333;-0,151634
37,35;-0,151634
37,351667;-0,151634
37,353333;-0,151634
37,355;-0,151634
37,356667;-0,151634
37,358333;-0,151634
37,36;-0,151634
37,361667;-0,151634
37,363333;-0,151634
37,365;-0,151634
37,366667;-0,151634
37,368333;-0,151634
37,37;-0,151634
37,371667;-0,151634
37,373333;-0,151634
37,375;-0,151634
37,376667;-0,151634
37,378333;-0,151634
37,38;-0,151634
37,381667;-0,151634
37,383333;-0,151634
37,385;-0,151634
37,386667;-0,151634
37,388333;-0,151634
37,39;-0,151634
37,391667;-0,151634
37,393333;-0,151634
37,395;-0,151634
37,396667;-0,151634
37,398333;-0,151634
37,4;-0,151634
37,401667;-0,151634
37,403333;-0,151634
37,405;-0,151634
37,406667;-0,151634
37,408333;-0,151634
37,41;-0,151634
37,411667;-0,151634
37,413333;-0,151634
37,415;-0,151634
37,416667;-0,151634
37,418333;-0,151634
37,42;-0,151634
37,421667;-0,151634
37,423333;-0,151634
37,425;-0,151634
37,426667;-0,151634
37,428333;-0,151634
37,43;-0,151634
37,431667;-0,151634
37,433333;-0,151634
37,435;-0,151634
37,436667;-0,151634
37,438333;-0,151634
37,44;-0,151634
37,441667;-0,151634
37,443333;-0,151634
37,445;-0,151634
37,446667;-0,151634
37,448333;-0,151634
37,45;-0,151634
37,451667;-0,151634
37,453333;-0,151634
37,455;-0,151634
37,456667;-0,151634
37,458333;-0,151634
37,46;-0,151634
37,461667;-0,151634
37,463333;-0,151634
37,465;-0,154495
37,466667;-0,154495
37,468333;-0,154495
37,47;-0,154495
37,471667;-0,154495
37,473333;-0,154495
37,475;-0,154495
37,476667;-0,154495
37,478333;-0,154495
37,48;-0,154495
37,481667;-0,154495
37,483333;-0,154495
37,485;-0,154495
37,486667;-0,154495
37,488333;-0,154495
37,49;-0,154495
37,491667;-0,154495
37,493333;-0,154495
37,495;-0,154495
37,496667;-0,154495
37,498333;-0,154495
37,5;-0,154495
37,501667;-0,154495
37,503333;-0,154495
37,505;-0,154495
37,506667;-0,154495
37,508333;-0,154495
37,51;-0,154495
37,511667;-0,154495
37,513333;-0,154495
37,515;-0,154495
37,516667;-0,154495
37,518333;-0,154495
37,52;-0,154495
37,521667;-0,154495
37,523333;-0,154495
37,525;-0,154495
37,526667;-0,154495
37,528333;-0,154495
37,53;-0,154495
37,531667;-0,154495
37,533333;-0,154495
37,535;-0,154495
37,536667;-0,154495
37,538333;-0,154495
37,54;-0,154495
37,541667;-0,154495
37,543333;-0,154495
37,545;-0,154495
37,546667;-0,154495
37,548333;-0,154495
37,55;-0,154495
37,551667;-0,154495
37,553333;-0,154495
37,555;-0,154495
37,556667;-0,154495
37,558333;-0,154495
37,56;-0,154495
37,561667;-0,154495
37,563333;-0,154495
37,565;-0,154495
37,566667;-0,154495
37,568333;-0,154495
37,57;-0,154495
37,571667;-0,154495
37,573333;-0,154495
37,575;-0,154495
37,576667;-0,154495
37,578333;-0,154495
37,58;-0,154495
37,581667;-0,154495
37,583333;-0,154495
37,585;-0,154495
37,586667;-0,154495
37,588333;-0,154495
37,59;-0,154495
37,591667;-0,154495
37,593333;-0,154495
37,595;-0,154495
37,596667;-0,154495
37,598333;-0,154495
37,6;-0,154495
37,601667;-0,154495
37,603333;-0,154495
37,605;-0,154495
37,606667;-0,154495
37,608333;-0,154495
37,61;-0,154495
37,611667;-0,154495
37,613333;-0,154495
37,615;-0,154495
37,616667;-0,154495
37,618333;-0,154495
37,62;-0,154495
37,621667;-0,154495
37,623333;-0,154495
37,625;-0,154495
37,626667;-0,154495
37,628333;-0,154495
37,63;-0,154495
37,631667;-0,154495
37,633333;-0,154495
37,635;-0,154495
37,636667;-0,154495
37,638333;-0,154495
37,64;-0,154495
37,641667;-0,154495
37,643333;-0,154495
37,645;-0,154495
37,646667;-0,154495
37,648333;-0,154495
37,65;-0,154495
37,651667;-0,154495
37,653333;-0,154495
37,655;-0,154495
37,656667;-0,154495
37,658333;-0,154495
37,66;-0,154495
37,661667;-0,154495
37,663333;-0,154495
37,665;-0,154495
37,666667;-0,154495
37,668333;-0,154495
37,67;-0,154495
37,671667;-0,154495
37,673333;-0,154495
37,675;-0,154495
37,676667;-0,154495
37,678333;-0,154495
37,68;-0,154495
37,681667;-0,154495
37,683333;-0,154495
37,685;-0,154495
37,686667;-0,154495
37,688333;-0,154495
37,69;-0,154495
37,691667;-0,154495
37,693333;-0,154495
37,695;-0,154495
37,696667;-0,154495
37,698333;-0,154495
37,7;-0,154495
37,701667;-0,154495
37,703333;-0,154495
37,705;-0,154495
37,706667;-0,154495
37,708333;-0,154495
37,71;-0,154495
37,711667;-0,154495
37,713333;-0,154495
37,715;-0,154495
37,716667;-0,154495
37,718333;-0,154495
37,72;-0,154495
37,721667;-0,154495
37,723333;-0,154495
37,725;-0,154495
37,726667;-0,154495
37,728333;-0,154495
37,73;-0,154495
37,731667;-0,154495
37,733333;-0,154495
37,735;-0,154495
37,736667;-0,154495
37,738333;-0,154495
37,74;-0,154495
37,741667;-0,154495
37,743333;-0,154495
37,745;-0,154495
37,746667;-0,154495
37,748333;-0,154495
37,75;-0,154495
37,751667;-0,154495
37,753333;-0,154495
37,755;-0,154495
37,756667;-0,154495
37,758333;-0,154495
37,76;-0,154495
37,761667;-0,154495
37,763333;-0,154495
37,765;-0,154495
37,766667;-0,154495
37,768333;-0,154495
37,77;-0,154495
37,771667;-0,154495
37,773333;-0,154495
37,775;-0,154495
37,776667;-0,154495
37,778333;-0,154495
37,78;-0,154495
37,781667;-0,154495
37,783333;-0,154495
37,785;-0,154495
37,786667;-0,154495
37,788333;-0,154495
37,79;-0,154495
37,791667;-0,154495
37,793333;-0,154495
37,795;-0,154495
37,796667;-0,154495
37,798333;-0,154495
37,8;-0,154495
37,801667;-0,154495
37,803333;-0,154495
37,805;-0,154495
37,806667;-0,154495
37,808333;-0,154495
37,81;-0,154495
37,811667;-0,154495
37,813333;-0,154495
37,815;-0,154495
37,816667;-0,154495
37,818333;-0,154495
37,82;-0,154495
37,821667;-0,154495
37,823333;-0,154495
37,825;-0,154495
37,826667;-0,154495
37,828333;-0,154495
37,83;-0,154495
37,831667;-0,154495
37,833333;-0,154495
37,835;-0,154495
37,836667;-0,154495
37,838333;-0,154495
37,84;-0,154495
37,841667;-0,154495
37,843333;-0,154495
37,845;-0,154495
37,846667;-0,154495
37,848333;-0,154495
37,85;-0,154495
37,851667;-0,151634
37,853333;-0,151634
37,855;-0,151634
37,856667;-0,151634
37,858333;-0,151634
37,86;-0,151634
37,861667;-0,151634
37,863333;-0,151634
37,865;-0,151634
37,866667;-0,151634
37,868333;-0,151634
37,87;-0,151634
37,871667;-0,151634
37,873333;-0,151634
37,875;-0,151634
37,876667;-0,154495
37,878333;-0,154495
37,88;-0,154495
37,881667;-0,154495
37,883333;-0,154495
37,885;-0,154495
37,886667;-0,154495
37,888333;-0,154495
37,89;-0,154495
37,891667;-0,154495
37,893333;-0,154495
37,895;-0,154495
37,896667;-0,154495
37,898333;-0,154495
37,9;-0,154495
37,901667;-0,154495
37,903333;-0,154495
37,905;-0,154495
37,906667;-0,154495
37,908333;-0,154495
37,91;-0,154495
37,911667;-0,154495
37,913333;-0,154495
37,915;-0,154495
37,916667;-0,154495
37,918333;-0,154495
37,92;-0,154495
37,921667;-0,154495
37,923333;-0,154495
37,925;-0,154495
37,926667;-0,151634
37,928333;-0,151634
37,93;-0,151634
37,931667;-0,151634
37,933333;-0,151634
37,935;-0,151634
37,936667;-0,151634
37,938333;-0,151634
37,94;-0,151634
37,941667;-0,151634
37,943333;-0,151634
37,945;-0,151634
37,946667;-0,151634
37,948333;-0,151634
37,95;-0,151634
37,951667;-0,151634
37,953333;-0,151634
37,955;-0,151634
37,956667;-0,151634
37,958333;-0,151634
37,96;-0,151634
37,961667;-0,151634
37,963333;-0,151634
37,965;-0,151634
37,966667;-0,151634
37,968333;-0,151634
37,97;-0,151634
37,971667;-0,151634
37,973333;-0,151634
37,975;-0,151634
37,976667;-0,151634
37,978333;-0,151634
37,98;-0,151634
37,981667;-0,151634
37,983333;-0,151634
37,985;-0,151634
37,986667;-0,151634
37,988333;-0,154495
37,99;-0,154495
37,991667;-0,154495
37,993333;-0,154495
37,995;-0,154495
37,996667;-0,154495
37,998333;-0,154495
38;-0,151634
38,001667;-0,151634
38,003333;-0,151634
38,005;-0,151634
38,006667;-0,151634
38,008333;-0,151634
38,01;-0,151634
38,011667;-0,151634
38,013333;-0,151634
38,015;-0,151634
38,016667;-0,151634
38,018333;-0,151634
38,02;-0,151634
38,021667;-0,151634
38,023333;-0,151634
38,025;-0,151634
38,026667;-0,151634
38,028333;-0,151634
38,03;-0,151634
38,031667;-0,151634
38,033333;-0,151634
38,035;-0,151634
38,036667;-0,151634
38,038333;-0,151634
38,04;-0,151634
38,041667;-0,151634
38,043333;-0,151634
38,045;-0,151634
38,046667;-0,151634
38,048333;-0,151634
38,05;-0,151634
38,051667;-0,151634
38,053333;-0,151634
38,055;-0,151634
38,056667;-0,151634
38,058333;-0,151634
38,06;-0,151634
38,061667;-0,151634
38,063333;-0,151634
38,065;-0,151634
38,066667;-0,151634
38,068333;-0,151634
38,07;-0,151634
38,071667;-0,151634
38,073333;-0,151634
38,075;-0,151634
38,076667;-0,151634
38,078333;-0,151634
38,08;-0,151634
38,081667;-0,151634
38,083333;-0,151634
38,085;-0,151634
38,086667;-0,151634
38,088333;-0,151634
38,09;-0,151634
38,091667;-0,151634
38,093333;-0,151634
38,095;-0,151634
38,096667;-0,151634
38,098333;-0,151634
38,1;-0,151634
38,101667;-0,151634
38,103333;-0,151634
38,105;-0,151634
38,106667;-0,151634
38,108333;-0,154495
38,11;-0,154495
38,111667;-0,154495
38,113333;-0,154495
38,115;-0,154495
38,116667;-0,154495
38,118333;-0,154495
38,12;-0,154495
38,121667;-0,154495
38,123333;-0,154495
38,125;-0,154495
38,126667;-0,154495
38,128333;-0,154495
38,13;-0,154495
38,131667;-0,154495
38,133333;-0,154495
38,135;-0,154495
38,136667;-0,154495
38,138333;-0,154495
38,14;-0,154495
38,141667;-0,154495
38,143333;-0,154495
38,145;-0,154495
38,146667;-0,154495
38,148333;-0,154495
38,15;-0,154495
38,151667;-0,154495
38,153333;-0,154495
38,155;-0,154495
38,156667;-0,154495
38,158333;-0,154495
38,16;-0,154495
38,161667;-0,154495
38,163333;-0,154495
38,165;-0,154495
38,166667;-0,154495
38,168333;-0,154495
38,17;-0,154495
38,171667;-0,154495
38,173333;-0,154495
38,175;-0,154495
38,176667;-0,154495
38,178333;-0,154495
38,18;-0,154495
38,181667;-0,154495
38,183333;-0,154495
38,185;-0,154495
38,186667;-0,154495
38,188333;-0,154495
38,19;-0,154495
38,191667;-0,154495
38,193333;-0,154495
38,195;-0,154495
38,196667;-0,154495
38,198333;-0,151634
38,2;-0,151634
38,201667;-0,151634
38,203333;-0,151634
38,205;-0,151634
38,206667;-0,151634
38,208333;-0,151634
38,21;-0,151634
38,211667;-0,151634
38,213333;-0,151634
38,215;-0,151634
38,216667;-0,151634
38,218333;-0,151634
38,22;-0,151634
38,221667;-0,151634
38,223333;-0,151634
38,225;-0,154495
38,226667;-0,154495
38,228333;-0,154495
38,23;-0,154495
38,231667;-0,154495
38,233333;-0,154495
38,235;-0,154495
38,236667;-0,154495
38,238333;-0,154495
38,24;-0,154495
38,241667;-0,154495
38,243333;-0,154495
38,245;-0,154495
38,246667;-0,154495
38,248333;-0,154495
38,25;-0,154495
38,251667;-0,154495
38,253333;-0,154495
38,255;-0,154495
38,256667;-0,154495
38,258333;-0,154495
38,26;-0,154495
38,261667;-0,154495
38,263333;-0,154495
38,265;-0,154495
38,266667;-0,154495
38,268333;-0,154495
38,27;-0,154495
38,271667;-0,154495
38,273333;-0,154495
38,275;-0,154495
38,276667;-0,154495
38,278333;-0,154495
38,28;-0,154495
38,281667;-0,154495
38,283333;-0,154495
38,285;-0,154495
38,286667;-0,154495
38,288333;-0,154495
38,29;-0,154495
38,291667;-0,154495
38,293333;-0,154495
38,295;-0,154495
38,296667;-0,154495
38,298333;-0,154495
38,3;-0,154495
38,301667;-0,154495
38,303333;-0,154495
38,305;-0,154495
38,306667;-0,154495
38,308333;-0,154495
38,31;-0,154495
38,311667;-0,154495
38,313333;-0,154495
38,315;-0,154495
38,316667;-0,154495
38,318333;-0,154495
38,32;-0,154495
38,321667;-0,154495
38,323333;-0,154495
38,325;-0,154495
38,326667;-0,154495
38,328333;-0,154495
38,33;-0,154495
38,331667;-0,154495
38,333333;-0,154495
38,335;-0,154495
38,336667;-0,154495
38,338333;-0,154495
38,34;-0,154495
38,341667;-0,154495
38,343333;-0,154495
38,345;-0,154495
38,346667;-0,154495
38,348333;-0,154495
38,35;-0,154495
38,351667;-0,154495
38,353333;-0,154495
38,355;-0,154495
38,356667;-0,154495
38,358333;-0,154495
38,36;-0,154495
38,361667;-0,154495
38,363333;-0,154495
38,365;-0,154495
38,366667;-0,154495
38,368333;-0,154495
38,37;-0,154495
38,371667;-0,154495
38,373333;-0,154495
38,375;-0,154495
38,376667;-0,154495
38,378333;-0,154495
38,38;-0,154495
38,381667;-0,154495
38,383333;-0,154495
38,385;-0,154495
38,386667;-0,154495
38,388333;-0,154495
38,39;-0,154495
38,391667;-0,154495
38,393333;-0,154495
38,395;-0,154495
38,396667;-0,154495
38,398333;-0,154495
38,4;-0,154495
38,401667;-0,154495
38,403333;-0,154495
38,405;-0,154495
38,406667;-0,154495
38,408333;-0,154495
38,41;-0,154495
38,411667;-0,151634
38,413333;-0,151634
38,415;-0,151634
38,416667;-0,151634
38,418333;-0,151634
38,42;-0,151634
38,421667;-0,151634
38,423333;-0,151634
38,425;-0,151634
38,426667;-0,151634
38,428333;-0,151634
38,43;-0,151634
38,431667;-0,151634
38,433333;-0,151634
38,435;-0,154495
38,436667;-0,154495
38,438333;-0,154495
38,44;-0,154495
38,441667;-0,154495
38,443333;-0,154495
38,445;-0,154495
38,446667;-0,154495
38,448333;-0,154495
38,45;-0,154495
38,451667;-0,154495
38,453333;-0,154495
38,455;-0,154495
38,456667;-0,154495
38,458333;-0,154495
38,46;-0,154495
38,461667;-0,154495
38,463333;-0,154495
38,465;-0,154495
38,466667;-0,154495
38,468333;-0,154495
38,47;-0,154495
38,471667;-0,154495
38,473333;-0,154495
38,475;-0,154495
38,476667;-0,154495
38,478333;-0,154495
38,48;-0,154495
38,481667;-0,154495
38,483333;-0,154495
38,485;-0,154495
38,486667;-0,154495
38,488333;-0,154495
38,49;-0,154495
38,491667;-0,154495
38,493333;-0,154495
38,495;-0,154495
38,496667;-0,154495
38,498333;-0,154495
38,5;-0,154495
38,501667;-0,154495
38,503333;-0,154495
38,505;-0,154495
38,506667;-0,154495
38,508333;-0,154495
38,51;-0,154495
38,511667;-0,154495
38,513333;-0,154495
38,515;-0,154495
38,516667;-0,154495
38,518333;-0,157356
38,52;-0,157356
38,521667;-0,157356
38,523333;-0,157356
38,525;-0,157356
38,526667;-0,157356
38,528333;-0,157356
38,53;-0,157356
38,531667;-0,154495
38,533333;-0,154495
38,535;-0,154495
38,536667;-0,154495
38,538333;-0,154495
38,54;-0,154495
38,541667;-0,154495
38,543333;-0,154495
38,545;-0,154495
38,546667;-0,154495
38,548333;-0,154495
38,55;-0,154495
38,551667;-0,154495
38,553333;-0,154495
38,555;-0,154495
38,556667;-0,154495
38,558333;-0,154495
38,56;-0,154495
38,561667;-0,154495
38,563333;-0,154495
38,565;-0,154495
38,566667;-0,154495
38,568333;-0,154495
38,57;-0,154495
38,571667;-0,154495
38,573333;-0,154495
38,575;-0,154495
38,576667;-0,154495
38,578333;-0,154495
38,58;-0,154495
38,581667;-0,154495
38,583333;-0,154495
38,585;-0,154495
38,586667;-0,154495
38,588333;-0,154495
38,59;-0,154495
38,591667;-0,154495
38,593333;-0,154495
38,595;-0,154495
38,596667;-0,154495
38,598333;-0,154495
38,6;-0,154495
38,601667;-0,154495
38,603333;-0,154495
38,605;-0,154495
38,606667;-0,154495
38,608333;-0,154495
38,61;-0,154495
38,611667;-0,154495
38,613333;-0,154495
38,615;-0,154495
38,616667;-0,154495
38,618333;-0,154495
38,62;-0,154495
38,621667;-0,154495
38,623333;-0,154495
38,625;-0,154495
38,626667;-0,154495
38,628333;-0,154495
38,63;-0,154495
38,631667;-0,154495
38,633333;-0,154495
38,635;-0,154495
38,636667;-0,154495
38,638333;-0,154495
38,64;-0,154495
38,641667;-0,154495
38,643333;-0,154495
38,645;-0,154495
38,646667;-0,154495
38,648333;-0,154495
38,65;-0,154495
38,651667;-0,154495
38,653333;-0,154495
38,655;-0,154495
38,656667;-0,154495
38,658333;-0,154495
38,66;-0,154495
38,661667;-0,154495
38,663333;-0,154495
38,665;-0,154495
38,666667;-0,154495
38,668333;-0,154495
38,67;-0,154495
38,671667;-0,154495
38,673333;-0,154495
38,675;-0,154495
38,676667;-0,154495
38,678333;-0,154495
38,68;-0,154495
38,681667;-0,154495
38,683333;-0,154495
38,685;-0,154495
38,686667;-0,154495
38,688333;-0,154495
38,69;-0,154495
38,691667;-0,154495
38,693333;-0,154495
38,695;-0,154495
38,696667;-0,154495
38,698333;-0,154495
38,7;-0,154495
38,701667;-0,154495
38,703333;-0,154495
38,705;-0,154495
38,706667;-0,154495
38,708333;-0,154495
38,71;-0,154495
38,711667;-0,154495
38,713333;-0,154495
38,715;-0,154495
38,716667;-0,154495
38,718333;-0,154495
38,72;-0,154495
38,721667;-0,154495
38,723333;-0,154495
38,725;-0,154495
38,726667;-0,154495
38,728333;-0,154495
38,73;-0,154495
38,731667;-0,154495
38,733333;-0,154495
38,735;-0,154495
38,736667;-0,154495
38,738333;-0,154495
38,74;-0,154495
38,741667;-0,154495
38,743333;-0,154495
38,745;-0,154495
38,746667;-0,154495
38,748333;-0,154495
38,75;-0,154495
38,751667;-0,154495
38,753333;-0,154495
38,755;-0,154495
38,756667;-0,154495
38,758333;-0,154495
38,76;-0,154495
38,761667;-0,154495
38,763333;-0,154495
38,765;-0,154495
38,766667;-0,154495
38,768333;-0,154495
38,77;-0,154495
38,771667;-0,154495
38,773333;-0,154495
38,775;-0,154495
38,776667;-0,154495
38,778333;-0,154495
38,78;-0,154495
38,781667;-0,154495
38,783333;-0,154495
38,785;-0,154495
38,786667;-0,154495
38,788333;-0,154495
38,79;-0,154495
38,791667;-0,154495
38,793333;-0,154495
38,795;-0,154495
38,796667;-0,154495
38,798333;-0,154495
38,8;-0,154495
38,801667;-0,154495
38,803333;-0,151634
38,805;-0,151634
38,806667;-0,151634
38,808333;-0,151634
38,81;-0,151634
38,811667;-0,151634
38,813333;-0,151634
38,815;-0,151634
38,816667;-0,151634
38,818333;-0,151634
38,82;-0,151634
38,821667;-0,151634
38,823333;-0,151634
38,825;-0,151634
38,826667;-0,151634
38,828333;-0,154495
38,83;-0,154495
38,831667;-0,154495
38,833333;-0,154495
38,835;-0,151634
38,836667;-0,151634
38,838333;-0,151634
38,84;-0,154495
38,841667;-0,154495
38,843333;-0,154495
38,845;-0,154495
38,846667;-0,154495
38,848333;-0,154495
38,85;-0,154495
38,851667;-0,154495
38,853333;-0,154495
38,855;-0,154495
38,856667;-0,154495
38,858333;-0,154495
38,86;-0,154495
38,861667;-0,154495
38,863333;-0,154495
38,865;-0,154495
38,866667;-0,151634
38,868333;-0,151634
38,87;-0,151634
38,871667;-0,151634
38,873333;-0,151634
38,875;-0,151634
38,876667;-0,151634
38,878333;-0,151634
38,88;-0,151634
38,881667;-0,151634
38,883333;-0,151634
38,885;-0,151634
38,886667;-0,151634
38,888333;-0,151634
38,89;-0,151634
38,891667;-0,151634
38,893333;-0,151634
38,895;-0,151634
38,896667;-0,151634
38,898333;-0,151634
38,9;-0,151634
38,901667;-0,151634
38,903333;-0,151634
38,905;-0,151634
38,906667;-0,151634
38,908333;-0,151634
38,91;-0,151634
38,911667;-0,151634
38,913333;-0,151634
38,915;-0,151634
38,916667;-0,151634
38,918333;-0,154495
38,92;-0,154495
38,921667;-0,154495
38,923333;-0,154495
38,925;-0,154495
38,926667;-0,154495
38,928333;-0,154495
38,93;-0,154495
38,931667;-0,154495
38,933333;-0,154495
38,935;-0,154495
38,936667;-0,154495
38,938333;-0,154495
38,94;-0,154495
38,941667;-0,154495
38,943333;-0,154495
38,945;-0,154495
38,946667;-0,154495
38,948333;-0,154495
38,95;-0,154495
38,951667;-0,154495
38,953333;-0,154495
38,955;-0,154495
38,956667;-0,154495
38,958333;-0,154495
38,96;-0,154495
38,961667;-0,154495
38,963333;-0,154495
38,965;-0,154495
38,966667;-0,154495
38,968333;-0,154495
38,97;-0,154495
38,971667;-0,154495
38,973333;-0,154495
38,975;-0,154495
38,976667;-0,154495
38,978333;-0,154495
38,98;-0,154495
38,981667;-0,154495
38,983333;-0,154495
38,985;-0,154495
38,986667;-0,154495
38,988333;-0,157356
38,99;-0,157356
38,991667;-0,157356
38,993333;-0,157356
38,995;-0,157356
38,996667;-0,157356
38,998333;-0,157356
39;-0,157356
39,001667;-0,157356
39,003333;-0,157356
39,005;-0,157356
39,006667;-0,157356
39,008333;-0,157356
39,01;-0,157356
39,011667;-0,157356
39,013333;-0,157356
39,015;-0,157356
39,016667;-0,157356
39,018333;-0,157356
39,02;-0,157356
39,021667;-0,157356
39,023333;-0,157356
39,025;-0,157356
39,026667;-0,157356
39,028333;-0,157356
39,03;-0,157356
39,031667;-0,157356
39,033333;-0,157356
39,035;-0,157356
39,036667;-0,157356
39,038333;-0,157356
39,04;-0,157356
39,041667;-0,157356
39,043333;-0,157356
39,045;-0,157356
39,046667;-0,157356
39,048333;-0,157356
39,05;-0,157356
39,051667;-0,157356
39,053333;-0,157356
39,055;-0,157356
39,056667;-0,157356
39,058333;-0,157356
39,06;-0,157356
39,061667;-0,157356
39,063333;-0,157356
39,065;-0,157356
39,066667;-0,157356
39,068333;-0,157356
39,07;-0,157356
39,071667;-0,157356
39,073333;-0,157356
39,075;-0,157356
39,076667;-0,157356
39,078333;-0,157356
39,08;-0,157356
39,081667;-0,157356
39,083333;-0,157356
39,085;-0,157356
39,086667;-0,157356
39,088333;-0,157356
39,09;-0,157356
39,091667;-0,157356
39,093333;-0,157356
39,095;-0,157356
39,096667;-0,157356
39,098333;-0,157356
39,1;-0,157356
39,101667;-0,157356
39,103333;-0,157356
39,105;-0,157356
39,106667;-0,157356
39,108333;-0,157356
39,11;-0,157356
39,111667;-0,157356
39,113333;-0,157356
39,115;-0,157356
39,116667;-0,157356
39,118333;-0,157356
39,12;-0,157356
39,121667;-0,157356
39,123333;-0,157356
39,125;-0,157356
39,126667;-0,157356
39,128333;-0,157356
39,13;-0,157356
39,131667;-0,157356
39,133333;-0,157356
39,135;-0,157356
39,136667;-0,157356
39,138333;-0,157356
39,14;-0,157356
39,141667;-0,157356
39,143333;-0,157356
39,145;-0,157356
39,146667;-0,157356
39,148333;-0,157356
39,15;-0,157356
39,151667;-0,157356
39,153333;-0,157356
39,155;-0,157356
39,156667;-0,157356
39,158333;-0,157356
39,16;-0,157356
39,161667;-0,157356
39,163333;-0,157356
39,165;-0,157356
39,166667;-0,157356
39,168333;-0,157356
39,17;-0,157356
39,171667;-0,157356
39,173333;-0,157356
39,175;-0,157356
39,176667;-0,157356
39,178333;-0,157356
39,18;-0,157356
39,181667;-0,157356
39,183333;-0,157356
39,185;-0,157356
39,186667;-0,157356
39,188333;-0,157356
39,19;-0,157356
39,191667;-0,157356
39,193333;-0,157356
39,195;-0,157356
39,196667;-0,157356
39,198333;-0,157356
39,2;-0,157356
39,201667;-0,157356
39,203333;-0,157356
39,205;-0,157356
39,206667;-0,157356
39,208333;-0,157356
39,21;-0,157356
39,211667;-0,157356
39,213333;-0,157356
39,215;-0,157356
39,216667;-0,157356
39,218333;-0,157356
39,22;-0,157356
39,221667;-0,157356
39,223333;-0,157356
39,225;-0,157356
39,226667;-0,157356
39,228333;-0,157356
39,23;-0,157356
39,231667;-0,157356
39,233333;-0,157356
39,235;-0,157356
39,236667;-0,157356
39,238333;-0,157356
39,24;-0,157356
39,241667;-0,157356
39,243333;-0,157356
39,245;-0,157356
39,246667;-0,157356
39,248333;-0,157356
39,25;-0,157356
39,251667;-0,157356
39,253333;-0,157356
39,255;-0,157356
39,256667;-0,157356
39,258333;-0,157356
39,26;-0,157356
39,261667;-0,157356
39,263333;-0,157356
39,265;-0,157356
39,266667;-0,157356
39,268333;-0,157356
39,27;-0,157356
39,271667;-0,157356
39,273333;-0,157356
39,275;-0,157356
39,276667;-0,157356
39,278333;-0,157356
39,28;-0,157356
39,281667;-0,157356
39,283333;-0,157356
39,285;-0,157356
39,286667;-0,157356
39,288333;-0,157356
39,29;-0,157356
39,291667;-0,157356
39,293333;-0,157356
39,295;-0,157356
39,296667;-0,157356
39,298333;-0,157356
39,3;-0,157356
39,301667;-0,157356
39,303333;-0,157356
39,305;-0,157356
39,306667;-0,157356
39,308333;-0,157356
39,31;-0,157356
39,311667;-0,157356
39,313333;-0,157356
39,315;-0,157356
39,316667;-0,157356
39,318333;-0,157356
39,32;-0,157356
39,321667;-0,157356
39,323333;-0,157356
39,325;-0,157356
39,326667;-0,157356
39,328333;-0,157356
39,33;-0,157356
39,331667;-0,157356
39,333333;-0,157356
39,335;-0,157356
39,336667;-0,157356
39,338333;-0,157356
39,34;-0,157356
39,341667;-0,157356
39,343333;-0,157356
39,345;-0,157356
39,346667;-0,157356
39,348333;-0,157356
39,35;-0,157356
39,351667;-0,157356
39,353333;-0,157356
39,355;-0,157356
39,356667;-0,157356
39,358333;-0,157356
39,36;-0,157356
39,361667;-0,157356
39,363333;-0,157356
39,365;-0,157356
39,366667;-0,157356
39,368333;-0,157356
39,37;-0,157356
39,371667;-0,157356
39,373333;-0,157356
39,375;-0,157356
39,376667;-0,157356
39,378333;-0,157356
39,38;-0,157356
39,381667;-0,157356
39,383333;-0,157356
39,385;-0,157356
39,386667;-0,157356
39,388333;-0,157356
39,39;-0,157356
39,391667;-0,157356
39,393333;-0,157356
39,395;-0,157356
39,396667;-0,157356
39,398333;-0,157356
39,4;-0,157356
39,401667;-0,157356
39,403333;-0,157356
39,405;-0,157356
39,406667;-0,157356
39,408333;-0,157356
39,41;-0,157356
39,411667;-0,157356
39,413333;-0,157356
39,415;-0,157356
39,416667;-0,157356
39,418333;-0,157356
39,42;-0,157356
39,421667;-0,157356
39,423333;-0,157356
39,425;-0,157356
39,426667;-0,157356
39,428333;-0,157356
39,43;-0,157356
39,431667;-0,157356
39,433333;-0,157356
39,435;-0,157356
39,436667;-0,157356
39,438333;-0,157356
39,44;-0,157356
39,441667;-0,157356
39,443333;-0,157356
39,445;-0,157356
39,446667;-0,157356
39,448333;-0,157356
39,45;-0,157356
39,451667;-0,157356
39,453333;-0,157356
39,455;-0,157356
39,456667;-0,157356
39,458333;-0,157356
39,46;-0,157356
39,461667;-0,157356
39,463333;-0,157356
39,465;-0,157356
39,466667;-0,157356
39,468333;-0,157356
39,47;-0,157356
39,471667;-0,157356
39,473333;-0,157356
39,475;-0,157356
39,476667;-0,157356
39,478333;-0,157356
39,48;-0,157356
39,481667;-0,157356
39,483333;-0,157356
39,485;-0,157356
39,486667;-0,157356
39,488333;-0,157356
39,49;-0,157356
39,491667;-0,157356
39,493333;-0,157356
39,495;-0,157356
39,496667;-0,157356
39,498333;-0,157356
39,5;-0,157356
39,501667;-0,157356
39,503333;-0,157356
39,505;-0,157356
39,506667;-0,157356
39,508333;-0,157356
39,51;-0,157356
39,511667;-0,157356
39,513333;-0,157356
39,515;-0,157356
39,516667;-0,157356
39,518333;-0,157356
39,52;-0,157356
39,521667;-0,157356
39,523333;-0,157356
39,525;-0,157356
39,526667;-0,157356
39,528333;-0,157356
39,53;-0,157356
39,531667;-0,157356
39,533333;-0,157356
39,535;-0,157356
39,536667;-0,157356
39,538333;-0,157356
39,54;-0,157356
39,541667;-0,157356
39,543333;-0,157356
39,545;-0,157356
39,546667;-0,157356
39,548333;-0,157356
39,55;-0,157356
39,551667;-0,157356
39,553333;-0,157356
39,555;-0,157356
39,556667;-0,157356
39,558333;-0,157356
39,56;-0,157356
39,561667;-0,157356
39,563333;-0,157356
39,565;-0,157356
39,566667;-0,157356
39,568333;-0,157356
39,57;-0,157356
39,571667;-0,157356
39,573333;-0,157356
39,575;-0,157356
39,576667;-0,157356
39,578333;-0,157356
39,58;-0,157356
39,581667;-0,157356
39,583333;-0,157356
39,585;-0,157356
39,586667;-0,157356
39,588333;-0,157356
39,59;-0,157356
39,591667;-0,157356
39,593333;-0,157356
39,595;-0,157356
39,596667;-0,157356
39,598333;-0,157356
39,6;-0,157356
39,601667;-0,157356
39,603333;-0,157356
39,605;-0,157356
39,606667;-0,157356
39,608333;-0,157356
39,61;-0,157356
39,611667;-0,157356
39,613333;-0,157356
39,615;-0,157356
39,616667;-0,157356
39,618333;-0,157356
39,62;-0,157356
39,621667;-0,157356
39,623333;-0,157356
39,625;-0,157356
39,626667;-0,157356
39,628333;-0,157356
39,63;-0,157356
39,631667;-0,157356
39,633333;-0,157356
39,635;-0,157356
39,636667;-0,157356
39,638333;-0,157356
39,64;-0,157356
39,641667;-0,157356
39,643333;-0,157356
39,645;-0,157356
39,646667;-0,157356
39,648333;-0,157356
39,65;-0,157356
39,651667;-0,157356
39,653333;-0,157356
39,655;-0,157356
39,656667;-0,157356
39,658333;-0,157356
39,66;-0,157356
39,661667;-0,157356
39,663333;-0,157356
39,665;-0,157356
39,666667;-0,157356
39,668333;-0,157356
39,67;-0,157356
39,671667;-0,157356
39,673333;-0,157356
39,675;-0,157356
39,676667;-0,157356
39,678333;-0,157356
39,68;-0,157356
39,681667;-0,157356
39,683333;-0,157356
39,685;-0,157356
39,686667;-0,157356
39,688333;-0,157356
39,69;-0,157356
39,691667;-0,157356
39,693333;-0,157356
39,695;-0,157356
39,696667;-0,157356
39,698333;-0,157356
39,7;-0,157356
39,701667;-0,157356
39,703333;-0,157356
39,705;-0,157356
39,706667;-0,157356
39,708333;-0,157356
39,71;-0,157356
39,711667;-0,157356
39,713333;-0,157356
39,715;-0,157356
39,716667;-0,157356
39,718333;-0,157356
39,72;-0,157356
39,721667;-0,157356
39,723333;-0,157356
39,725;-0,157356
39,726667;-0,157356
39,728333;-0,157356
39,73;-0,157356
39,731667;-0,157356
39,733333;-0,157356
39,735;-0,157356
39,736667;-0,157356
39,738333;-0,157356
39,74;-0,157356
39,741667;-0,157356
39,743333;-0,157356
39,745;-0,157356
39,746667;-0,157356
39,748333;-0,157356
39,75;-0,157356
39,751667;-0,157356
39,753333;-0,157356
39,755;-0,157356
39,756667;-0,157356
39,758333;-0,157356
39,76;-0,157356
39,761667;-0,157356
39,763333;-0,157356
39,765;-0,157356
39,766667;-0,157356
39,768333;-0,157356
39,77;-0,157356
39,771667;-0,157356
39,773333;-0,157356
39,775;-0,157356
39,776667;-0,157356
39,778333;-0,157356
39,78;-0,157356
39,781667;-0,157356
39,783333;-0,157356
39,785;-0,157356
39,786667;-0,157356
39,788333;-0,157356
39,79;-0,157356
39,791667;-0,157356
39,793333;-0,157356
39,795;-0,157356
39,796667;-0,157356
39,798333;-0,157356
39,8;-0,157356
39,801667;-0,157356
39,803333;-0,157356
39,805;-0,157356
39,806667;-0,157356
39,808333;-0,157356
39,81;-0,157356
39,811667;-0,157356
39,813333;-0,157356
39,815;-0,157356
39,816667;-0,157356
39,818333;-0,157356
39,82;-0,157356
39,821667;-0,157356
39,823333;-0,157356
39,825;-0,157356
39,826667;-0,157356
39,828333;-0,157356
39,83;-0,157356
39,831667;-0,157356
39,833333;-0,157356
39,835;-0,157356
39,836667;-0,157356
39,838333;-0,157356
39,84;-0,157356
39,841667;-0,157356
39,843333;-0,157356
39,845;-0,157356
39,846667;-0,157356
39,848333;-0,157356
39,85;-0,157356
39,851667;-0,157356
39,853333;-0,157356
39,855;-0,157356
39,856667;-0,157356
39,858333;-0,157356
39,86;-0,157356
39,861667;-0,157356
39,863333;-0,157356
39,865;-0,157356
39,866667;-0,157356
39,868333;-0,157356
39,87;-0,157356
39,871667;-0,157356
39,873333;-0,157356
39,875;-0,157356
39,876667;-0,157356
39,878333;-0,157356
39,88;-0,157356
39,881667;-0,157356
39,883333;-0,157356
39,885;-0,157356
39,886667;-0,157356
39,888333;-0,157356
39,89;-0,157356
39,891667;-0,157356
39,893333;-0,157356
39,895;-0,157356
39,896667;-0,157356
39,898333;-0,157356
39,9;-0,157356
39,901667;-0,157356
39,903333;-0,157356
39,905;-0,157356
39,906667;-0,157356
39,908333;-0,157356
39,91;-0,157356
39,911667;-0,157356
39,913333;-0,157356
39,915;-0,157356
39,916667;-0,157356
39,918333;-0,157356
39,92;-0,157356
39,921667;-0,157356
39,923333;-0,157356
39,925;-0,157356
39,926667;-0,157356
39,928333;-0,157356
39,93;-0,157356
39,931667;-0,157356
39,933333;-0,157356
39,935;-0,157356
39,936667;-0,157356
39,938333;-0,157356
39,94;-0,157356
39,941667;-0,157356
39,943333;-0,157356
39,945;-0,157356
39,946667;-0,157356
39,948333;-0,157356
39,95;-0,157356
39,951667;-0,157356
39,953333;-0,157356
39,955;-0,157356
39,956667;-0,157356
39,958333;-0,157356
39,96;-0,157356
39,961667;-0,157356
39,963333;-0,157356
39,965;-0,157356
39,966667;-0,157356
39,968333;-0,157356
39,97;-0,157356
39,971667;-0,157356
39,973333;-0,157356
39,975;-0,157356
39,976667;-0,157356
39,978333;-0,157356
39,98;-0,157356
39,981667;-0,157356
39,983333;-0,157356
39,985;-0,157356
39,986667;-0,157356
39,988333;-0,160217
39,99;-0,160217
39,991667;-0,160217
39,993333;-0,160217
39,995;-0,160217
39,996667;-0,160217
39,998333;-0,157356
40;-0,157356
